2025-10-27 10:41:50,480 - GPU-7 - INFO - [GPU 7] Loaded freeze config from metadata.json: freeze_first_half_layers=False, trainable_layer_start_idx=0
2025-10-27 10:41:50,710 - GPU-7 - INFO - === Starting generate_with_prefix_cache ===
2025-10-27 10:41:50,711 - GPU-7 - INFO - use_cache=True, R=1, N=1
2025-10-27 10:41:50,714 - GPU-7 - INFO - [Block 1/16] Processing tokens 144-176
2025-10-27 10:41:50,715 - GPU-7 - DEBUG - [Block 0] Before forward: use_cache=True, x.shape=torch.Size([1, 656])
2025-10-27 10:41:50,715 - GPU-7 - DEBUG - [Block 0] Model type: LLaDAModelLM
2025-10-27 10:41:50,715 - GPU-7 - DEBUG - [Block 0] Model config use_cache: True
2025-10-27 10:41:51,032 - GPU-7 - DEBUG - [Block 0] After forward: pkv is None? False
2025-10-27 10:41:51,032 - GPU-7 - DEBUG - [Block 0] out type: CausalLMOutputWithPast
2025-10-27 10:41:51,032 - GPU-7 - DEBUG - [Block 0] pkv type: <class 'list'>, len: 32
2025-10-27 10:41:51,032 - GPU-7 - DEBUG - [Block 0] pkv[0] type: <class 'tuple'>, len: 2
2025-10-27 10:41:51,032 - GPU-7 - DEBUG - [Block 0] pkv[0][0].shape: torch.Size([1, 32, 656, 128])
2025-10-27 10:41:51,140 - GPU-7 - INFO -   [Initial Forward] 2 tokens unmasked
2025-10-27 10:41:51,140 - GPU-7 - INFO -   [Cycle 1]
2025-10-27 10:41:51,140 - GPU-7 - DEBUG -     [Latent Recursive] Starting 1 steps of latent thinking
2025-10-27 10:41:51,248 - GPU-7 - DEBUG -       [Latent] Step 1/1
2025-10-27 10:41:51,441 - GPU-7 - DEBUG -       [After Latent Recursive] 2 tokens unmasked
2025-10-27 10:41:51,441 - GPU-7 - INFO -   [Cycle 2]
2025-10-27 10:41:51,441 - GPU-7 - DEBUG -     [Latent Recursive] Starting 1 steps of latent thinking
2025-10-27 10:41:51,492 - GPU-7 - DEBUG -       [Latent] Step 1/1
2025-10-27 10:41:51,685 - GPU-7 - DEBUG -       [After Latent Recursive] 2 tokens unmasked
2025-10-27 10:41:51,685 - GPU-7 - INFO -   [Cycle 3]
2025-10-27 10:41:51,685 - GPU-7 - DEBUG -     [Latent Recursive] Starting 1 steps of latent thinking
2025-10-27 10:41:51,736 - GPU-7 - DEBUG -       [Latent] Step 1/1
2025-10-27 10:41:51,929 - GPU-7 - DEBUG -       [After Latent Recursive] 2 tokens unmasked
2025-10-27 10:41:51,929 - GPU-7 - INFO -   [Cycle 4]
2025-10-27 10:41:51,929 - GPU-7 - DEBUG -     [Latent Recursive] Starting 1 steps of latent thinking
2025-10-27 10:41:51,980 - GPU-7 - DEBUG -       [Latent] Step 1/1
2025-10-27 10:41:52,172 - GPU-7 - DEBUG -       [After Latent Recursive] 2 tokens unmasked
2025-10-27 10:41:52,173 - GPU-7 - INFO -   [Cycle 5]
2025-10-27 10:41:52,173 - GPU-7 - DEBUG -     [Latent Recursive] Starting 1 steps of latent thinking
2025-10-27 10:41:52,223 - GPU-7 - DEBUG -       [Latent] Step 1/1
2025-10-27 10:41:52,416 - GPU-7 - DEBUG -       [After Latent Recursive] 2 tokens unmasked
2025-10-27 10:41:52,417 - GPU-7 - INFO -   [Cycle 6]
2025-10-27 10:41:52,417 - GPU-7 - DEBUG -     [Latent Recursive] Starting 1 steps of latent thinking
2025-10-27 10:41:52,467 - GPU-7 - DEBUG -       [Latent] Step 1/1
2025-10-27 10:41:52,660 - GPU-7 - DEBUG -       [After Latent Recursive] 2 tokens unmasked
2025-10-27 10:41:52,660 - GPU-7 - INFO -   [Cycle 7]
2025-10-27 10:41:52,661 - GPU-7 - DEBUG -     [Latent Recursive] Starting 1 steps of latent thinking
2025-10-27 10:41:52,711 - GPU-7 - DEBUG -       [Latent] Step 1/1
2025-10-27 10:41:52,904 - GPU-7 - DEBUG -       [After Latent Recursive] 2 tokens unmasked
2025-10-27 10:41:52,904 - GPU-7 - INFO -   [Cycle 8]
2025-10-27 10:41:52,904 - GPU-7 - DEBUG -     [Latent Recursive] Starting 1 steps of latent thinking
2025-10-27 10:41:52,955 - GPU-7 - DEBUG -       [Latent] Step 1/1
2025-10-27 10:41:53,148 - GPU-7 - DEBUG -       [After Latent Recursive] 2 tokens unmasked
2025-10-27 10:41:53,148 - GPU-7 - INFO -   [Cycle 9]
2025-10-27 10:41:53,149 - GPU-7 - DEBUG -     [Latent Recursive] Starting 1 steps of latent thinking
2025-10-27 10:41:53,199 - GPU-7 - DEBUG -       [Latent] Step 1/1
2025-10-27 10:41:53,393 - GPU-7 - DEBUG -       [After Latent Recursive] 2 tokens unmasked
2025-10-27 10:41:53,393 - GPU-7 - INFO -   [Cycle 10]
2025-10-27 10:41:53,393 - GPU-7 - DEBUG -     [Latent Recursive] Starting 1 steps of latent thinking
2025-10-27 10:41:53,444 - GPU-7 - DEBUG -       [Latent] Step 1/1
2025-10-27 10:41:53,637 - GPU-7 - DEBUG -       [After Latent Recursive] 2 tokens unmasked
2025-10-27 10:41:53,637 - GPU-7 - INFO -   [Cycle 11]
2025-10-27 10:41:53,637 - GPU-7 - DEBUG -     [Latent Recursive] Starting 1 steps of latent thinking
2025-10-27 10:41:53,688 - GPU-7 - DEBUG -       [Latent] Step 1/1
2025-10-27 10:41:53,881 - GPU-7 - DEBUG -       [After Latent Recursive] 2 tokens unmasked
2025-10-27 10:41:53,881 - GPU-7 - INFO -   [Cycle 12]
2025-10-27 10:41:53,882 - GPU-7 - DEBUG -     [Latent Recursive] Starting 1 steps of latent thinking
2025-10-27 10:41:53,932 - GPU-7 - DEBUG -       [Latent] Step 1/1
2025-10-27 10:41:54,125 - GPU-7 - DEBUG -       [After Latent Recursive] 2 tokens unmasked
2025-10-27 10:41:54,125 - GPU-7 - INFO -   [Cycle 13]
2025-10-27 10:41:54,125 - GPU-7 - DEBUG -     [Latent Recursive] Starting 1 steps of latent thinking
2025-10-27 10:41:54,176 - GPU-7 - DEBUG -       [Latent] Step 1/1
2025-10-27 10:41:54,369 - GPU-7 - DEBUG -       [After Latent Recursive] 2 tokens unmasked
2025-10-27 10:41:54,369 - GPU-7 - INFO -   [Cycle 14]
2025-10-27 10:41:54,369 - GPU-7 - DEBUG -     [Latent Recursive] Starting 1 steps of latent thinking
2025-10-27 10:41:54,420 - GPU-7 - DEBUG -       [Latent] Step 1/1
2025-10-27 10:41:54,612 - GPU-7 - DEBUG -       [After Latent Recursive] 2 tokens unmasked
2025-10-27 10:41:54,613 - GPU-7 - INFO -   [Cycle 15]
2025-10-27 10:41:54,613 - GPU-7 - DEBUG -     [Latent Recursive] Starting 1 steps of latent thinking
2025-10-27 10:41:54,664 - GPU-7 - DEBUG -       [Latent] Step 1/1
2025-10-27 10:41:54,856 - GPU-7 - DEBUG -       [After Latent Recursive] 2 tokens unmasked
2025-10-27 10:41:54,857 - GPU-7 - INFO - [Block 2/16] Processing tokens 176-208
2025-10-27 10:41:54,857 - GPU-7 - DEBUG - [Block 1] Before forward: use_cache=True, x.shape=torch.Size([1, 656])
2025-10-27 10:41:54,857 - GPU-7 - DEBUG - [Block 1] Model type: LLaDAModelLM
2025-10-27 10:41:54,857 - GPU-7 - DEBUG - [Block 1] Model config use_cache: True
2025-10-27 10:41:54,882 - GPU-7 - DEBUG - [Block 1] After forward: pkv is None? False
2025-10-27 10:41:54,882 - GPU-7 - DEBUG - [Block 1] out type: CausalLMOutputWithPast
2025-10-27 10:41:54,882 - GPU-7 - DEBUG - [Block 1] pkv type: <class 'list'>, len: 32
2025-10-27 10:41:54,882 - GPU-7 - DEBUG - [Block 1] pkv[0] type: <class 'tuple'>, len: 2
2025-10-27 10:41:54,882 - GPU-7 - DEBUG - [Block 1] pkv[0][0].shape: torch.Size([1, 32, 656, 128])
2025-10-27 10:41:54,979 - GPU-7 - INFO -   [Initial Forward] 2 tokens unmasked
2025-10-27 10:41:54,979 - GPU-7 - INFO -   [Cycle 1]
2025-10-27 10:41:54,979 - GPU-7 - DEBUG -     [Latent Recursive] Starting 1 steps of latent thinking
2025-10-27 10:41:55,030 - GPU-7 - DEBUG -       [Latent] Step 1/1
2025-10-27 10:41:55,222 - GPU-7 - DEBUG -       [After Latent Recursive] 2 tokens unmasked
2025-10-27 10:41:55,222 - GPU-7 - INFO -   [Cycle 2]
2025-10-27 10:41:55,222 - GPU-7 - DEBUG -     [Latent Recursive] Starting 1 steps of latent thinking
2025-10-27 10:41:55,273 - GPU-7 - DEBUG -       [Latent] Step 1/1
2025-10-27 10:41:55,465 - GPU-7 - DEBUG -       [After Latent Recursive] 2 tokens unmasked
2025-10-27 10:41:55,465 - GPU-7 - INFO -   [Cycle 3]
2025-10-27 10:41:55,465 - GPU-7 - DEBUG -     [Latent Recursive] Starting 1 steps of latent thinking
2025-10-27 10:41:55,516 - GPU-7 - DEBUG -       [Latent] Step 1/1
2025-10-27 10:41:55,708 - GPU-7 - DEBUG -       [After Latent Recursive] 2 tokens unmasked
2025-10-27 10:41:55,708 - GPU-7 - INFO -   [Cycle 4]
2025-10-27 10:41:55,708 - GPU-7 - DEBUG -     [Latent Recursive] Starting 1 steps of latent thinking
2025-10-27 10:41:55,758 - GPU-7 - DEBUG -       [Latent] Step 1/1
2025-10-27 10:41:55,950 - GPU-7 - DEBUG -       [After Latent Recursive] 2 tokens unmasked
2025-10-27 10:41:55,951 - GPU-7 - INFO -   [Cycle 5]
2025-10-27 10:41:55,951 - GPU-7 - DEBUG -     [Latent Recursive] Starting 1 steps of latent thinking
2025-10-27 10:41:56,001 - GPU-7 - DEBUG -       [Latent] Step 1/1
2025-10-27 10:41:56,193 - GPU-7 - DEBUG -       [After Latent Recursive] 2 tokens unmasked
2025-10-27 10:41:56,194 - GPU-7 - INFO -   [Cycle 6]
2025-10-27 10:41:56,194 - GPU-7 - DEBUG -     [Latent Recursive] Starting 1 steps of latent thinking
2025-10-27 10:41:56,244 - GPU-7 - DEBUG -       [Latent] Step 1/1
2025-10-27 10:41:56,436 - GPU-7 - DEBUG -       [After Latent Recursive] 2 tokens unmasked
2025-10-27 10:41:56,437 - GPU-7 - INFO -   [Cycle 7]
2025-10-27 10:41:56,437 - GPU-7 - DEBUG -     [Latent Recursive] Starting 1 steps of latent thinking
2025-10-27 10:41:56,487 - GPU-7 - DEBUG -       [Latent] Step 1/1
2025-10-27 10:41:56,679 - GPU-7 - DEBUG -       [After Latent Recursive] 2 tokens unmasked
2025-10-27 10:41:56,679 - GPU-7 - INFO -   [Cycle 8]
2025-10-27 10:41:56,680 - GPU-7 - DEBUG -     [Latent Recursive] Starting 1 steps of latent thinking
2025-10-27 10:41:56,730 - GPU-7 - DEBUG -       [Latent] Step 1/1
2025-10-27 10:41:56,922 - GPU-7 - DEBUG -       [After Latent Recursive] 2 tokens unmasked
2025-10-27 10:41:56,923 - GPU-7 - INFO -   [Cycle 9]
2025-10-27 10:41:56,923 - GPU-7 - DEBUG -     [Latent Recursive] Starting 1 steps of latent thinking
2025-10-27 10:41:56,973 - GPU-7 - DEBUG -       [Latent] Step 1/1
2025-10-27 10:41:57,165 - GPU-7 - DEBUG -       [After Latent Recursive] 2 tokens unmasked
2025-10-27 10:41:57,165 - GPU-7 - INFO -   [Cycle 10]
2025-10-27 10:41:57,166 - GPU-7 - DEBUG -     [Latent Recursive] Starting 1 steps of latent thinking
2025-10-27 10:41:57,216 - GPU-7 - DEBUG -       [Latent] Step 1/1
2025-10-27 10:41:57,408 - GPU-7 - DEBUG -       [After Latent Recursive] 2 tokens unmasked
2025-10-27 10:41:57,408 - GPU-7 - INFO -   [Cycle 11]
2025-10-27 10:41:57,408 - GPU-7 - DEBUG -     [Latent Recursive] Starting 1 steps of latent thinking
2025-10-27 10:41:57,459 - GPU-7 - DEBUG -       [Latent] Step 1/1
2025-10-27 10:41:57,651 - GPU-7 - DEBUG -       [After Latent Recursive] 2 tokens unmasked
2025-10-27 10:41:57,651 - GPU-7 - INFO -   [Cycle 12]
2025-10-27 10:41:57,651 - GPU-7 - DEBUG -     [Latent Recursive] Starting 1 steps of latent thinking
2025-10-27 10:41:57,702 - GPU-7 - DEBUG -       [Latent] Step 1/1
2025-10-27 10:41:57,894 - GPU-7 - DEBUG -       [After Latent Recursive] 2 tokens unmasked
2025-10-27 10:41:57,894 - GPU-7 - INFO -   [Cycle 13]
2025-10-27 10:41:57,894 - GPU-7 - DEBUG -     [Latent Recursive] Starting 1 steps of latent thinking
2025-10-27 10:41:57,945 - GPU-7 - DEBUG -       [Latent] Step 1/1
2025-10-27 10:41:58,136 - GPU-7 - DEBUG -       [After Latent Recursive] 2 tokens unmasked
2025-10-27 10:41:58,137 - GPU-7 - INFO -   [Cycle 14]
2025-10-27 10:41:58,137 - GPU-7 - DEBUG -     [Latent Recursive] Starting 1 steps of latent thinking
2025-10-27 10:41:58,188 - GPU-7 - DEBUG -       [Latent] Step 1/1
2025-10-27 10:41:58,380 - GPU-7 - DEBUG -       [After Latent Recursive] 2 tokens unmasked
2025-10-27 10:41:58,380 - GPU-7 - INFO -   [Cycle 15]
2025-10-27 10:41:58,380 - GPU-7 - DEBUG -     [Latent Recursive] Starting 1 steps of latent thinking
2025-10-27 10:41:58,431 - GPU-7 - DEBUG -       [Latent] Step 1/1
2025-10-27 10:41:58,622 - GPU-7 - DEBUG -       [After Latent Recursive] 2 tokens unmasked
2025-10-27 10:41:58,623 - GPU-7 - INFO - [Block 3/16] Processing tokens 208-240
2025-10-27 10:41:58,623 - GPU-7 - DEBUG - [Block 2] Before forward: use_cache=True, x.shape=torch.Size([1, 656])
2025-10-27 10:41:58,623 - GPU-7 - DEBUG - [Block 2] Model type: LLaDAModelLM
2025-10-27 10:41:58,623 - GPU-7 - DEBUG - [Block 2] Model config use_cache: True
2025-10-27 10:41:58,647 - GPU-7 - DEBUG - [Block 2] After forward: pkv is None? False
2025-10-27 10:41:58,648 - GPU-7 - DEBUG - [Block 2] out type: CausalLMOutputWithPast
2025-10-27 10:41:58,648 - GPU-7 - DEBUG - [Block 2] pkv type: <class 'list'>, len: 32
2025-10-27 10:41:58,648 - GPU-7 - DEBUG - [Block 2] pkv[0] type: <class 'tuple'>, len: 2
2025-10-27 10:41:58,648 - GPU-7 - DEBUG - [Block 2] pkv[0][0].shape: torch.Size([1, 32, 656, 128])
2025-10-27 10:41:58,744 - GPU-7 - INFO -   [Initial Forward] 2 tokens unmasked
2025-10-27 10:41:58,745 - GPU-7 - INFO -   [Cycle 1]
2025-10-27 10:41:58,745 - GPU-7 - DEBUG -     [Latent Recursive] Starting 1 steps of latent thinking
2025-10-27 10:41:58,796 - GPU-7 - DEBUG -       [Latent] Step 1/1
2025-10-27 10:41:58,985 - GPU-7 - DEBUG -       [After Latent Recursive] 2 tokens unmasked
2025-10-27 10:41:58,986 - GPU-7 - INFO -   [Cycle 2]
2025-10-27 10:41:58,986 - GPU-7 - DEBUG -     [Latent Recursive] Starting 1 steps of latent thinking
2025-10-27 10:41:59,036 - GPU-7 - DEBUG -       [Latent] Step 1/1
2025-10-27 10:41:59,226 - GPU-7 - DEBUG -       [After Latent Recursive] 2 tokens unmasked
2025-10-27 10:41:59,226 - GPU-7 - INFO -   [Cycle 3]
2025-10-27 10:41:59,227 - GPU-7 - DEBUG -     [Latent Recursive] Starting 1 steps of latent thinking
2025-10-27 10:41:59,277 - GPU-7 - DEBUG -       [Latent] Step 1/1
2025-10-27 10:41:59,467 - GPU-7 - DEBUG -       [After Latent Recursive] 2 tokens unmasked
2025-10-27 10:41:59,467 - GPU-7 - INFO -   [Cycle 4]
2025-10-27 10:41:59,467 - GPU-7 - DEBUG -     [Latent Recursive] Starting 1 steps of latent thinking
2025-10-27 10:41:59,518 - GPU-7 - DEBUG -       [Latent] Step 1/1
2025-10-27 10:41:59,707 - GPU-7 - DEBUG -       [After Latent Recursive] 2 tokens unmasked
2025-10-27 10:41:59,708 - GPU-7 - INFO -   [Cycle 5]
2025-10-27 10:41:59,708 - GPU-7 - DEBUG -     [Latent Recursive] Starting 1 steps of latent thinking
2025-10-27 10:41:59,759 - GPU-7 - DEBUG -       [Latent] Step 1/1
2025-10-27 10:41:59,948 - GPU-7 - DEBUG -       [After Latent Recursive] 2 tokens unmasked
2025-10-27 10:41:59,948 - GPU-7 - INFO -   [Cycle 6]
2025-10-27 10:41:59,949 - GPU-7 - DEBUG -     [Latent Recursive] Starting 1 steps of latent thinking
2025-10-27 10:41:59,999 - GPU-7 - DEBUG -       [Latent] Step 1/1
2025-10-27 10:42:00,189 - GPU-7 - DEBUG -       [After Latent Recursive] 2 tokens unmasked
2025-10-27 10:42:00,189 - GPU-7 - INFO -   [Cycle 7]
2025-10-27 10:42:00,189 - GPU-7 - DEBUG -     [Latent Recursive] Starting 1 steps of latent thinking
2025-10-27 10:42:00,240 - GPU-7 - DEBUG -       [Latent] Step 1/1
2025-10-27 10:42:00,429 - GPU-7 - DEBUG -       [After Latent Recursive] 2 tokens unmasked
2025-10-27 10:42:00,430 - GPU-7 - INFO -   [Cycle 8]
2025-10-27 10:42:00,430 - GPU-7 - DEBUG -     [Latent Recursive] Starting 1 steps of latent thinking
2025-10-27 10:42:00,480 - GPU-7 - DEBUG -       [Latent] Step 1/1
2025-10-27 10:42:00,670 - GPU-7 - DEBUG -       [After Latent Recursive] 2 tokens unmasked
2025-10-27 10:42:00,670 - GPU-7 - INFO -   [Cycle 9]
2025-10-27 10:42:00,670 - GPU-7 - DEBUG -     [Latent Recursive] Starting 1 steps of latent thinking
2025-10-27 10:42:00,721 - GPU-7 - DEBUG -       [Latent] Step 1/1
2025-10-27 10:42:00,911 - GPU-7 - DEBUG -       [After Latent Recursive] 2 tokens unmasked
2025-10-27 10:42:00,911 - GPU-7 - INFO -   [Cycle 10]
2025-10-27 10:42:00,911 - GPU-7 - DEBUG -     [Latent Recursive] Starting 1 steps of latent thinking
2025-10-27 10:42:00,962 - GPU-7 - DEBUG -       [Latent] Step 1/1
2025-10-27 10:42:01,151 - GPU-7 - DEBUG -       [After Latent Recursive] 2 tokens unmasked
2025-10-27 10:42:01,152 - GPU-7 - INFO -   [Cycle 11]
2025-10-27 10:42:01,152 - GPU-7 - DEBUG -     [Latent Recursive] Starting 1 steps of latent thinking
2025-10-27 10:42:01,202 - GPU-7 - DEBUG -       [Latent] Step 1/1
2025-10-27 10:42:01,392 - GPU-7 - DEBUG -       [After Latent Recursive] 2 tokens unmasked
2025-10-27 10:42:01,392 - GPU-7 - INFO -   [Cycle 12]
2025-10-27 10:42:01,392 - GPU-7 - DEBUG -     [Latent Recursive] Starting 1 steps of latent thinking
2025-10-27 10:42:01,443 - GPU-7 - DEBUG -       [Latent] Step 1/1
2025-10-27 10:42:01,632 - GPU-7 - DEBUG -       [After Latent Recursive] 2 tokens unmasked
2025-10-27 10:42:01,633 - GPU-7 - INFO -   [Cycle 13]
2025-10-27 10:42:01,633 - GPU-7 - DEBUG -     [Latent Recursive] Starting 1 steps of latent thinking
2025-10-27 10:42:01,683 - GPU-7 - DEBUG -       [Latent] Step 1/1
2025-10-27 10:42:01,873 - GPU-7 - DEBUG -       [After Latent Recursive] 2 tokens unmasked
2025-10-27 10:42:01,873 - GPU-7 - INFO -   [Cycle 14]
2025-10-27 10:42:01,874 - GPU-7 - DEBUG -     [Latent Recursive] Starting 1 steps of latent thinking
2025-10-27 10:42:01,924 - GPU-7 - DEBUG -       [Latent] Step 1/1
2025-10-27 10:42:02,114 - GPU-7 - DEBUG -       [After Latent Recursive] 2 tokens unmasked
2025-10-27 10:42:02,114 - GPU-7 - INFO -   [Cycle 15]
2025-10-27 10:42:02,114 - GPU-7 - DEBUG -     [Latent Recursive] Starting 1 steps of latent thinking
2025-10-27 10:42:02,165 - GPU-7 - DEBUG -       [Latent] Step 1/1
2025-10-27 10:42:02,354 - GPU-7 - DEBUG -       [After Latent Recursive] 2 tokens unmasked
2025-10-27 10:42:02,355 - GPU-7 - INFO - [Block 4/16] Processing tokens 240-272
2025-10-27 10:42:02,355 - GPU-7 - DEBUG - [Block 3] Before forward: use_cache=True, x.shape=torch.Size([1, 656])
2025-10-27 10:42:02,355 - GPU-7 - DEBUG - [Block 3] Model type: LLaDAModelLM
2025-10-27 10:42:02,355 - GPU-7 - DEBUG - [Block 3] Model config use_cache: True
2025-10-27 10:42:02,379 - GPU-7 - DEBUG - [Block 3] After forward: pkv is None? False
2025-10-27 10:42:02,380 - GPU-7 - DEBUG - [Block 3] out type: CausalLMOutputWithPast
2025-10-27 10:42:02,380 - GPU-7 - DEBUG - [Block 3] pkv type: <class 'list'>, len: 32
2025-10-27 10:42:02,380 - GPU-7 - DEBUG - [Block 3] pkv[0] type: <class 'tuple'>, len: 2
2025-10-27 10:42:02,380 - GPU-7 - DEBUG - [Block 3] pkv[0][0].shape: torch.Size([1, 32, 656, 128])
2025-10-27 10:42:02,477 - GPU-7 - INFO -   [Initial Forward] 2 tokens unmasked
2025-10-27 10:42:02,477 - GPU-7 - INFO -   [Cycle 1]
2025-10-27 10:42:02,477 - GPU-7 - DEBUG -     [Latent Recursive] Starting 1 steps of latent thinking
2025-10-27 10:42:02,528 - GPU-7 - DEBUG -       [Latent] Step 1/1
2025-10-27 10:42:02,717 - GPU-7 - DEBUG -       [After Latent Recursive] 2 tokens unmasked
2025-10-27 10:42:02,717 - GPU-7 - INFO -   [Cycle 2]
2025-10-27 10:42:02,717 - GPU-7 - DEBUG -     [Latent Recursive] Starting 1 steps of latent thinking
2025-10-27 10:42:02,768 - GPU-7 - DEBUG -       [Latent] Step 1/1
2025-10-27 10:42:02,956 - GPU-7 - DEBUG -       [After Latent Recursive] 2 tokens unmasked
2025-10-27 10:42:02,957 - GPU-7 - INFO -   [Cycle 3]
2025-10-27 10:42:02,957 - GPU-7 - DEBUG -     [Latent Recursive] Starting 1 steps of latent thinking
2025-10-27 10:42:03,007 - GPU-7 - DEBUG -       [Latent] Step 1/1
2025-10-27 10:42:03,196 - GPU-7 - DEBUG -       [After Latent Recursive] 2 tokens unmasked
2025-10-27 10:42:03,197 - GPU-7 - INFO -   [Cycle 4]
2025-10-27 10:42:03,197 - GPU-7 - DEBUG -     [Latent Recursive] Starting 1 steps of latent thinking
2025-10-27 10:42:03,247 - GPU-7 - DEBUG -       [Latent] Step 1/1
2025-10-27 10:42:03,436 - GPU-7 - DEBUG -       [After Latent Recursive] 2 tokens unmasked
2025-10-27 10:42:03,436 - GPU-7 - INFO -   [Cycle 5]
2025-10-27 10:42:03,436 - GPU-7 - DEBUG -     [Latent Recursive] Starting 1 steps of latent thinking
2025-10-27 10:42:03,487 - GPU-7 - DEBUG -       [Latent] Step 1/1
2025-10-27 10:42:03,675 - GPU-7 - DEBUG -       [After Latent Recursive] 2 tokens unmasked
2025-10-27 10:42:03,676 - GPU-7 - INFO -   [Cycle 6]
2025-10-27 10:42:03,676 - GPU-7 - DEBUG -     [Latent Recursive] Starting 1 steps of latent thinking
2025-10-27 10:42:03,726 - GPU-7 - DEBUG -       [Latent] Step 1/1
2025-10-27 10:42:03,915 - GPU-7 - DEBUG -       [After Latent Recursive] 2 tokens unmasked
2025-10-27 10:42:03,915 - GPU-7 - INFO -   [Cycle 7]
2025-10-27 10:42:03,916 - GPU-7 - DEBUG -     [Latent Recursive] Starting 1 steps of latent thinking
2025-10-27 10:42:03,966 - GPU-7 - DEBUG -       [Latent] Step 1/1
2025-10-27 10:42:04,155 - GPU-7 - DEBUG -       [After Latent Recursive] 2 tokens unmasked
2025-10-27 10:42:04,155 - GPU-7 - INFO -   [Cycle 8]
2025-10-27 10:42:04,155 - GPU-7 - DEBUG -     [Latent Recursive] Starting 1 steps of latent thinking
2025-10-27 10:42:04,206 - GPU-7 - DEBUG -       [Latent] Step 1/1
2025-10-27 10:42:04,394 - GPU-7 - DEBUG -       [After Latent Recursive] 2 tokens unmasked
2025-10-27 10:42:04,395 - GPU-7 - INFO -   [Cycle 9]
2025-10-27 10:42:04,395 - GPU-7 - DEBUG -     [Latent Recursive] Starting 1 steps of latent thinking
2025-10-27 10:42:04,445 - GPU-7 - DEBUG -       [Latent] Step 1/1
2025-10-27 10:42:04,634 - GPU-7 - DEBUG -       [After Latent Recursive] 2 tokens unmasked
2025-10-27 10:42:04,634 - GPU-7 - INFO -   [Cycle 10]
2025-10-27 10:42:04,634 - GPU-7 - DEBUG -     [Latent Recursive] Starting 1 steps of latent thinking
2025-10-27 10:42:04,685 - GPU-7 - DEBUG -       [Latent] Step 1/1
2025-10-27 10:42:04,874 - GPU-7 - DEBUG -       [After Latent Recursive] 2 tokens unmasked
2025-10-27 10:42:04,874 - GPU-7 - INFO -   [Cycle 11]
2025-10-27 10:42:04,874 - GPU-7 - DEBUG -     [Latent Recursive] Starting 1 steps of latent thinking
2025-10-27 10:42:04,925 - GPU-7 - DEBUG -       [Latent] Step 1/1
2025-10-27 10:42:05,113 - GPU-7 - DEBUG -       [After Latent Recursive] 2 tokens unmasked
2025-10-27 10:42:05,114 - GPU-7 - INFO -   [Cycle 12]
2025-10-27 10:42:05,114 - GPU-7 - DEBUG -     [Latent Recursive] Starting 1 steps of latent thinking
2025-10-27 10:42:05,165 - GPU-7 - DEBUG -       [Latent] Step 1/1
2025-10-27 10:42:05,353 - GPU-7 - DEBUG -       [After Latent Recursive] 2 tokens unmasked
2025-10-27 10:42:05,354 - GPU-7 - INFO -   [Cycle 13]
2025-10-27 10:42:05,354 - GPU-7 - DEBUG -     [Latent Recursive] Starting 1 steps of latent thinking
2025-10-27 10:42:05,404 - GPU-7 - DEBUG -       [Latent] Step 1/1
2025-10-27 10:42:05,593 - GPU-7 - DEBUG -       [After Latent Recursive] 2 tokens unmasked
2025-10-27 10:42:05,594 - GPU-7 - INFO -   [Cycle 14]
2025-10-27 10:42:05,594 - GPU-7 - DEBUG -     [Latent Recursive] Starting 1 steps of latent thinking
2025-10-27 10:42:05,644 - GPU-7 - DEBUG -       [Latent] Step 1/1
2025-10-27 10:42:05,834 - GPU-7 - DEBUG -       [After Latent Recursive] 2 tokens unmasked
2025-10-27 10:42:05,834 - GPU-7 - INFO -   [Cycle 15]
2025-10-27 10:42:05,834 - GPU-7 - DEBUG -     [Latent Recursive] Starting 1 steps of latent thinking
2025-10-27 10:42:05,885 - GPU-7 - DEBUG -       [Latent] Step 1/1
2025-10-27 10:42:06,074 - GPU-7 - DEBUG -       [After Latent Recursive] 2 tokens unmasked
2025-10-27 10:42:06,074 - GPU-7 - INFO - [Block 5/16] Processing tokens 272-304
2025-10-27 10:42:06,075 - GPU-7 - DEBUG - [Block 4] Before forward: use_cache=True, x.shape=torch.Size([1, 656])
2025-10-27 10:42:06,075 - GPU-7 - DEBUG - [Block 4] Model type: LLaDAModelLM
2025-10-27 10:42:06,075 - GPU-7 - DEBUG - [Block 4] Model config use_cache: True
2025-10-27 10:42:06,099 - GPU-7 - DEBUG - [Block 4] After forward: pkv is None? False
2025-10-27 10:42:06,099 - GPU-7 - DEBUG - [Block 4] out type: CausalLMOutputWithPast
2025-10-27 10:42:06,100 - GPU-7 - DEBUG - [Block 4] pkv type: <class 'list'>, len: 32
2025-10-27 10:42:06,100 - GPU-7 - DEBUG - [Block 4] pkv[0] type: <class 'tuple'>, len: 2
2025-10-27 10:42:06,100 - GPU-7 - DEBUG - [Block 4] pkv[0][0].shape: torch.Size([1, 32, 656, 128])
2025-10-27 10:42:06,196 - GPU-7 - INFO -   [Initial Forward] 2 tokens unmasked
2025-10-27 10:42:06,197 - GPU-7 - INFO -   [Cycle 1]
2025-10-27 10:42:06,197 - GPU-7 - DEBUG -     [Latent Recursive] Starting 1 steps of latent thinking
2025-10-27 10:42:06,248 - GPU-7 - DEBUG -       [Latent] Step 1/1
2025-10-27 10:42:06,435 - GPU-7 - DEBUG -       [After Latent Recursive] 2 tokens unmasked
2025-10-27 10:42:06,435 - GPU-7 - INFO -   [Cycle 2]
2025-10-27 10:42:06,436 - GPU-7 - DEBUG -     [Latent Recursive] Starting 1 steps of latent thinking
2025-10-27 10:42:06,486 - GPU-7 - DEBUG -       [Latent] Step 1/1
2025-10-27 10:42:06,673 - GPU-7 - DEBUG -       [After Latent Recursive] 2 tokens unmasked
2025-10-27 10:42:06,673 - GPU-7 - INFO -   [Cycle 3]
2025-10-27 10:42:06,674 - GPU-7 - DEBUG -     [Latent Recursive] Starting 1 steps of latent thinking
2025-10-27 10:42:06,724 - GPU-7 - DEBUG -       [Latent] Step 1/1
2025-10-27 10:42:06,911 - GPU-7 - DEBUG -       [After Latent Recursive] 2 tokens unmasked
2025-10-27 10:42:06,912 - GPU-7 - INFO -   [Cycle 4]
2025-10-27 10:42:06,912 - GPU-7 - DEBUG -     [Latent Recursive] Starting 1 steps of latent thinking
2025-10-27 10:42:06,962 - GPU-7 - DEBUG -       [Latent] Step 1/1
2025-10-27 10:42:07,149 - GPU-7 - DEBUG -       [After Latent Recursive] 2 tokens unmasked
2025-10-27 10:42:07,150 - GPU-7 - INFO -   [Cycle 5]
2025-10-27 10:42:07,150 - GPU-7 - DEBUG -     [Latent Recursive] Starting 1 steps of latent thinking
2025-10-27 10:42:07,200 - GPU-7 - DEBUG -       [Latent] Step 1/1
2025-10-27 10:42:07,388 - GPU-7 - DEBUG -       [After Latent Recursive] 2 tokens unmasked
2025-10-27 10:42:07,388 - GPU-7 - INFO -   [Cycle 6]
2025-10-27 10:42:07,388 - GPU-7 - DEBUG -     [Latent Recursive] Starting 1 steps of latent thinking
2025-10-27 10:42:07,439 - GPU-7 - DEBUG -       [Latent] Step 1/1
2025-10-27 10:42:07,626 - GPU-7 - DEBUG -       [After Latent Recursive] 2 tokens unmasked
2025-10-27 10:42:07,626 - GPU-7 - INFO -   [Cycle 7]
2025-10-27 10:42:07,626 - GPU-7 - DEBUG -     [Latent Recursive] Starting 1 steps of latent thinking
2025-10-27 10:42:07,677 - GPU-7 - DEBUG -       [Latent] Step 1/1
2025-10-27 10:42:07,863 - GPU-7 - DEBUG -       [After Latent Recursive] 2 tokens unmasked
2025-10-27 10:42:07,864 - GPU-7 - INFO -   [Cycle 8]
2025-10-27 10:42:07,864 - GPU-7 - DEBUG -     [Latent Recursive] Starting 1 steps of latent thinking
2025-10-27 10:42:07,914 - GPU-7 - DEBUG -       [Latent] Step 1/1
2025-10-27 10:42:08,101 - GPU-7 - DEBUG -       [After Latent Recursive] 2 tokens unmasked
2025-10-27 10:42:08,102 - GPU-7 - INFO -   [Cycle 9]
2025-10-27 10:42:08,102 - GPU-7 - DEBUG -     [Latent Recursive] Starting 1 steps of latent thinking
2025-10-27 10:42:08,152 - GPU-7 - DEBUG -       [Latent] Step 1/1
2025-10-27 10:42:08,339 - GPU-7 - DEBUG -       [After Latent Recursive] 2 tokens unmasked
2025-10-27 10:42:08,339 - GPU-7 - INFO -   [Cycle 10]
2025-10-27 10:42:08,340 - GPU-7 - DEBUG -     [Latent Recursive] Starting 1 steps of latent thinking
2025-10-27 10:42:08,390 - GPU-7 - DEBUG -       [Latent] Step 1/1
2025-10-27 10:42:08,577 - GPU-7 - DEBUG -       [After Latent Recursive] 2 tokens unmasked
2025-10-27 10:42:08,578 - GPU-7 - INFO -   [Cycle 11]
2025-10-27 10:42:08,578 - GPU-7 - DEBUG -     [Latent Recursive] Starting 1 steps of latent thinking
2025-10-27 10:42:08,628 - GPU-7 - DEBUG -       [Latent] Step 1/1
2025-10-27 10:42:08,815 - GPU-7 - DEBUG -       [After Latent Recursive] 2 tokens unmasked
2025-10-27 10:42:08,816 - GPU-7 - INFO -   [Cycle 12]
2025-10-27 10:42:08,816 - GPU-7 - DEBUG -     [Latent Recursive] Starting 1 steps of latent thinking
2025-10-27 10:42:08,866 - GPU-7 - DEBUG -       [Latent] Step 1/1
2025-10-27 10:42:09,053 - GPU-7 - DEBUG -       [After Latent Recursive] 2 tokens unmasked
2025-10-27 10:42:09,054 - GPU-7 - INFO -   [Cycle 13]
2025-10-27 10:42:09,054 - GPU-7 - DEBUG -     [Latent Recursive] Starting 1 steps of latent thinking
2025-10-27 10:42:09,104 - GPU-7 - DEBUG -       [Latent] Step 1/1
2025-10-27 10:42:09,292 - GPU-7 - DEBUG -       [After Latent Recursive] 2 tokens unmasked
2025-10-27 10:42:09,292 - GPU-7 - INFO -   [Cycle 14]
2025-10-27 10:42:09,292 - GPU-7 - DEBUG -     [Latent Recursive] Starting 1 steps of latent thinking
2025-10-27 10:42:09,343 - GPU-7 - DEBUG -       [Latent] Step 1/1
2025-10-27 10:42:09,530 - GPU-7 - DEBUG -       [After Latent Recursive] 2 tokens unmasked
2025-10-27 10:42:09,530 - GPU-7 - INFO -   [Cycle 15]
2025-10-27 10:42:09,530 - GPU-7 - DEBUG -     [Latent Recursive] Starting 1 steps of latent thinking
2025-10-27 10:42:09,581 - GPU-7 - DEBUG -       [Latent] Step 1/1
2025-10-27 10:42:09,768 - GPU-7 - DEBUG -       [After Latent Recursive] 2 tokens unmasked
2025-10-27 10:42:09,768 - GPU-7 - INFO - [Block 6/16] Processing tokens 304-336
2025-10-27 10:42:09,768 - GPU-7 - DEBUG - [Block 5] Before forward: use_cache=True, x.shape=torch.Size([1, 656])
2025-10-27 10:42:09,768 - GPU-7 - DEBUG - [Block 5] Model type: LLaDAModelLM
2025-10-27 10:42:09,768 - GPU-7 - DEBUG - [Block 5] Model config use_cache: True
2025-10-27 10:42:09,793 - GPU-7 - DEBUG - [Block 5] After forward: pkv is None? False
2025-10-27 10:42:09,793 - GPU-7 - DEBUG - [Block 5] out type: CausalLMOutputWithPast
2025-10-27 10:42:09,793 - GPU-7 - DEBUG - [Block 5] pkv type: <class 'list'>, len: 32
2025-10-27 10:42:09,793 - GPU-7 - DEBUG - [Block 5] pkv[0] type: <class 'tuple'>, len: 2
2025-10-27 10:42:09,793 - GPU-7 - DEBUG - [Block 5] pkv[0][0].shape: torch.Size([1, 32, 656, 128])
2025-10-27 10:42:09,890 - GPU-7 - INFO -   [Initial Forward] 2 tokens unmasked
2025-10-27 10:42:09,890 - GPU-7 - INFO -   [Cycle 1]
2025-10-27 10:42:09,890 - GPU-7 - DEBUG -     [Latent Recursive] Starting 1 steps of latent thinking
2025-10-27 10:42:09,941 - GPU-7 - DEBUG -       [Latent] Step 1/1
2025-10-27 10:42:10,127 - GPU-7 - DEBUG -       [After Latent Recursive] 2 tokens unmasked
2025-10-27 10:42:10,128 - GPU-7 - INFO -   [Cycle 2]
2025-10-27 10:42:10,128 - GPU-7 - DEBUG -     [Latent Recursive] Starting 1 steps of latent thinking
2025-10-27 10:42:10,178 - GPU-7 - DEBUG -       [Latent] Step 1/1
2025-10-27 10:42:10,364 - GPU-7 - DEBUG -       [After Latent Recursive] 2 tokens unmasked
2025-10-27 10:42:10,365 - GPU-7 - INFO -   [Cycle 3]
2025-10-27 10:42:10,365 - GPU-7 - DEBUG -     [Latent Recursive] Starting 1 steps of latent thinking
2025-10-27 10:42:10,415 - GPU-7 - DEBUG -       [Latent] Step 1/1
2025-10-27 10:42:10,601 - GPU-7 - DEBUG -       [After Latent Recursive] 2 tokens unmasked
2025-10-27 10:42:10,602 - GPU-7 - INFO -   [Cycle 4]
2025-10-27 10:42:10,602 - GPU-7 - DEBUG -     [Latent Recursive] Starting 1 steps of latent thinking
2025-10-27 10:42:10,652 - GPU-7 - DEBUG -       [Latent] Step 1/1
2025-10-27 10:42:10,839 - GPU-7 - DEBUG -       [After Latent Recursive] 2 tokens unmasked
2025-10-27 10:42:10,839 - GPU-7 - INFO -   [Cycle 5]
2025-10-27 10:42:10,839 - GPU-7 - DEBUG -     [Latent Recursive] Starting 1 steps of latent thinking
2025-10-27 10:42:10,890 - GPU-7 - DEBUG -       [Latent] Step 1/1
2025-10-27 10:42:11,076 - GPU-7 - DEBUG -       [After Latent Recursive] 2 tokens unmasked
2025-10-27 10:42:11,076 - GPU-7 - INFO -   [Cycle 6]
2025-10-27 10:42:11,076 - GPU-7 - DEBUG -     [Latent Recursive] Starting 1 steps of latent thinking
2025-10-27 10:42:11,127 - GPU-7 - DEBUG -       [Latent] Step 1/1
2025-10-27 10:42:11,313 - GPU-7 - DEBUG -       [After Latent Recursive] 2 tokens unmasked
2025-10-27 10:42:11,313 - GPU-7 - INFO -   [Cycle 7]
2025-10-27 10:42:11,313 - GPU-7 - DEBUG -     [Latent Recursive] Starting 1 steps of latent thinking
2025-10-27 10:42:11,364 - GPU-7 - DEBUG -       [Latent] Step 1/1
2025-10-27 10:42:11,550 - GPU-7 - DEBUG -       [After Latent Recursive] 2 tokens unmasked
2025-10-27 10:42:11,550 - GPU-7 - INFO -   [Cycle 8]
2025-10-27 10:42:11,550 - GPU-7 - DEBUG -     [Latent Recursive] Starting 1 steps of latent thinking
2025-10-27 10:42:11,601 - GPU-7 - DEBUG -       [Latent] Step 1/1
2025-10-27 10:42:11,787 - GPU-7 - DEBUG -       [After Latent Recursive] 2 tokens unmasked
2025-10-27 10:42:11,787 - GPU-7 - INFO -   [Cycle 9]
2025-10-27 10:42:11,787 - GPU-7 - DEBUG -     [Latent Recursive] Starting 1 steps of latent thinking
2025-10-27 10:42:11,838 - GPU-7 - DEBUG -       [Latent] Step 1/1
2025-10-27 10:42:12,024 - GPU-7 - DEBUG -       [After Latent Recursive] 2 tokens unmasked
2025-10-27 10:42:12,024 - GPU-7 - INFO -   [Cycle 10]
2025-10-27 10:42:12,024 - GPU-7 - DEBUG -     [Latent Recursive] Starting 1 steps of latent thinking
2025-10-27 10:42:12,075 - GPU-7 - DEBUG -       [Latent] Step 1/1
2025-10-27 10:42:12,261 - GPU-7 - DEBUG -       [After Latent Recursive] 2 tokens unmasked
2025-10-27 10:42:12,261 - GPU-7 - INFO -   [Cycle 11]
2025-10-27 10:42:12,261 - GPU-7 - DEBUG -     [Latent Recursive] Starting 1 steps of latent thinking
2025-10-27 10:42:12,312 - GPU-7 - DEBUG -       [Latent] Step 1/1
2025-10-27 10:42:12,498 - GPU-7 - DEBUG -       [After Latent Recursive] 2 tokens unmasked
2025-10-27 10:42:12,498 - GPU-7 - INFO -   [Cycle 12]
2025-10-27 10:42:12,499 - GPU-7 - DEBUG -     [Latent Recursive] Starting 1 steps of latent thinking
2025-10-27 10:42:12,549 - GPU-7 - DEBUG -       [Latent] Step 1/1
2025-10-27 10:42:12,735 - GPU-7 - DEBUG -       [After Latent Recursive] 2 tokens unmasked
2025-10-27 10:42:12,736 - GPU-7 - INFO -   [Cycle 13]
2025-10-27 10:42:12,736 - GPU-7 - DEBUG -     [Latent Recursive] Starting 1 steps of latent thinking
2025-10-27 10:42:12,786 - GPU-7 - DEBUG -       [Latent] Step 1/1
2025-10-27 10:42:12,972 - GPU-7 - DEBUG -       [After Latent Recursive] 2 tokens unmasked
2025-10-27 10:42:12,973 - GPU-7 - INFO -   [Cycle 14]
2025-10-27 10:42:12,973 - GPU-7 - DEBUG -     [Latent Recursive] Starting 1 steps of latent thinking
2025-10-27 10:42:13,023 - GPU-7 - DEBUG -       [Latent] Step 1/1
2025-10-27 10:42:13,210 - GPU-7 - DEBUG -       [After Latent Recursive] 2 tokens unmasked
2025-10-27 10:42:13,210 - GPU-7 - INFO -   [Cycle 15]
2025-10-27 10:42:13,210 - GPU-7 - DEBUG -     [Latent Recursive] Starting 1 steps of latent thinking
2025-10-27 10:42:13,261 - GPU-7 - DEBUG -       [Latent] Step 1/1
2025-10-27 10:42:13,446 - GPU-7 - DEBUG -       [After Latent Recursive] 2 tokens unmasked
2025-10-27 10:42:13,446 - GPU-7 - INFO - [Block 7/16] Processing tokens 336-368
2025-10-27 10:42:13,446 - GPU-7 - DEBUG - [Block 6] Before forward: use_cache=True, x.shape=torch.Size([1, 656])
2025-10-27 10:42:13,447 - GPU-7 - DEBUG - [Block 6] Model type: LLaDAModelLM
2025-10-27 10:42:13,447 - GPU-7 - DEBUG - [Block 6] Model config use_cache: True
2025-10-27 10:42:13,471 - GPU-7 - DEBUG - [Block 6] After forward: pkv is None? False
2025-10-27 10:42:13,471 - GPU-7 - DEBUG - [Block 6] out type: CausalLMOutputWithPast
2025-10-27 10:42:13,471 - GPU-7 - DEBUG - [Block 6] pkv type: <class 'list'>, len: 32
2025-10-27 10:42:13,471 - GPU-7 - DEBUG - [Block 6] pkv[0] type: <class 'tuple'>, len: 2
2025-10-27 10:42:13,471 - GPU-7 - DEBUG - [Block 6] pkv[0][0].shape: torch.Size([1, 32, 656, 128])
2025-10-27 10:42:13,568 - GPU-7 - INFO -   [Initial Forward] 2 tokens unmasked
2025-10-27 10:42:13,568 - GPU-7 - INFO -   [Cycle 1]
2025-10-27 10:42:13,569 - GPU-7 - DEBUG -     [Latent Recursive] Starting 1 steps of latent thinking
2025-10-27 10:42:13,619 - GPU-7 - DEBUG -       [Latent] Step 1/1
2025-10-27 10:42:13,804 - GPU-7 - DEBUG -       [After Latent Recursive] 2 tokens unmasked
2025-10-27 10:42:13,805 - GPU-7 - INFO -   [Cycle 2]
2025-10-27 10:42:13,805 - GPU-7 - DEBUG -     [Latent Recursive] Starting 1 steps of latent thinking
2025-10-27 10:42:13,856 - GPU-7 - DEBUG -       [Latent] Step 1/1
2025-10-27 10:42:14,041 - GPU-7 - DEBUG -       [After Latent Recursive] 2 tokens unmasked
2025-10-27 10:42:14,041 - GPU-7 - INFO -   [Cycle 3]
2025-10-27 10:42:14,041 - GPU-7 - DEBUG -     [Latent Recursive] Starting 1 steps of latent thinking
2025-10-27 10:42:14,092 - GPU-7 - DEBUG -       [Latent] Step 1/1
2025-10-27 10:42:14,277 - GPU-7 - DEBUG -       [After Latent Recursive] 2 tokens unmasked
2025-10-27 10:42:14,277 - GPU-7 - INFO -   [Cycle 4]
2025-10-27 10:42:14,277 - GPU-7 - DEBUG -     [Latent Recursive] Starting 1 steps of latent thinking
2025-10-27 10:42:14,328 - GPU-7 - DEBUG -       [Latent] Step 1/1
2025-10-27 10:42:14,513 - GPU-7 - DEBUG -       [After Latent Recursive] 2 tokens unmasked
2025-10-27 10:42:14,513 - GPU-7 - INFO -   [Cycle 5]
2025-10-27 10:42:14,514 - GPU-7 - DEBUG -     [Latent Recursive] Starting 1 steps of latent thinking
2025-10-27 10:42:14,564 - GPU-7 - DEBUG -       [Latent] Step 1/1
2025-10-27 10:42:14,750 - GPU-7 - DEBUG -       [After Latent Recursive] 2 tokens unmasked
2025-10-27 10:42:14,750 - GPU-7 - INFO -   [Cycle 6]
2025-10-27 10:42:14,750 - GPU-7 - DEBUG -     [Latent Recursive] Starting 1 steps of latent thinking
2025-10-27 10:42:14,801 - GPU-7 - DEBUG -       [Latent] Step 1/1
2025-10-27 10:42:14,986 - GPU-7 - DEBUG -       [After Latent Recursive] 2 tokens unmasked
2025-10-27 10:42:14,987 - GPU-7 - INFO -   [Cycle 7]
2025-10-27 10:42:14,987 - GPU-7 - DEBUG -     [Latent Recursive] Starting 1 steps of latent thinking
2025-10-27 10:42:15,037 - GPU-7 - DEBUG -       [Latent] Step 1/1
2025-10-27 10:42:15,222 - GPU-7 - DEBUG -       [After Latent Recursive] 2 tokens unmasked
2025-10-27 10:42:15,223 - GPU-7 - INFO -   [Cycle 8]
2025-10-27 10:42:15,223 - GPU-7 - DEBUG -     [Latent Recursive] Starting 1 steps of latent thinking
2025-10-27 10:42:15,273 - GPU-7 - DEBUG -       [Latent] Step 1/1
2025-10-27 10:42:15,459 - GPU-7 - DEBUG -       [After Latent Recursive] 2 tokens unmasked
2025-10-27 10:42:15,459 - GPU-7 - INFO -   [Cycle 9]
2025-10-27 10:42:15,459 - GPU-7 - DEBUG -     [Latent Recursive] Starting 1 steps of latent thinking
2025-10-27 10:42:15,510 - GPU-7 - DEBUG -       [Latent] Step 1/1
2025-10-27 10:42:15,695 - GPU-7 - DEBUG -       [After Latent Recursive] 2 tokens unmasked
2025-10-27 10:42:15,695 - GPU-7 - INFO -   [Cycle 10]
2025-10-27 10:42:15,695 - GPU-7 - DEBUG -     [Latent Recursive] Starting 1 steps of latent thinking
2025-10-27 10:42:15,746 - GPU-7 - DEBUG -       [Latent] Step 1/1
2025-10-27 10:42:15,931 - GPU-7 - DEBUG -       [After Latent Recursive] 2 tokens unmasked
2025-10-27 10:42:15,932 - GPU-7 - INFO -   [Cycle 11]
2025-10-27 10:42:15,932 - GPU-7 - DEBUG -     [Latent Recursive] Starting 1 steps of latent thinking
2025-10-27 10:42:15,982 - GPU-7 - DEBUG -       [Latent] Step 1/1
2025-10-27 10:42:16,167 - GPU-7 - DEBUG -       [After Latent Recursive] 2 tokens unmasked
2025-10-27 10:42:16,168 - GPU-7 - INFO -   [Cycle 12]
2025-10-27 10:42:16,168 - GPU-7 - DEBUG -     [Latent Recursive] Starting 1 steps of latent thinking
2025-10-27 10:42:16,218 - GPU-7 - DEBUG -       [Latent] Step 1/1
2025-10-27 10:42:16,404 - GPU-7 - DEBUG -       [After Latent Recursive] 2 tokens unmasked
2025-10-27 10:42:16,404 - GPU-7 - INFO -   [Cycle 13]
2025-10-27 10:42:16,404 - GPU-7 - DEBUG -     [Latent Recursive] Starting 1 steps of latent thinking
2025-10-27 10:42:16,455 - GPU-7 - DEBUG -       [Latent] Step 1/1
2025-10-27 10:42:16,640 - GPU-7 - DEBUG -       [After Latent Recursive] 2 tokens unmasked
2025-10-27 10:42:16,640 - GPU-7 - INFO -   [Cycle 14]
2025-10-27 10:42:16,641 - GPU-7 - DEBUG -     [Latent Recursive] Starting 1 steps of latent thinking
2025-10-27 10:42:16,691 - GPU-7 - DEBUG -       [Latent] Step 1/1
2025-10-27 10:42:16,876 - GPU-7 - DEBUG -       [After Latent Recursive] 2 tokens unmasked
2025-10-27 10:42:16,877 - GPU-7 - INFO -   [Cycle 15]
2025-10-27 10:42:16,877 - GPU-7 - DEBUG -     [Latent Recursive] Starting 1 steps of latent thinking
2025-10-27 10:42:16,928 - GPU-7 - DEBUG -       [Latent] Step 1/1
2025-10-27 10:42:17,112 - GPU-7 - DEBUG -       [After Latent Recursive] 2 tokens unmasked
2025-10-27 10:42:17,113 - GPU-7 - INFO - [Block 8/16] Processing tokens 368-400
2025-10-27 10:42:17,113 - GPU-7 - DEBUG - [Block 7] Before forward: use_cache=True, x.shape=torch.Size([1, 656])
2025-10-27 10:42:17,113 - GPU-7 - DEBUG - [Block 7] Model type: LLaDAModelLM
2025-10-27 10:42:17,113 - GPU-7 - DEBUG - [Block 7] Model config use_cache: True
2025-10-27 10:42:17,138 - GPU-7 - DEBUG - [Block 7] After forward: pkv is None? False
2025-10-27 10:42:17,138 - GPU-7 - DEBUG - [Block 7] out type: CausalLMOutputWithPast
2025-10-27 10:42:17,138 - GPU-7 - DEBUG - [Block 7] pkv type: <class 'list'>, len: 32
2025-10-27 10:42:17,138 - GPU-7 - DEBUG - [Block 7] pkv[0] type: <class 'tuple'>, len: 2
2025-10-27 10:42:17,138 - GPU-7 - DEBUG - [Block 7] pkv[0][0].shape: torch.Size([1, 32, 656, 128])
2025-10-27 10:42:17,235 - GPU-7 - INFO -   [Initial Forward] 2 tokens unmasked
2025-10-27 10:42:17,235 - GPU-7 - INFO -   [Cycle 1]
2025-10-27 10:42:17,236 - GPU-7 - DEBUG -     [Latent Recursive] Starting 1 steps of latent thinking
2025-10-27 10:42:17,286 - GPU-7 - DEBUG -       [Latent] Step 1/1
2025-10-27 10:42:17,469 - GPU-7 - DEBUG -       [After Latent Recursive] 2 tokens unmasked
2025-10-27 10:42:17,469 - GPU-7 - INFO -   [Cycle 2]
2025-10-27 10:42:17,469 - GPU-7 - DEBUG -     [Latent Recursive] Starting 1 steps of latent thinking
2025-10-27 10:42:17,520 - GPU-7 - DEBUG -       [Latent] Step 1/1
2025-10-27 10:42:17,703 - GPU-7 - DEBUG -       [After Latent Recursive] 2 tokens unmasked
2025-10-27 10:42:17,703 - GPU-7 - INFO -   [Cycle 3]
2025-10-27 10:42:17,704 - GPU-7 - DEBUG -     [Latent Recursive] Starting 1 steps of latent thinking
2025-10-27 10:42:17,754 - GPU-7 - DEBUG -       [Latent] Step 1/1
2025-10-27 10:42:17,937 - GPU-7 - DEBUG -       [After Latent Recursive] 2 tokens unmasked
2025-10-27 10:42:17,937 - GPU-7 - INFO -   [Cycle 4]
2025-10-27 10:42:17,937 - GPU-7 - DEBUG -     [Latent Recursive] Starting 1 steps of latent thinking
2025-10-27 10:42:17,988 - GPU-7 - DEBUG -       [Latent] Step 1/1
2025-10-27 10:42:18,170 - GPU-7 - DEBUG -       [After Latent Recursive] 2 tokens unmasked
2025-10-27 10:42:18,171 - GPU-7 - INFO -   [Cycle 5]
2025-10-27 10:42:18,171 - GPU-7 - DEBUG -     [Latent Recursive] Starting 1 steps of latent thinking
2025-10-27 10:42:18,221 - GPU-7 - DEBUG -       [Latent] Step 1/1
2025-10-27 10:42:18,404 - GPU-7 - DEBUG -       [After Latent Recursive] 2 tokens unmasked
2025-10-27 10:42:18,404 - GPU-7 - INFO -   [Cycle 6]
2025-10-27 10:42:18,404 - GPU-7 - DEBUG -     [Latent Recursive] Starting 1 steps of latent thinking
2025-10-27 10:42:18,455 - GPU-7 - DEBUG -       [Latent] Step 1/1
2025-10-27 10:42:18,638 - GPU-7 - DEBUG -       [After Latent Recursive] 2 tokens unmasked
2025-10-27 10:42:18,638 - GPU-7 - INFO -   [Cycle 7]
2025-10-27 10:42:18,638 - GPU-7 - DEBUG -     [Latent Recursive] Starting 1 steps of latent thinking
2025-10-27 10:42:18,689 - GPU-7 - DEBUG -       [Latent] Step 1/1
2025-10-27 10:42:18,871 - GPU-7 - DEBUG -       [After Latent Recursive] 2 tokens unmasked
2025-10-27 10:42:18,872 - GPU-7 - INFO -   [Cycle 8]
2025-10-27 10:42:18,872 - GPU-7 - DEBUG -     [Latent Recursive] Starting 1 steps of latent thinking
2025-10-27 10:42:18,923 - GPU-7 - DEBUG -       [Latent] Step 1/1
2025-10-27 10:42:19,105 - GPU-7 - DEBUG -       [After Latent Recursive] 2 tokens unmasked
2025-10-27 10:42:19,106 - GPU-7 - INFO -   [Cycle 9]
2025-10-27 10:42:19,106 - GPU-7 - DEBUG -     [Latent Recursive] Starting 1 steps of latent thinking
2025-10-27 10:42:19,156 - GPU-7 - DEBUG -       [Latent] Step 1/1
2025-10-27 10:42:19,341 - GPU-7 - DEBUG -       [After Latent Recursive] 2 tokens unmasked
2025-10-27 10:42:19,342 - GPU-7 - INFO -   [Cycle 10]
2025-10-27 10:42:19,342 - GPU-7 - DEBUG -     [Latent Recursive] Starting 1 steps of latent thinking
2025-10-27 10:42:19,392 - GPU-7 - DEBUG -       [Latent] Step 1/1
2025-10-27 10:42:19,577 - GPU-7 - DEBUG -       [After Latent Recursive] 2 tokens unmasked
2025-10-27 10:42:19,577 - GPU-7 - INFO -   [Cycle 11]
2025-10-27 10:42:19,577 - GPU-7 - DEBUG -     [Latent Recursive] Starting 1 steps of latent thinking
2025-10-27 10:42:19,627 - GPU-7 - DEBUG -       [Latent] Step 1/1
2025-10-27 10:42:19,813 - GPU-7 - DEBUG -       [After Latent Recursive] 2 tokens unmasked
2025-10-27 10:42:19,813 - GPU-7 - INFO -   [Cycle 12]
2025-10-27 10:42:19,813 - GPU-7 - DEBUG -     [Latent Recursive] Starting 1 steps of latent thinking
2025-10-27 10:42:19,864 - GPU-7 - DEBUG -       [Latent] Step 1/1
2025-10-27 10:42:20,048 - GPU-7 - DEBUG -       [After Latent Recursive] 2 tokens unmasked
2025-10-27 10:42:20,049 - GPU-7 - INFO -   [Cycle 13]
2025-10-27 10:42:20,049 - GPU-7 - DEBUG -     [Latent Recursive] Starting 1 steps of latent thinking
2025-10-27 10:42:20,099 - GPU-7 - DEBUG -       [Latent] Step 1/1
2025-10-27 10:42:20,283 - GPU-7 - DEBUG -       [After Latent Recursive] 2 tokens unmasked
2025-10-27 10:42:20,284 - GPU-7 - INFO -   [Cycle 14]
2025-10-27 10:42:20,284 - GPU-7 - DEBUG -     [Latent Recursive] Starting 1 steps of latent thinking
2025-10-27 10:42:20,334 - GPU-7 - DEBUG -       [Latent] Step 1/1
2025-10-27 10:42:20,517 - GPU-7 - DEBUG -       [After Latent Recursive] 2 tokens unmasked
2025-10-27 10:42:20,517 - GPU-7 - INFO -   [Cycle 15]
2025-10-27 10:42:20,518 - GPU-7 - DEBUG -     [Latent Recursive] Starting 1 steps of latent thinking
2025-10-27 10:42:20,568 - GPU-7 - DEBUG -       [Latent] Step 1/1
2025-10-27 10:42:20,751 - GPU-7 - DEBUG -       [After Latent Recursive] 2 tokens unmasked
2025-10-27 10:42:20,751 - GPU-7 - INFO - [Block 9/16] Processing tokens 400-432
2025-10-27 10:42:20,751 - GPU-7 - DEBUG - [Block 8] Before forward: use_cache=True, x.shape=torch.Size([1, 656])
2025-10-27 10:42:20,751 - GPU-7 - DEBUG - [Block 8] Model type: LLaDAModelLM
2025-10-27 10:42:20,751 - GPU-7 - DEBUG - [Block 8] Model config use_cache: True
2025-10-27 10:42:20,776 - GPU-7 - DEBUG - [Block 8] After forward: pkv is None? False
2025-10-27 10:42:20,776 - GPU-7 - DEBUG - [Block 8] out type: CausalLMOutputWithPast
2025-10-27 10:42:20,776 - GPU-7 - DEBUG - [Block 8] pkv type: <class 'list'>, len: 32
2025-10-27 10:42:20,776 - GPU-7 - DEBUG - [Block 8] pkv[0] type: <class 'tuple'>, len: 2
2025-10-27 10:42:20,776 - GPU-7 - DEBUG - [Block 8] pkv[0][0].shape: torch.Size([1, 32, 656, 128])
2025-10-27 10:42:20,873 - GPU-7 - INFO -   [Initial Forward] 2 tokens unmasked
2025-10-27 10:42:20,873 - GPU-7 - INFO -   [Cycle 1]
2025-10-27 10:42:20,873 - GPU-7 - DEBUG -     [Latent Recursive] Starting 1 steps of latent thinking
2025-10-27 10:42:20,924 - GPU-7 - DEBUG -       [Latent] Step 1/1
2025-10-27 10:42:21,106 - GPU-7 - DEBUG -       [After Latent Recursive] 2 tokens unmasked
2025-10-27 10:42:21,106 - GPU-7 - INFO -   [Cycle 2]
2025-10-27 10:42:21,106 - GPU-7 - DEBUG -     [Latent Recursive] Starting 1 steps of latent thinking
2025-10-27 10:42:21,156 - GPU-7 - DEBUG -       [Latent] Step 1/1
2025-10-27 10:42:21,339 - GPU-7 - DEBUG -       [After Latent Recursive] 2 tokens unmasked
2025-10-27 10:42:21,339 - GPU-7 - INFO -   [Cycle 3]
2025-10-27 10:42:21,339 - GPU-7 - DEBUG -     [Latent Recursive] Starting 1 steps of latent thinking
2025-10-27 10:42:21,390 - GPU-7 - DEBUG -       [Latent] Step 1/1
2025-10-27 10:42:21,572 - GPU-7 - DEBUG -       [After Latent Recursive] 2 tokens unmasked
2025-10-27 10:42:21,572 - GPU-7 - INFO -   [Cycle 4]
2025-10-27 10:42:21,572 - GPU-7 - DEBUG -     [Latent Recursive] Starting 1 steps of latent thinking
2025-10-27 10:42:21,623 - GPU-7 - DEBUG -       [Latent] Step 1/1
2025-10-27 10:42:21,805 - GPU-7 - DEBUG -       [After Latent Recursive] 2 tokens unmasked
2025-10-27 10:42:21,805 - GPU-7 - INFO -   [Cycle 5]
2025-10-27 10:42:21,805 - GPU-7 - DEBUG -     [Latent Recursive] Starting 1 steps of latent thinking
2025-10-27 10:42:21,856 - GPU-7 - DEBUG -       [Latent] Step 1/1
2025-10-27 10:42:22,038 - GPU-7 - DEBUG -       [After Latent Recursive] 2 tokens unmasked
2025-10-27 10:42:22,038 - GPU-7 - INFO -   [Cycle 6]
2025-10-27 10:42:22,038 - GPU-7 - DEBUG -     [Latent Recursive] Starting 1 steps of latent thinking
2025-10-27 10:42:22,089 - GPU-7 - DEBUG -       [Latent] Step 1/1
2025-10-27 10:42:22,271 - GPU-7 - DEBUG -       [After Latent Recursive] 2 tokens unmasked
2025-10-27 10:42:22,271 - GPU-7 - INFO -   [Cycle 7]
2025-10-27 10:42:22,271 - GPU-7 - DEBUG -     [Latent Recursive] Starting 1 steps of latent thinking
2025-10-27 10:42:22,322 - GPU-7 - DEBUG -       [Latent] Step 1/1
2025-10-27 10:42:22,504 - GPU-7 - DEBUG -       [After Latent Recursive] 2 tokens unmasked
2025-10-27 10:42:22,504 - GPU-7 - INFO -   [Cycle 8]
2025-10-27 10:42:22,504 - GPU-7 - DEBUG -     [Latent Recursive] Starting 1 steps of latent thinking
2025-10-27 10:42:22,554 - GPU-7 - DEBUG -       [Latent] Step 1/1
2025-10-27 10:42:22,738 - GPU-7 - DEBUG -       [After Latent Recursive] 2 tokens unmasked
2025-10-27 10:42:22,738 - GPU-7 - INFO -   [Cycle 9]
2025-10-27 10:42:22,738 - GPU-7 - DEBUG -     [Latent Recursive] Starting 1 steps of latent thinking
2025-10-27 10:42:22,789 - GPU-7 - DEBUG -       [Latent] Step 1/1
2025-10-27 10:42:22,972 - GPU-7 - DEBUG -       [After Latent Recursive] 2 tokens unmasked
2025-10-27 10:42:22,972 - GPU-7 - INFO -   [Cycle 10]
2025-10-27 10:42:22,973 - GPU-7 - DEBUG -     [Latent Recursive] Starting 1 steps of latent thinking
2025-10-27 10:42:23,023 - GPU-7 - DEBUG -       [Latent] Step 1/1
2025-10-27 10:42:23,206 - GPU-7 - DEBUG -       [After Latent Recursive] 2 tokens unmasked
2025-10-27 10:42:23,206 - GPU-7 - INFO -   [Cycle 11]
2025-10-27 10:42:23,207 - GPU-7 - DEBUG -     [Latent Recursive] Starting 1 steps of latent thinking
2025-10-27 10:42:23,257 - GPU-7 - DEBUG -       [Latent] Step 1/1
2025-10-27 10:42:23,442 - GPU-7 - DEBUG -       [After Latent Recursive] 2 tokens unmasked
2025-10-27 10:42:23,442 - GPU-7 - INFO -   [Cycle 12]
2025-10-27 10:42:23,442 - GPU-7 - DEBUG -     [Latent Recursive] Starting 1 steps of latent thinking
2025-10-27 10:42:23,493 - GPU-7 - DEBUG -       [Latent] Step 1/1
2025-10-27 10:42:23,677 - GPU-7 - DEBUG -       [After Latent Recursive] 2 tokens unmasked
2025-10-27 10:42:23,677 - GPU-7 - INFO -   [Cycle 13]
2025-10-27 10:42:23,678 - GPU-7 - DEBUG -     [Latent Recursive] Starting 1 steps of latent thinking
2025-10-27 10:42:23,728 - GPU-7 - DEBUG -       [Latent] Step 1/1
2025-10-27 10:42:23,911 - GPU-7 - DEBUG -       [After Latent Recursive] 2 tokens unmasked
2025-10-27 10:42:23,911 - GPU-7 - INFO -   [Cycle 14]
2025-10-27 10:42:23,911 - GPU-7 - DEBUG -     [Latent Recursive] Starting 1 steps of latent thinking
2025-10-27 10:42:23,962 - GPU-7 - DEBUG -       [Latent] Step 1/1
2025-10-27 10:42:24,144 - GPU-7 - DEBUG -       [After Latent Recursive] 2 tokens unmasked
2025-10-27 10:42:24,144 - GPU-7 - INFO -   [Cycle 15]
2025-10-27 10:42:24,144 - GPU-7 - DEBUG -     [Latent Recursive] Starting 1 steps of latent thinking
2025-10-27 10:42:24,195 - GPU-7 - DEBUG -       [Latent] Step 1/1
2025-10-27 10:42:24,377 - GPU-7 - DEBUG -       [After Latent Recursive] 2 tokens unmasked
2025-10-27 10:42:24,377 - GPU-7 - INFO - [Block 10/16] Processing tokens 432-464
2025-10-27 10:42:24,377 - GPU-7 - DEBUG - [Block 9] Before forward: use_cache=True, x.shape=torch.Size([1, 656])
2025-10-27 10:42:24,377 - GPU-7 - DEBUG - [Block 9] Model type: LLaDAModelLM
2025-10-27 10:42:24,377 - GPU-7 - DEBUG - [Block 9] Model config use_cache: True
2025-10-27 10:42:24,402 - GPU-7 - DEBUG - [Block 9] After forward: pkv is None? False
2025-10-27 10:42:24,402 - GPU-7 - DEBUG - [Block 9] out type: CausalLMOutputWithPast
2025-10-27 10:42:24,402 - GPU-7 - DEBUG - [Block 9] pkv type: <class 'list'>, len: 32
2025-10-27 10:42:24,402 - GPU-7 - DEBUG - [Block 9] pkv[0] type: <class 'tuple'>, len: 2
2025-10-27 10:42:24,402 - GPU-7 - DEBUG - [Block 9] pkv[0][0].shape: torch.Size([1, 32, 656, 128])
2025-10-27 10:42:24,499 - GPU-7 - INFO -   [Initial Forward] 2 tokens unmasked
2025-10-27 10:42:24,499 - GPU-7 - INFO -   [Cycle 1]
2025-10-27 10:42:24,499 - GPU-7 - DEBUG -     [Latent Recursive] Starting 1 steps of latent thinking
2025-10-27 10:42:24,550 - GPU-7 - DEBUG -       [Latent] Step 1/1
2025-10-27 10:42:24,729 - GPU-7 - DEBUG -       [After Latent Recursive] 2 tokens unmasked
2025-10-27 10:42:24,730 - GPU-7 - INFO -   [Cycle 2]
2025-10-27 10:42:24,730 - GPU-7 - DEBUG -     [Latent Recursive] Starting 1 steps of latent thinking
2025-10-27 10:42:24,781 - GPU-7 - DEBUG -       [Latent] Step 1/1
2025-10-27 10:42:24,960 - GPU-7 - DEBUG -       [After Latent Recursive] 2 tokens unmasked
2025-10-27 10:42:24,961 - GPU-7 - INFO -   [Cycle 3]
2025-10-27 10:42:24,961 - GPU-7 - DEBUG -     [Latent Recursive] Starting 1 steps of latent thinking
2025-10-27 10:42:25,011 - GPU-7 - DEBUG -       [Latent] Step 1/1
2025-10-27 10:42:25,191 - GPU-7 - DEBUG -       [After Latent Recursive] 2 tokens unmasked
2025-10-27 10:42:25,191 - GPU-7 - INFO -   [Cycle 4]
2025-10-27 10:42:25,191 - GPU-7 - DEBUG -     [Latent Recursive] Starting 1 steps of latent thinking
2025-10-27 10:42:25,242 - GPU-7 - DEBUG -       [Latent] Step 1/1
2025-10-27 10:42:25,421 - GPU-7 - DEBUG -       [After Latent Recursive] 2 tokens unmasked
2025-10-27 10:42:25,422 - GPU-7 - INFO -   [Cycle 5]
2025-10-27 10:42:25,422 - GPU-7 - DEBUG -     [Latent Recursive] Starting 1 steps of latent thinking
2025-10-27 10:42:25,472 - GPU-7 - DEBUG -       [Latent] Step 1/1
2025-10-27 10:42:25,652 - GPU-7 - DEBUG -       [After Latent Recursive] 2 tokens unmasked
2025-10-27 10:42:25,652 - GPU-7 - INFO -   [Cycle 6]
2025-10-27 10:42:25,652 - GPU-7 - DEBUG -     [Latent Recursive] Starting 1 steps of latent thinking
2025-10-27 10:42:25,703 - GPU-7 - DEBUG -       [Latent] Step 1/1
2025-10-27 10:42:25,882 - GPU-7 - DEBUG -       [After Latent Recursive] 2 tokens unmasked
2025-10-27 10:42:25,883 - GPU-7 - INFO -   [Cycle 7]
2025-10-27 10:42:25,883 - GPU-7 - DEBUG -     [Latent Recursive] Starting 1 steps of latent thinking
2025-10-27 10:42:25,933 - GPU-7 - DEBUG -       [Latent] Step 1/1
2025-10-27 10:42:26,113 - GPU-7 - DEBUG -       [After Latent Recursive] 2 tokens unmasked
2025-10-27 10:42:26,113 - GPU-7 - INFO -   [Cycle 8]
2025-10-27 10:42:26,113 - GPU-7 - DEBUG -     [Latent Recursive] Starting 1 steps of latent thinking
2025-10-27 10:42:26,164 - GPU-7 - DEBUG -       [Latent] Step 1/1
2025-10-27 10:42:26,343 - GPU-7 - DEBUG -       [After Latent Recursive] 2 tokens unmasked
2025-10-27 10:42:26,343 - GPU-7 - INFO -   [Cycle 9]
2025-10-27 10:42:26,344 - GPU-7 - DEBUG -     [Latent Recursive] Starting 1 steps of latent thinking
2025-10-27 10:42:26,394 - GPU-7 - DEBUG -       [Latent] Step 1/1
2025-10-27 10:42:26,573 - GPU-7 - DEBUG -       [After Latent Recursive] 2 tokens unmasked
2025-10-27 10:42:26,574 - GPU-7 - INFO -   [Cycle 10]
2025-10-27 10:42:26,574 - GPU-7 - DEBUG -     [Latent Recursive] Starting 1 steps of latent thinking
2025-10-27 10:42:26,624 - GPU-7 - DEBUG -       [Latent] Step 1/1
2025-10-27 10:42:26,804 - GPU-7 - DEBUG -       [After Latent Recursive] 2 tokens unmasked
2025-10-27 10:42:26,804 - GPU-7 - INFO -   [Cycle 11]
2025-10-27 10:42:26,805 - GPU-7 - DEBUG -     [Latent Recursive] Starting 1 steps of latent thinking
2025-10-27 10:42:26,855 - GPU-7 - DEBUG -       [Latent] Step 1/1
2025-10-27 10:42:27,035 - GPU-7 - DEBUG -       [After Latent Recursive] 2 tokens unmasked
2025-10-27 10:42:27,035 - GPU-7 - INFO -   [Cycle 12]
2025-10-27 10:42:27,035 - GPU-7 - DEBUG -     [Latent Recursive] Starting 1 steps of latent thinking
2025-10-27 10:42:27,086 - GPU-7 - DEBUG -       [Latent] Step 1/1
2025-10-27 10:42:27,265 - GPU-7 - DEBUG -       [After Latent Recursive] 2 tokens unmasked
2025-10-27 10:42:27,266 - GPU-7 - INFO -   [Cycle 13]
2025-10-27 10:42:27,266 - GPU-7 - DEBUG -     [Latent Recursive] Starting 1 steps of latent thinking
2025-10-27 10:42:27,316 - GPU-7 - DEBUG -       [Latent] Step 1/1
2025-10-27 10:42:27,496 - GPU-7 - DEBUG -       [After Latent Recursive] 2 tokens unmasked
2025-10-27 10:42:27,496 - GPU-7 - INFO -   [Cycle 14]
2025-10-27 10:42:27,496 - GPU-7 - DEBUG -     [Latent Recursive] Starting 1 steps of latent thinking
2025-10-27 10:42:27,547 - GPU-7 - DEBUG -       [Latent] Step 1/1
2025-10-27 10:42:27,726 - GPU-7 - DEBUG -       [After Latent Recursive] 2 tokens unmasked
2025-10-27 10:42:27,727 - GPU-7 - INFO -   [Cycle 15]
2025-10-27 10:42:27,727 - GPU-7 - DEBUG -     [Latent Recursive] Starting 1 steps of latent thinking
2025-10-27 10:42:27,777 - GPU-7 - DEBUG -       [Latent] Step 1/1
2025-10-27 10:42:27,957 - GPU-7 - DEBUG -       [After Latent Recursive] 2 tokens unmasked
2025-10-27 10:42:27,957 - GPU-7 - INFO - [Block 11/16] Processing tokens 464-496
2025-10-27 10:42:27,958 - GPU-7 - DEBUG - [Block 10] Before forward: use_cache=True, x.shape=torch.Size([1, 656])
2025-10-27 10:42:27,958 - GPU-7 - DEBUG - [Block 10] Model type: LLaDAModelLM
2025-10-27 10:42:27,958 - GPU-7 - DEBUG - [Block 10] Model config use_cache: True
2025-10-27 10:42:27,982 - GPU-7 - DEBUG - [Block 10] After forward: pkv is None? False
2025-10-27 10:42:27,982 - GPU-7 - DEBUG - [Block 10] out type: CausalLMOutputWithPast
2025-10-27 10:42:27,983 - GPU-7 - DEBUG - [Block 10] pkv type: <class 'list'>, len: 32
2025-10-27 10:42:27,983 - GPU-7 - DEBUG - [Block 10] pkv[0] type: <class 'tuple'>, len: 2
2025-10-27 10:42:27,983 - GPU-7 - DEBUG - [Block 10] pkv[0][0].shape: torch.Size([1, 32, 656, 128])
2025-10-27 10:42:28,079 - GPU-7 - INFO -   [Initial Forward] 2 tokens unmasked
2025-10-27 10:42:28,080 - GPU-7 - INFO -   [Cycle 1]
2025-10-27 10:42:28,080 - GPU-7 - DEBUG -     [Latent Recursive] Starting 1 steps of latent thinking
2025-10-27 10:42:28,131 - GPU-7 - DEBUG -       [Latent] Step 1/1
2025-10-27 10:42:28,310 - GPU-7 - DEBUG -       [After Latent Recursive] 2 tokens unmasked
2025-10-27 10:42:28,310 - GPU-7 - INFO -   [Cycle 2]
2025-10-27 10:42:28,310 - GPU-7 - DEBUG -     [Latent Recursive] Starting 1 steps of latent thinking
2025-10-27 10:42:28,361 - GPU-7 - DEBUG -       [Latent] Step 1/1
2025-10-27 10:42:28,539 - GPU-7 - DEBUG -       [After Latent Recursive] 2 tokens unmasked
2025-10-27 10:42:28,539 - GPU-7 - INFO -   [Cycle 3]
2025-10-27 10:42:28,539 - GPU-7 - DEBUG -     [Latent Recursive] Starting 1 steps of latent thinking
2025-10-27 10:42:28,590 - GPU-7 - DEBUG -       [Latent] Step 1/1
2025-10-27 10:42:28,768 - GPU-7 - DEBUG -       [After Latent Recursive] 2 tokens unmasked
2025-10-27 10:42:28,769 - GPU-7 - INFO -   [Cycle 4]
2025-10-27 10:42:28,769 - GPU-7 - DEBUG -     [Latent Recursive] Starting 1 steps of latent thinking
2025-10-27 10:42:28,819 - GPU-7 - DEBUG -       [Latent] Step 1/1
2025-10-27 10:42:28,997 - GPU-7 - DEBUG -       [After Latent Recursive] 2 tokens unmasked
2025-10-27 10:42:28,997 - GPU-7 - INFO -   [Cycle 5]
2025-10-27 10:42:28,998 - GPU-7 - DEBUG -     [Latent Recursive] Starting 1 steps of latent thinking
2025-10-27 10:42:29,048 - GPU-7 - DEBUG -       [Latent] Step 1/1
2025-10-27 10:42:29,225 - GPU-7 - DEBUG -       [After Latent Recursive] 2 tokens unmasked
2025-10-27 10:42:29,226 - GPU-7 - INFO -   [Cycle 6]
2025-10-27 10:42:29,226 - GPU-7 - DEBUG -     [Latent Recursive] Starting 1 steps of latent thinking
2025-10-27 10:42:29,276 - GPU-7 - DEBUG -       [Latent] Step 1/1
2025-10-27 10:42:29,454 - GPU-7 - DEBUG -       [After Latent Recursive] 2 tokens unmasked
2025-10-27 10:42:29,454 - GPU-7 - INFO -   [Cycle 7]
2025-10-27 10:42:29,454 - GPU-7 - DEBUG -     [Latent Recursive] Starting 1 steps of latent thinking
2025-10-27 10:42:29,504 - GPU-7 - DEBUG -       [Latent] Step 1/1
2025-10-27 10:42:29,682 - GPU-7 - DEBUG -       [After Latent Recursive] 2 tokens unmasked
2025-10-27 10:42:29,683 - GPU-7 - INFO -   [Cycle 8]
2025-10-27 10:42:29,683 - GPU-7 - DEBUG -     [Latent Recursive] Starting 1 steps of latent thinking
2025-10-27 10:42:29,733 - GPU-7 - DEBUG -       [Latent] Step 1/1
2025-10-27 10:42:29,911 - GPU-7 - DEBUG -       [After Latent Recursive] 2 tokens unmasked
2025-10-27 10:42:29,911 - GPU-7 - INFO -   [Cycle 9]
2025-10-27 10:42:29,911 - GPU-7 - DEBUG -     [Latent Recursive] Starting 1 steps of latent thinking
2025-10-27 10:42:29,961 - GPU-7 - DEBUG -       [Latent] Step 1/1
2025-10-27 10:42:30,139 - GPU-7 - DEBUG -       [After Latent Recursive] 2 tokens unmasked
2025-10-27 10:42:30,140 - GPU-7 - INFO -   [Cycle 10]
2025-10-27 10:42:30,140 - GPU-7 - DEBUG -     [Latent Recursive] Starting 1 steps of latent thinking
2025-10-27 10:42:30,190 - GPU-7 - DEBUG -       [Latent] Step 1/1
2025-10-27 10:42:30,367 - GPU-7 - DEBUG -       [After Latent Recursive] 2 tokens unmasked
2025-10-27 10:42:30,368 - GPU-7 - INFO -   [Cycle 11]
2025-10-27 10:42:30,368 - GPU-7 - DEBUG -     [Latent Recursive] Starting 1 steps of latent thinking
2025-10-27 10:42:30,418 - GPU-7 - DEBUG -       [Latent] Step 1/1
2025-10-27 10:42:30,596 - GPU-7 - DEBUG -       [After Latent Recursive] 2 tokens unmasked
2025-10-27 10:42:30,596 - GPU-7 - INFO -   [Cycle 12]
2025-10-27 10:42:30,597 - GPU-7 - DEBUG -     [Latent Recursive] Starting 1 steps of latent thinking
2025-10-27 10:42:30,647 - GPU-7 - DEBUG -       [Latent] Step 1/1
2025-10-27 10:42:30,824 - GPU-7 - DEBUG -       [After Latent Recursive] 2 tokens unmasked
2025-10-27 10:42:30,824 - GPU-7 - INFO -   [Cycle 13]
2025-10-27 10:42:30,825 - GPU-7 - DEBUG -     [Latent Recursive] Starting 1 steps of latent thinking
2025-10-27 10:42:30,875 - GPU-7 - DEBUG -       [Latent] Step 1/1
2025-10-27 10:42:31,052 - GPU-7 - DEBUG -       [After Latent Recursive] 2 tokens unmasked
2025-10-27 10:42:31,053 - GPU-7 - INFO -   [Cycle 14]
2025-10-27 10:42:31,053 - GPU-7 - DEBUG -     [Latent Recursive] Starting 1 steps of latent thinking
2025-10-27 10:42:31,103 - GPU-7 - DEBUG -       [Latent] Step 1/1
2025-10-27 10:42:31,281 - GPU-7 - DEBUG -       [After Latent Recursive] 2 tokens unmasked
2025-10-27 10:42:31,281 - GPU-7 - INFO -   [Cycle 15]
2025-10-27 10:42:31,281 - GPU-7 - DEBUG -     [Latent Recursive] Starting 1 steps of latent thinking
2025-10-27 10:42:31,331 - GPU-7 - DEBUG -       [Latent] Step 1/1
2025-10-27 10:42:31,509 - GPU-7 - DEBUG -       [After Latent Recursive] 2 tokens unmasked
2025-10-27 10:42:31,509 - GPU-7 - INFO - [Block 12/16] Processing tokens 496-528
2025-10-27 10:42:31,509 - GPU-7 - DEBUG - [Block 11] Before forward: use_cache=True, x.shape=torch.Size([1, 656])
2025-10-27 10:42:31,509 - GPU-7 - DEBUG - [Block 11] Model type: LLaDAModelLM
2025-10-27 10:42:31,509 - GPU-7 - DEBUG - [Block 11] Model config use_cache: True
2025-10-27 10:42:31,534 - GPU-7 - DEBUG - [Block 11] After forward: pkv is None? False
2025-10-27 10:42:31,534 - GPU-7 - DEBUG - [Block 11] out type: CausalLMOutputWithPast
2025-10-27 10:42:31,534 - GPU-7 - DEBUG - [Block 11] pkv type: <class 'list'>, len: 32
2025-10-27 10:42:31,534 - GPU-7 - DEBUG - [Block 11] pkv[0] type: <class 'tuple'>, len: 2
2025-10-27 10:42:31,534 - GPU-7 - DEBUG - [Block 11] pkv[0][0].shape: torch.Size([1, 32, 656, 128])
2025-10-27 10:42:31,630 - GPU-7 - INFO -   [Initial Forward] 2 tokens unmasked
2025-10-27 10:42:31,631 - GPU-7 - INFO -   [Cycle 1]
2025-10-27 10:42:31,631 - GPU-7 - DEBUG -     [Latent Recursive] Starting 1 steps of latent thinking
2025-10-27 10:42:31,681 - GPU-7 - DEBUG -       [Latent] Step 1/1
2025-10-27 10:42:31,858 - GPU-7 - DEBUG -       [After Latent Recursive] 2 tokens unmasked
2025-10-27 10:42:31,858 - GPU-7 - INFO -   [Cycle 2]
2025-10-27 10:42:31,858 - GPU-7 - DEBUG -     [Latent Recursive] Starting 1 steps of latent thinking
2025-10-27 10:42:31,909 - GPU-7 - DEBUG -       [Latent] Step 1/1
2025-10-27 10:42:32,086 - GPU-7 - DEBUG -       [After Latent Recursive] 2 tokens unmasked
2025-10-27 10:42:32,086 - GPU-7 - INFO -   [Cycle 3]
2025-10-27 10:42:32,086 - GPU-7 - DEBUG -     [Latent Recursive] Starting 1 steps of latent thinking
2025-10-27 10:42:32,136 - GPU-7 - DEBUG -       [Latent] Step 1/1
2025-10-27 10:42:32,314 - GPU-7 - DEBUG -       [After Latent Recursive] 2 tokens unmasked
2025-10-27 10:42:32,314 - GPU-7 - INFO -   [Cycle 4]
2025-10-27 10:42:32,314 - GPU-7 - DEBUG -     [Latent Recursive] Starting 1 steps of latent thinking
2025-10-27 10:42:32,364 - GPU-7 - DEBUG -       [Latent] Step 1/1
2025-10-27 10:42:32,542 - GPU-7 - DEBUG -       [After Latent Recursive] 2 tokens unmasked
2025-10-27 10:42:32,542 - GPU-7 - INFO -   [Cycle 5]
2025-10-27 10:42:32,542 - GPU-7 - DEBUG -     [Latent Recursive] Starting 1 steps of latent thinking
2025-10-27 10:42:32,592 - GPU-7 - DEBUG -       [Latent] Step 1/1
2025-10-27 10:42:32,770 - GPU-7 - DEBUG -       [After Latent Recursive] 2 tokens unmasked
2025-10-27 10:42:32,770 - GPU-7 - INFO -   [Cycle 6]
2025-10-27 10:42:32,770 - GPU-7 - DEBUG -     [Latent Recursive] Starting 1 steps of latent thinking
2025-10-27 10:42:32,820 - GPU-7 - DEBUG -       [Latent] Step 1/1
2025-10-27 10:42:32,997 - GPU-7 - DEBUG -       [After Latent Recursive] 2 tokens unmasked
2025-10-27 10:42:32,998 - GPU-7 - INFO -   [Cycle 7]
2025-10-27 10:42:32,998 - GPU-7 - DEBUG -     [Latent Recursive] Starting 1 steps of latent thinking
2025-10-27 10:42:33,048 - GPU-7 - DEBUG -       [Latent] Step 1/1
2025-10-27 10:42:33,225 - GPU-7 - DEBUG -       [After Latent Recursive] 2 tokens unmasked
2025-10-27 10:42:33,226 - GPU-7 - INFO -   [Cycle 8]
2025-10-27 10:42:33,226 - GPU-7 - DEBUG -     [Latent Recursive] Starting 1 steps of latent thinking
2025-10-27 10:42:33,276 - GPU-7 - DEBUG -       [Latent] Step 1/1
2025-10-27 10:42:33,454 - GPU-7 - DEBUG -       [After Latent Recursive] 2 tokens unmasked
2025-10-27 10:42:33,454 - GPU-7 - INFO -   [Cycle 9]
2025-10-27 10:42:33,454 - GPU-7 - DEBUG -     [Latent Recursive] Starting 1 steps of latent thinking
2025-10-27 10:42:33,504 - GPU-7 - DEBUG -       [Latent] Step 1/1
2025-10-27 10:42:33,682 - GPU-7 - DEBUG -       [After Latent Recursive] 2 tokens unmasked
2025-10-27 10:42:33,682 - GPU-7 - INFO -   [Cycle 10]
2025-10-27 10:42:33,682 - GPU-7 - DEBUG -     [Latent Recursive] Starting 1 steps of latent thinking
2025-10-27 10:42:33,733 - GPU-7 - DEBUG -       [Latent] Step 1/1
2025-10-27 10:42:33,910 - GPU-7 - DEBUG -       [After Latent Recursive] 2 tokens unmasked
2025-10-27 10:42:33,910 - GPU-7 - INFO -   [Cycle 11]
2025-10-27 10:42:33,910 - GPU-7 - DEBUG -     [Latent Recursive] Starting 1 steps of latent thinking
2025-10-27 10:42:33,960 - GPU-7 - DEBUG -       [Latent] Step 1/1
2025-10-27 10:42:34,138 - GPU-7 - DEBUG -       [After Latent Recursive] 2 tokens unmasked
2025-10-27 10:42:34,138 - GPU-7 - INFO -   [Cycle 12]
2025-10-27 10:42:34,138 - GPU-7 - DEBUG -     [Latent Recursive] Starting 1 steps of latent thinking
2025-10-27 10:42:34,188 - GPU-7 - DEBUG -       [Latent] Step 1/1
2025-10-27 10:42:34,366 - GPU-7 - DEBUG -       [After Latent Recursive] 2 tokens unmasked
2025-10-27 10:42:34,366 - GPU-7 - INFO -   [Cycle 13]
2025-10-27 10:42:34,366 - GPU-7 - DEBUG -     [Latent Recursive] Starting 1 steps of latent thinking
2025-10-27 10:42:34,416 - GPU-7 - DEBUG -       [Latent] Step 1/1
2025-10-27 10:42:34,594 - GPU-7 - DEBUG -       [After Latent Recursive] 2 tokens unmasked
2025-10-27 10:42:34,594 - GPU-7 - INFO -   [Cycle 14]
2025-10-27 10:42:34,594 - GPU-7 - DEBUG -     [Latent Recursive] Starting 1 steps of latent thinking
2025-10-27 10:42:34,645 - GPU-7 - DEBUG -       [Latent] Step 1/1
2025-10-27 10:42:34,822 - GPU-7 - DEBUG -       [After Latent Recursive] 2 tokens unmasked
2025-10-27 10:42:34,822 - GPU-7 - INFO -   [Cycle 15]
2025-10-27 10:42:34,822 - GPU-7 - DEBUG -     [Latent Recursive] Starting 1 steps of latent thinking
2025-10-27 10:42:34,872 - GPU-7 - DEBUG -       [Latent] Step 1/1
2025-10-27 10:42:35,050 - GPU-7 - DEBUG -       [After Latent Recursive] 2 tokens unmasked
2025-10-27 10:42:35,050 - GPU-7 - INFO - [Block 13/16] Processing tokens 528-560
2025-10-27 10:42:35,050 - GPU-7 - DEBUG - [Block 12] Before forward: use_cache=True, x.shape=torch.Size([1, 656])
2025-10-27 10:42:35,050 - GPU-7 - DEBUG - [Block 12] Model type: LLaDAModelLM
2025-10-27 10:42:35,050 - GPU-7 - DEBUG - [Block 12] Model config use_cache: True
2025-10-27 10:42:35,075 - GPU-7 - DEBUG - [Block 12] After forward: pkv is None? False
2025-10-27 10:42:35,075 - GPU-7 - DEBUG - [Block 12] out type: CausalLMOutputWithPast
2025-10-27 10:42:35,075 - GPU-7 - DEBUG - [Block 12] pkv type: <class 'list'>, len: 32
2025-10-27 10:42:35,075 - GPU-7 - DEBUG - [Block 12] pkv[0] type: <class 'tuple'>, len: 2
2025-10-27 10:42:35,076 - GPU-7 - DEBUG - [Block 12] pkv[0][0].shape: torch.Size([1, 32, 656, 128])
2025-10-27 10:42:35,171 - GPU-7 - INFO -   [Initial Forward] 2 tokens unmasked
2025-10-27 10:42:35,172 - GPU-7 - INFO -   [Cycle 1]
2025-10-27 10:42:35,172 - GPU-7 - DEBUG -     [Latent Recursive] Starting 1 steps of latent thinking
2025-10-27 10:42:35,222 - GPU-7 - DEBUG -       [Latent] Step 1/1
2025-10-27 10:42:35,397 - GPU-7 - DEBUG -       [After Latent Recursive] 2 tokens unmasked
2025-10-27 10:42:35,397 - GPU-7 - INFO -   [Cycle 2]
2025-10-27 10:42:35,397 - GPU-7 - DEBUG -     [Latent Recursive] Starting 1 steps of latent thinking
2025-10-27 10:42:35,448 - GPU-7 - DEBUG -       [Latent] Step 1/1
2025-10-27 10:42:35,622 - GPU-7 - DEBUG -       [After Latent Recursive] 2 tokens unmasked
2025-10-27 10:42:35,622 - GPU-7 - INFO -   [Cycle 3]
2025-10-27 10:42:35,623 - GPU-7 - DEBUG -     [Latent Recursive] Starting 1 steps of latent thinking
2025-10-27 10:42:35,673 - GPU-7 - DEBUG -       [Latent] Step 1/1
2025-10-27 10:42:35,847 - GPU-7 - DEBUG -       [After Latent Recursive] 2 tokens unmasked
2025-10-27 10:42:35,848 - GPU-7 - INFO -   [Cycle 4]
2025-10-27 10:42:35,848 - GPU-7 - DEBUG -     [Latent Recursive] Starting 1 steps of latent thinking
2025-10-27 10:42:35,898 - GPU-7 - DEBUG -       [Latent] Step 1/1
2025-10-27 10:42:36,073 - GPU-7 - DEBUG -       [After Latent Recursive] 2 tokens unmasked
2025-10-27 10:42:36,073 - GPU-7 - INFO -   [Cycle 5]
2025-10-27 10:42:36,073 - GPU-7 - DEBUG -     [Latent Recursive] Starting 1 steps of latent thinking
2025-10-27 10:42:36,123 - GPU-7 - DEBUG -       [Latent] Step 1/1
2025-10-27 10:42:36,298 - GPU-7 - DEBUG -       [After Latent Recursive] 2 tokens unmasked
2025-10-27 10:42:36,298 - GPU-7 - INFO -   [Cycle 6]
2025-10-27 10:42:36,298 - GPU-7 - DEBUG -     [Latent Recursive] Starting 1 steps of latent thinking
2025-10-27 10:42:36,348 - GPU-7 - DEBUG -       [Latent] Step 1/1
2025-10-27 10:42:36,523 - GPU-7 - DEBUG -       [After Latent Recursive] 2 tokens unmasked
2025-10-27 10:42:36,523 - GPU-7 - INFO -   [Cycle 7]
2025-10-27 10:42:36,523 - GPU-7 - DEBUG -     [Latent Recursive] Starting 1 steps of latent thinking
2025-10-27 10:42:36,574 - GPU-7 - DEBUG -       [Latent] Step 1/1
2025-10-27 10:42:36,748 - GPU-7 - DEBUG -       [After Latent Recursive] 2 tokens unmasked
2025-10-27 10:42:36,748 - GPU-7 - INFO -   [Cycle 8]
2025-10-27 10:42:36,749 - GPU-7 - DEBUG -     [Latent Recursive] Starting 1 steps of latent thinking
2025-10-27 10:42:36,799 - GPU-7 - DEBUG -       [Latent] Step 1/1
2025-10-27 10:42:36,973 - GPU-7 - DEBUG -       [After Latent Recursive] 2 tokens unmasked
2025-10-27 10:42:36,974 - GPU-7 - INFO -   [Cycle 9]
2025-10-27 10:42:36,974 - GPU-7 - DEBUG -     [Latent Recursive] Starting 1 steps of latent thinking
2025-10-27 10:42:37,024 - GPU-7 - DEBUG -       [Latent] Step 1/1
2025-10-27 10:42:37,199 - GPU-7 - DEBUG -       [After Latent Recursive] 2 tokens unmasked
2025-10-27 10:42:37,199 - GPU-7 - INFO -   [Cycle 10]
2025-10-27 10:42:37,199 - GPU-7 - DEBUG -     [Latent Recursive] Starting 1 steps of latent thinking
2025-10-27 10:42:37,249 - GPU-7 - DEBUG -       [Latent] Step 1/1
2025-10-27 10:42:37,424 - GPU-7 - DEBUG -       [After Latent Recursive] 2 tokens unmasked
2025-10-27 10:42:37,424 - GPU-7 - INFO -   [Cycle 11]
2025-10-27 10:42:37,424 - GPU-7 - DEBUG -     [Latent Recursive] Starting 1 steps of latent thinking
2025-10-27 10:42:37,474 - GPU-7 - DEBUG -       [Latent] Step 1/1
2025-10-27 10:42:37,649 - GPU-7 - DEBUG -       [After Latent Recursive] 2 tokens unmasked
2025-10-27 10:42:37,649 - GPU-7 - INFO -   [Cycle 12]
2025-10-27 10:42:37,649 - GPU-7 - DEBUG -     [Latent Recursive] Starting 1 steps of latent thinking
2025-10-27 10:42:37,700 - GPU-7 - DEBUG -       [Latent] Step 1/1
2025-10-27 10:42:37,874 - GPU-7 - DEBUG -       [After Latent Recursive] 2 tokens unmasked
2025-10-27 10:42:37,875 - GPU-7 - INFO -   [Cycle 13]
2025-10-27 10:42:37,875 - GPU-7 - DEBUG -     [Latent Recursive] Starting 1 steps of latent thinking
2025-10-27 10:42:37,925 - GPU-7 - DEBUG -       [Latent] Step 1/1
2025-10-27 10:42:38,100 - GPU-7 - DEBUG -       [After Latent Recursive] 2 tokens unmasked
2025-10-27 10:42:38,100 - GPU-7 - INFO -   [Cycle 14]
2025-10-27 10:42:38,100 - GPU-7 - DEBUG -     [Latent Recursive] Starting 1 steps of latent thinking
2025-10-27 10:42:38,150 - GPU-7 - DEBUG -       [Latent] Step 1/1
2025-10-27 10:42:38,325 - GPU-7 - DEBUG -       [After Latent Recursive] 2 tokens unmasked
2025-10-27 10:42:38,325 - GPU-7 - INFO -   [Cycle 15]
2025-10-27 10:42:38,325 - GPU-7 - DEBUG -     [Latent Recursive] Starting 1 steps of latent thinking
2025-10-27 10:42:38,376 - GPU-7 - DEBUG -       [Latent] Step 1/1
2025-10-27 10:42:38,550 - GPU-7 - DEBUG -       [After Latent Recursive] 2 tokens unmasked
2025-10-27 10:42:38,550 - GPU-7 - INFO - [Block 14/16] Processing tokens 560-592
2025-10-27 10:42:38,551 - GPU-7 - DEBUG - [Block 13] Before forward: use_cache=True, x.shape=torch.Size([1, 656])
2025-10-27 10:42:38,551 - GPU-7 - DEBUG - [Block 13] Model type: LLaDAModelLM
2025-10-27 10:42:38,551 - GPU-7 - DEBUG - [Block 13] Model config use_cache: True
2025-10-27 10:42:38,575 - GPU-7 - DEBUG - [Block 13] After forward: pkv is None? False
2025-10-27 10:42:38,576 - GPU-7 - DEBUG - [Block 13] out type: CausalLMOutputWithPast
2025-10-27 10:42:38,576 - GPU-7 - DEBUG - [Block 13] pkv type: <class 'list'>, len: 32
2025-10-27 10:42:38,576 - GPU-7 - DEBUG - [Block 13] pkv[0] type: <class 'tuple'>, len: 2
2025-10-27 10:42:38,576 - GPU-7 - DEBUG - [Block 13] pkv[0][0].shape: torch.Size([1, 32, 656, 128])
2025-10-27 10:42:38,672 - GPU-7 - INFO -   [Initial Forward] 2 tokens unmasked
2025-10-27 10:42:38,672 - GPU-7 - INFO -   [Cycle 1]
2025-10-27 10:42:38,673 - GPU-7 - DEBUG -     [Latent Recursive] Starting 1 steps of latent thinking
2025-10-27 10:42:38,723 - GPU-7 - DEBUG -       [Latent] Step 1/1
2025-10-27 10:42:38,897 - GPU-7 - DEBUG -       [After Latent Recursive] 2 tokens unmasked
2025-10-27 10:42:38,897 - GPU-7 - INFO -   [Cycle 2]
2025-10-27 10:42:38,897 - GPU-7 - DEBUG -     [Latent Recursive] Starting 1 steps of latent thinking
2025-10-27 10:42:38,947 - GPU-7 - DEBUG -       [Latent] Step 1/1
2025-10-27 10:42:39,121 - GPU-7 - DEBUG -       [After Latent Recursive] 2 tokens unmasked
2025-10-27 10:42:39,122 - GPU-7 - INFO -   [Cycle 3]
2025-10-27 10:42:39,122 - GPU-7 - DEBUG -     [Latent Recursive] Starting 1 steps of latent thinking
2025-10-27 10:42:39,172 - GPU-7 - DEBUG -       [Latent] Step 1/1
2025-10-27 10:42:39,346 - GPU-7 - DEBUG -       [After Latent Recursive] 2 tokens unmasked
2025-10-27 10:42:39,346 - GPU-7 - INFO -   [Cycle 4]
2025-10-27 10:42:39,346 - GPU-7 - DEBUG -     [Latent Recursive] Starting 1 steps of latent thinking
2025-10-27 10:42:39,396 - GPU-7 - DEBUG -       [Latent] Step 1/1
2025-10-27 10:42:39,570 - GPU-7 - DEBUG -       [After Latent Recursive] 2 tokens unmasked
2025-10-27 10:42:39,571 - GPU-7 - INFO -   [Cycle 5]
2025-10-27 10:42:39,571 - GPU-7 - DEBUG -     [Latent Recursive] Starting 1 steps of latent thinking
2025-10-27 10:42:39,621 - GPU-7 - DEBUG -       [Latent] Step 1/1
2025-10-27 10:42:39,795 - GPU-7 - DEBUG -       [After Latent Recursive] 2 tokens unmasked
2025-10-27 10:42:39,795 - GPU-7 - INFO -   [Cycle 6]
2025-10-27 10:42:39,795 - GPU-7 - DEBUG -     [Latent Recursive] Starting 1 steps of latent thinking
2025-10-27 10:42:39,845 - GPU-7 - DEBUG -       [Latent] Step 1/1
2025-10-27 10:42:40,019 - GPU-7 - DEBUG -       [After Latent Recursive] 2 tokens unmasked
2025-10-27 10:42:40,020 - GPU-7 - INFO -   [Cycle 7]
2025-10-27 10:42:40,020 - GPU-7 - DEBUG -     [Latent Recursive] Starting 1 steps of latent thinking
2025-10-27 10:42:40,070 - GPU-7 - DEBUG -       [Latent] Step 1/1
2025-10-27 10:42:40,244 - GPU-7 - DEBUG -       [After Latent Recursive] 2 tokens unmasked
2025-10-27 10:42:40,244 - GPU-7 - INFO -   [Cycle 8]
2025-10-27 10:42:40,245 - GPU-7 - DEBUG -     [Latent Recursive] Starting 1 steps of latent thinking
2025-10-27 10:42:40,295 - GPU-7 - DEBUG -       [Latent] Step 1/1
2025-10-27 10:42:40,469 - GPU-7 - DEBUG -       [After Latent Recursive] 2 tokens unmasked
2025-10-27 10:42:40,469 - GPU-7 - INFO -   [Cycle 9]
2025-10-27 10:42:40,469 - GPU-7 - DEBUG -     [Latent Recursive] Starting 1 steps of latent thinking
2025-10-27 10:42:40,519 - GPU-7 - DEBUG -       [Latent] Step 1/1
2025-10-27 10:42:40,693 - GPU-7 - DEBUG -       [After Latent Recursive] 2 tokens unmasked
2025-10-27 10:42:40,693 - GPU-7 - INFO -   [Cycle 10]
2025-10-27 10:42:40,693 - GPU-7 - DEBUG -     [Latent Recursive] Starting 1 steps of latent thinking
2025-10-27 10:42:40,743 - GPU-7 - DEBUG -       [Latent] Step 1/1
2025-10-27 10:42:40,917 - GPU-7 - DEBUG -       [After Latent Recursive] 2 tokens unmasked
2025-10-27 10:42:40,917 - GPU-7 - INFO -   [Cycle 11]
2025-10-27 10:42:40,918 - GPU-7 - DEBUG -     [Latent Recursive] Starting 1 steps of latent thinking
2025-10-27 10:42:40,968 - GPU-7 - DEBUG -       [Latent] Step 1/1
2025-10-27 10:42:41,141 - GPU-7 - DEBUG -       [After Latent Recursive] 2 tokens unmasked
2025-10-27 10:42:41,142 - GPU-7 - INFO -   [Cycle 12]
2025-10-27 10:42:41,142 - GPU-7 - DEBUG -     [Latent Recursive] Starting 1 steps of latent thinking
2025-10-27 10:42:41,192 - GPU-7 - DEBUG -       [Latent] Step 1/1
2025-10-27 10:42:41,366 - GPU-7 - DEBUG -       [After Latent Recursive] 2 tokens unmasked
2025-10-27 10:42:41,366 - GPU-7 - INFO -   [Cycle 13]
2025-10-27 10:42:41,367 - GPU-7 - DEBUG -     [Latent Recursive] Starting 1 steps of latent thinking
2025-10-27 10:42:41,417 - GPU-7 - DEBUG -       [Latent] Step 1/1
2025-10-27 10:42:41,590 - GPU-7 - DEBUG -       [After Latent Recursive] 2 tokens unmasked
2025-10-27 10:42:41,591 - GPU-7 - INFO -   [Cycle 14]
2025-10-27 10:42:41,591 - GPU-7 - DEBUG -     [Latent Recursive] Starting 1 steps of latent thinking
2025-10-27 10:42:41,641 - GPU-7 - DEBUG -       [Latent] Step 1/1
2025-10-27 10:42:41,815 - GPU-7 - DEBUG -       [After Latent Recursive] 2 tokens unmasked
2025-10-27 10:42:41,815 - GPU-7 - INFO -   [Cycle 15]
2025-10-27 10:42:41,815 - GPU-7 - DEBUG -     [Latent Recursive] Starting 1 steps of latent thinking
2025-10-27 10:42:41,865 - GPU-7 - DEBUG -       [Latent] Step 1/1
2025-10-27 10:42:42,039 - GPU-7 - DEBUG -       [After Latent Recursive] 2 tokens unmasked
2025-10-27 10:42:42,040 - GPU-7 - INFO - [Block 15/16] Processing tokens 592-624
2025-10-27 10:42:42,040 - GPU-7 - DEBUG - [Block 14] Before forward: use_cache=True, x.shape=torch.Size([1, 656])
2025-10-27 10:42:42,040 - GPU-7 - DEBUG - [Block 14] Model type: LLaDAModelLM
2025-10-27 10:42:42,040 - GPU-7 - DEBUG - [Block 14] Model config use_cache: True
2025-10-27 10:42:42,064 - GPU-7 - DEBUG - [Block 14] After forward: pkv is None? False
2025-10-27 10:42:42,064 - GPU-7 - DEBUG - [Block 14] out type: CausalLMOutputWithPast
2025-10-27 10:42:42,064 - GPU-7 - DEBUG - [Block 14] pkv type: <class 'list'>, len: 32
2025-10-27 10:42:42,064 - GPU-7 - DEBUG - [Block 14] pkv[0] type: <class 'tuple'>, len: 2
2025-10-27 10:42:42,064 - GPU-7 - DEBUG - [Block 14] pkv[0][0].shape: torch.Size([1, 32, 656, 128])
2025-10-27 10:42:42,161 - GPU-7 - INFO -   [Initial Forward] 2 tokens unmasked
2025-10-27 10:42:42,161 - GPU-7 - INFO -   [Cycle 1]
2025-10-27 10:42:42,161 - GPU-7 - DEBUG -     [Latent Recursive] Starting 1 steps of latent thinking
2025-10-27 10:42:42,212 - GPU-7 - DEBUG -       [Latent] Step 1/1
2025-10-27 10:42:42,383 - GPU-7 - DEBUG -       [After Latent Recursive] 2 tokens unmasked
2025-10-27 10:42:42,383 - GPU-7 - INFO -   [Cycle 2]
2025-10-27 10:42:42,384 - GPU-7 - DEBUG -     [Latent Recursive] Starting 1 steps of latent thinking
2025-10-27 10:42:42,434 - GPU-7 - DEBUG -       [Latent] Step 1/1
2025-10-27 10:42:42,605 - GPU-7 - DEBUG -       [After Latent Recursive] 2 tokens unmasked
2025-10-27 10:42:42,605 - GPU-7 - INFO -   [Cycle 3]
2025-10-27 10:42:42,605 - GPU-7 - DEBUG -     [Latent Recursive] Starting 1 steps of latent thinking
2025-10-27 10:42:42,656 - GPU-7 - DEBUG -       [Latent] Step 1/1
2025-10-27 10:42:42,827 - GPU-7 - DEBUG -       [After Latent Recursive] 2 tokens unmasked
2025-10-27 10:42:42,827 - GPU-7 - INFO -   [Cycle 4]
2025-10-27 10:42:42,827 - GPU-7 - DEBUG -     [Latent Recursive] Starting 1 steps of latent thinking
2025-10-27 10:42:42,877 - GPU-7 - DEBUG -       [Latent] Step 1/1
2025-10-27 10:42:43,049 - GPU-7 - DEBUG -       [After Latent Recursive] 2 tokens unmasked
2025-10-27 10:42:43,049 - GPU-7 - INFO -   [Cycle 5]
2025-10-27 10:42:43,049 - GPU-7 - DEBUG -     [Latent Recursive] Starting 1 steps of latent thinking
2025-10-27 10:42:43,099 - GPU-7 - DEBUG -       [Latent] Step 1/1
2025-10-27 10:42:43,271 - GPU-7 - DEBUG -       [After Latent Recursive] 2 tokens unmasked
2025-10-27 10:42:43,271 - GPU-7 - INFO -   [Cycle 6]
2025-10-27 10:42:43,271 - GPU-7 - DEBUG -     [Latent Recursive] Starting 1 steps of latent thinking
2025-10-27 10:42:43,322 - GPU-7 - DEBUG -       [Latent] Step 1/1
2025-10-27 10:42:43,493 - GPU-7 - DEBUG -       [After Latent Recursive] 2 tokens unmasked
2025-10-27 10:42:43,494 - GPU-7 - INFO -   [Cycle 7]
2025-10-27 10:42:43,494 - GPU-7 - DEBUG -     [Latent Recursive] Starting 1 steps of latent thinking
2025-10-27 10:42:43,544 - GPU-7 - DEBUG -       [Latent] Step 1/1
2025-10-27 10:42:43,715 - GPU-7 - DEBUG -       [After Latent Recursive] 2 tokens unmasked
2025-10-27 10:42:43,716 - GPU-7 - INFO -   [Cycle 8]
2025-10-27 10:42:43,716 - GPU-7 - DEBUG -     [Latent Recursive] Starting 1 steps of latent thinking
2025-10-27 10:42:43,766 - GPU-7 - DEBUG -       [Latent] Step 1/1
2025-10-27 10:42:43,938 - GPU-7 - DEBUG -       [After Latent Recursive] 2 tokens unmasked
2025-10-27 10:42:43,939 - GPU-7 - INFO -   [Cycle 9]
2025-10-27 10:42:43,939 - GPU-7 - DEBUG -     [Latent Recursive] Starting 1 steps of latent thinking
2025-10-27 10:42:43,989 - GPU-7 - DEBUG -       [Latent] Step 1/1
2025-10-27 10:42:44,161 - GPU-7 - DEBUG -       [After Latent Recursive] 2 tokens unmasked
2025-10-27 10:42:44,161 - GPU-7 - INFO -   [Cycle 10]
2025-10-27 10:42:44,162 - GPU-7 - DEBUG -     [Latent Recursive] Starting 1 steps of latent thinking
2025-10-27 10:42:44,212 - GPU-7 - DEBUG -       [Latent] Step 1/1
2025-10-27 10:42:44,384 - GPU-7 - DEBUG -       [After Latent Recursive] 2 tokens unmasked
2025-10-27 10:42:44,384 - GPU-7 - INFO -   [Cycle 11]
2025-10-27 10:42:44,384 - GPU-7 - DEBUG -     [Latent Recursive] Starting 1 steps of latent thinking
2025-10-27 10:42:44,435 - GPU-7 - DEBUG -       [Latent] Step 1/1
2025-10-27 10:42:44,607 - GPU-7 - DEBUG -       [After Latent Recursive] 2 tokens unmasked
2025-10-27 10:42:44,607 - GPU-7 - INFO -   [Cycle 12]
2025-10-27 10:42:44,607 - GPU-7 - DEBUG -     [Latent Recursive] Starting 1 steps of latent thinking
2025-10-27 10:42:44,657 - GPU-7 - DEBUG -       [Latent] Step 1/1
2025-10-27 10:42:44,829 - GPU-7 - DEBUG -       [After Latent Recursive] 2 tokens unmasked
2025-10-27 10:42:44,830 - GPU-7 - INFO -   [Cycle 13]
2025-10-27 10:42:44,830 - GPU-7 - DEBUG -     [Latent Recursive] Starting 1 steps of latent thinking
2025-10-27 10:42:44,880 - GPU-7 - DEBUG -       [Latent] Step 1/1
2025-10-27 10:42:45,052 - GPU-7 - DEBUG -       [After Latent Recursive] 2 tokens unmasked
2025-10-27 10:42:45,053 - GPU-7 - INFO -   [Cycle 14]
2025-10-27 10:42:45,053 - GPU-7 - DEBUG -     [Latent Recursive] Starting 1 steps of latent thinking
2025-10-27 10:42:45,103 - GPU-7 - DEBUG -       [Latent] Step 1/1
2025-10-27 10:42:45,275 - GPU-7 - DEBUG -       [After Latent Recursive] 2 tokens unmasked
2025-10-27 10:42:45,275 - GPU-7 - INFO -   [Cycle 15]
2025-10-27 10:42:45,275 - GPU-7 - DEBUG -     [Latent Recursive] Starting 1 steps of latent thinking
2025-10-27 10:42:45,326 - GPU-7 - DEBUG -       [Latent] Step 1/1
2025-10-27 10:42:45,497 - GPU-7 - DEBUG -       [After Latent Recursive] 2 tokens unmasked
2025-10-27 10:42:45,498 - GPU-7 - INFO - [Block 16/16] Processing tokens 624-656
2025-10-27 10:42:45,498 - GPU-7 - DEBUG - [Block 15] Before forward: use_cache=True, x.shape=torch.Size([1, 656])
2025-10-27 10:42:45,498 - GPU-7 - DEBUG - [Block 15] Model type: LLaDAModelLM
2025-10-27 10:42:45,498 - GPU-7 - DEBUG - [Block 15] Model config use_cache: True
2025-10-27 10:42:45,523 - GPU-7 - DEBUG - [Block 15] After forward: pkv is None? False
2025-10-27 10:42:45,523 - GPU-7 - DEBUG - [Block 15] out type: CausalLMOutputWithPast
2025-10-27 10:42:45,523 - GPU-7 - DEBUG - [Block 15] pkv type: <class 'list'>, len: 32
2025-10-27 10:42:45,523 - GPU-7 - DEBUG - [Block 15] pkv[0] type: <class 'tuple'>, len: 2
2025-10-27 10:42:45,523 - GPU-7 - DEBUG - [Block 15] pkv[0][0].shape: torch.Size([1, 32, 656, 128])
2025-10-27 10:42:45,619 - GPU-7 - INFO -   [Initial Forward] 2 tokens unmasked
2025-10-27 10:42:45,620 - GPU-7 - INFO -   [Cycle 1]
2025-10-27 10:42:45,620 - GPU-7 - DEBUG -     [Latent Recursive] Starting 1 steps of latent thinking
2025-10-27 10:42:45,670 - GPU-7 - DEBUG -       [Latent] Step 1/1
2025-10-27 10:42:45,841 - GPU-7 - DEBUG -       [After Latent Recursive] 2 tokens unmasked
2025-10-27 10:42:45,842 - GPU-7 - INFO -   [Cycle 2]
2025-10-27 10:42:45,842 - GPU-7 - DEBUG -     [Latent Recursive] Starting 1 steps of latent thinking
2025-10-27 10:42:45,892 - GPU-7 - DEBUG -       [Latent] Step 1/1
2025-10-27 10:42:46,063 - GPU-7 - DEBUG -       [After Latent Recursive] 2 tokens unmasked
2025-10-27 10:42:46,064 - GPU-7 - INFO -   [Cycle 3]
2025-10-27 10:42:46,064 - GPU-7 - DEBUG -     [Latent Recursive] Starting 1 steps of latent thinking
2025-10-27 10:42:46,114 - GPU-7 - DEBUG -       [Latent] Step 1/1
2025-10-27 10:42:46,285 - GPU-7 - DEBUG -       [After Latent Recursive] 2 tokens unmasked
2025-10-27 10:42:46,286 - GPU-7 - INFO -   [Cycle 4]
2025-10-27 10:42:46,286 - GPU-7 - DEBUG -     [Latent Recursive] Starting 1 steps of latent thinking
2025-10-27 10:42:46,336 - GPU-7 - DEBUG -       [Latent] Step 1/1
2025-10-27 10:42:46,507 - GPU-7 - DEBUG -       [After Latent Recursive] 2 tokens unmasked
2025-10-27 10:42:46,507 - GPU-7 - INFO -   [Cycle 5]
2025-10-27 10:42:46,508 - GPU-7 - DEBUG -     [Latent Recursive] Starting 1 steps of latent thinking
2025-10-27 10:42:46,558 - GPU-7 - DEBUG -       [Latent] Step 1/1
2025-10-27 10:42:46,729 - GPU-7 - DEBUG -       [After Latent Recursive] 2 tokens unmasked
2025-10-27 10:42:46,729 - GPU-7 - INFO -   [Cycle 6]
2025-10-27 10:42:46,730 - GPU-7 - DEBUG -     [Latent Recursive] Starting 1 steps of latent thinking
2025-10-27 10:42:46,780 - GPU-7 - DEBUG -       [Latent] Step 1/1
2025-10-27 10:42:46,951 - GPU-7 - DEBUG -       [After Latent Recursive] 2 tokens unmasked
2025-10-27 10:42:46,951 - GPU-7 - INFO -   [Cycle 7]
2025-10-27 10:42:46,951 - GPU-7 - DEBUG -     [Latent Recursive] Starting 1 steps of latent thinking
2025-10-27 10:42:47,002 - GPU-7 - DEBUG -       [Latent] Step 1/1
2025-10-27 10:42:47,173 - GPU-7 - DEBUG -       [After Latent Recursive] 2 tokens unmasked
2025-10-27 10:42:47,174 - GPU-7 - INFO -   [Cycle 8]
2025-10-27 10:42:47,174 - GPU-7 - DEBUG -     [Latent Recursive] Starting 1 steps of latent thinking
2025-10-27 10:42:47,224 - GPU-7 - DEBUG -       [Latent] Step 1/1
2025-10-27 10:42:47,395 - GPU-7 - DEBUG -       [After Latent Recursive] 2 tokens unmasked
2025-10-27 10:42:47,396 - GPU-7 - INFO -   [Cycle 9]
2025-10-27 10:42:47,396 - GPU-7 - DEBUG -     [Latent Recursive] Starting 1 steps of latent thinking
2025-10-27 10:42:47,446 - GPU-7 - DEBUG -       [Latent] Step 1/1
2025-10-27 10:42:47,617 - GPU-7 - DEBUG -       [After Latent Recursive] 2 tokens unmasked
2025-10-27 10:42:47,617 - GPU-7 - INFO -   [Cycle 10]
2025-10-27 10:42:47,618 - GPU-7 - DEBUG -     [Latent Recursive] Starting 1 steps of latent thinking
2025-10-27 10:42:47,668 - GPU-7 - DEBUG -       [Latent] Step 1/1
2025-10-27 10:42:47,840 - GPU-7 - DEBUG -       [After Latent Recursive] 2 tokens unmasked
2025-10-27 10:42:47,840 - GPU-7 - INFO -   [Cycle 11]
2025-10-27 10:42:47,841 - GPU-7 - DEBUG -     [Latent Recursive] Starting 1 steps of latent thinking
2025-10-27 10:42:47,891 - GPU-7 - DEBUG -       [Latent] Step 1/1
2025-10-27 10:42:48,063 - GPU-7 - DEBUG -       [After Latent Recursive] 2 tokens unmasked
2025-10-27 10:42:48,064 - GPU-7 - INFO -   [Cycle 12]
2025-10-27 10:42:48,064 - GPU-7 - DEBUG -     [Latent Recursive] Starting 1 steps of latent thinking
2025-10-27 10:42:48,114 - GPU-7 - DEBUG -       [Latent] Step 1/1
2025-10-27 10:42:48,286 - GPU-7 - DEBUG -       [After Latent Recursive] 2 tokens unmasked
2025-10-27 10:42:48,286 - GPU-7 - INFO -   [Cycle 13]
2025-10-27 10:42:48,287 - GPU-7 - DEBUG -     [Latent Recursive] Starting 1 steps of latent thinking
2025-10-27 10:42:48,337 - GPU-7 - DEBUG -       [Latent] Step 1/1
2025-10-27 10:42:48,509 - GPU-7 - DEBUG -       [After Latent Recursive] 2 tokens unmasked
2025-10-27 10:42:48,509 - GPU-7 - INFO -   [Cycle 14]
2025-10-27 10:42:48,509 - GPU-7 - DEBUG -     [Latent Recursive] Starting 1 steps of latent thinking
2025-10-27 10:42:48,560 - GPU-7 - DEBUG -       [Latent] Step 1/1
2025-10-27 10:42:48,731 - GPU-7 - DEBUG -       [After Latent Recursive] 2 tokens unmasked
2025-10-27 10:42:48,732 - GPU-7 - INFO -   [Cycle 15]
2025-10-27 10:42:48,732 - GPU-7 - DEBUG -     [Latent Recursive] Starting 1 steps of latent thinking
2025-10-27 10:42:48,783 - GPU-7 - DEBUG -       [Latent] Step 1/1
2025-10-27 10:42:48,955 - GPU-7 - DEBUG -       [After Latent Recursive] 2 tokens unmasked
2025-10-27 10:45:18,399 - GPU-7 - INFO - [GPU 7] Loaded freeze config from metadata.json: freeze_first_half_layers=False, trainable_layer_start_idx=0
2025-10-27 10:45:18,641 - GPU-7 - INFO - === Starting generate_with_prefix_cache ===
2025-10-27 10:45:18,642 - GPU-7 - INFO - use_cache=True, R=1, N=1
2025-10-27 10:45:18,646 - GPU-7 - INFO - [Block 1/16] Processing tokens 75-107
2025-10-27 10:45:18,646 - GPU-7 - DEBUG - [Block 0] Before forward: use_cache=True, x.shape=torch.Size([1, 587])
2025-10-27 10:45:18,646 - GPU-7 - DEBUG - [Block 0] Model type: LLaDAModelLM
2025-10-27 10:45:18,646 - GPU-7 - DEBUG - [Block 0] Model config use_cache: True
2025-10-27 10:45:18,890 - GPU-7 - DEBUG - [Block 0] After forward: pkv is None? False
2025-10-27 10:45:18,890 - GPU-7 - DEBUG - [Block 0] out type: CausalLMOutputWithPast
2025-10-27 10:45:18,890 - GPU-7 - DEBUG - [Block 0] pkv type: <class 'list'>, len: 32
2025-10-27 10:45:18,890 - GPU-7 - DEBUG - [Block 0] pkv[0] type: <class 'tuple'>, len: 2
2025-10-27 10:45:18,890 - GPU-7 - DEBUG - [Block 0] pkv[0][0].shape: torch.Size([1, 32, 587, 128])
2025-10-27 10:45:19,023 - GPU-7 - INFO -   [Initial Forward] 1 tokens unmasked
2025-10-27 10:45:19,024 - GPU-7 - INFO -   [Cycle 1]
2025-10-27 10:45:19,024 - GPU-7 - DEBUG -     [Latent Recursive] Starting 1 steps of latent thinking
2025-10-27 10:45:19,124 - GPU-7 - DEBUG -       [Latent] Step 1/1
2025-10-27 10:45:19,303 - GPU-7 - DEBUG -       [After Latent Recursive] 1 tokens unmasked
2025-10-27 10:45:19,303 - GPU-7 - INFO -   [Cycle 2]
2025-10-27 10:45:19,303 - GPU-7 - DEBUG -     [Latent Recursive] Starting 1 steps of latent thinking
2025-10-27 10:45:19,349 - GPU-7 - DEBUG -       [Latent] Step 1/1
2025-10-27 10:45:19,527 - GPU-7 - DEBUG -       [After Latent Recursive] 1 tokens unmasked
2025-10-27 10:45:19,527 - GPU-7 - INFO -   [Cycle 3]
2025-10-27 10:45:19,527 - GPU-7 - DEBUG -     [Latent Recursive] Starting 1 steps of latent thinking
2025-10-27 10:45:19,573 - GPU-7 - DEBUG -       [Latent] Step 1/1
2025-10-27 10:45:19,751 - GPU-7 - DEBUG -       [After Latent Recursive] 1 tokens unmasked
2025-10-27 10:45:19,752 - GPU-7 - INFO -   [Cycle 4]
2025-10-27 10:45:19,752 - GPU-7 - DEBUG -     [Latent Recursive] Starting 1 steps of latent thinking
2025-10-27 10:45:19,798 - GPU-7 - DEBUG -       [Latent] Step 1/1
2025-10-27 10:45:19,975 - GPU-7 - DEBUG -       [After Latent Recursive] 1 tokens unmasked
2025-10-27 10:45:19,976 - GPU-7 - INFO -   [Cycle 5]
2025-10-27 10:45:19,976 - GPU-7 - DEBUG -     [Latent Recursive] Starting 1 steps of latent thinking
2025-10-27 10:45:20,022 - GPU-7 - DEBUG -       [Latent] Step 1/1
2025-10-27 10:45:20,199 - GPU-7 - DEBUG -       [After Latent Recursive] 1 tokens unmasked
2025-10-27 10:45:20,200 - GPU-7 - INFO -   [Cycle 6]
2025-10-27 10:45:20,200 - GPU-7 - DEBUG -     [Latent Recursive] Starting 1 steps of latent thinking
2025-10-27 10:45:20,246 - GPU-7 - DEBUG -       [Latent] Step 1/1
2025-10-27 10:45:20,423 - GPU-7 - DEBUG -       [After Latent Recursive] 1 tokens unmasked
2025-10-27 10:45:20,423 - GPU-7 - INFO -   [Cycle 7]
2025-10-27 10:45:20,424 - GPU-7 - DEBUG -     [Latent Recursive] Starting 1 steps of latent thinking
2025-10-27 10:45:20,470 - GPU-7 - DEBUG -       [Latent] Step 1/1
2025-10-27 10:45:20,647 - GPU-7 - DEBUG -       [After Latent Recursive] 1 tokens unmasked
2025-10-27 10:45:20,647 - GPU-7 - INFO -   [Cycle 8]
2025-10-27 10:45:20,648 - GPU-7 - DEBUG -     [Latent Recursive] Starting 1 steps of latent thinking
2025-10-27 10:45:20,693 - GPU-7 - DEBUG -       [Latent] Step 1/1
2025-10-27 10:45:20,874 - GPU-7 - DEBUG -       [After Latent Recursive] 1 tokens unmasked
2025-10-27 10:45:20,874 - GPU-7 - INFO -   [Cycle 9]
2025-10-27 10:45:20,875 - GPU-7 - DEBUG -     [Latent Recursive] Starting 1 steps of latent thinking
2025-10-27 10:45:20,921 - GPU-7 - DEBUG -       [Latent] Step 1/1
2025-10-27 10:45:21,101 - GPU-7 - DEBUG -       [After Latent Recursive] 1 tokens unmasked
2025-10-27 10:45:21,102 - GPU-7 - INFO -   [Cycle 10]
2025-10-27 10:45:21,102 - GPU-7 - DEBUG -     [Latent Recursive] Starting 1 steps of latent thinking
2025-10-27 10:45:21,147 - GPU-7 - DEBUG -       [Latent] Step 1/1
2025-10-27 10:45:21,326 - GPU-7 - DEBUG -       [After Latent Recursive] 1 tokens unmasked
2025-10-27 10:45:21,326 - GPU-7 - INFO -   [Cycle 11]
2025-10-27 10:45:21,326 - GPU-7 - DEBUG -     [Latent Recursive] Starting 1 steps of latent thinking
2025-10-27 10:45:21,372 - GPU-7 - DEBUG -       [Latent] Step 1/1
2025-10-27 10:45:21,550 - GPU-7 - DEBUG -       [After Latent Recursive] 1 tokens unmasked
2025-10-27 10:45:21,550 - GPU-7 - INFO -   [Cycle 12]
2025-10-27 10:45:21,550 - GPU-7 - DEBUG -     [Latent Recursive] Starting 1 steps of latent thinking
2025-10-27 10:45:21,596 - GPU-7 - DEBUG -       [Latent] Step 1/1
2025-10-27 10:45:21,775 - GPU-7 - DEBUG -       [After Latent Recursive] 1 tokens unmasked
2025-10-27 10:45:21,775 - GPU-7 - INFO -   [Cycle 13]
2025-10-27 10:45:21,775 - GPU-7 - DEBUG -     [Latent Recursive] Starting 1 steps of latent thinking
2025-10-27 10:45:21,821 - GPU-7 - DEBUG -       [Latent] Step 1/1
2025-10-27 10:45:21,999 - GPU-7 - DEBUG -       [After Latent Recursive] 1 tokens unmasked
2025-10-27 10:45:22,000 - GPU-7 - INFO -   [Cycle 14]
2025-10-27 10:45:22,000 - GPU-7 - DEBUG -     [Latent Recursive] Starting 1 steps of latent thinking
2025-10-27 10:45:22,046 - GPU-7 - DEBUG -       [Latent] Step 1/1
2025-10-27 10:45:22,224 - GPU-7 - DEBUG -       [After Latent Recursive] 1 tokens unmasked
2025-10-27 10:45:22,224 - GPU-7 - INFO -   [Cycle 15]
2025-10-27 10:45:22,224 - GPU-7 - DEBUG -     [Latent Recursive] Starting 1 steps of latent thinking
2025-10-27 10:45:22,270 - GPU-7 - DEBUG -       [Latent] Step 1/1
2025-10-27 10:45:22,448 - GPU-7 - DEBUG -       [After Latent Recursive] 1 tokens unmasked
2025-10-27 10:45:22,448 - GPU-7 - INFO -   [Cycle 16]
2025-10-27 10:45:22,449 - GPU-7 - DEBUG -     [Latent Recursive] Starting 1 steps of latent thinking
2025-10-27 10:45:22,495 - GPU-7 - DEBUG -       [Latent] Step 1/1
2025-10-27 10:45:22,673 - GPU-7 - DEBUG -       [After Latent Recursive] 1 tokens unmasked
2025-10-27 10:45:22,673 - GPU-7 - INFO -   [Cycle 17]
2025-10-27 10:45:22,673 - GPU-7 - DEBUG -     [Latent Recursive] Starting 1 steps of latent thinking
2025-10-27 10:45:22,719 - GPU-7 - DEBUG -       [Latent] Step 1/1
2025-10-27 10:45:22,897 - GPU-7 - DEBUG -       [After Latent Recursive] 1 tokens unmasked
2025-10-27 10:45:22,898 - GPU-7 - INFO -   [Cycle 18]
2025-10-27 10:45:22,898 - GPU-7 - DEBUG -     [Latent Recursive] Starting 1 steps of latent thinking
2025-10-27 10:45:22,943 - GPU-7 - DEBUG -       [Latent] Step 1/1
2025-10-27 10:45:23,121 - GPU-7 - DEBUG -       [After Latent Recursive] 1 tokens unmasked
2025-10-27 10:45:23,122 - GPU-7 - INFO -   [Cycle 19]
2025-10-27 10:45:23,122 - GPU-7 - DEBUG -     [Latent Recursive] Starting 1 steps of latent thinking
2025-10-27 10:45:23,168 - GPU-7 - DEBUG -       [Latent] Step 1/1
2025-10-27 10:45:23,346 - GPU-7 - DEBUG -       [After Latent Recursive] 1 tokens unmasked
2025-10-27 10:45:23,346 - GPU-7 - INFO -   [Cycle 20]
2025-10-27 10:45:23,346 - GPU-7 - DEBUG -     [Latent Recursive] Starting 1 steps of latent thinking
2025-10-27 10:45:23,392 - GPU-7 - DEBUG -       [Latent] Step 1/1
2025-10-27 10:45:23,570 - GPU-7 - DEBUG -       [After Latent Recursive] 1 tokens unmasked
2025-10-27 10:45:23,571 - GPU-7 - INFO -   [Cycle 21]
2025-10-27 10:45:23,571 - GPU-7 - DEBUG -     [Latent Recursive] Starting 1 steps of latent thinking
2025-10-27 10:45:23,617 - GPU-7 - DEBUG -       [Latent] Step 1/1
2025-10-27 10:45:23,795 - GPU-7 - DEBUG -       [After Latent Recursive] 1 tokens unmasked
2025-10-27 10:45:23,795 - GPU-7 - INFO -   [Cycle 22]
2025-10-27 10:45:23,795 - GPU-7 - DEBUG -     [Latent Recursive] Starting 1 steps of latent thinking
2025-10-27 10:45:23,841 - GPU-7 - DEBUG -       [Latent] Step 1/1
2025-10-27 10:45:24,019 - GPU-7 - DEBUG -       [After Latent Recursive] 1 tokens unmasked
2025-10-27 10:45:24,020 - GPU-7 - INFO -   [Cycle 23]
2025-10-27 10:45:24,020 - GPU-7 - DEBUG -     [Latent Recursive] Starting 1 steps of latent thinking
2025-10-27 10:45:24,066 - GPU-7 - DEBUG -       [Latent] Step 1/1
2025-10-27 10:45:24,245 - GPU-7 - DEBUG -       [After Latent Recursive] 1 tokens unmasked
2025-10-27 10:45:24,245 - GPU-7 - INFO -   [Cycle 24]
2025-10-27 10:45:24,245 - GPU-7 - DEBUG -     [Latent Recursive] Starting 1 steps of latent thinking
2025-10-27 10:45:24,291 - GPU-7 - DEBUG -       [Latent] Step 1/1
2025-10-27 10:45:24,470 - GPU-7 - DEBUG -       [After Latent Recursive] 1 tokens unmasked
2025-10-27 10:45:24,470 - GPU-7 - INFO -   [Cycle 25]
2025-10-27 10:45:24,471 - GPU-7 - DEBUG -     [Latent Recursive] Starting 1 steps of latent thinking
2025-10-27 10:45:24,516 - GPU-7 - DEBUG -       [Latent] Step 1/1
2025-10-27 10:45:24,696 - GPU-7 - DEBUG -       [After Latent Recursive] 1 tokens unmasked
2025-10-27 10:45:24,696 - GPU-7 - INFO -   [Cycle 26]
2025-10-27 10:45:24,696 - GPU-7 - DEBUG -     [Latent Recursive] Starting 1 steps of latent thinking
2025-10-27 10:45:24,742 - GPU-7 - DEBUG -       [Latent] Step 1/1
2025-10-27 10:45:24,921 - GPU-7 - DEBUG -       [After Latent Recursive] 1 tokens unmasked
2025-10-27 10:45:24,922 - GPU-7 - INFO -   [Cycle 27]
2025-10-27 10:45:24,922 - GPU-7 - DEBUG -     [Latent Recursive] Starting 1 steps of latent thinking
2025-10-27 10:45:24,968 - GPU-7 - DEBUG -       [Latent] Step 1/1
2025-10-27 10:45:25,148 - GPU-7 - DEBUG -       [After Latent Recursive] 1 tokens unmasked
2025-10-27 10:45:25,148 - GPU-7 - INFO -   [Cycle 28]
2025-10-27 10:45:25,148 - GPU-7 - DEBUG -     [Latent Recursive] Starting 1 steps of latent thinking
2025-10-27 10:45:25,194 - GPU-7 - DEBUG -       [Latent] Step 1/1
2025-10-27 10:45:25,372 - GPU-7 - DEBUG -       [After Latent Recursive] 1 tokens unmasked
2025-10-27 10:45:25,372 - GPU-7 - INFO -   [Cycle 29]
2025-10-27 10:45:25,373 - GPU-7 - DEBUG -     [Latent Recursive] Starting 1 steps of latent thinking
2025-10-27 10:45:25,418 - GPU-7 - DEBUG -       [Latent] Step 1/1
2025-10-27 10:45:25,596 - GPU-7 - DEBUG -       [After Latent Recursive] 1 tokens unmasked
2025-10-27 10:45:25,596 - GPU-7 - INFO -   [Cycle 30]
2025-10-27 10:45:25,597 - GPU-7 - DEBUG -     [Latent Recursive] Starting 1 steps of latent thinking
2025-10-27 10:45:25,642 - GPU-7 - DEBUG -       [Latent] Step 1/1
2025-10-27 10:45:25,820 - GPU-7 - DEBUG -       [After Latent Recursive] 1 tokens unmasked
2025-10-27 10:45:25,821 - GPU-7 - INFO -   [Cycle 31]
2025-10-27 10:45:25,821 - GPU-7 - DEBUG -     [Latent Recursive] Starting 1 steps of latent thinking
2025-10-27 10:45:25,867 - GPU-7 - DEBUG -       [Latent] Step 1/1
2025-10-27 10:45:26,044 - GPU-7 - DEBUG -       [After Latent Recursive] 1 tokens unmasked
2025-10-27 10:45:26,044 - GPU-7 - INFO - [Block 2/16] Processing tokens 107-139
2025-10-27 10:45:26,044 - GPU-7 - DEBUG - [Block 1] Before forward: use_cache=True, x.shape=torch.Size([1, 587])
2025-10-27 10:45:26,045 - GPU-7 - DEBUG - [Block 1] Model type: LLaDAModelLM
2025-10-27 10:45:26,045 - GPU-7 - DEBUG - [Block 1] Model config use_cache: True
2025-10-27 10:45:26,067 - GPU-7 - DEBUG - [Block 1] After forward: pkv is None? False
2025-10-27 10:45:26,068 - GPU-7 - DEBUG - [Block 1] out type: CausalLMOutputWithPast
2025-10-27 10:45:26,068 - GPU-7 - DEBUG - [Block 1] pkv type: <class 'list'>, len: 32
2025-10-27 10:45:26,068 - GPU-7 - DEBUG - [Block 1] pkv[0] type: <class 'tuple'>, len: 2
2025-10-27 10:45:26,068 - GPU-7 - DEBUG - [Block 1] pkv[0][0].shape: torch.Size([1, 32, 587, 128])
2025-10-27 10:45:26,157 - GPU-7 - INFO -   [Initial Forward] 1 tokens unmasked
2025-10-27 10:45:26,157 - GPU-7 - INFO -   [Cycle 1]
2025-10-27 10:45:26,157 - GPU-7 - DEBUG -     [Latent Recursive] Starting 1 steps of latent thinking
2025-10-27 10:45:26,203 - GPU-7 - DEBUG -       [Latent] Step 1/1
2025-10-27 10:45:26,380 - GPU-7 - DEBUG -       [After Latent Recursive] 1 tokens unmasked
2025-10-27 10:45:26,380 - GPU-7 - INFO -   [Cycle 2]
2025-10-27 10:45:26,381 - GPU-7 - DEBUG -     [Latent Recursive] Starting 1 steps of latent thinking
2025-10-27 10:45:26,426 - GPU-7 - DEBUG -       [Latent] Step 1/1
2025-10-27 10:45:26,603 - GPU-7 - DEBUG -       [After Latent Recursive] 1 tokens unmasked
2025-10-27 10:45:26,604 - GPU-7 - INFO -   [Cycle 3]
2025-10-27 10:45:26,604 - GPU-7 - DEBUG -     [Latent Recursive] Starting 1 steps of latent thinking
2025-10-27 10:45:26,650 - GPU-7 - DEBUG -       [Latent] Step 1/1
2025-10-27 10:45:26,826 - GPU-7 - DEBUG -       [After Latent Recursive] 1 tokens unmasked
2025-10-27 10:45:26,827 - GPU-7 - INFO -   [Cycle 4]
2025-10-27 10:45:26,827 - GPU-7 - DEBUG -     [Latent Recursive] Starting 1 steps of latent thinking
2025-10-27 10:45:26,873 - GPU-7 - DEBUG -       [Latent] Step 1/1
2025-10-27 10:45:27,050 - GPU-7 - DEBUG -       [After Latent Recursive] 1 tokens unmasked
2025-10-27 10:45:27,050 - GPU-7 - INFO -   [Cycle 5]
2025-10-27 10:45:27,050 - GPU-7 - DEBUG -     [Latent Recursive] Starting 1 steps of latent thinking
2025-10-27 10:45:27,096 - GPU-7 - DEBUG -       [Latent] Step 1/1
2025-10-27 10:45:27,273 - GPU-7 - DEBUG -       [After Latent Recursive] 1 tokens unmasked
2025-10-27 10:45:27,273 - GPU-7 - INFO -   [Cycle 6]
2025-10-27 10:45:27,274 - GPU-7 - DEBUG -     [Latent Recursive] Starting 1 steps of latent thinking
2025-10-27 10:45:27,319 - GPU-7 - DEBUG -       [Latent] Step 1/1
2025-10-27 10:45:27,496 - GPU-7 - DEBUG -       [After Latent Recursive] 1 tokens unmasked
2025-10-27 10:45:27,497 - GPU-7 - INFO -   [Cycle 7]
2025-10-27 10:45:27,497 - GPU-7 - DEBUG -     [Latent Recursive] Starting 1 steps of latent thinking
2025-10-27 10:45:27,543 - GPU-7 - DEBUG -       [Latent] Step 1/1
2025-10-27 10:45:27,720 - GPU-7 - DEBUG -       [After Latent Recursive] 1 tokens unmasked
2025-10-27 10:45:27,720 - GPU-7 - INFO -   [Cycle 8]
2025-10-27 10:45:27,720 - GPU-7 - DEBUG -     [Latent Recursive] Starting 1 steps of latent thinking
2025-10-27 10:45:27,766 - GPU-7 - DEBUG -       [Latent] Step 1/1
2025-10-27 10:45:27,943 - GPU-7 - DEBUG -       [After Latent Recursive] 1 tokens unmasked
2025-10-27 10:45:27,943 - GPU-7 - INFO -   [Cycle 9]
2025-10-27 10:45:27,944 - GPU-7 - DEBUG -     [Latent Recursive] Starting 1 steps of latent thinking
2025-10-27 10:45:27,989 - GPU-7 - DEBUG -       [Latent] Step 1/1
2025-10-27 10:45:28,166 - GPU-7 - DEBUG -       [After Latent Recursive] 1 tokens unmasked
2025-10-27 10:45:28,167 - GPU-7 - INFO -   [Cycle 10]
2025-10-27 10:45:28,167 - GPU-7 - DEBUG -     [Latent Recursive] Starting 1 steps of latent thinking
2025-10-27 10:45:28,213 - GPU-7 - DEBUG -       [Latent] Step 1/1
2025-10-27 10:45:28,390 - GPU-7 - DEBUG -       [After Latent Recursive] 1 tokens unmasked
2025-10-27 10:45:28,390 - GPU-7 - INFO -   [Cycle 11]
2025-10-27 10:45:28,390 - GPU-7 - DEBUG -     [Latent Recursive] Starting 1 steps of latent thinking
2025-10-27 10:45:28,436 - GPU-7 - DEBUG -       [Latent] Step 1/1
2025-10-27 10:45:28,613 - GPU-7 - DEBUG -       [After Latent Recursive] 1 tokens unmasked
2025-10-27 10:45:28,613 - GPU-7 - INFO -   [Cycle 12]
2025-10-27 10:45:28,613 - GPU-7 - DEBUG -     [Latent Recursive] Starting 1 steps of latent thinking
2025-10-27 10:45:28,659 - GPU-7 - DEBUG -       [Latent] Step 1/1
2025-10-27 10:45:28,836 - GPU-7 - DEBUG -       [After Latent Recursive] 1 tokens unmasked
2025-10-27 10:45:28,836 - GPU-7 - INFO -   [Cycle 13]
2025-10-27 10:45:28,837 - GPU-7 - DEBUG -     [Latent Recursive] Starting 1 steps of latent thinking
2025-10-27 10:45:28,882 - GPU-7 - DEBUG -       [Latent] Step 1/1
2025-10-27 10:45:29,059 - GPU-7 - DEBUG -       [After Latent Recursive] 1 tokens unmasked
2025-10-27 10:45:29,060 - GPU-7 - INFO -   [Cycle 14]
2025-10-27 10:45:29,060 - GPU-7 - DEBUG -     [Latent Recursive] Starting 1 steps of latent thinking
2025-10-27 10:45:29,106 - GPU-7 - DEBUG -       [Latent] Step 1/1
2025-10-27 10:45:29,283 - GPU-7 - DEBUG -       [After Latent Recursive] 1 tokens unmasked
2025-10-27 10:45:29,283 - GPU-7 - INFO -   [Cycle 15]
2025-10-27 10:45:29,283 - GPU-7 - DEBUG -     [Latent Recursive] Starting 1 steps of latent thinking
2025-10-27 10:45:29,329 - GPU-7 - DEBUG -       [Latent] Step 1/1
2025-10-27 10:45:29,506 - GPU-7 - DEBUG -       [After Latent Recursive] 1 tokens unmasked
2025-10-27 10:45:29,506 - GPU-7 - INFO -   [Cycle 16]
2025-10-27 10:45:29,506 - GPU-7 - DEBUG -     [Latent Recursive] Starting 1 steps of latent thinking
2025-10-27 10:45:29,552 - GPU-7 - DEBUG -       [Latent] Step 1/1
2025-10-27 10:45:29,729 - GPU-7 - DEBUG -       [After Latent Recursive] 1 tokens unmasked
2025-10-27 10:45:29,729 - GPU-7 - INFO -   [Cycle 17]
2025-10-27 10:45:29,729 - GPU-7 - DEBUG -     [Latent Recursive] Starting 1 steps of latent thinking
2025-10-27 10:45:29,775 - GPU-7 - DEBUG -       [Latent] Step 1/1
2025-10-27 10:45:29,952 - GPU-7 - DEBUG -       [After Latent Recursive] 1 tokens unmasked
2025-10-27 10:45:29,953 - GPU-7 - INFO -   [Cycle 18]
2025-10-27 10:45:29,953 - GPU-7 - DEBUG -     [Latent Recursive] Starting 1 steps of latent thinking
2025-10-27 10:45:29,999 - GPU-7 - DEBUG -       [Latent] Step 1/1
2025-10-27 10:45:30,175 - GPU-7 - DEBUG -       [After Latent Recursive] 1 tokens unmasked
2025-10-27 10:45:30,176 - GPU-7 - INFO -   [Cycle 19]
2025-10-27 10:45:30,176 - GPU-7 - DEBUG -     [Latent Recursive] Starting 1 steps of latent thinking
2025-10-27 10:45:30,222 - GPU-7 - DEBUG -       [Latent] Step 1/1
2025-10-27 10:45:30,398 - GPU-7 - DEBUG -       [After Latent Recursive] 1 tokens unmasked
2025-10-27 10:45:30,399 - GPU-7 - INFO -   [Cycle 20]
2025-10-27 10:45:30,399 - GPU-7 - DEBUG -     [Latent Recursive] Starting 1 steps of latent thinking
2025-10-27 10:45:30,445 - GPU-7 - DEBUG -       [Latent] Step 1/1
2025-10-27 10:45:30,621 - GPU-7 - DEBUG -       [After Latent Recursive] 1 tokens unmasked
2025-10-27 10:45:30,622 - GPU-7 - INFO -   [Cycle 21]
2025-10-27 10:45:30,622 - GPU-7 - DEBUG -     [Latent Recursive] Starting 1 steps of latent thinking
2025-10-27 10:45:30,668 - GPU-7 - DEBUG -       [Latent] Step 1/1
2025-10-27 10:45:30,845 - GPU-7 - DEBUG -       [After Latent Recursive] 1 tokens unmasked
2025-10-27 10:45:30,845 - GPU-7 - INFO -   [Cycle 22]
2025-10-27 10:45:30,845 - GPU-7 - DEBUG -     [Latent Recursive] Starting 1 steps of latent thinking
2025-10-27 10:45:30,891 - GPU-7 - DEBUG -       [Latent] Step 1/1
2025-10-27 10:45:31,068 - GPU-7 - DEBUG -       [After Latent Recursive] 1 tokens unmasked
2025-10-27 10:45:31,068 - GPU-7 - INFO -   [Cycle 23]
2025-10-27 10:45:31,068 - GPU-7 - DEBUG -     [Latent Recursive] Starting 1 steps of latent thinking
2025-10-27 10:45:31,114 - GPU-7 - DEBUG -       [Latent] Step 1/1
2025-10-27 10:45:31,291 - GPU-7 - DEBUG -       [After Latent Recursive] 1 tokens unmasked
2025-10-27 10:45:31,291 - GPU-7 - INFO -   [Cycle 24]
2025-10-27 10:45:31,292 - GPU-7 - DEBUG -     [Latent Recursive] Starting 1 steps of latent thinking
2025-10-27 10:45:31,337 - GPU-7 - DEBUG -       [Latent] Step 1/1
2025-10-27 10:45:31,515 - GPU-7 - DEBUG -       [After Latent Recursive] 1 tokens unmasked
2025-10-27 10:45:31,515 - GPU-7 - INFO -   [Cycle 25]
2025-10-27 10:45:31,515 - GPU-7 - DEBUG -     [Latent Recursive] Starting 1 steps of latent thinking
2025-10-27 10:45:31,561 - GPU-7 - DEBUG -       [Latent] Step 1/1
2025-10-27 10:45:31,738 - GPU-7 - DEBUG -       [After Latent Recursive] 1 tokens unmasked
2025-10-27 10:45:31,739 - GPU-7 - INFO -   [Cycle 26]
2025-10-27 10:45:31,739 - GPU-7 - DEBUG -     [Latent Recursive] Starting 1 steps of latent thinking
2025-10-27 10:45:31,785 - GPU-7 - DEBUG -       [Latent] Step 1/1
2025-10-27 10:45:31,962 - GPU-7 - DEBUG -       [After Latent Recursive] 1 tokens unmasked
2025-10-27 10:45:31,962 - GPU-7 - INFO -   [Cycle 27]
2025-10-27 10:45:31,962 - GPU-7 - DEBUG -     [Latent Recursive] Starting 1 steps of latent thinking
2025-10-27 10:45:32,008 - GPU-7 - DEBUG -       [Latent] Step 1/1
2025-10-27 10:45:32,185 - GPU-7 - DEBUG -       [After Latent Recursive] 1 tokens unmasked
2025-10-27 10:45:32,186 - GPU-7 - INFO -   [Cycle 28]
2025-10-27 10:45:32,186 - GPU-7 - DEBUG -     [Latent Recursive] Starting 1 steps of latent thinking
2025-10-27 10:45:32,232 - GPU-7 - DEBUG -       [Latent] Step 1/1
2025-10-27 10:45:32,409 - GPU-7 - DEBUG -       [After Latent Recursive] 1 tokens unmasked
2025-10-27 10:45:32,409 - GPU-7 - INFO -   [Cycle 29]
2025-10-27 10:45:32,409 - GPU-7 - DEBUG -     [Latent Recursive] Starting 1 steps of latent thinking
2025-10-27 10:45:32,455 - GPU-7 - DEBUG -       [Latent] Step 1/1
2025-10-27 10:45:32,632 - GPU-7 - DEBUG -       [After Latent Recursive] 1 tokens unmasked
2025-10-27 10:45:32,633 - GPU-7 - INFO -   [Cycle 30]
2025-10-27 10:45:32,633 - GPU-7 - DEBUG -     [Latent Recursive] Starting 1 steps of latent thinking
2025-10-27 10:45:32,679 - GPU-7 - DEBUG -       [Latent] Step 1/1
2025-10-27 10:45:32,855 - GPU-7 - DEBUG -       [After Latent Recursive] 1 tokens unmasked
2025-10-27 10:45:32,856 - GPU-7 - INFO -   [Cycle 31]
2025-10-27 10:45:32,856 - GPU-7 - DEBUG -     [Latent Recursive] Starting 1 steps of latent thinking
2025-10-27 10:45:32,902 - GPU-7 - DEBUG -       [Latent] Step 1/1
2025-10-27 10:45:33,079 - GPU-7 - DEBUG -       [After Latent Recursive] 1 tokens unmasked
2025-10-27 10:45:33,079 - GPU-7 - INFO - [Block 3/16] Processing tokens 139-171
2025-10-27 10:45:33,079 - GPU-7 - DEBUG - [Block 2] Before forward: use_cache=True, x.shape=torch.Size([1, 587])
2025-10-27 10:45:33,079 - GPU-7 - DEBUG - [Block 2] Model type: LLaDAModelLM
2025-10-27 10:45:33,080 - GPU-7 - DEBUG - [Block 2] Model config use_cache: True
2025-10-27 10:45:33,102 - GPU-7 - DEBUG - [Block 2] After forward: pkv is None? False
2025-10-27 10:45:33,103 - GPU-7 - DEBUG - [Block 2] out type: CausalLMOutputWithPast
2025-10-27 10:45:33,103 - GPU-7 - DEBUG - [Block 2] pkv type: <class 'list'>, len: 32
2025-10-27 10:45:33,103 - GPU-7 - DEBUG - [Block 2] pkv[0] type: <class 'tuple'>, len: 2
2025-10-27 10:45:33,103 - GPU-7 - DEBUG - [Block 2] pkv[0][0].shape: torch.Size([1, 32, 587, 128])
2025-10-27 10:45:33,192 - GPU-7 - INFO -   [Initial Forward] 1 tokens unmasked
2025-10-27 10:45:33,192 - GPU-7 - INFO -   [Cycle 1]
2025-10-27 10:45:33,192 - GPU-7 - DEBUG -     [Latent Recursive] Starting 1 steps of latent thinking
2025-10-27 10:45:33,238 - GPU-7 - DEBUG -       [Latent] Step 1/1
2025-10-27 10:45:33,413 - GPU-7 - DEBUG -       [After Latent Recursive] 1 tokens unmasked
2025-10-27 10:45:33,413 - GPU-7 - INFO -   [Cycle 2]
2025-10-27 10:45:33,413 - GPU-7 - DEBUG -     [Latent Recursive] Starting 1 steps of latent thinking
2025-10-27 10:45:33,459 - GPU-7 - DEBUG -       [Latent] Step 1/1
2025-10-27 10:45:33,634 - GPU-7 - DEBUG -       [After Latent Recursive] 1 tokens unmasked
2025-10-27 10:45:33,635 - GPU-7 - INFO -   [Cycle 3]
2025-10-27 10:45:33,635 - GPU-7 - DEBUG -     [Latent Recursive] Starting 1 steps of latent thinking
2025-10-27 10:45:33,681 - GPU-7 - DEBUG -       [Latent] Step 1/1
2025-10-27 10:45:33,855 - GPU-7 - DEBUG -       [After Latent Recursive] 1 tokens unmasked
2025-10-27 10:45:33,856 - GPU-7 - INFO -   [Cycle 4]
2025-10-27 10:45:33,856 - GPU-7 - DEBUG -     [Latent Recursive] Starting 1 steps of latent thinking
2025-10-27 10:45:33,902 - GPU-7 - DEBUG -       [Latent] Step 1/1
2025-10-27 10:45:34,077 - GPU-7 - DEBUG -       [After Latent Recursive] 1 tokens unmasked
2025-10-27 10:45:34,077 - GPU-7 - INFO -   [Cycle 5]
2025-10-27 10:45:34,077 - GPU-7 - DEBUG -     [Latent Recursive] Starting 1 steps of latent thinking
2025-10-27 10:45:34,123 - GPU-7 - DEBUG -       [Latent] Step 1/1
2025-10-27 10:45:34,298 - GPU-7 - DEBUG -       [After Latent Recursive] 1 tokens unmasked
2025-10-27 10:45:34,298 - GPU-7 - INFO -   [Cycle 6]
2025-10-27 10:45:34,298 - GPU-7 - DEBUG -     [Latent Recursive] Starting 1 steps of latent thinking
2025-10-27 10:45:34,344 - GPU-7 - DEBUG -       [Latent] Step 1/1
2025-10-27 10:45:34,520 - GPU-7 - DEBUG -       [After Latent Recursive] 1 tokens unmasked
2025-10-27 10:45:34,520 - GPU-7 - INFO -   [Cycle 7]
2025-10-27 10:45:34,520 - GPU-7 - DEBUG -     [Latent Recursive] Starting 1 steps of latent thinking
2025-10-27 10:45:34,566 - GPU-7 - DEBUG -       [Latent] Step 1/1
2025-10-27 10:45:34,741 - GPU-7 - DEBUG -       [After Latent Recursive] 1 tokens unmasked
2025-10-27 10:45:34,741 - GPU-7 - INFO -   [Cycle 8]
2025-10-27 10:45:34,742 - GPU-7 - DEBUG -     [Latent Recursive] Starting 1 steps of latent thinking
2025-10-27 10:45:34,788 - GPU-7 - DEBUG -       [Latent] Step 1/1
2025-10-27 10:45:34,964 - GPU-7 - DEBUG -       [After Latent Recursive] 1 tokens unmasked
2025-10-27 10:45:34,964 - GPU-7 - INFO -   [Cycle 9]
2025-10-27 10:45:34,964 - GPU-7 - DEBUG -     [Latent Recursive] Starting 1 steps of latent thinking
2025-10-27 10:45:35,010 - GPU-7 - DEBUG -       [Latent] Step 1/1
2025-10-27 10:45:35,185 - GPU-7 - DEBUG -       [After Latent Recursive] 1 tokens unmasked
2025-10-27 10:45:35,185 - GPU-7 - INFO -   [Cycle 10]
2025-10-27 10:45:35,186 - GPU-7 - DEBUG -     [Latent Recursive] Starting 1 steps of latent thinking
2025-10-27 10:45:35,231 - GPU-7 - DEBUG -       [Latent] Step 1/1
2025-10-27 10:45:35,406 - GPU-7 - DEBUG -       [After Latent Recursive] 1 tokens unmasked
2025-10-27 10:45:35,406 - GPU-7 - INFO -   [Cycle 11]
2025-10-27 10:45:35,407 - GPU-7 - DEBUG -     [Latent Recursive] Starting 1 steps of latent thinking
2025-10-27 10:45:35,452 - GPU-7 - DEBUG -       [Latent] Step 1/1
2025-10-27 10:45:35,627 - GPU-7 - DEBUG -       [After Latent Recursive] 1 tokens unmasked
2025-10-27 10:45:35,627 - GPU-7 - INFO -   [Cycle 12]
2025-10-27 10:45:35,627 - GPU-7 - DEBUG -     [Latent Recursive] Starting 1 steps of latent thinking
2025-10-27 10:45:35,673 - GPU-7 - DEBUG -       [Latent] Step 1/1
2025-10-27 10:45:35,848 - GPU-7 - DEBUG -       [After Latent Recursive] 1 tokens unmasked
2025-10-27 10:45:35,848 - GPU-7 - INFO -   [Cycle 13]
2025-10-27 10:45:35,848 - GPU-7 - DEBUG -     [Latent Recursive] Starting 1 steps of latent thinking
2025-10-27 10:45:35,894 - GPU-7 - DEBUG -       [Latent] Step 1/1
2025-10-27 10:45:36,068 - GPU-7 - DEBUG -       [After Latent Recursive] 1 tokens unmasked
2025-10-27 10:45:36,069 - GPU-7 - INFO -   [Cycle 14]
2025-10-27 10:45:36,069 - GPU-7 - DEBUG -     [Latent Recursive] Starting 1 steps of latent thinking
2025-10-27 10:45:36,115 - GPU-7 - DEBUG -       [Latent] Step 1/1
2025-10-27 10:45:36,289 - GPU-7 - DEBUG -       [After Latent Recursive] 1 tokens unmasked
2025-10-27 10:45:36,290 - GPU-7 - INFO -   [Cycle 15]
2025-10-27 10:45:36,290 - GPU-7 - DEBUG -     [Latent Recursive] Starting 1 steps of latent thinking
2025-10-27 10:45:36,336 - GPU-7 - DEBUG -       [Latent] Step 1/1
2025-10-27 10:45:36,510 - GPU-7 - DEBUG -       [After Latent Recursive] 1 tokens unmasked
2025-10-27 10:45:36,511 - GPU-7 - INFO -   [Cycle 16]
2025-10-27 10:45:36,511 - GPU-7 - DEBUG -     [Latent Recursive] Starting 1 steps of latent thinking
2025-10-27 10:45:36,557 - GPU-7 - DEBUG -       [Latent] Step 1/1
2025-10-27 10:45:36,732 - GPU-7 - DEBUG -       [After Latent Recursive] 1 tokens unmasked
2025-10-27 10:45:36,732 - GPU-7 - INFO -   [Cycle 17]
2025-10-27 10:45:36,732 - GPU-7 - DEBUG -     [Latent Recursive] Starting 1 steps of latent thinking
2025-10-27 10:45:36,778 - GPU-7 - DEBUG -       [Latent] Step 1/1
2025-10-27 10:45:36,953 - GPU-7 - DEBUG -       [After Latent Recursive] 1 tokens unmasked
2025-10-27 10:45:36,953 - GPU-7 - INFO -   [Cycle 18]
2025-10-27 10:45:36,953 - GPU-7 - DEBUG -     [Latent Recursive] Starting 1 steps of latent thinking
2025-10-27 10:45:36,999 - GPU-7 - DEBUG -       [Latent] Step 1/1
2025-10-27 10:45:37,174 - GPU-7 - DEBUG -       [After Latent Recursive] 1 tokens unmasked
2025-10-27 10:45:37,175 - GPU-7 - INFO -   [Cycle 19]
2025-10-27 10:45:37,175 - GPU-7 - DEBUG -     [Latent Recursive] Starting 1 steps of latent thinking
2025-10-27 10:45:37,220 - GPU-7 - DEBUG -       [Latent] Step 1/1
2025-10-27 10:45:37,395 - GPU-7 - DEBUG -       [After Latent Recursive] 1 tokens unmasked
2025-10-27 10:45:37,395 - GPU-7 - INFO -   [Cycle 20]
2025-10-27 10:45:37,396 - GPU-7 - DEBUG -     [Latent Recursive] Starting 1 steps of latent thinking
2025-10-27 10:45:37,442 - GPU-7 - DEBUG -       [Latent] Step 1/1
2025-10-27 10:45:37,616 - GPU-7 - DEBUG -       [After Latent Recursive] 1 tokens unmasked
2025-10-27 10:45:37,617 - GPU-7 - INFO -   [Cycle 21]
2025-10-27 10:45:37,617 - GPU-7 - DEBUG -     [Latent Recursive] Starting 1 steps of latent thinking
2025-10-27 10:45:37,663 - GPU-7 - DEBUG -       [Latent] Step 1/1
2025-10-27 10:45:37,837 - GPU-7 - DEBUG -       [After Latent Recursive] 1 tokens unmasked
2025-10-27 10:45:37,838 - GPU-7 - INFO -   [Cycle 22]
2025-10-27 10:45:37,838 - GPU-7 - DEBUG -     [Latent Recursive] Starting 1 steps of latent thinking
2025-10-27 10:45:37,884 - GPU-7 - DEBUG -       [Latent] Step 1/1
2025-10-27 10:45:38,058 - GPU-7 - DEBUG -       [After Latent Recursive] 1 tokens unmasked
2025-10-27 10:45:38,059 - GPU-7 - INFO -   [Cycle 23]
2025-10-27 10:45:38,059 - GPU-7 - DEBUG -     [Latent Recursive] Starting 1 steps of latent thinking
2025-10-27 10:45:38,105 - GPU-7 - DEBUG -       [Latent] Step 1/1
2025-10-27 10:45:38,280 - GPU-7 - DEBUG -       [After Latent Recursive] 1 tokens unmasked
2025-10-27 10:45:38,280 - GPU-7 - INFO -   [Cycle 24]
2025-10-27 10:45:38,280 - GPU-7 - DEBUG -     [Latent Recursive] Starting 1 steps of latent thinking
2025-10-27 10:45:38,326 - GPU-7 - DEBUG -       [Latent] Step 1/1
2025-10-27 10:45:38,501 - GPU-7 - DEBUG -       [After Latent Recursive] 1 tokens unmasked
2025-10-27 10:45:38,502 - GPU-7 - INFO -   [Cycle 25]
2025-10-27 10:45:38,502 - GPU-7 - DEBUG -     [Latent Recursive] Starting 1 steps of latent thinking
2025-10-27 10:45:38,548 - GPU-7 - DEBUG -       [Latent] Step 1/1
2025-10-27 10:45:38,722 - GPU-7 - DEBUG -       [After Latent Recursive] 1 tokens unmasked
2025-10-27 10:45:38,723 - GPU-7 - INFO -   [Cycle 26]
2025-10-27 10:45:38,723 - GPU-7 - DEBUG -     [Latent Recursive] Starting 1 steps of latent thinking
2025-10-27 10:45:38,769 - GPU-7 - DEBUG -       [Latent] Step 1/1
2025-10-27 10:45:38,943 - GPU-7 - DEBUG -       [After Latent Recursive] 1 tokens unmasked
2025-10-27 10:45:38,944 - GPU-7 - INFO -   [Cycle 27]
2025-10-27 10:45:38,944 - GPU-7 - DEBUG -     [Latent Recursive] Starting 1 steps of latent thinking
2025-10-27 10:45:38,990 - GPU-7 - DEBUG -       [Latent] Step 1/1
2025-10-27 10:45:39,165 - GPU-7 - DEBUG -       [After Latent Recursive] 1 tokens unmasked
2025-10-27 10:45:39,165 - GPU-7 - INFO -   [Cycle 28]
2025-10-27 10:45:39,165 - GPU-7 - DEBUG -     [Latent Recursive] Starting 1 steps of latent thinking
2025-10-27 10:45:39,211 - GPU-7 - DEBUG -       [Latent] Step 1/1
2025-10-27 10:45:39,386 - GPU-7 - DEBUG -       [After Latent Recursive] 1 tokens unmasked
2025-10-27 10:45:39,386 - GPU-7 - INFO -   [Cycle 29]
2025-10-27 10:45:39,386 - GPU-7 - DEBUG -     [Latent Recursive] Starting 1 steps of latent thinking
2025-10-27 10:45:39,432 - GPU-7 - DEBUG -       [Latent] Step 1/1
2025-10-27 10:45:39,607 - GPU-7 - DEBUG -       [After Latent Recursive] 1 tokens unmasked
2025-10-27 10:45:39,607 - GPU-7 - INFO -   [Cycle 30]
2025-10-27 10:45:39,607 - GPU-7 - DEBUG -     [Latent Recursive] Starting 1 steps of latent thinking
2025-10-27 10:45:39,653 - GPU-7 - DEBUG -       [Latent] Step 1/1
2025-10-27 10:45:39,828 - GPU-7 - DEBUG -       [After Latent Recursive] 1 tokens unmasked
2025-10-27 10:45:39,828 - GPU-7 - INFO -   [Cycle 31]
2025-10-27 10:45:39,829 - GPU-7 - DEBUG -     [Latent Recursive] Starting 1 steps of latent thinking
2025-10-27 10:45:39,874 - GPU-7 - DEBUG -       [Latent] Step 1/1
2025-10-27 10:45:40,049 - GPU-7 - DEBUG -       [After Latent Recursive] 1 tokens unmasked
2025-10-27 10:45:40,049 - GPU-7 - INFO - [Block 4/16] Processing tokens 171-203
2025-10-27 10:45:40,049 - GPU-7 - DEBUG - [Block 3] Before forward: use_cache=True, x.shape=torch.Size([1, 587])
2025-10-27 10:45:40,050 - GPU-7 - DEBUG - [Block 3] Model type: LLaDAModelLM
2025-10-27 10:45:40,050 - GPU-7 - DEBUG - [Block 3] Model config use_cache: True
2025-10-27 10:45:40,072 - GPU-7 - DEBUG - [Block 3] After forward: pkv is None? False
2025-10-27 10:45:40,072 - GPU-7 - DEBUG - [Block 3] out type: CausalLMOutputWithPast
2025-10-27 10:45:40,073 - GPU-7 - DEBUG - [Block 3] pkv type: <class 'list'>, len: 32
2025-10-27 10:45:40,073 - GPU-7 - DEBUG - [Block 3] pkv[0] type: <class 'tuple'>, len: 2
2025-10-27 10:45:40,073 - GPU-7 - DEBUG - [Block 3] pkv[0][0].shape: torch.Size([1, 32, 587, 128])
2025-10-27 10:45:40,161 - GPU-7 - INFO -   [Initial Forward] 1 tokens unmasked
2025-10-27 10:45:40,162 - GPU-7 - INFO -   [Cycle 1]
2025-10-27 10:45:40,162 - GPU-7 - DEBUG -     [Latent Recursive] Starting 1 steps of latent thinking
2025-10-27 10:45:40,208 - GPU-7 - DEBUG -       [Latent] Step 1/1
2025-10-27 10:45:40,382 - GPU-7 - DEBUG -       [After Latent Recursive] 1 tokens unmasked
2025-10-27 10:45:40,383 - GPU-7 - INFO -   [Cycle 2]
2025-10-27 10:45:40,383 - GPU-7 - DEBUG -     [Latent Recursive] Starting 1 steps of latent thinking
2025-10-27 10:45:40,429 - GPU-7 - DEBUG -       [Latent] Step 1/1
2025-10-27 10:45:40,603 - GPU-7 - DEBUG -       [After Latent Recursive] 1 tokens unmasked
2025-10-27 10:45:40,603 - GPU-7 - INFO -   [Cycle 3]
2025-10-27 10:45:40,603 - GPU-7 - DEBUG -     [Latent Recursive] Starting 1 steps of latent thinking
2025-10-27 10:45:40,649 - GPU-7 - DEBUG -       [Latent] Step 1/1
2025-10-27 10:45:40,823 - GPU-7 - DEBUG -       [After Latent Recursive] 1 tokens unmasked
2025-10-27 10:45:40,823 - GPU-7 - INFO -   [Cycle 4]
2025-10-27 10:45:40,823 - GPU-7 - DEBUG -     [Latent Recursive] Starting 1 steps of latent thinking
2025-10-27 10:45:40,870 - GPU-7 - DEBUG -       [Latent] Step 1/1
2025-10-27 10:45:41,044 - GPU-7 - DEBUG -       [After Latent Recursive] 1 tokens unmasked
2025-10-27 10:45:41,044 - GPU-7 - INFO -   [Cycle 5]
2025-10-27 10:45:41,044 - GPU-7 - DEBUG -     [Latent Recursive] Starting 1 steps of latent thinking
2025-10-27 10:45:41,090 - GPU-7 - DEBUG -       [Latent] Step 1/1
2025-10-27 10:45:41,264 - GPU-7 - DEBUG -       [After Latent Recursive] 1 tokens unmasked
2025-10-27 10:45:41,264 - GPU-7 - INFO -   [Cycle 6]
2025-10-27 10:45:41,265 - GPU-7 - DEBUG -     [Latent Recursive] Starting 1 steps of latent thinking
2025-10-27 10:45:41,311 - GPU-7 - DEBUG -       [Latent] Step 1/1
2025-10-27 10:45:41,485 - GPU-7 - DEBUG -       [After Latent Recursive] 1 tokens unmasked
2025-10-27 10:45:41,485 - GPU-7 - INFO -   [Cycle 7]
2025-10-27 10:45:41,486 - GPU-7 - DEBUG -     [Latent Recursive] Starting 1 steps of latent thinking
2025-10-27 10:45:41,531 - GPU-7 - DEBUG -       [Latent] Step 1/1
2025-10-27 10:45:41,705 - GPU-7 - DEBUG -       [After Latent Recursive] 1 tokens unmasked
2025-10-27 10:45:41,705 - GPU-7 - INFO -   [Cycle 8]
2025-10-27 10:45:41,706 - GPU-7 - DEBUG -     [Latent Recursive] Starting 1 steps of latent thinking
2025-10-27 10:45:41,752 - GPU-7 - DEBUG -       [Latent] Step 1/1
2025-10-27 10:45:41,926 - GPU-7 - DEBUG -       [After Latent Recursive] 1 tokens unmasked
2025-10-27 10:45:41,926 - GPU-7 - INFO -   [Cycle 9]
2025-10-27 10:45:41,926 - GPU-7 - DEBUG -     [Latent Recursive] Starting 1 steps of latent thinking
2025-10-27 10:45:41,972 - GPU-7 - DEBUG -       [Latent] Step 1/1
2025-10-27 10:45:42,146 - GPU-7 - DEBUG -       [After Latent Recursive] 1 tokens unmasked
2025-10-27 10:45:42,146 - GPU-7 - INFO -   [Cycle 10]
2025-10-27 10:45:42,146 - GPU-7 - DEBUG -     [Latent Recursive] Starting 1 steps of latent thinking
2025-10-27 10:45:42,192 - GPU-7 - DEBUG -       [Latent] Step 1/1
2025-10-27 10:45:42,366 - GPU-7 - DEBUG -       [After Latent Recursive] 1 tokens unmasked
2025-10-27 10:45:42,367 - GPU-7 - INFO -   [Cycle 11]
2025-10-27 10:45:42,367 - GPU-7 - DEBUG -     [Latent Recursive] Starting 1 steps of latent thinking
2025-10-27 10:45:42,413 - GPU-7 - DEBUG -       [Latent] Step 1/1
2025-10-27 10:45:42,587 - GPU-7 - DEBUG -       [After Latent Recursive] 1 tokens unmasked
2025-10-27 10:45:42,587 - GPU-7 - INFO -   [Cycle 12]
2025-10-27 10:45:42,587 - GPU-7 - DEBUG -     [Latent Recursive] Starting 1 steps of latent thinking
2025-10-27 10:45:42,633 - GPU-7 - DEBUG -       [Latent] Step 1/1
2025-10-27 10:45:42,807 - GPU-7 - DEBUG -       [After Latent Recursive] 1 tokens unmasked
2025-10-27 10:45:42,807 - GPU-7 - INFO -   [Cycle 13]
2025-10-27 10:45:42,808 - GPU-7 - DEBUG -     [Latent Recursive] Starting 1 steps of latent thinking
2025-10-27 10:45:42,854 - GPU-7 - DEBUG -       [Latent] Step 1/1
2025-10-27 10:45:43,029 - GPU-7 - DEBUG -       [After Latent Recursive] 1 tokens unmasked
2025-10-27 10:45:43,029 - GPU-7 - INFO -   [Cycle 14]
2025-10-27 10:45:43,029 - GPU-7 - DEBUG -     [Latent Recursive] Starting 1 steps of latent thinking
2025-10-27 10:45:43,075 - GPU-7 - DEBUG -       [Latent] Step 1/1
2025-10-27 10:45:43,250 - GPU-7 - DEBUG -       [After Latent Recursive] 1 tokens unmasked
2025-10-27 10:45:43,250 - GPU-7 - INFO -   [Cycle 15]
2025-10-27 10:45:43,250 - GPU-7 - DEBUG -     [Latent Recursive] Starting 1 steps of latent thinking
2025-10-27 10:45:43,296 - GPU-7 - DEBUG -       [Latent] Step 1/1
2025-10-27 10:45:43,471 - GPU-7 - DEBUG -       [After Latent Recursive] 1 tokens unmasked
2025-10-27 10:45:43,471 - GPU-7 - INFO -   [Cycle 16]
2025-10-27 10:45:43,471 - GPU-7 - DEBUG -     [Latent Recursive] Starting 1 steps of latent thinking
2025-10-27 10:45:43,517 - GPU-7 - DEBUG -       [Latent] Step 1/1
2025-10-27 10:45:43,692 - GPU-7 - DEBUG -       [After Latent Recursive] 1 tokens unmasked
2025-10-27 10:45:43,693 - GPU-7 - INFO -   [Cycle 17]
2025-10-27 10:45:43,693 - GPU-7 - DEBUG -     [Latent Recursive] Starting 1 steps of latent thinking
2025-10-27 10:45:43,739 - GPU-7 - DEBUG -       [Latent] Step 1/1
2025-10-27 10:45:43,913 - GPU-7 - DEBUG -       [After Latent Recursive] 1 tokens unmasked
2025-10-27 10:45:43,914 - GPU-7 - INFO -   [Cycle 18]
2025-10-27 10:45:43,914 - GPU-7 - DEBUG -     [Latent Recursive] Starting 1 steps of latent thinking
2025-10-27 10:45:43,960 - GPU-7 - DEBUG -       [Latent] Step 1/1
2025-10-27 10:45:44,135 - GPU-7 - DEBUG -       [After Latent Recursive] 1 tokens unmasked
2025-10-27 10:45:44,135 - GPU-7 - INFO -   [Cycle 19]
2025-10-27 10:45:44,135 - GPU-7 - DEBUG -     [Latent Recursive] Starting 1 steps of latent thinking
2025-10-27 10:45:44,181 - GPU-7 - DEBUG -       [Latent] Step 1/1
2025-10-27 10:45:44,356 - GPU-7 - DEBUG -       [After Latent Recursive] 1 tokens unmasked
2025-10-27 10:45:44,356 - GPU-7 - INFO -   [Cycle 20]
2025-10-27 10:45:44,356 - GPU-7 - DEBUG -     [Latent Recursive] Starting 1 steps of latent thinking
2025-10-27 10:45:44,402 - GPU-7 - DEBUG -       [Latent] Step 1/1
2025-10-27 10:45:44,577 - GPU-7 - DEBUG -       [After Latent Recursive] 1 tokens unmasked
2025-10-27 10:45:44,578 - GPU-7 - INFO -   [Cycle 21]
2025-10-27 10:45:44,578 - GPU-7 - DEBUG -     [Latent Recursive] Starting 1 steps of latent thinking
2025-10-27 10:45:44,624 - GPU-7 - DEBUG -       [Latent] Step 1/1
2025-10-27 10:45:44,799 - GPU-7 - DEBUG -       [After Latent Recursive] 1 tokens unmasked
2025-10-27 10:45:44,799 - GPU-7 - INFO -   [Cycle 22]
2025-10-27 10:45:44,799 - GPU-7 - DEBUG -     [Latent Recursive] Starting 1 steps of latent thinking
2025-10-27 10:45:44,845 - GPU-7 - DEBUG -       [Latent] Step 1/1
2025-10-27 10:45:45,020 - GPU-7 - DEBUG -       [After Latent Recursive] 1 tokens unmasked
2025-10-27 10:45:45,020 - GPU-7 - INFO -   [Cycle 23]
2025-10-27 10:45:45,020 - GPU-7 - DEBUG -     [Latent Recursive] Starting 1 steps of latent thinking
2025-10-27 10:45:45,066 - GPU-7 - DEBUG -       [Latent] Step 1/1
2025-10-27 10:45:45,241 - GPU-7 - DEBUG -       [After Latent Recursive] 1 tokens unmasked
2025-10-27 10:45:45,241 - GPU-7 - INFO -   [Cycle 24]
2025-10-27 10:45:45,241 - GPU-7 - DEBUG -     [Latent Recursive] Starting 1 steps of latent thinking
2025-10-27 10:45:45,288 - GPU-7 - DEBUG -       [Latent] Step 1/1
2025-10-27 10:45:45,462 - GPU-7 - DEBUG -       [After Latent Recursive] 1 tokens unmasked
2025-10-27 10:45:45,463 - GPU-7 - INFO -   [Cycle 25]
2025-10-27 10:45:45,463 - GPU-7 - DEBUG -     [Latent Recursive] Starting 1 steps of latent thinking
2025-10-27 10:45:45,509 - GPU-7 - DEBUG -       [Latent] Step 1/1
2025-10-27 10:45:45,684 - GPU-7 - DEBUG -       [After Latent Recursive] 1 tokens unmasked
2025-10-27 10:45:45,684 - GPU-7 - INFO -   [Cycle 26]
2025-10-27 10:45:45,684 - GPU-7 - DEBUG -     [Latent Recursive] Starting 1 steps of latent thinking
2025-10-27 10:45:45,730 - GPU-7 - DEBUG -       [Latent] Step 1/1
2025-10-27 10:45:45,905 - GPU-7 - DEBUG -       [After Latent Recursive] 1 tokens unmasked
2025-10-27 10:45:45,906 - GPU-7 - INFO -   [Cycle 27]
2025-10-27 10:45:45,906 - GPU-7 - DEBUG -     [Latent Recursive] Starting 1 steps of latent thinking
2025-10-27 10:45:45,952 - GPU-7 - DEBUG -       [Latent] Step 1/1
2025-10-27 10:45:46,126 - GPU-7 - DEBUG -       [After Latent Recursive] 1 tokens unmasked
2025-10-27 10:45:46,127 - GPU-7 - INFO -   [Cycle 28]
2025-10-27 10:45:46,127 - GPU-7 - DEBUG -     [Latent Recursive] Starting 1 steps of latent thinking
2025-10-27 10:45:46,173 - GPU-7 - DEBUG -       [Latent] Step 1/1
2025-10-27 10:45:46,347 - GPU-7 - DEBUG -       [After Latent Recursive] 1 tokens unmasked
2025-10-27 10:45:46,348 - GPU-7 - INFO -   [Cycle 29]
2025-10-27 10:45:46,348 - GPU-7 - DEBUG -     [Latent Recursive] Starting 1 steps of latent thinking
2025-10-27 10:45:46,394 - GPU-7 - DEBUG -       [Latent] Step 1/1
2025-10-27 10:45:46,569 - GPU-7 - DEBUG -       [After Latent Recursive] 1 tokens unmasked
2025-10-27 10:45:46,569 - GPU-7 - INFO -   [Cycle 30]
2025-10-27 10:45:46,569 - GPU-7 - DEBUG -     [Latent Recursive] Starting 1 steps of latent thinking
2025-10-27 10:45:46,615 - GPU-7 - DEBUG -       [Latent] Step 1/1
2025-10-27 10:45:46,790 - GPU-7 - DEBUG -       [After Latent Recursive] 1 tokens unmasked
2025-10-27 10:45:46,790 - GPU-7 - INFO -   [Cycle 31]
2025-10-27 10:45:46,790 - GPU-7 - DEBUG -     [Latent Recursive] Starting 1 steps of latent thinking
2025-10-27 10:45:46,836 - GPU-7 - DEBUG -       [Latent] Step 1/1
2025-10-27 10:45:47,011 - GPU-7 - DEBUG -       [After Latent Recursive] 1 tokens unmasked
2025-10-27 10:45:47,011 - GPU-7 - INFO - [Block 5/16] Processing tokens 203-235
2025-10-27 10:45:47,012 - GPU-7 - DEBUG - [Block 4] Before forward: use_cache=True, x.shape=torch.Size([1, 587])
2025-10-27 10:45:47,012 - GPU-7 - DEBUG - [Block 4] Model type: LLaDAModelLM
2025-10-27 10:45:47,012 - GPU-7 - DEBUG - [Block 4] Model config use_cache: True
2025-10-27 10:45:47,034 - GPU-7 - DEBUG - [Block 4] After forward: pkv is None? False
2025-10-27 10:45:47,035 - GPU-7 - DEBUG - [Block 4] out type: CausalLMOutputWithPast
2025-10-27 10:45:47,035 - GPU-7 - DEBUG - [Block 4] pkv type: <class 'list'>, len: 32
2025-10-27 10:45:47,035 - GPU-7 - DEBUG - [Block 4] pkv[0] type: <class 'tuple'>, len: 2
2025-10-27 10:45:47,035 - GPU-7 - DEBUG - [Block 4] pkv[0][0].shape: torch.Size([1, 32, 587, 128])
2025-10-27 10:45:47,124 - GPU-7 - INFO -   [Initial Forward] 1 tokens unmasked
2025-10-27 10:45:47,124 - GPU-7 - INFO -   [Cycle 1]
2025-10-27 10:45:47,124 - GPU-7 - DEBUG -     [Latent Recursive] Starting 1 steps of latent thinking
2025-10-27 10:45:47,170 - GPU-7 - DEBUG -       [Latent] Step 1/1
2025-10-27 10:45:47,343 - GPU-7 - DEBUG -       [After Latent Recursive] 1 tokens unmasked
2025-10-27 10:45:47,343 - GPU-7 - INFO -   [Cycle 2]
2025-10-27 10:45:47,343 - GPU-7 - DEBUG -     [Latent Recursive] Starting 1 steps of latent thinking
2025-10-27 10:45:47,389 - GPU-7 - DEBUG -       [Latent] Step 1/1
2025-10-27 10:45:47,562 - GPU-7 - DEBUG -       [After Latent Recursive] 1 tokens unmasked
2025-10-27 10:45:47,562 - GPU-7 - INFO -   [Cycle 3]
2025-10-27 10:45:47,562 - GPU-7 - DEBUG -     [Latent Recursive] Starting 1 steps of latent thinking
2025-10-27 10:45:47,608 - GPU-7 - DEBUG -       [Latent] Step 1/1
2025-10-27 10:45:47,780 - GPU-7 - DEBUG -       [After Latent Recursive] 1 tokens unmasked
2025-10-27 10:45:47,781 - GPU-7 - INFO -   [Cycle 4]
2025-10-27 10:45:47,781 - GPU-7 - DEBUG -     [Latent Recursive] Starting 1 steps of latent thinking
2025-10-27 10:45:47,827 - GPU-7 - DEBUG -       [Latent] Step 1/1
2025-10-27 10:45:47,999 - GPU-7 - DEBUG -       [After Latent Recursive] 1 tokens unmasked
2025-10-27 10:45:48,000 - GPU-7 - INFO -   [Cycle 5]
2025-10-27 10:45:48,000 - GPU-7 - DEBUG -     [Latent Recursive] Starting 1 steps of latent thinking
2025-10-27 10:45:48,045 - GPU-7 - DEBUG -       [Latent] Step 1/1
2025-10-27 10:45:48,218 - GPU-7 - DEBUG -       [After Latent Recursive] 1 tokens unmasked
2025-10-27 10:45:48,218 - GPU-7 - INFO -   [Cycle 6]
2025-10-27 10:45:48,219 - GPU-7 - DEBUG -     [Latent Recursive] Starting 1 steps of latent thinking
2025-10-27 10:45:48,265 - GPU-7 - DEBUG -       [Latent] Step 1/1
2025-10-27 10:45:48,437 - GPU-7 - DEBUG -       [After Latent Recursive] 1 tokens unmasked
2025-10-27 10:45:48,438 - GPU-7 - INFO -   [Cycle 7]
2025-10-27 10:45:48,438 - GPU-7 - DEBUG -     [Latent Recursive] Starting 1 steps of latent thinking
2025-10-27 10:45:48,484 - GPU-7 - DEBUG -       [Latent] Step 1/1
2025-10-27 10:45:48,657 - GPU-7 - DEBUG -       [After Latent Recursive] 1 tokens unmasked
2025-10-27 10:45:48,657 - GPU-7 - INFO -   [Cycle 8]
2025-10-27 10:45:48,657 - GPU-7 - DEBUG -     [Latent Recursive] Starting 1 steps of latent thinking
2025-10-27 10:45:48,703 - GPU-7 - DEBUG -       [Latent] Step 1/1
2025-10-27 10:45:48,876 - GPU-7 - DEBUG -       [After Latent Recursive] 1 tokens unmasked
2025-10-27 10:45:48,876 - GPU-7 - INFO -   [Cycle 9]
2025-10-27 10:45:48,876 - GPU-7 - DEBUG -     [Latent Recursive] Starting 1 steps of latent thinking
2025-10-27 10:45:48,922 - GPU-7 - DEBUG -       [Latent] Step 1/1
2025-10-27 10:45:49,094 - GPU-7 - DEBUG -       [After Latent Recursive] 1 tokens unmasked
2025-10-27 10:45:49,095 - GPU-7 - INFO -   [Cycle 10]
2025-10-27 10:45:49,095 - GPU-7 - DEBUG -     [Latent Recursive] Starting 1 steps of latent thinking
2025-10-27 10:45:49,141 - GPU-7 - DEBUG -       [Latent] Step 1/1
2025-10-27 10:45:49,314 - GPU-7 - DEBUG -       [After Latent Recursive] 1 tokens unmasked
2025-10-27 10:45:49,314 - GPU-7 - INFO -   [Cycle 11]
2025-10-27 10:45:49,314 - GPU-7 - DEBUG -     [Latent Recursive] Starting 1 steps of latent thinking
2025-10-27 10:45:49,360 - GPU-7 - DEBUG -       [Latent] Step 1/1
2025-10-27 10:45:49,532 - GPU-7 - DEBUG -       [After Latent Recursive] 1 tokens unmasked
2025-10-27 10:45:49,533 - GPU-7 - INFO -   [Cycle 12]
2025-10-27 10:45:49,533 - GPU-7 - DEBUG -     [Latent Recursive] Starting 1 steps of latent thinking
2025-10-27 10:45:49,579 - GPU-7 - DEBUG -       [Latent] Step 1/1
2025-10-27 10:45:49,751 - GPU-7 - DEBUG -       [After Latent Recursive] 1 tokens unmasked
2025-10-27 10:45:49,752 - GPU-7 - INFO -   [Cycle 13]
2025-10-27 10:45:49,752 - GPU-7 - DEBUG -     [Latent Recursive] Starting 1 steps of latent thinking
2025-10-27 10:45:49,798 - GPU-7 - DEBUG -       [Latent] Step 1/1
2025-10-27 10:45:49,970 - GPU-7 - DEBUG -       [After Latent Recursive] 1 tokens unmasked
2025-10-27 10:45:49,971 - GPU-7 - INFO -   [Cycle 14]
2025-10-27 10:45:49,971 - GPU-7 - DEBUG -     [Latent Recursive] Starting 1 steps of latent thinking
2025-10-27 10:45:50,017 - GPU-7 - DEBUG -       [Latent] Step 1/1
2025-10-27 10:45:50,190 - GPU-7 - DEBUG -       [After Latent Recursive] 1 tokens unmasked
2025-10-27 10:45:50,190 - GPU-7 - INFO -   [Cycle 15]
2025-10-27 10:45:50,190 - GPU-7 - DEBUG -     [Latent Recursive] Starting 1 steps of latent thinking
2025-10-27 10:45:50,236 - GPU-7 - DEBUG -       [Latent] Step 1/1
2025-10-27 10:45:50,409 - GPU-7 - DEBUG -       [After Latent Recursive] 1 tokens unmasked
2025-10-27 10:45:50,409 - GPU-7 - INFO -   [Cycle 16]
2025-10-27 10:45:50,409 - GPU-7 - DEBUG -     [Latent Recursive] Starting 1 steps of latent thinking
2025-10-27 10:45:50,455 - GPU-7 - DEBUG -       [Latent] Step 1/1
2025-10-27 10:45:50,628 - GPU-7 - DEBUG -       [After Latent Recursive] 1 tokens unmasked
2025-10-27 10:45:50,628 - GPU-7 - INFO -   [Cycle 17]
2025-10-27 10:45:50,628 - GPU-7 - DEBUG -     [Latent Recursive] Starting 1 steps of latent thinking
2025-10-27 10:45:50,674 - GPU-7 - DEBUG -       [Latent] Step 1/1
2025-10-27 10:45:50,847 - GPU-7 - DEBUG -       [After Latent Recursive] 1 tokens unmasked
2025-10-27 10:45:50,847 - GPU-7 - INFO -   [Cycle 18]
2025-10-27 10:45:50,848 - GPU-7 - DEBUG -     [Latent Recursive] Starting 1 steps of latent thinking
2025-10-27 10:45:50,893 - GPU-7 - DEBUG -       [Latent] Step 1/1
2025-10-27 10:45:51,065 - GPU-7 - DEBUG -       [After Latent Recursive] 1 tokens unmasked
2025-10-27 10:45:51,066 - GPU-7 - INFO -   [Cycle 19]
2025-10-27 10:45:51,066 - GPU-7 - DEBUG -     [Latent Recursive] Starting 1 steps of latent thinking
2025-10-27 10:45:51,112 - GPU-7 - DEBUG -       [Latent] Step 1/1
2025-10-27 10:45:51,283 - GPU-7 - DEBUG -       [After Latent Recursive] 1 tokens unmasked
2025-10-27 10:45:51,284 - GPU-7 - INFO -   [Cycle 20]
2025-10-27 10:45:51,284 - GPU-7 - DEBUG -     [Latent Recursive] Starting 1 steps of latent thinking
2025-10-27 10:45:51,330 - GPU-7 - DEBUG -       [Latent] Step 1/1
2025-10-27 10:45:51,502 - GPU-7 - DEBUG -       [After Latent Recursive] 1 tokens unmasked
2025-10-27 10:45:51,502 - GPU-7 - INFO -   [Cycle 21]
2025-10-27 10:45:51,502 - GPU-7 - DEBUG -     [Latent Recursive] Starting 1 steps of latent thinking
2025-10-27 10:45:51,548 - GPU-7 - DEBUG -       [Latent] Step 1/1
2025-10-27 10:45:51,720 - GPU-7 - DEBUG -       [After Latent Recursive] 1 tokens unmasked
2025-10-27 10:45:51,720 - GPU-7 - INFO -   [Cycle 22]
2025-10-27 10:45:51,720 - GPU-7 - DEBUG -     [Latent Recursive] Starting 1 steps of latent thinking
2025-10-27 10:45:51,766 - GPU-7 - DEBUG -       [Latent] Step 1/1
2025-10-27 10:45:51,938 - GPU-7 - DEBUG -       [After Latent Recursive] 1 tokens unmasked
2025-10-27 10:45:51,938 - GPU-7 - INFO -   [Cycle 23]
2025-10-27 10:45:51,939 - GPU-7 - DEBUG -     [Latent Recursive] Starting 1 steps of latent thinking
2025-10-27 10:45:51,984 - GPU-7 - DEBUG -       [Latent] Step 1/1
2025-10-27 10:45:52,156 - GPU-7 - DEBUG -       [After Latent Recursive] 1 tokens unmasked
2025-10-27 10:45:52,156 - GPU-7 - INFO -   [Cycle 24]
2025-10-27 10:45:52,157 - GPU-7 - DEBUG -     [Latent Recursive] Starting 1 steps of latent thinking
2025-10-27 10:45:52,203 - GPU-7 - DEBUG -       [Latent] Step 1/1
2025-10-27 10:45:52,375 - GPU-7 - DEBUG -       [After Latent Recursive] 1 tokens unmasked
2025-10-27 10:45:52,375 - GPU-7 - INFO -   [Cycle 25]
2025-10-27 10:45:52,375 - GPU-7 - DEBUG -     [Latent Recursive] Starting 1 steps of latent thinking
2025-10-27 10:45:52,421 - GPU-7 - DEBUG -       [Latent] Step 1/1
2025-10-27 10:45:52,593 - GPU-7 - DEBUG -       [After Latent Recursive] 1 tokens unmasked
2025-10-27 10:45:52,593 - GPU-7 - INFO -   [Cycle 26]
2025-10-27 10:45:52,594 - GPU-7 - DEBUG -     [Latent Recursive] Starting 1 steps of latent thinking
2025-10-27 10:45:52,640 - GPU-7 - DEBUG -       [Latent] Step 1/1
2025-10-27 10:45:52,811 - GPU-7 - DEBUG -       [After Latent Recursive] 1 tokens unmasked
2025-10-27 10:45:52,812 - GPU-7 - INFO -   [Cycle 27]
2025-10-27 10:45:52,812 - GPU-7 - DEBUG -     [Latent Recursive] Starting 1 steps of latent thinking
2025-10-27 10:45:52,858 - GPU-7 - DEBUG -       [Latent] Step 1/1
2025-10-27 10:45:53,030 - GPU-7 - DEBUG -       [After Latent Recursive] 1 tokens unmasked
2025-10-27 10:45:53,030 - GPU-7 - INFO -   [Cycle 28]
2025-10-27 10:45:53,030 - GPU-7 - DEBUG -     [Latent Recursive] Starting 1 steps of latent thinking
2025-10-27 10:45:53,076 - GPU-7 - DEBUG -       [Latent] Step 1/1
2025-10-27 10:45:53,248 - GPU-7 - DEBUG -       [After Latent Recursive] 1 tokens unmasked
2025-10-27 10:45:53,248 - GPU-7 - INFO -   [Cycle 29]
2025-10-27 10:45:53,248 - GPU-7 - DEBUG -     [Latent Recursive] Starting 1 steps of latent thinking
2025-10-27 10:45:53,294 - GPU-7 - DEBUG -       [Latent] Step 1/1
2025-10-27 10:45:53,466 - GPU-7 - DEBUG -       [After Latent Recursive] 1 tokens unmasked
2025-10-27 10:45:53,467 - GPU-7 - INFO -   [Cycle 30]
2025-10-27 10:45:53,467 - GPU-7 - DEBUG -     [Latent Recursive] Starting 1 steps of latent thinking
2025-10-27 10:45:53,513 - GPU-7 - DEBUG -       [Latent] Step 1/1
2025-10-27 10:45:53,685 - GPU-7 - DEBUG -       [After Latent Recursive] 1 tokens unmasked
2025-10-27 10:45:53,685 - GPU-7 - INFO -   [Cycle 31]
2025-10-27 10:45:53,685 - GPU-7 - DEBUG -     [Latent Recursive] Starting 1 steps of latent thinking
2025-10-27 10:45:53,731 - GPU-7 - DEBUG -       [Latent] Step 1/1
2025-10-27 10:45:53,903 - GPU-7 - DEBUG -       [After Latent Recursive] 1 tokens unmasked
2025-10-27 10:45:53,903 - GPU-7 - INFO - [Block 6/16] Processing tokens 235-267
2025-10-27 10:45:53,903 - GPU-7 - DEBUG - [Block 5] Before forward: use_cache=True, x.shape=torch.Size([1, 587])
2025-10-27 10:45:53,903 - GPU-7 - DEBUG - [Block 5] Model type: LLaDAModelLM
2025-10-27 10:45:53,904 - GPU-7 - DEBUG - [Block 5] Model config use_cache: True
2025-10-27 10:45:53,926 - GPU-7 - DEBUG - [Block 5] After forward: pkv is None? False
2025-10-27 10:45:53,926 - GPU-7 - DEBUG - [Block 5] out type: CausalLMOutputWithPast
2025-10-27 10:45:53,927 - GPU-7 - DEBUG - [Block 5] pkv type: <class 'list'>, len: 32
2025-10-27 10:45:53,927 - GPU-7 - DEBUG - [Block 5] pkv[0] type: <class 'tuple'>, len: 2
2025-10-27 10:45:53,927 - GPU-7 - DEBUG - [Block 5] pkv[0][0].shape: torch.Size([1, 32, 587, 128])
2025-10-27 10:45:54,016 - GPU-7 - INFO -   [Initial Forward] 1 tokens unmasked
2025-10-27 10:45:54,016 - GPU-7 - INFO -   [Cycle 1]
2025-10-27 10:45:54,016 - GPU-7 - DEBUG -     [Latent Recursive] Starting 1 steps of latent thinking
2025-10-27 10:45:54,063 - GPU-7 - DEBUG -       [Latent] Step 1/1
2025-10-27 10:45:54,234 - GPU-7 - DEBUG -       [After Latent Recursive] 1 tokens unmasked
2025-10-27 10:45:54,234 - GPU-7 - INFO -   [Cycle 2]
2025-10-27 10:45:54,234 - GPU-7 - DEBUG -     [Latent Recursive] Starting 1 steps of latent thinking
2025-10-27 10:45:54,280 - GPU-7 - DEBUG -       [Latent] Step 1/1
2025-10-27 10:45:54,452 - GPU-7 - DEBUG -       [After Latent Recursive] 1 tokens unmasked
2025-10-27 10:45:54,452 - GPU-7 - INFO -   [Cycle 3]
2025-10-27 10:45:54,452 - GPU-7 - DEBUG -     [Latent Recursive] Starting 1 steps of latent thinking
2025-10-27 10:45:54,498 - GPU-7 - DEBUG -       [Latent] Step 1/1
2025-10-27 10:45:54,669 - GPU-7 - DEBUG -       [After Latent Recursive] 1 tokens unmasked
2025-10-27 10:45:54,669 - GPU-7 - INFO -   [Cycle 4]
2025-10-27 10:45:54,670 - GPU-7 - DEBUG -     [Latent Recursive] Starting 1 steps of latent thinking
2025-10-27 10:45:54,715 - GPU-7 - DEBUG -       [Latent] Step 1/1
2025-10-27 10:45:54,886 - GPU-7 - DEBUG -       [After Latent Recursive] 1 tokens unmasked
2025-10-27 10:45:54,887 - GPU-7 - INFO -   [Cycle 5]
2025-10-27 10:45:54,887 - GPU-7 - DEBUG -     [Latent Recursive] Starting 1 steps of latent thinking
2025-10-27 10:45:54,933 - GPU-7 - DEBUG -       [Latent] Step 1/1
2025-10-27 10:45:55,104 - GPU-7 - DEBUG -       [After Latent Recursive] 1 tokens unmasked
2025-10-27 10:45:55,104 - GPU-7 - INFO -   [Cycle 6]
2025-10-27 10:45:55,104 - GPU-7 - DEBUG -     [Latent Recursive] Starting 1 steps of latent thinking
2025-10-27 10:45:55,150 - GPU-7 - DEBUG -       [Latent] Step 1/1
2025-10-27 10:45:55,321 - GPU-7 - DEBUG -       [After Latent Recursive] 1 tokens unmasked
2025-10-27 10:45:55,321 - GPU-7 - INFO -   [Cycle 7]
2025-10-27 10:45:55,322 - GPU-7 - DEBUG -     [Latent Recursive] Starting 1 steps of latent thinking
2025-10-27 10:45:55,367 - GPU-7 - DEBUG -       [Latent] Step 1/1
2025-10-27 10:45:55,538 - GPU-7 - DEBUG -       [After Latent Recursive] 1 tokens unmasked
2025-10-27 10:45:55,539 - GPU-7 - INFO -   [Cycle 8]
2025-10-27 10:45:55,539 - GPU-7 - DEBUG -     [Latent Recursive] Starting 1 steps of latent thinking
2025-10-27 10:45:55,585 - GPU-7 - DEBUG -       [Latent] Step 1/1
2025-10-27 10:45:55,756 - GPU-7 - DEBUG -       [After Latent Recursive] 1 tokens unmasked
2025-10-27 10:45:55,756 - GPU-7 - INFO -   [Cycle 9]
2025-10-27 10:45:55,757 - GPU-7 - DEBUG -     [Latent Recursive] Starting 1 steps of latent thinking
2025-10-27 10:45:55,803 - GPU-7 - DEBUG -       [Latent] Step 1/1
2025-10-27 10:45:55,974 - GPU-7 - DEBUG -       [After Latent Recursive] 1 tokens unmasked
2025-10-27 10:45:55,974 - GPU-7 - INFO -   [Cycle 10]
2025-10-27 10:45:55,974 - GPU-7 - DEBUG -     [Latent Recursive] Starting 1 steps of latent thinking
2025-10-27 10:45:56,020 - GPU-7 - DEBUG -       [Latent] Step 1/1
2025-10-27 10:45:56,191 - GPU-7 - DEBUG -       [After Latent Recursive] 1 tokens unmasked
2025-10-27 10:45:56,192 - GPU-7 - INFO -   [Cycle 11]
2025-10-27 10:45:56,192 - GPU-7 - DEBUG -     [Latent Recursive] Starting 1 steps of latent thinking
2025-10-27 10:45:56,238 - GPU-7 - DEBUG -       [Latent] Step 1/1
2025-10-27 10:45:56,409 - GPU-7 - DEBUG -       [After Latent Recursive] 1 tokens unmasked
2025-10-27 10:45:56,409 - GPU-7 - INFO -   [Cycle 12]
2025-10-27 10:45:56,409 - GPU-7 - DEBUG -     [Latent Recursive] Starting 1 steps of latent thinking
2025-10-27 10:45:56,456 - GPU-7 - DEBUG -       [Latent] Step 1/1
2025-10-27 10:45:56,627 - GPU-7 - DEBUG -       [After Latent Recursive] 1 tokens unmasked
2025-10-27 10:45:56,627 - GPU-7 - INFO -   [Cycle 13]
2025-10-27 10:45:56,627 - GPU-7 - DEBUG -     [Latent Recursive] Starting 1 steps of latent thinking
2025-10-27 10:45:56,673 - GPU-7 - DEBUG -       [Latent] Step 1/1
2025-10-27 10:45:56,844 - GPU-7 - DEBUG -       [After Latent Recursive] 1 tokens unmasked
2025-10-27 10:45:56,844 - GPU-7 - INFO -   [Cycle 14]
2025-10-27 10:45:56,845 - GPU-7 - DEBUG -     [Latent Recursive] Starting 1 steps of latent thinking
2025-10-27 10:45:56,891 - GPU-7 - DEBUG -       [Latent] Step 1/1
2025-10-27 10:45:57,062 - GPU-7 - DEBUG -       [After Latent Recursive] 1 tokens unmasked
2025-10-27 10:45:57,062 - GPU-7 - INFO -   [Cycle 15]
2025-10-27 10:45:57,063 - GPU-7 - DEBUG -     [Latent Recursive] Starting 1 steps of latent thinking
2025-10-27 10:45:57,108 - GPU-7 - DEBUG -       [Latent] Step 1/1
2025-10-27 10:45:57,279 - GPU-7 - DEBUG -       [After Latent Recursive] 1 tokens unmasked
2025-10-27 10:45:57,280 - GPU-7 - INFO -   [Cycle 16]
2025-10-27 10:45:57,280 - GPU-7 - DEBUG -     [Latent Recursive] Starting 1 steps of latent thinking
2025-10-27 10:45:57,326 - GPU-7 - DEBUG -       [Latent] Step 1/1
2025-10-27 10:45:57,496 - GPU-7 - DEBUG -       [After Latent Recursive] 1 tokens unmasked
2025-10-27 10:45:57,497 - GPU-7 - INFO -   [Cycle 17]
2025-10-27 10:45:57,497 - GPU-7 - DEBUG -     [Latent Recursive] Starting 1 steps of latent thinking
2025-10-27 10:45:57,543 - GPU-7 - DEBUG -       [Latent] Step 1/1
2025-10-27 10:45:57,714 - GPU-7 - DEBUG -       [After Latent Recursive] 1 tokens unmasked
2025-10-27 10:45:57,715 - GPU-7 - INFO -   [Cycle 18]
2025-10-27 10:45:57,715 - GPU-7 - DEBUG -     [Latent Recursive] Starting 1 steps of latent thinking
2025-10-27 10:45:57,761 - GPU-7 - DEBUG -       [Latent] Step 1/1
2025-10-27 10:45:57,932 - GPU-7 - DEBUG -       [After Latent Recursive] 1 tokens unmasked
2025-10-27 10:45:57,932 - GPU-7 - INFO -   [Cycle 19]
2025-10-27 10:45:57,932 - GPU-7 - DEBUG -     [Latent Recursive] Starting 1 steps of latent thinking
2025-10-27 10:45:57,978 - GPU-7 - DEBUG -       [Latent] Step 1/1
2025-10-27 10:45:58,149 - GPU-7 - DEBUG -       [After Latent Recursive] 1 tokens unmasked
2025-10-27 10:45:58,149 - GPU-7 - INFO -   [Cycle 20]
2025-10-27 10:45:58,149 - GPU-7 - DEBUG -     [Latent Recursive] Starting 1 steps of latent thinking
2025-10-27 10:45:58,195 - GPU-7 - DEBUG -       [Latent] Step 1/1
2025-10-27 10:45:58,366 - GPU-7 - DEBUG -       [After Latent Recursive] 1 tokens unmasked
2025-10-27 10:45:58,367 - GPU-7 - INFO -   [Cycle 21]
2025-10-27 10:45:58,367 - GPU-7 - DEBUG -     [Latent Recursive] Starting 1 steps of latent thinking
2025-10-27 10:45:58,413 - GPU-7 - DEBUG -       [Latent] Step 1/1
2025-10-27 10:45:58,584 - GPU-7 - DEBUG -       [After Latent Recursive] 1 tokens unmasked
2025-10-27 10:45:58,584 - GPU-7 - INFO -   [Cycle 22]
2025-10-27 10:45:58,585 - GPU-7 - DEBUG -     [Latent Recursive] Starting 1 steps of latent thinking
2025-10-27 10:45:58,630 - GPU-7 - DEBUG -       [Latent] Step 1/1
2025-10-27 10:45:58,801 - GPU-7 - DEBUG -       [After Latent Recursive] 1 tokens unmasked
2025-10-27 10:45:58,802 - GPU-7 - INFO -   [Cycle 23]
2025-10-27 10:45:58,802 - GPU-7 - DEBUG -     [Latent Recursive] Starting 1 steps of latent thinking
2025-10-27 10:45:58,848 - GPU-7 - DEBUG -       [Latent] Step 1/1
2025-10-27 10:45:59,019 - GPU-7 - DEBUG -       [After Latent Recursive] 1 tokens unmasked
2025-10-27 10:45:59,019 - GPU-7 - INFO -   [Cycle 24]
2025-10-27 10:45:59,019 - GPU-7 - DEBUG -     [Latent Recursive] Starting 1 steps of latent thinking
2025-10-27 10:45:59,065 - GPU-7 - DEBUG -       [Latent] Step 1/1
2025-10-27 10:45:59,236 - GPU-7 - DEBUG -       [After Latent Recursive] 1 tokens unmasked
2025-10-27 10:45:59,236 - GPU-7 - INFO -   [Cycle 25]
2025-10-27 10:45:59,236 - GPU-7 - DEBUG -     [Latent Recursive] Starting 1 steps of latent thinking
2025-10-27 10:45:59,282 - GPU-7 - DEBUG -       [Latent] Step 1/1
2025-10-27 10:45:59,453 - GPU-7 - DEBUG -       [After Latent Recursive] 1 tokens unmasked
2025-10-27 10:45:59,454 - GPU-7 - INFO -   [Cycle 26]
2025-10-27 10:45:59,454 - GPU-7 - DEBUG -     [Latent Recursive] Starting 1 steps of latent thinking
2025-10-27 10:45:59,500 - GPU-7 - DEBUG -       [Latent] Step 1/1
2025-10-27 10:45:59,671 - GPU-7 - DEBUG -       [After Latent Recursive] 1 tokens unmasked
2025-10-27 10:45:59,671 - GPU-7 - INFO -   [Cycle 27]
2025-10-27 10:45:59,671 - GPU-7 - DEBUG -     [Latent Recursive] Starting 1 steps of latent thinking
2025-10-27 10:45:59,717 - GPU-7 - DEBUG -       [Latent] Step 1/1
2025-10-27 10:45:59,888 - GPU-7 - DEBUG -       [After Latent Recursive] 1 tokens unmasked
2025-10-27 10:45:59,888 - GPU-7 - INFO -   [Cycle 28]
2025-10-27 10:45:59,889 - GPU-7 - DEBUG -     [Latent Recursive] Starting 1 steps of latent thinking
2025-10-27 10:45:59,935 - GPU-7 - DEBUG -       [Latent] Step 1/1
2025-10-27 10:46:00,106 - GPU-7 - DEBUG -       [After Latent Recursive] 1 tokens unmasked
2025-10-27 10:46:00,106 - GPU-7 - INFO -   [Cycle 29]
2025-10-27 10:46:00,106 - GPU-7 - DEBUG -     [Latent Recursive] Starting 1 steps of latent thinking
2025-10-27 10:46:00,152 - GPU-7 - DEBUG -       [Latent] Step 1/1
2025-10-27 10:46:00,323 - GPU-7 - DEBUG -       [After Latent Recursive] 1 tokens unmasked
2025-10-27 10:46:00,324 - GPU-7 - INFO -   [Cycle 30]
2025-10-27 10:46:00,324 - GPU-7 - DEBUG -     [Latent Recursive] Starting 1 steps of latent thinking
2025-10-27 10:46:00,370 - GPU-7 - DEBUG -       [Latent] Step 1/1
2025-10-27 10:46:00,541 - GPU-7 - DEBUG -       [After Latent Recursive] 1 tokens unmasked
2025-10-27 10:46:00,542 - GPU-7 - INFO -   [Cycle 31]
2025-10-27 10:46:00,542 - GPU-7 - DEBUG -     [Latent Recursive] Starting 1 steps of latent thinking
2025-10-27 10:46:00,588 - GPU-7 - DEBUG -       [Latent] Step 1/1
2025-10-27 10:46:00,759 - GPU-7 - DEBUG -       [After Latent Recursive] 1 tokens unmasked
2025-10-27 10:46:00,760 - GPU-7 - INFO - [Block 7/16] Processing tokens 267-299
2025-10-27 10:46:00,760 - GPU-7 - DEBUG - [Block 6] Before forward: use_cache=True, x.shape=torch.Size([1, 587])
2025-10-27 10:46:00,760 - GPU-7 - DEBUG - [Block 6] Model type: LLaDAModelLM
2025-10-27 10:46:00,760 - GPU-7 - DEBUG - [Block 6] Model config use_cache: True
2025-10-27 10:46:00,783 - GPU-7 - DEBUG - [Block 6] After forward: pkv is None? False
2025-10-27 10:46:00,783 - GPU-7 - DEBUG - [Block 6] out type: CausalLMOutputWithPast
2025-10-27 10:46:00,783 - GPU-7 - DEBUG - [Block 6] pkv type: <class 'list'>, len: 32
2025-10-27 10:46:00,783 - GPU-7 - DEBUG - [Block 6] pkv[0] type: <class 'tuple'>, len: 2
2025-10-27 10:46:00,783 - GPU-7 - DEBUG - [Block 6] pkv[0][0].shape: torch.Size([1, 32, 587, 128])
2025-10-27 10:46:00,872 - GPU-7 - INFO -   [Initial Forward] 1 tokens unmasked
2025-10-27 10:46:00,872 - GPU-7 - INFO -   [Cycle 1]
2025-10-27 10:46:00,873 - GPU-7 - DEBUG -     [Latent Recursive] Starting 1 steps of latent thinking
2025-10-27 10:46:00,919 - GPU-7 - DEBUG -       [Latent] Step 1/1
2025-10-27 10:46:01,089 - GPU-7 - DEBUG -       [After Latent Recursive] 1 tokens unmasked
2025-10-27 10:46:01,089 - GPU-7 - INFO -   [Cycle 2]
2025-10-27 10:46:01,089 - GPU-7 - DEBUG -     [Latent Recursive] Starting 1 steps of latent thinking
2025-10-27 10:46:01,136 - GPU-7 - DEBUG -       [Latent] Step 1/1
2025-10-27 10:46:01,306 - GPU-7 - DEBUG -       [After Latent Recursive] 1 tokens unmasked
2025-10-27 10:46:01,306 - GPU-7 - INFO -   [Cycle 3]
2025-10-27 10:46:01,306 - GPU-7 - DEBUG -     [Latent Recursive] Starting 1 steps of latent thinking
2025-10-27 10:46:01,352 - GPU-7 - DEBUG -       [Latent] Step 1/1
2025-10-27 10:46:01,522 - GPU-7 - DEBUG -       [After Latent Recursive] 1 tokens unmasked
2025-10-27 10:46:01,522 - GPU-7 - INFO -   [Cycle 4]
2025-10-27 10:46:01,523 - GPU-7 - DEBUG -     [Latent Recursive] Starting 1 steps of latent thinking
2025-10-27 10:46:01,568 - GPU-7 - DEBUG -       [Latent] Step 1/1
2025-10-27 10:46:01,739 - GPU-7 - DEBUG -       [After Latent Recursive] 1 tokens unmasked
2025-10-27 10:46:01,739 - GPU-7 - INFO -   [Cycle 5]
2025-10-27 10:46:01,739 - GPU-7 - DEBUG -     [Latent Recursive] Starting 1 steps of latent thinking
2025-10-27 10:46:01,785 - GPU-7 - DEBUG -       [Latent] Step 1/1
2025-10-27 10:46:01,956 - GPU-7 - DEBUG -       [After Latent Recursive] 1 tokens unmasked
2025-10-27 10:46:01,956 - GPU-7 - INFO -   [Cycle 6]
2025-10-27 10:46:01,956 - GPU-7 - DEBUG -     [Latent Recursive] Starting 1 steps of latent thinking
2025-10-27 10:46:02,002 - GPU-7 - DEBUG -       [Latent] Step 1/1
2025-10-27 10:46:02,172 - GPU-7 - DEBUG -       [After Latent Recursive] 1 tokens unmasked
2025-10-27 10:46:02,172 - GPU-7 - INFO -   [Cycle 7]
2025-10-27 10:46:02,173 - GPU-7 - DEBUG -     [Latent Recursive] Starting 1 steps of latent thinking
2025-10-27 10:46:02,219 - GPU-7 - DEBUG -       [Latent] Step 1/1
2025-10-27 10:46:02,389 - GPU-7 - DEBUG -       [After Latent Recursive] 1 tokens unmasked
2025-10-27 10:46:02,389 - GPU-7 - INFO -   [Cycle 8]
2025-10-27 10:46:02,390 - GPU-7 - DEBUG -     [Latent Recursive] Starting 1 steps of latent thinking
2025-10-27 10:46:02,436 - GPU-7 - DEBUG -       [Latent] Step 1/1
2025-10-27 10:46:02,606 - GPU-7 - DEBUG -       [After Latent Recursive] 1 tokens unmasked
2025-10-27 10:46:02,607 - GPU-7 - INFO -   [Cycle 9]
2025-10-27 10:46:02,607 - GPU-7 - DEBUG -     [Latent Recursive] Starting 1 steps of latent thinking
2025-10-27 10:46:02,653 - GPU-7 - DEBUG -       [Latent] Step 1/1
2025-10-27 10:46:02,823 - GPU-7 - DEBUG -       [After Latent Recursive] 1 tokens unmasked
2025-10-27 10:46:02,823 - GPU-7 - INFO -   [Cycle 10]
2025-10-27 10:46:02,823 - GPU-7 - DEBUG -     [Latent Recursive] Starting 1 steps of latent thinking
2025-10-27 10:46:02,869 - GPU-7 - DEBUG -       [Latent] Step 1/1
2025-10-27 10:46:03,039 - GPU-7 - DEBUG -       [After Latent Recursive] 1 tokens unmasked
2025-10-27 10:46:03,040 - GPU-7 - INFO -   [Cycle 11]
2025-10-27 10:46:03,040 - GPU-7 - DEBUG -     [Latent Recursive] Starting 1 steps of latent thinking
2025-10-27 10:46:03,086 - GPU-7 - DEBUG -       [Latent] Step 1/1
2025-10-27 10:46:03,256 - GPU-7 - DEBUG -       [After Latent Recursive] 1 tokens unmasked
2025-10-27 10:46:03,256 - GPU-7 - INFO -   [Cycle 12]
2025-10-27 10:46:03,257 - GPU-7 - DEBUG -     [Latent Recursive] Starting 1 steps of latent thinking
2025-10-27 10:46:03,302 - GPU-7 - DEBUG -       [Latent] Step 1/1
2025-10-27 10:46:03,472 - GPU-7 - DEBUG -       [After Latent Recursive] 1 tokens unmasked
2025-10-27 10:46:03,473 - GPU-7 - INFO -   [Cycle 13]
2025-10-27 10:46:03,473 - GPU-7 - DEBUG -     [Latent Recursive] Starting 1 steps of latent thinking
2025-10-27 10:46:03,519 - GPU-7 - DEBUG -       [Latent] Step 1/1
2025-10-27 10:46:03,689 - GPU-7 - DEBUG -       [After Latent Recursive] 1 tokens unmasked
2025-10-27 10:46:03,689 - GPU-7 - INFO -   [Cycle 14]
2025-10-27 10:46:03,690 - GPU-7 - DEBUG -     [Latent Recursive] Starting 1 steps of latent thinking
2025-10-27 10:46:03,736 - GPU-7 - DEBUG -       [Latent] Step 1/1
2025-10-27 10:46:03,906 - GPU-7 - DEBUG -       [After Latent Recursive] 1 tokens unmasked
2025-10-27 10:46:03,906 - GPU-7 - INFO -   [Cycle 15]
2025-10-27 10:46:03,906 - GPU-7 - DEBUG -     [Latent Recursive] Starting 1 steps of latent thinking
2025-10-27 10:46:03,952 - GPU-7 - DEBUG -       [Latent] Step 1/1
2025-10-27 10:46:04,122 - GPU-7 - DEBUG -       [After Latent Recursive] 1 tokens unmasked
2025-10-27 10:46:04,123 - GPU-7 - INFO -   [Cycle 16]
2025-10-27 10:46:04,123 - GPU-7 - DEBUG -     [Latent Recursive] Starting 1 steps of latent thinking
2025-10-27 10:46:04,169 - GPU-7 - DEBUG -       [Latent] Step 1/1
2025-10-27 10:46:04,339 - GPU-7 - DEBUG -       [After Latent Recursive] 1 tokens unmasked
2025-10-27 10:46:04,339 - GPU-7 - INFO -   [Cycle 17]
2025-10-27 10:46:04,339 - GPU-7 - DEBUG -     [Latent Recursive] Starting 1 steps of latent thinking
2025-10-27 10:46:04,386 - GPU-7 - DEBUG -       [Latent] Step 1/1
2025-10-27 10:46:04,555 - GPU-7 - DEBUG -       [After Latent Recursive] 1 tokens unmasked
2025-10-27 10:46:04,556 - GPU-7 - INFO -   [Cycle 18]
2025-10-27 10:46:04,556 - GPU-7 - DEBUG -     [Latent Recursive] Starting 1 steps of latent thinking
2025-10-27 10:46:04,602 - GPU-7 - DEBUG -       [Latent] Step 1/1
2025-10-27 10:46:04,772 - GPU-7 - DEBUG -       [After Latent Recursive] 1 tokens unmasked
2025-10-27 10:46:04,773 - GPU-7 - INFO -   [Cycle 19]
2025-10-27 10:46:04,773 - GPU-7 - DEBUG -     [Latent Recursive] Starting 1 steps of latent thinking
2025-10-27 10:46:04,819 - GPU-7 - DEBUG -       [Latent] Step 1/1
2025-10-27 10:46:04,989 - GPU-7 - DEBUG -       [After Latent Recursive] 1 tokens unmasked
2025-10-27 10:46:04,990 - GPU-7 - INFO -   [Cycle 20]
2025-10-27 10:46:04,990 - GPU-7 - DEBUG -     [Latent Recursive] Starting 1 steps of latent thinking
2025-10-27 10:46:05,036 - GPU-7 - DEBUG -       [Latent] Step 1/1
2025-10-27 10:46:05,206 - GPU-7 - DEBUG -       [After Latent Recursive] 1 tokens unmasked
2025-10-27 10:46:05,206 - GPU-7 - INFO -   [Cycle 21]
2025-10-27 10:46:05,207 - GPU-7 - DEBUG -     [Latent Recursive] Starting 1 steps of latent thinking
2025-10-27 10:46:05,253 - GPU-7 - DEBUG -       [Latent] Step 1/1
2025-10-27 10:46:05,423 - GPU-7 - DEBUG -       [After Latent Recursive] 1 tokens unmasked
2025-10-27 10:46:05,423 - GPU-7 - INFO -   [Cycle 22]
2025-10-27 10:46:05,424 - GPU-7 - DEBUG -     [Latent Recursive] Starting 1 steps of latent thinking
2025-10-27 10:46:05,470 - GPU-7 - DEBUG -       [Latent] Step 1/1
2025-10-27 10:46:05,640 - GPU-7 - DEBUG -       [After Latent Recursive] 1 tokens unmasked
2025-10-27 10:46:05,640 - GPU-7 - INFO -   [Cycle 23]
2025-10-27 10:46:05,641 - GPU-7 - DEBUG -     [Latent Recursive] Starting 1 steps of latent thinking
2025-10-27 10:46:05,687 - GPU-7 - DEBUG -       [Latent] Step 1/1
2025-10-27 10:46:05,857 - GPU-7 - DEBUG -       [After Latent Recursive] 1 tokens unmasked
2025-10-27 10:46:05,858 - GPU-7 - INFO -   [Cycle 24]
2025-10-27 10:46:05,858 - GPU-7 - DEBUG -     [Latent Recursive] Starting 1 steps of latent thinking
2025-10-27 10:46:05,904 - GPU-7 - DEBUG -       [Latent] Step 1/1
2025-10-27 10:46:06,074 - GPU-7 - DEBUG -       [After Latent Recursive] 1 tokens unmasked
2025-10-27 10:46:06,074 - GPU-7 - INFO -   [Cycle 25]
2025-10-27 10:46:06,075 - GPU-7 - DEBUG -     [Latent Recursive] Starting 1 steps of latent thinking
2025-10-27 10:46:06,121 - GPU-7 - DEBUG -       [Latent] Step 1/1
2025-10-27 10:46:06,291 - GPU-7 - DEBUG -       [After Latent Recursive] 1 tokens unmasked
2025-10-27 10:46:06,291 - GPU-7 - INFO -   [Cycle 26]
2025-10-27 10:46:06,292 - GPU-7 - DEBUG -     [Latent Recursive] Starting 1 steps of latent thinking
2025-10-27 10:46:06,338 - GPU-7 - DEBUG -       [Latent] Step 1/1
2025-10-27 10:46:06,508 - GPU-7 - DEBUG -       [After Latent Recursive] 1 tokens unmasked
2025-10-27 10:46:06,508 - GPU-7 - INFO -   [Cycle 27]
2025-10-27 10:46:06,508 - GPU-7 - DEBUG -     [Latent Recursive] Starting 1 steps of latent thinking
2025-10-27 10:46:06,554 - GPU-7 - DEBUG -       [Latent] Step 1/1
2025-10-27 10:46:06,724 - GPU-7 - DEBUG -       [After Latent Recursive] 1 tokens unmasked
2025-10-27 10:46:06,724 - GPU-7 - INFO -   [Cycle 28]
2025-10-27 10:46:06,724 - GPU-7 - DEBUG -     [Latent Recursive] Starting 1 steps of latent thinking
2025-10-27 10:46:06,770 - GPU-7 - DEBUG -       [Latent] Step 1/1
2025-10-27 10:46:06,940 - GPU-7 - DEBUG -       [After Latent Recursive] 1 tokens unmasked
2025-10-27 10:46:06,941 - GPU-7 - INFO -   [Cycle 29]
2025-10-27 10:46:06,941 - GPU-7 - DEBUG -     [Latent Recursive] Starting 1 steps of latent thinking
2025-10-27 10:46:06,987 - GPU-7 - DEBUG -       [Latent] Step 1/1
2025-10-27 10:46:07,157 - GPU-7 - DEBUG -       [After Latent Recursive] 1 tokens unmasked
2025-10-27 10:46:07,157 - GPU-7 - INFO -   [Cycle 30]
2025-10-27 10:46:07,158 - GPU-7 - DEBUG -     [Latent Recursive] Starting 1 steps of latent thinking
2025-10-27 10:46:07,204 - GPU-7 - DEBUG -       [Latent] Step 1/1
2025-10-27 10:46:07,374 - GPU-7 - DEBUG -       [After Latent Recursive] 1 tokens unmasked
2025-10-27 10:46:07,374 - GPU-7 - INFO -   [Cycle 31]
2025-10-27 10:46:07,374 - GPU-7 - DEBUG -     [Latent Recursive] Starting 1 steps of latent thinking
2025-10-27 10:46:07,420 - GPU-7 - DEBUG -       [Latent] Step 1/1
2025-10-27 10:46:07,590 - GPU-7 - DEBUG -       [After Latent Recursive] 1 tokens unmasked
2025-10-27 10:46:07,591 - GPU-7 - INFO - [Block 8/16] Processing tokens 299-331
2025-10-27 10:46:07,591 - GPU-7 - DEBUG - [Block 7] Before forward: use_cache=True, x.shape=torch.Size([1, 587])
2025-10-27 10:46:07,591 - GPU-7 - DEBUG - [Block 7] Model type: LLaDAModelLM
2025-10-27 10:46:07,591 - GPU-7 - DEBUG - [Block 7] Model config use_cache: True
2025-10-27 10:46:07,614 - GPU-7 - DEBUG - [Block 7] After forward: pkv is None? False
2025-10-27 10:46:07,614 - GPU-7 - DEBUG - [Block 7] out type: CausalLMOutputWithPast
2025-10-27 10:46:07,614 - GPU-7 - DEBUG - [Block 7] pkv type: <class 'list'>, len: 32
2025-10-27 10:46:07,614 - GPU-7 - DEBUG - [Block 7] pkv[0] type: <class 'tuple'>, len: 2
2025-10-27 10:46:07,614 - GPU-7 - DEBUG - [Block 7] pkv[0][0].shape: torch.Size([1, 32, 587, 128])
2025-10-27 10:46:07,703 - GPU-7 - INFO -   [Initial Forward] 1 tokens unmasked
2025-10-27 10:46:07,703 - GPU-7 - INFO -   [Cycle 1]
2025-10-27 10:46:07,703 - GPU-7 - DEBUG -     [Latent Recursive] Starting 1 steps of latent thinking
2025-10-27 10:46:07,750 - GPU-7 - DEBUG -       [Latent] Step 1/1
2025-10-27 10:46:07,918 - GPU-7 - DEBUG -       [After Latent Recursive] 1 tokens unmasked
2025-10-27 10:46:07,918 - GPU-7 - INFO -   [Cycle 2]
2025-10-27 10:46:07,918 - GPU-7 - DEBUG -     [Latent Recursive] Starting 1 steps of latent thinking
2025-10-27 10:46:07,964 - GPU-7 - DEBUG -       [Latent] Step 1/1
2025-10-27 10:46:08,132 - GPU-7 - DEBUG -       [After Latent Recursive] 1 tokens unmasked
2025-10-27 10:46:08,132 - GPU-7 - INFO -   [Cycle 3]
2025-10-27 10:46:08,132 - GPU-7 - DEBUG -     [Latent Recursive] Starting 1 steps of latent thinking
2025-10-27 10:46:08,178 - GPU-7 - DEBUG -       [Latent] Step 1/1
2025-10-27 10:46:08,346 - GPU-7 - DEBUG -       [After Latent Recursive] 1 tokens unmasked
2025-10-27 10:46:08,347 - GPU-7 - INFO -   [Cycle 4]
2025-10-27 10:46:08,347 - GPU-7 - DEBUG -     [Latent Recursive] Starting 1 steps of latent thinking
2025-10-27 10:46:08,393 - GPU-7 - DEBUG -       [Latent] Step 1/1
2025-10-27 10:46:08,561 - GPU-7 - DEBUG -       [After Latent Recursive] 1 tokens unmasked
2025-10-27 10:46:08,561 - GPU-7 - INFO -   [Cycle 5]
2025-10-27 10:46:08,561 - GPU-7 - DEBUG -     [Latent Recursive] Starting 1 steps of latent thinking
2025-10-27 10:46:08,607 - GPU-7 - DEBUG -       [Latent] Step 1/1
2025-10-27 10:46:08,775 - GPU-7 - DEBUG -       [After Latent Recursive] 1 tokens unmasked
2025-10-27 10:46:08,776 - GPU-7 - INFO -   [Cycle 6]
2025-10-27 10:46:08,776 - GPU-7 - DEBUG -     [Latent Recursive] Starting 1 steps of latent thinking
2025-10-27 10:46:08,823 - GPU-7 - DEBUG -       [Latent] Step 1/1
2025-10-27 10:46:08,991 - GPU-7 - DEBUG -       [After Latent Recursive] 1 tokens unmasked
2025-10-27 10:46:08,991 - GPU-7 - INFO -   [Cycle 7]
2025-10-27 10:46:08,991 - GPU-7 - DEBUG -     [Latent Recursive] Starting 1 steps of latent thinking
2025-10-27 10:46:09,037 - GPU-7 - DEBUG -       [Latent] Step 1/1
2025-10-27 10:46:09,205 - GPU-7 - DEBUG -       [After Latent Recursive] 1 tokens unmasked
2025-10-27 10:46:09,205 - GPU-7 - INFO -   [Cycle 8]
2025-10-27 10:46:09,206 - GPU-7 - DEBUG -     [Latent Recursive] Starting 1 steps of latent thinking
2025-10-27 10:46:09,251 - GPU-7 - DEBUG -       [Latent] Step 1/1
2025-10-27 10:46:09,419 - GPU-7 - DEBUG -       [After Latent Recursive] 1 tokens unmasked
2025-10-27 10:46:09,420 - GPU-7 - INFO -   [Cycle 9]
2025-10-27 10:46:09,420 - GPU-7 - DEBUG -     [Latent Recursive] Starting 1 steps of latent thinking
2025-10-27 10:46:09,466 - GPU-7 - DEBUG -       [Latent] Step 1/1
2025-10-27 10:46:09,634 - GPU-7 - DEBUG -       [After Latent Recursive] 1 tokens unmasked
2025-10-27 10:46:09,634 - GPU-7 - INFO -   [Cycle 10]
2025-10-27 10:46:09,635 - GPU-7 - DEBUG -     [Latent Recursive] Starting 1 steps of latent thinking
2025-10-27 10:46:09,680 - GPU-7 - DEBUG -       [Latent] Step 1/1
2025-10-27 10:46:09,848 - GPU-7 - DEBUG -       [After Latent Recursive] 1 tokens unmasked
2025-10-27 10:46:09,848 - GPU-7 - INFO -   [Cycle 11]
2025-10-27 10:46:09,849 - GPU-7 - DEBUG -     [Latent Recursive] Starting 1 steps of latent thinking
2025-10-27 10:46:09,894 - GPU-7 - DEBUG -       [Latent] Step 1/1
2025-10-27 10:46:10,063 - GPU-7 - DEBUG -       [After Latent Recursive] 1 tokens unmasked
2025-10-27 10:46:10,063 - GPU-7 - INFO -   [Cycle 12]
2025-10-27 10:46:10,063 - GPU-7 - DEBUG -     [Latent Recursive] Starting 1 steps of latent thinking
2025-10-27 10:46:10,109 - GPU-7 - DEBUG -       [Latent] Step 1/1
2025-10-27 10:46:10,277 - GPU-7 - DEBUG -       [After Latent Recursive] 1 tokens unmasked
2025-10-27 10:46:10,277 - GPU-7 - INFO -   [Cycle 13]
2025-10-27 10:46:10,277 - GPU-7 - DEBUG -     [Latent Recursive] Starting 1 steps of latent thinking
2025-10-27 10:46:10,323 - GPU-7 - DEBUG -       [Latent] Step 1/1
2025-10-27 10:46:10,491 - GPU-7 - DEBUG -       [After Latent Recursive] 1 tokens unmasked
2025-10-27 10:46:10,492 - GPU-7 - INFO -   [Cycle 14]
2025-10-27 10:46:10,492 - GPU-7 - DEBUG -     [Latent Recursive] Starting 1 steps of latent thinking
2025-10-27 10:46:10,538 - GPU-7 - DEBUG -       [Latent] Step 1/1
2025-10-27 10:46:10,706 - GPU-7 - DEBUG -       [After Latent Recursive] 1 tokens unmasked
2025-10-27 10:46:10,706 - GPU-7 - INFO -   [Cycle 15]
2025-10-27 10:46:10,706 - GPU-7 - DEBUG -     [Latent Recursive] Starting 1 steps of latent thinking
2025-10-27 10:46:10,752 - GPU-7 - DEBUG -       [Latent] Step 1/1
2025-10-27 10:46:10,921 - GPU-7 - DEBUG -       [After Latent Recursive] 1 tokens unmasked
2025-10-27 10:46:10,921 - GPU-7 - INFO -   [Cycle 16]
2025-10-27 10:46:10,921 - GPU-7 - DEBUG -     [Latent Recursive] Starting 1 steps of latent thinking
2025-10-27 10:46:10,967 - GPU-7 - DEBUG -       [Latent] Step 1/1
2025-10-27 10:46:11,135 - GPU-7 - DEBUG -       [After Latent Recursive] 1 tokens unmasked
2025-10-27 10:46:11,135 - GPU-7 - INFO -   [Cycle 17]
2025-10-27 10:46:11,135 - GPU-7 - DEBUG -     [Latent Recursive] Starting 1 steps of latent thinking
2025-10-27 10:46:11,181 - GPU-7 - DEBUG -       [Latent] Step 1/1
2025-10-27 10:46:11,350 - GPU-7 - DEBUG -       [After Latent Recursive] 1 tokens unmasked
2025-10-27 10:46:11,350 - GPU-7 - INFO -   [Cycle 18]
2025-10-27 10:46:11,350 - GPU-7 - DEBUG -     [Latent Recursive] Starting 1 steps of latent thinking
2025-10-27 10:46:11,396 - GPU-7 - DEBUG -       [Latent] Step 1/1
2025-10-27 10:46:11,564 - GPU-7 - DEBUG -       [After Latent Recursive] 1 tokens unmasked
2025-10-27 10:46:11,564 - GPU-7 - INFO -   [Cycle 19]
2025-10-27 10:46:11,564 - GPU-7 - DEBUG -     [Latent Recursive] Starting 1 steps of latent thinking
2025-10-27 10:46:11,610 - GPU-7 - DEBUG -       [Latent] Step 1/1
2025-10-27 10:46:11,778 - GPU-7 - DEBUG -       [After Latent Recursive] 1 tokens unmasked
2025-10-27 10:46:11,779 - GPU-7 - INFO -   [Cycle 20]
2025-10-27 10:46:11,779 - GPU-7 - DEBUG -     [Latent Recursive] Starting 1 steps of latent thinking
2025-10-27 10:46:11,825 - GPU-7 - DEBUG -       [Latent] Step 1/1
2025-10-27 10:46:11,993 - GPU-7 - DEBUG -       [After Latent Recursive] 1 tokens unmasked
2025-10-27 10:46:11,993 - GPU-7 - INFO -   [Cycle 21]
2025-10-27 10:46:11,993 - GPU-7 - DEBUG -     [Latent Recursive] Starting 1 steps of latent thinking
2025-10-27 10:46:12,039 - GPU-7 - DEBUG -       [Latent] Step 1/1
2025-10-27 10:46:12,207 - GPU-7 - DEBUG -       [After Latent Recursive] 1 tokens unmasked
2025-10-27 10:46:12,207 - GPU-7 - INFO -   [Cycle 22]
2025-10-27 10:46:12,208 - GPU-7 - DEBUG -     [Latent Recursive] Starting 1 steps of latent thinking
2025-10-27 10:46:12,253 - GPU-7 - DEBUG -       [Latent] Step 1/1
2025-10-27 10:46:12,420 - GPU-7 - DEBUG -       [After Latent Recursive] 1 tokens unmasked
2025-10-27 10:46:12,421 - GPU-7 - INFO -   [Cycle 23]
2025-10-27 10:46:12,421 - GPU-7 - DEBUG -     [Latent Recursive] Starting 1 steps of latent thinking
2025-10-27 10:46:12,467 - GPU-7 - DEBUG -       [Latent] Step 1/1
2025-10-27 10:46:12,634 - GPU-7 - DEBUG -       [After Latent Recursive] 1 tokens unmasked
2025-10-27 10:46:12,634 - GPU-7 - INFO -   [Cycle 24]
2025-10-27 10:46:12,634 - GPU-7 - DEBUG -     [Latent Recursive] Starting 1 steps of latent thinking
2025-10-27 10:46:12,680 - GPU-7 - DEBUG -       [Latent] Step 1/1
2025-10-27 10:46:12,847 - GPU-7 - DEBUG -       [After Latent Recursive] 1 tokens unmasked
2025-10-27 10:46:12,848 - GPU-7 - INFO -   [Cycle 25]
2025-10-27 10:46:12,848 - GPU-7 - DEBUG -     [Latent Recursive] Starting 1 steps of latent thinking
2025-10-27 10:46:12,894 - GPU-7 - DEBUG -       [Latent] Step 1/1
2025-10-27 10:46:13,061 - GPU-7 - DEBUG -       [After Latent Recursive] 1 tokens unmasked
2025-10-27 10:46:13,062 - GPU-7 - INFO -   [Cycle 26]
2025-10-27 10:46:13,062 - GPU-7 - DEBUG -     [Latent Recursive] Starting 1 steps of latent thinking
2025-10-27 10:46:13,108 - GPU-7 - DEBUG -       [Latent] Step 1/1
2025-10-27 10:46:13,274 - GPU-7 - DEBUG -       [After Latent Recursive] 1 tokens unmasked
2025-10-27 10:46:13,275 - GPU-7 - INFO -   [Cycle 27]
2025-10-27 10:46:13,275 - GPU-7 - DEBUG -     [Latent Recursive] Starting 1 steps of latent thinking
2025-10-27 10:46:13,320 - GPU-7 - DEBUG -       [Latent] Step 1/1
2025-10-27 10:46:13,487 - GPU-7 - DEBUG -       [After Latent Recursive] 1 tokens unmasked
2025-10-27 10:46:13,488 - GPU-7 - INFO -   [Cycle 28]
2025-10-27 10:46:13,488 - GPU-7 - DEBUG -     [Latent Recursive] Starting 1 steps of latent thinking
2025-10-27 10:46:13,533 - GPU-7 - DEBUG -       [Latent] Step 1/1
2025-10-27 10:46:13,700 - GPU-7 - DEBUG -       [After Latent Recursive] 1 tokens unmasked
2025-10-27 10:46:13,700 - GPU-7 - INFO -   [Cycle 29]
2025-10-27 10:46:13,700 - GPU-7 - DEBUG -     [Latent Recursive] Starting 1 steps of latent thinking
2025-10-27 10:46:13,747 - GPU-7 - DEBUG -       [Latent] Step 1/1
2025-10-27 10:46:13,914 - GPU-7 - DEBUG -       [After Latent Recursive] 1 tokens unmasked
2025-10-27 10:46:13,914 - GPU-7 - INFO -   [Cycle 30]
2025-10-27 10:46:13,914 - GPU-7 - DEBUG -     [Latent Recursive] Starting 1 steps of latent thinking
2025-10-27 10:46:13,960 - GPU-7 - DEBUG -       [Latent] Step 1/1
2025-10-27 10:46:14,126 - GPU-7 - DEBUG -       [After Latent Recursive] 1 tokens unmasked
2025-10-27 10:46:14,127 - GPU-7 - INFO -   [Cycle 31]
2025-10-27 10:46:14,127 - GPU-7 - DEBUG -     [Latent Recursive] Starting 1 steps of latent thinking
2025-10-27 10:46:14,173 - GPU-7 - DEBUG -       [Latent] Step 1/1
2025-10-27 10:46:14,340 - GPU-7 - DEBUG -       [After Latent Recursive] 1 tokens unmasked
2025-10-27 10:46:14,340 - GPU-7 - INFO - [Block 9/16] Processing tokens 331-363
2025-10-27 10:46:14,341 - GPU-7 - DEBUG - [Block 8] Before forward: use_cache=True, x.shape=torch.Size([1, 587])
2025-10-27 10:46:14,341 - GPU-7 - DEBUG - [Block 8] Model type: LLaDAModelLM
2025-10-27 10:46:14,341 - GPU-7 - DEBUG - [Block 8] Model config use_cache: True
2025-10-27 10:46:14,363 - GPU-7 - DEBUG - [Block 8] After forward: pkv is None? False
2025-10-27 10:46:14,364 - GPU-7 - DEBUG - [Block 8] out type: CausalLMOutputWithPast
2025-10-27 10:46:14,364 - GPU-7 - DEBUG - [Block 8] pkv type: <class 'list'>, len: 32
2025-10-27 10:46:14,364 - GPU-7 - DEBUG - [Block 8] pkv[0] type: <class 'tuple'>, len: 2
2025-10-27 10:46:14,364 - GPU-7 - DEBUG - [Block 8] pkv[0][0].shape: torch.Size([1, 32, 587, 128])
2025-10-27 10:46:14,452 - GPU-7 - INFO -   [Initial Forward] 1 tokens unmasked
2025-10-27 10:46:14,453 - GPU-7 - INFO -   [Cycle 1]
2025-10-27 10:46:14,453 - GPU-7 - DEBUG -     [Latent Recursive] Starting 1 steps of latent thinking
2025-10-27 10:46:14,499 - GPU-7 - DEBUG -       [Latent] Step 1/1
2025-10-27 10:46:14,666 - GPU-7 - DEBUG -       [After Latent Recursive] 1 tokens unmasked
2025-10-27 10:46:14,666 - GPU-7 - INFO -   [Cycle 2]
2025-10-27 10:46:14,666 - GPU-7 - DEBUG -     [Latent Recursive] Starting 1 steps of latent thinking
2025-10-27 10:46:14,712 - GPU-7 - DEBUG -       [Latent] Step 1/1
2025-10-27 10:46:14,878 - GPU-7 - DEBUG -       [After Latent Recursive] 1 tokens unmasked
2025-10-27 10:46:14,878 - GPU-7 - INFO -   [Cycle 3]
2025-10-27 10:46:14,879 - GPU-7 - DEBUG -     [Latent Recursive] Starting 1 steps of latent thinking
2025-10-27 10:46:14,924 - GPU-7 - DEBUG -       [Latent] Step 1/1
2025-10-27 10:46:15,091 - GPU-7 - DEBUG -       [After Latent Recursive] 1 tokens unmasked
2025-10-27 10:46:15,091 - GPU-7 - INFO -   [Cycle 4]
2025-10-27 10:46:15,094 - GPU-7 - DEBUG -     [Latent Recursive] Starting 1 steps of latent thinking
2025-10-27 10:46:15,140 - GPU-7 - DEBUG -       [Latent] Step 1/1
2025-10-27 10:46:15,306 - GPU-7 - DEBUG -       [After Latent Recursive] 1 tokens unmasked
2025-10-27 10:46:15,306 - GPU-7 - INFO -   [Cycle 5]
2025-10-27 10:46:15,306 - GPU-7 - DEBUG -     [Latent Recursive] Starting 1 steps of latent thinking
2025-10-27 10:46:15,352 - GPU-7 - DEBUG -       [Latent] Step 1/1
2025-10-27 10:46:15,518 - GPU-7 - DEBUG -       [After Latent Recursive] 1 tokens unmasked
2025-10-27 10:46:15,519 - GPU-7 - INFO -   [Cycle 6]
2025-10-27 10:46:15,519 - GPU-7 - DEBUG -     [Latent Recursive] Starting 1 steps of latent thinking
2025-10-27 10:46:15,565 - GPU-7 - DEBUG -       [Latent] Step 1/1
2025-10-27 10:46:15,731 - GPU-7 - DEBUG -       [After Latent Recursive] 1 tokens unmasked
2025-10-27 10:46:15,731 - GPU-7 - INFO -   [Cycle 7]
2025-10-27 10:46:15,731 - GPU-7 - DEBUG -     [Latent Recursive] Starting 1 steps of latent thinking
2025-10-27 10:46:15,777 - GPU-7 - DEBUG -       [Latent] Step 1/1
2025-10-27 10:46:15,943 - GPU-7 - DEBUG -       [After Latent Recursive] 1 tokens unmasked
2025-10-27 10:46:15,944 - GPU-7 - INFO -   [Cycle 8]
2025-10-27 10:46:15,944 - GPU-7 - DEBUG -     [Latent Recursive] Starting 1 steps of latent thinking
2025-10-27 10:46:15,990 - GPU-7 - DEBUG -       [Latent] Step 1/1
2025-10-27 10:46:16,156 - GPU-7 - DEBUG -       [After Latent Recursive] 1 tokens unmasked
2025-10-27 10:46:16,157 - GPU-7 - INFO -   [Cycle 9]
2025-10-27 10:46:16,157 - GPU-7 - DEBUG -     [Latent Recursive] Starting 1 steps of latent thinking
2025-10-27 10:46:16,202 - GPU-7 - DEBUG -       [Latent] Step 1/1
2025-10-27 10:46:16,369 - GPU-7 - DEBUG -       [After Latent Recursive] 1 tokens unmasked
2025-10-27 10:46:16,369 - GPU-7 - INFO -   [Cycle 10]
2025-10-27 10:46:16,369 - GPU-7 - DEBUG -     [Latent Recursive] Starting 1 steps of latent thinking
2025-10-27 10:46:16,415 - GPU-7 - DEBUG -       [Latent] Step 1/1
2025-10-27 10:46:16,581 - GPU-7 - DEBUG -       [After Latent Recursive] 1 tokens unmasked
2025-10-27 10:46:16,582 - GPU-7 - INFO -   [Cycle 11]
2025-10-27 10:46:16,582 - GPU-7 - DEBUG -     [Latent Recursive] Starting 1 steps of latent thinking
2025-10-27 10:46:16,628 - GPU-7 - DEBUG -       [Latent] Step 1/1
2025-10-27 10:46:16,794 - GPU-7 - DEBUG -       [After Latent Recursive] 1 tokens unmasked
2025-10-27 10:46:16,795 - GPU-7 - INFO -   [Cycle 12]
2025-10-27 10:46:16,795 - GPU-7 - DEBUG -     [Latent Recursive] Starting 1 steps of latent thinking
2025-10-27 10:46:16,840 - GPU-7 - DEBUG -       [Latent] Step 1/1
2025-10-27 10:46:17,007 - GPU-7 - DEBUG -       [After Latent Recursive] 1 tokens unmasked
2025-10-27 10:46:17,007 - GPU-7 - INFO -   [Cycle 13]
2025-10-27 10:46:17,007 - GPU-7 - DEBUG -     [Latent Recursive] Starting 1 steps of latent thinking
2025-10-27 10:46:17,053 - GPU-7 - DEBUG -       [Latent] Step 1/1
2025-10-27 10:46:17,220 - GPU-7 - DEBUG -       [After Latent Recursive] 1 tokens unmasked
2025-10-27 10:46:17,220 - GPU-7 - INFO -   [Cycle 14]
2025-10-27 10:46:17,220 - GPU-7 - DEBUG -     [Latent Recursive] Starting 1 steps of latent thinking
2025-10-27 10:46:17,266 - GPU-7 - DEBUG -       [Latent] Step 1/1
2025-10-27 10:46:17,432 - GPU-7 - DEBUG -       [After Latent Recursive] 1 tokens unmasked
2025-10-27 10:46:17,433 - GPU-7 - INFO -   [Cycle 15]
2025-10-27 10:46:17,433 - GPU-7 - DEBUG -     [Latent Recursive] Starting 1 steps of latent thinking
2025-10-27 10:46:17,479 - GPU-7 - DEBUG -       [Latent] Step 1/1
2025-10-27 10:46:17,645 - GPU-7 - DEBUG -       [After Latent Recursive] 1 tokens unmasked
2025-10-27 10:46:17,645 - GPU-7 - INFO -   [Cycle 16]
2025-10-27 10:46:17,646 - GPU-7 - DEBUG -     [Latent Recursive] Starting 1 steps of latent thinking
2025-10-27 10:46:17,691 - GPU-7 - DEBUG -       [Latent] Step 1/1
2025-10-27 10:46:17,858 - GPU-7 - DEBUG -       [After Latent Recursive] 1 tokens unmasked
2025-10-27 10:46:17,858 - GPU-7 - INFO -   [Cycle 17]
2025-10-27 10:46:17,858 - GPU-7 - DEBUG -     [Latent Recursive] Starting 1 steps of latent thinking
2025-10-27 10:46:17,904 - GPU-7 - DEBUG -       [Latent] Step 1/1
2025-10-27 10:46:18,071 - GPU-7 - DEBUG -       [After Latent Recursive] 1 tokens unmasked
2025-10-27 10:46:18,071 - GPU-7 - INFO -   [Cycle 18]
2025-10-27 10:46:18,071 - GPU-7 - DEBUG -     [Latent Recursive] Starting 1 steps of latent thinking
2025-10-27 10:46:18,117 - GPU-7 - DEBUG -       [Latent] Step 1/1
2025-10-27 10:46:18,283 - GPU-7 - DEBUG -       [After Latent Recursive] 1 tokens unmasked
2025-10-27 10:46:18,283 - GPU-7 - INFO -   [Cycle 19]
2025-10-27 10:46:18,284 - GPU-7 - DEBUG -     [Latent Recursive] Starting 1 steps of latent thinking
2025-10-27 10:46:18,329 - GPU-7 - DEBUG -       [Latent] Step 1/1
2025-10-27 10:46:18,496 - GPU-7 - DEBUG -       [After Latent Recursive] 1 tokens unmasked
2025-10-27 10:46:18,496 - GPU-7 - INFO -   [Cycle 20]
2025-10-27 10:46:18,496 - GPU-7 - DEBUG -     [Latent Recursive] Starting 1 steps of latent thinking
2025-10-27 10:46:18,542 - GPU-7 - DEBUG -       [Latent] Step 1/1
2025-10-27 10:46:18,708 - GPU-7 - DEBUG -       [After Latent Recursive] 1 tokens unmasked
2025-10-27 10:46:18,709 - GPU-7 - INFO -   [Cycle 21]
2025-10-27 10:46:18,709 - GPU-7 - DEBUG -     [Latent Recursive] Starting 1 steps of latent thinking
2025-10-27 10:46:18,754 - GPU-7 - DEBUG -       [Latent] Step 1/1
2025-10-27 10:46:18,921 - GPU-7 - DEBUG -       [After Latent Recursive] 1 tokens unmasked
2025-10-27 10:46:18,921 - GPU-7 - INFO -   [Cycle 22]
2025-10-27 10:46:18,921 - GPU-7 - DEBUG -     [Latent Recursive] Starting 1 steps of latent thinking
2025-10-27 10:46:18,967 - GPU-7 - DEBUG -       [Latent] Step 1/1
2025-10-27 10:46:19,133 - GPU-7 - DEBUG -       [After Latent Recursive] 1 tokens unmasked
2025-10-27 10:46:19,134 - GPU-7 - INFO -   [Cycle 23]
2025-10-27 10:46:19,134 - GPU-7 - DEBUG -     [Latent Recursive] Starting 1 steps of latent thinking
2025-10-27 10:46:19,180 - GPU-7 - DEBUG -       [Latent] Step 1/1
2025-10-27 10:46:19,346 - GPU-7 - DEBUG -       [After Latent Recursive] 1 tokens unmasked
2025-10-27 10:46:19,346 - GPU-7 - INFO -   [Cycle 24]
2025-10-27 10:46:19,346 - GPU-7 - DEBUG -     [Latent Recursive] Starting 1 steps of latent thinking
2025-10-27 10:46:19,392 - GPU-7 - DEBUG -       [Latent] Step 1/1
2025-10-27 10:46:19,558 - GPU-7 - DEBUG -       [After Latent Recursive] 1 tokens unmasked
2025-10-27 10:46:19,559 - GPU-7 - INFO -   [Cycle 25]
2025-10-27 10:46:19,559 - GPU-7 - DEBUG -     [Latent Recursive] Starting 1 steps of latent thinking
2025-10-27 10:46:19,605 - GPU-7 - DEBUG -       [Latent] Step 1/1
2025-10-27 10:46:19,771 - GPU-7 - DEBUG -       [After Latent Recursive] 1 tokens unmasked
2025-10-27 10:46:19,771 - GPU-7 - INFO -   [Cycle 26]
2025-10-27 10:46:19,772 - GPU-7 - DEBUG -     [Latent Recursive] Starting 1 steps of latent thinking
2025-10-27 10:46:19,817 - GPU-7 - DEBUG -       [Latent] Step 1/1
2025-10-27 10:46:19,983 - GPU-7 - DEBUG -       [After Latent Recursive] 1 tokens unmasked
2025-10-27 10:46:19,984 - GPU-7 - INFO -   [Cycle 27]
2025-10-27 10:46:19,984 - GPU-7 - DEBUG -     [Latent Recursive] Starting 1 steps of latent thinking
2025-10-27 10:46:20,029 - GPU-7 - DEBUG -       [Latent] Step 1/1
2025-10-27 10:46:20,196 - GPU-7 - DEBUG -       [After Latent Recursive] 1 tokens unmasked
2025-10-27 10:46:20,196 - GPU-7 - INFO -   [Cycle 28]
2025-10-27 10:46:20,196 - GPU-7 - DEBUG -     [Latent Recursive] Starting 1 steps of latent thinking
2025-10-27 10:46:20,242 - GPU-7 - DEBUG -       [Latent] Step 1/1
2025-10-27 10:46:20,408 - GPU-7 - DEBUG -       [After Latent Recursive] 1 tokens unmasked
2025-10-27 10:46:20,408 - GPU-7 - INFO -   [Cycle 29]
2025-10-27 10:46:20,409 - GPU-7 - DEBUG -     [Latent Recursive] Starting 1 steps of latent thinking
2025-10-27 10:46:20,454 - GPU-7 - DEBUG -       [Latent] Step 1/1
2025-10-27 10:46:20,621 - GPU-7 - DEBUG -       [After Latent Recursive] 1 tokens unmasked
2025-10-27 10:46:20,621 - GPU-7 - INFO -   [Cycle 30]
2025-10-27 10:46:20,621 - GPU-7 - DEBUG -     [Latent Recursive] Starting 1 steps of latent thinking
2025-10-27 10:46:20,667 - GPU-7 - DEBUG -       [Latent] Step 1/1
2025-10-27 10:46:20,834 - GPU-7 - DEBUG -       [After Latent Recursive] 1 tokens unmasked
2025-10-27 10:46:20,835 - GPU-7 - INFO -   [Cycle 31]
2025-10-27 10:46:20,835 - GPU-7 - DEBUG -     [Latent Recursive] Starting 1 steps of latent thinking
2025-10-27 10:46:20,881 - GPU-7 - DEBUG -       [Latent] Step 1/1
2025-10-27 10:46:21,049 - GPU-7 - DEBUG -       [After Latent Recursive] 1 tokens unmasked
2025-10-27 10:46:21,049 - GPU-7 - INFO - [Block 10/16] Processing tokens 363-395
2025-10-27 10:46:21,050 - GPU-7 - DEBUG - [Block 9] Before forward: use_cache=True, x.shape=torch.Size([1, 587])
2025-10-27 10:46:21,050 - GPU-7 - DEBUG - [Block 9] Model type: LLaDAModelLM
2025-10-27 10:46:21,050 - GPU-7 - DEBUG - [Block 9] Model config use_cache: True
2025-10-27 10:46:21,072 - GPU-7 - DEBUG - [Block 9] After forward: pkv is None? False
2025-10-27 10:46:21,073 - GPU-7 - DEBUG - [Block 9] out type: CausalLMOutputWithPast
2025-10-27 10:46:21,073 - GPU-7 - DEBUG - [Block 9] pkv type: <class 'list'>, len: 32
2025-10-27 10:46:21,073 - GPU-7 - DEBUG - [Block 9] pkv[0] type: <class 'tuple'>, len: 2
2025-10-27 10:46:21,073 - GPU-7 - DEBUG - [Block 9] pkv[0][0].shape: torch.Size([1, 32, 587, 128])
2025-10-27 10:46:21,161 - GPU-7 - INFO -   [Initial Forward] 1 tokens unmasked
2025-10-27 10:46:21,162 - GPU-7 - INFO -   [Cycle 1]
2025-10-27 10:46:21,162 - GPU-7 - DEBUG -     [Latent Recursive] Starting 1 steps of latent thinking
2025-10-27 10:46:21,208 - GPU-7 - DEBUG -       [Latent] Step 1/1
2025-10-27 10:46:21,373 - GPU-7 - DEBUG -       [After Latent Recursive] 1 tokens unmasked
2025-10-27 10:46:21,373 - GPU-7 - INFO -   [Cycle 2]
2025-10-27 10:46:21,373 - GPU-7 - DEBUG -     [Latent Recursive] Starting 1 steps of latent thinking
2025-10-27 10:46:21,419 - GPU-7 - DEBUG -       [Latent] Step 1/1
2025-10-27 10:46:21,585 - GPU-7 - DEBUG -       [After Latent Recursive] 1 tokens unmasked
2025-10-27 10:46:21,586 - GPU-7 - INFO -   [Cycle 3]
2025-10-27 10:46:21,586 - GPU-7 - DEBUG -     [Latent Recursive] Starting 1 steps of latent thinking
2025-10-27 10:46:21,632 - GPU-7 - DEBUG -       [Latent] Step 1/1
2025-10-27 10:46:21,800 - GPU-7 - DEBUG -       [After Latent Recursive] 1 tokens unmasked
2025-10-27 10:46:21,801 - GPU-7 - INFO -   [Cycle 4]
2025-10-27 10:46:21,801 - GPU-7 - DEBUG -     [Latent Recursive] Starting 1 steps of latent thinking
2025-10-27 10:46:21,846 - GPU-7 - DEBUG -       [Latent] Step 1/1
2025-10-27 10:46:22,011 - GPU-7 - DEBUG -       [After Latent Recursive] 1 tokens unmasked
2025-10-27 10:46:22,011 - GPU-7 - INFO -   [Cycle 5]
2025-10-27 10:46:22,011 - GPU-7 - DEBUG -     [Latent Recursive] Starting 1 steps of latent thinking
2025-10-27 10:46:22,057 - GPU-7 - DEBUG -       [Latent] Step 1/1
2025-10-27 10:46:22,221 - GPU-7 - DEBUG -       [After Latent Recursive] 1 tokens unmasked
2025-10-27 10:46:22,222 - GPU-7 - INFO -   [Cycle 6]
2025-10-27 10:46:22,222 - GPU-7 - DEBUG -     [Latent Recursive] Starting 1 steps of latent thinking
2025-10-27 10:46:22,267 - GPU-7 - DEBUG -       [Latent] Step 1/1
2025-10-27 10:46:22,431 - GPU-7 - DEBUG -       [After Latent Recursive] 1 tokens unmasked
2025-10-27 10:46:22,432 - GPU-7 - INFO -   [Cycle 7]
2025-10-27 10:46:22,432 - GPU-7 - DEBUG -     [Latent Recursive] Starting 1 steps of latent thinking
2025-10-27 10:46:22,478 - GPU-7 - DEBUG -       [Latent] Step 1/1
2025-10-27 10:46:22,642 - GPU-7 - DEBUG -       [After Latent Recursive] 1 tokens unmasked
2025-10-27 10:46:22,642 - GPU-7 - INFO -   [Cycle 8]
2025-10-27 10:46:22,642 - GPU-7 - DEBUG -     [Latent Recursive] Starting 1 steps of latent thinking
2025-10-27 10:46:22,688 - GPU-7 - DEBUG -       [Latent] Step 1/1
2025-10-27 10:46:22,852 - GPU-7 - DEBUG -       [After Latent Recursive] 1 tokens unmasked
2025-10-27 10:46:22,853 - GPU-7 - INFO -   [Cycle 9]
2025-10-27 10:46:22,853 - GPU-7 - DEBUG -     [Latent Recursive] Starting 1 steps of latent thinking
2025-10-27 10:46:22,899 - GPU-7 - DEBUG -       [Latent] Step 1/1
2025-10-27 10:46:23,063 - GPU-7 - DEBUG -       [After Latent Recursive] 1 tokens unmasked
2025-10-27 10:46:23,064 - GPU-7 - INFO -   [Cycle 10]
2025-10-27 10:46:23,064 - GPU-7 - DEBUG -     [Latent Recursive] Starting 1 steps of latent thinking
2025-10-27 10:46:23,110 - GPU-7 - DEBUG -       [Latent] Step 1/1
2025-10-27 10:46:23,274 - GPU-7 - DEBUG -       [After Latent Recursive] 1 tokens unmasked
2025-10-27 10:46:23,274 - GPU-7 - INFO -   [Cycle 11]
2025-10-27 10:46:23,274 - GPU-7 - DEBUG -     [Latent Recursive] Starting 1 steps of latent thinking
2025-10-27 10:46:23,320 - GPU-7 - DEBUG -       [Latent] Step 1/1
2025-10-27 10:46:23,484 - GPU-7 - DEBUG -       [After Latent Recursive] 1 tokens unmasked
2025-10-27 10:46:23,485 - GPU-7 - INFO -   [Cycle 12]
2025-10-27 10:46:23,485 - GPU-7 - DEBUG -     [Latent Recursive] Starting 1 steps of latent thinking
2025-10-27 10:46:23,531 - GPU-7 - DEBUG -       [Latent] Step 1/1
2025-10-27 10:46:23,695 - GPU-7 - DEBUG -       [After Latent Recursive] 1 tokens unmasked
2025-10-27 10:46:23,696 - GPU-7 - INFO -   [Cycle 13]
2025-10-27 10:46:23,696 - GPU-7 - DEBUG -     [Latent Recursive] Starting 1 steps of latent thinking
2025-10-27 10:46:23,742 - GPU-7 - DEBUG -       [Latent] Step 1/1
2025-10-27 10:46:23,906 - GPU-7 - DEBUG -       [After Latent Recursive] 1 tokens unmasked
2025-10-27 10:46:23,906 - GPU-7 - INFO -   [Cycle 14]
2025-10-27 10:46:23,906 - GPU-7 - DEBUG -     [Latent Recursive] Starting 1 steps of latent thinking
2025-10-27 10:46:23,952 - GPU-7 - DEBUG -       [Latent] Step 1/1
2025-10-27 10:46:24,116 - GPU-7 - DEBUG -       [After Latent Recursive] 1 tokens unmasked
2025-10-27 10:46:24,116 - GPU-7 - INFO -   [Cycle 15]
2025-10-27 10:46:24,116 - GPU-7 - DEBUG -     [Latent Recursive] Starting 1 steps of latent thinking
2025-10-27 10:46:24,162 - GPU-7 - DEBUG -       [Latent] Step 1/1
2025-10-27 10:46:24,327 - GPU-7 - DEBUG -       [After Latent Recursive] 1 tokens unmasked
2025-10-27 10:46:24,328 - GPU-7 - INFO -   [Cycle 16]
2025-10-27 10:46:24,328 - GPU-7 - DEBUG -     [Latent Recursive] Starting 1 steps of latent thinking
2025-10-27 10:46:24,374 - GPU-7 - DEBUG -       [Latent] Step 1/1
2025-10-27 10:46:24,540 - GPU-7 - DEBUG -       [After Latent Recursive] 1 tokens unmasked
2025-10-27 10:46:24,540 - GPU-7 - INFO -   [Cycle 17]
2025-10-27 10:46:24,540 - GPU-7 - DEBUG -     [Latent Recursive] Starting 1 steps of latent thinking
2025-10-27 10:46:24,586 - GPU-7 - DEBUG -       [Latent] Step 1/1
2025-10-27 10:46:24,752 - GPU-7 - DEBUG -       [After Latent Recursive] 1 tokens unmasked
2025-10-27 10:46:24,752 - GPU-7 - INFO -   [Cycle 18]
2025-10-27 10:46:24,752 - GPU-7 - DEBUG -     [Latent Recursive] Starting 1 steps of latent thinking
2025-10-27 10:46:24,798 - GPU-7 - DEBUG -       [Latent] Step 1/1
2025-10-27 10:46:24,964 - GPU-7 - DEBUG -       [After Latent Recursive] 1 tokens unmasked
2025-10-27 10:46:24,964 - GPU-7 - INFO -   [Cycle 19]
2025-10-27 10:46:24,964 - GPU-7 - DEBUG -     [Latent Recursive] Starting 1 steps of latent thinking
2025-10-27 10:46:25,010 - GPU-7 - DEBUG -       [Latent] Step 1/1
2025-10-27 10:46:25,179 - GPU-7 - DEBUG -       [After Latent Recursive] 1 tokens unmasked
2025-10-27 10:46:25,179 - GPU-7 - INFO -   [Cycle 20]
2025-10-27 10:46:25,179 - GPU-7 - DEBUG -     [Latent Recursive] Starting 1 steps of latent thinking
2025-10-27 10:46:25,225 - GPU-7 - DEBUG -       [Latent] Step 1/1
2025-10-27 10:46:25,391 - GPU-7 - DEBUG -       [After Latent Recursive] 1 tokens unmasked
2025-10-27 10:46:25,392 - GPU-7 - INFO -   [Cycle 21]
2025-10-27 10:46:25,392 - GPU-7 - DEBUG -     [Latent Recursive] Starting 1 steps of latent thinking
2025-10-27 10:46:25,437 - GPU-7 - DEBUG -       [Latent] Step 1/1
2025-10-27 10:46:25,602 - GPU-7 - DEBUG -       [After Latent Recursive] 1 tokens unmasked
2025-10-27 10:46:25,602 - GPU-7 - INFO -   [Cycle 22]
2025-10-27 10:46:25,602 - GPU-7 - DEBUG -     [Latent Recursive] Starting 1 steps of latent thinking
2025-10-27 10:46:25,648 - GPU-7 - DEBUG -       [Latent] Step 1/1
2025-10-27 10:46:25,812 - GPU-7 - DEBUG -       [After Latent Recursive] 1 tokens unmasked
2025-10-27 10:46:25,812 - GPU-7 - INFO -   [Cycle 23]
2025-10-27 10:46:25,812 - GPU-7 - DEBUG -     [Latent Recursive] Starting 1 steps of latent thinking
2025-10-27 10:46:25,858 - GPU-7 - DEBUG -       [Latent] Step 1/1
2025-10-27 10:46:26,022 - GPU-7 - DEBUG -       [After Latent Recursive] 1 tokens unmasked
2025-10-27 10:46:26,023 - GPU-7 - INFO -   [Cycle 24]
2025-10-27 10:46:26,023 - GPU-7 - DEBUG -     [Latent Recursive] Starting 1 steps of latent thinking
2025-10-27 10:46:26,068 - GPU-7 - DEBUG -       [Latent] Step 1/1
2025-10-27 10:46:26,232 - GPU-7 - DEBUG -       [After Latent Recursive] 1 tokens unmasked
2025-10-27 10:46:26,233 - GPU-7 - INFO -   [Cycle 25]
2025-10-27 10:46:26,233 - GPU-7 - DEBUG -     [Latent Recursive] Starting 1 steps of latent thinking
2025-10-27 10:46:26,279 - GPU-7 - DEBUG -       [Latent] Step 1/1
2025-10-27 10:46:26,443 - GPU-7 - DEBUG -       [After Latent Recursive] 1 tokens unmasked
2025-10-27 10:46:26,444 - GPU-7 - INFO -   [Cycle 26]
2025-10-27 10:46:26,444 - GPU-7 - DEBUG -     [Latent Recursive] Starting 1 steps of latent thinking
2025-10-27 10:46:26,490 - GPU-7 - DEBUG -       [Latent] Step 1/1
2025-10-27 10:46:26,653 - GPU-7 - DEBUG -       [After Latent Recursive] 1 tokens unmasked
2025-10-27 10:46:26,654 - GPU-7 - INFO -   [Cycle 27]
2025-10-27 10:46:26,654 - GPU-7 - DEBUG -     [Latent Recursive] Starting 1 steps of latent thinking
2025-10-27 10:46:26,700 - GPU-7 - DEBUG -       [Latent] Step 1/1
2025-10-27 10:46:26,864 - GPU-7 - DEBUG -       [After Latent Recursive] 1 tokens unmasked
2025-10-27 10:46:26,864 - GPU-7 - INFO -   [Cycle 28]
2025-10-27 10:46:26,864 - GPU-7 - DEBUG -     [Latent Recursive] Starting 1 steps of latent thinking
2025-10-27 10:46:26,910 - GPU-7 - DEBUG -       [Latent] Step 1/1
2025-10-27 10:46:27,074 - GPU-7 - DEBUG -       [After Latent Recursive] 1 tokens unmasked
2025-10-27 10:46:27,075 - GPU-7 - INFO -   [Cycle 29]
2025-10-27 10:46:27,075 - GPU-7 - DEBUG -     [Latent Recursive] Starting 1 steps of latent thinking
2025-10-27 10:46:27,120 - GPU-7 - DEBUG -       [Latent] Step 1/1
2025-10-27 10:46:27,285 - GPU-7 - DEBUG -       [After Latent Recursive] 1 tokens unmasked
2025-10-27 10:46:27,285 - GPU-7 - INFO -   [Cycle 30]
2025-10-27 10:46:27,285 - GPU-7 - DEBUG -     [Latent Recursive] Starting 1 steps of latent thinking
2025-10-27 10:46:27,331 - GPU-7 - DEBUG -       [Latent] Step 1/1
2025-10-27 10:46:27,495 - GPU-7 - DEBUG -       [After Latent Recursive] 1 tokens unmasked
2025-10-27 10:46:27,495 - GPU-7 - INFO -   [Cycle 31]
2025-10-27 10:46:27,495 - GPU-7 - DEBUG -     [Latent Recursive] Starting 1 steps of latent thinking
2025-10-27 10:46:27,541 - GPU-7 - DEBUG -       [Latent] Step 1/1
2025-10-27 10:46:27,705 - GPU-7 - DEBUG -       [After Latent Recursive] 1 tokens unmasked
2025-10-27 10:46:27,705 - GPU-7 - INFO - [Block 11/16] Processing tokens 395-427
2025-10-27 10:46:27,706 - GPU-7 - DEBUG - [Block 10] Before forward: use_cache=True, x.shape=torch.Size([1, 587])
2025-10-27 10:46:27,706 - GPU-7 - DEBUG - [Block 10] Model type: LLaDAModelLM
2025-10-27 10:46:27,706 - GPU-7 - DEBUG - [Block 10] Model config use_cache: True
2025-10-27 10:46:27,728 - GPU-7 - DEBUG - [Block 10] After forward: pkv is None? False
2025-10-27 10:46:27,729 - GPU-7 - DEBUG - [Block 10] out type: CausalLMOutputWithPast
2025-10-27 10:46:27,729 - GPU-7 - DEBUG - [Block 10] pkv type: <class 'list'>, len: 32
2025-10-27 10:46:27,729 - GPU-7 - DEBUG - [Block 10] pkv[0] type: <class 'tuple'>, len: 2
2025-10-27 10:46:27,729 - GPU-7 - DEBUG - [Block 10] pkv[0][0].shape: torch.Size([1, 32, 587, 128])
2025-10-27 10:46:27,817 - GPU-7 - INFO -   [Initial Forward] 1 tokens unmasked
2025-10-27 10:46:27,818 - GPU-7 - INFO -   [Cycle 1]
2025-10-27 10:46:27,818 - GPU-7 - DEBUG -     [Latent Recursive] Starting 1 steps of latent thinking
2025-10-27 10:46:27,864 - GPU-7 - DEBUG -       [Latent] Step 1/1
2025-10-27 10:46:28,027 - GPU-7 - DEBUG -       [After Latent Recursive] 1 tokens unmasked
2025-10-27 10:46:28,027 - GPU-7 - INFO -   [Cycle 2]
2025-10-27 10:46:28,027 - GPU-7 - DEBUG -     [Latent Recursive] Starting 1 steps of latent thinking
2025-10-27 10:46:28,073 - GPU-7 - DEBUG -       [Latent] Step 1/1
2025-10-27 10:46:28,236 - GPU-7 - DEBUG -       [After Latent Recursive] 1 tokens unmasked
2025-10-27 10:46:28,236 - GPU-7 - INFO -   [Cycle 3]
2025-10-27 10:46:28,236 - GPU-7 - DEBUG -     [Latent Recursive] Starting 1 steps of latent thinking
2025-10-27 10:46:28,282 - GPU-7 - DEBUG -       [Latent] Step 1/1
2025-10-27 10:46:28,445 - GPU-7 - DEBUG -       [After Latent Recursive] 1 tokens unmasked
2025-10-27 10:46:28,446 - GPU-7 - INFO -   [Cycle 4]
2025-10-27 10:46:28,446 - GPU-7 - DEBUG -     [Latent Recursive] Starting 1 steps of latent thinking
2025-10-27 10:46:28,492 - GPU-7 - DEBUG -       [Latent] Step 1/1
2025-10-27 10:46:28,654 - GPU-7 - DEBUG -       [After Latent Recursive] 1 tokens unmasked
2025-10-27 10:46:28,655 - GPU-7 - INFO -   [Cycle 5]
2025-10-27 10:46:28,655 - GPU-7 - DEBUG -     [Latent Recursive] Starting 1 steps of latent thinking
2025-10-27 10:46:28,701 - GPU-7 - DEBUG -       [Latent] Step 1/1
2025-10-27 10:46:28,864 - GPU-7 - DEBUG -       [After Latent Recursive] 1 tokens unmasked
2025-10-27 10:46:28,864 - GPU-7 - INFO -   [Cycle 6]
2025-10-27 10:46:28,864 - GPU-7 - DEBUG -     [Latent Recursive] Starting 1 steps of latent thinking
2025-10-27 10:46:28,910 - GPU-7 - DEBUG -       [Latent] Step 1/1
2025-10-27 10:46:29,073 - GPU-7 - DEBUG -       [After Latent Recursive] 1 tokens unmasked
2025-10-27 10:46:29,073 - GPU-7 - INFO -   [Cycle 7]
2025-10-27 10:46:29,073 - GPU-7 - DEBUG -     [Latent Recursive] Starting 1 steps of latent thinking
2025-10-27 10:46:29,119 - GPU-7 - DEBUG -       [Latent] Step 1/1
2025-10-27 10:46:29,282 - GPU-7 - DEBUG -       [After Latent Recursive] 1 tokens unmasked
2025-10-27 10:46:29,283 - GPU-7 - INFO -   [Cycle 8]
2025-10-27 10:46:29,283 - GPU-7 - DEBUG -     [Latent Recursive] Starting 1 steps of latent thinking
2025-10-27 10:46:29,328 - GPU-7 - DEBUG -       [Latent] Step 1/1
2025-10-27 10:46:29,491 - GPU-7 - DEBUG -       [After Latent Recursive] 1 tokens unmasked
2025-10-27 10:46:29,492 - GPU-7 - INFO -   [Cycle 9]
2025-10-27 10:46:29,492 - GPU-7 - DEBUG -     [Latent Recursive] Starting 1 steps of latent thinking
2025-10-27 10:46:29,537 - GPU-7 - DEBUG -       [Latent] Step 1/1
2025-10-27 10:46:29,701 - GPU-7 - DEBUG -       [After Latent Recursive] 1 tokens unmasked
2025-10-27 10:46:29,701 - GPU-7 - INFO -   [Cycle 10]
2025-10-27 10:46:29,701 - GPU-7 - DEBUG -     [Latent Recursive] Starting 1 steps of latent thinking
2025-10-27 10:46:29,747 - GPU-7 - DEBUG -       [Latent] Step 1/1
2025-10-27 10:46:29,910 - GPU-7 - DEBUG -       [After Latent Recursive] 1 tokens unmasked
2025-10-27 10:46:29,910 - GPU-7 - INFO -   [Cycle 11]
2025-10-27 10:46:29,910 - GPU-7 - DEBUG -     [Latent Recursive] Starting 1 steps of latent thinking
2025-10-27 10:46:29,956 - GPU-7 - DEBUG -       [Latent] Step 1/1
2025-10-27 10:46:30,119 - GPU-7 - DEBUG -       [After Latent Recursive] 1 tokens unmasked
2025-10-27 10:46:30,120 - GPU-7 - INFO -   [Cycle 12]
2025-10-27 10:46:30,120 - GPU-7 - DEBUG -     [Latent Recursive] Starting 1 steps of latent thinking
2025-10-27 10:46:30,166 - GPU-7 - DEBUG -       [Latent] Step 1/1
2025-10-27 10:46:30,329 - GPU-7 - DEBUG -       [After Latent Recursive] 1 tokens unmasked
2025-10-27 10:46:30,329 - GPU-7 - INFO -   [Cycle 13]
2025-10-27 10:46:30,329 - GPU-7 - DEBUG -     [Latent Recursive] Starting 1 steps of latent thinking
2025-10-27 10:46:30,375 - GPU-7 - DEBUG -       [Latent] Step 1/1
2025-10-27 10:46:30,538 - GPU-7 - DEBUG -       [After Latent Recursive] 1 tokens unmasked
2025-10-27 10:46:30,538 - GPU-7 - INFO -   [Cycle 14]
2025-10-27 10:46:30,538 - GPU-7 - DEBUG -     [Latent Recursive] Starting 1 steps of latent thinking
2025-10-27 10:46:30,584 - GPU-7 - DEBUG -       [Latent] Step 1/1
2025-10-27 10:46:30,747 - GPU-7 - DEBUG -       [After Latent Recursive] 1 tokens unmasked
2025-10-27 10:46:30,747 - GPU-7 - INFO -   [Cycle 15]
2025-10-27 10:46:30,747 - GPU-7 - DEBUG -     [Latent Recursive] Starting 1 steps of latent thinking
2025-10-27 10:46:30,793 - GPU-7 - DEBUG -       [Latent] Step 1/1
2025-10-27 10:46:30,957 - GPU-7 - DEBUG -       [After Latent Recursive] 1 tokens unmasked
2025-10-27 10:46:30,957 - GPU-7 - INFO -   [Cycle 16]
2025-10-27 10:46:30,957 - GPU-7 - DEBUG -     [Latent Recursive] Starting 1 steps of latent thinking
2025-10-27 10:46:31,003 - GPU-7 - DEBUG -       [Latent] Step 1/1
2025-10-27 10:46:31,166 - GPU-7 - DEBUG -       [After Latent Recursive] 1 tokens unmasked
2025-10-27 10:46:31,166 - GPU-7 - INFO -   [Cycle 17]
2025-10-27 10:46:31,166 - GPU-7 - DEBUG -     [Latent Recursive] Starting 1 steps of latent thinking
2025-10-27 10:46:31,212 - GPU-7 - DEBUG -       [Latent] Step 1/1
2025-10-27 10:46:31,375 - GPU-7 - DEBUG -       [After Latent Recursive] 1 tokens unmasked
2025-10-27 10:46:31,376 - GPU-7 - INFO -   [Cycle 18]
2025-10-27 10:46:31,376 - GPU-7 - DEBUG -     [Latent Recursive] Starting 1 steps of latent thinking
2025-10-27 10:46:31,422 - GPU-7 - DEBUG -       [Latent] Step 1/1
2025-10-27 10:46:31,584 - GPU-7 - DEBUG -       [After Latent Recursive] 1 tokens unmasked
2025-10-27 10:46:31,585 - GPU-7 - INFO -   [Cycle 19]
2025-10-27 10:46:31,585 - GPU-7 - DEBUG -     [Latent Recursive] Starting 1 steps of latent thinking
2025-10-27 10:46:31,630 - GPU-7 - DEBUG -       [Latent] Step 1/1
2025-10-27 10:46:31,794 - GPU-7 - DEBUG -       [After Latent Recursive] 1 tokens unmasked
2025-10-27 10:46:31,794 - GPU-7 - INFO -   [Cycle 20]
2025-10-27 10:46:31,794 - GPU-7 - DEBUG -     [Latent Recursive] Starting 1 steps of latent thinking
2025-10-27 10:46:31,840 - GPU-7 - DEBUG -       [Latent] Step 1/1
2025-10-27 10:46:32,003 - GPU-7 - DEBUG -       [After Latent Recursive] 1 tokens unmasked
2025-10-27 10:46:32,003 - GPU-7 - INFO -   [Cycle 21]
2025-10-27 10:46:32,003 - GPU-7 - DEBUG -     [Latent Recursive] Starting 1 steps of latent thinking
2025-10-27 10:46:32,049 - GPU-7 - DEBUG -       [Latent] Step 1/1
2025-10-27 10:46:32,212 - GPU-7 - DEBUG -       [After Latent Recursive] 1 tokens unmasked
2025-10-27 10:46:32,212 - GPU-7 - INFO -   [Cycle 22]
2025-10-27 10:46:32,213 - GPU-7 - DEBUG -     [Latent Recursive] Starting 1 steps of latent thinking
2025-10-27 10:46:32,258 - GPU-7 - DEBUG -       [Latent] Step 1/1
2025-10-27 10:46:32,421 - GPU-7 - DEBUG -       [After Latent Recursive] 1 tokens unmasked
2025-10-27 10:46:32,421 - GPU-7 - INFO -   [Cycle 23]
2025-10-27 10:46:32,422 - GPU-7 - DEBUG -     [Latent Recursive] Starting 1 steps of latent thinking
2025-10-27 10:46:32,467 - GPU-7 - DEBUG -       [Latent] Step 1/1
2025-10-27 10:46:32,630 - GPU-7 - DEBUG -       [After Latent Recursive] 1 tokens unmasked
2025-10-27 10:46:32,631 - GPU-7 - INFO -   [Cycle 24]
2025-10-27 10:46:32,631 - GPU-7 - DEBUG -     [Latent Recursive] Starting 1 steps of latent thinking
2025-10-27 10:46:32,676 - GPU-7 - DEBUG -       [Latent] Step 1/1
2025-10-27 10:46:32,839 - GPU-7 - DEBUG -       [After Latent Recursive] 1 tokens unmasked
2025-10-27 10:46:32,840 - GPU-7 - INFO -   [Cycle 25]
2025-10-27 10:46:32,840 - GPU-7 - DEBUG -     [Latent Recursive] Starting 1 steps of latent thinking
2025-10-27 10:46:32,885 - GPU-7 - DEBUG -       [Latent] Step 1/1
2025-10-27 10:46:33,049 - GPU-7 - DEBUG -       [After Latent Recursive] 1 tokens unmasked
2025-10-27 10:46:33,049 - GPU-7 - INFO -   [Cycle 26]
2025-10-27 10:46:33,049 - GPU-7 - DEBUG -     [Latent Recursive] Starting 1 steps of latent thinking
2025-10-27 10:46:33,095 - GPU-7 - DEBUG -       [Latent] Step 1/1
2025-10-27 10:46:33,258 - GPU-7 - DEBUG -       [After Latent Recursive] 1 tokens unmasked
2025-10-27 10:46:33,258 - GPU-7 - INFO -   [Cycle 27]
2025-10-27 10:46:33,258 - GPU-7 - DEBUG -     [Latent Recursive] Starting 1 steps of latent thinking
2025-10-27 10:46:33,304 - GPU-7 - DEBUG -       [Latent] Step 1/1
2025-10-27 10:46:33,467 - GPU-7 - DEBUG -       [After Latent Recursive] 1 tokens unmasked
2025-10-27 10:46:33,468 - GPU-7 - INFO -   [Cycle 28]
2025-10-27 10:46:33,468 - GPU-7 - DEBUG -     [Latent Recursive] Starting 1 steps of latent thinking
2025-10-27 10:46:33,513 - GPU-7 - DEBUG -       [Latent] Step 1/1
2025-10-27 10:46:33,676 - GPU-7 - DEBUG -       [After Latent Recursive] 1 tokens unmasked
2025-10-27 10:46:33,677 - GPU-7 - INFO -   [Cycle 29]
2025-10-27 10:46:33,677 - GPU-7 - DEBUG -     [Latent Recursive] Starting 1 steps of latent thinking
2025-10-27 10:46:33,722 - GPU-7 - DEBUG -       [Latent] Step 1/1
2025-10-27 10:46:33,886 - GPU-7 - DEBUG -       [After Latent Recursive] 1 tokens unmasked
2025-10-27 10:46:33,886 - GPU-7 - INFO -   [Cycle 30]
2025-10-27 10:46:33,886 - GPU-7 - DEBUG -     [Latent Recursive] Starting 1 steps of latent thinking
2025-10-27 10:46:33,932 - GPU-7 - DEBUG -       [Latent] Step 1/1
2025-10-27 10:46:34,095 - GPU-7 - DEBUG -       [After Latent Recursive] 1 tokens unmasked
2025-10-27 10:46:34,095 - GPU-7 - INFO -   [Cycle 31]
2025-10-27 10:46:34,095 - GPU-7 - DEBUG -     [Latent Recursive] Starting 1 steps of latent thinking
2025-10-27 10:46:34,141 - GPU-7 - DEBUG -       [Latent] Step 1/1
2025-10-27 10:46:34,304 - GPU-7 - DEBUG -       [After Latent Recursive] 1 tokens unmasked
2025-10-27 10:46:34,305 - GPU-7 - INFO - [Block 12/16] Processing tokens 427-459
2025-10-27 10:46:34,305 - GPU-7 - DEBUG - [Block 11] Before forward: use_cache=True, x.shape=torch.Size([1, 587])
2025-10-27 10:46:34,305 - GPU-7 - DEBUG - [Block 11] Model type: LLaDAModelLM
2025-10-27 10:46:34,305 - GPU-7 - DEBUG - [Block 11] Model config use_cache: True
2025-10-27 10:46:34,328 - GPU-7 - DEBUG - [Block 11] After forward: pkv is None? False
2025-10-27 10:46:34,328 - GPU-7 - DEBUG - [Block 11] out type: CausalLMOutputWithPast
2025-10-27 10:46:34,328 - GPU-7 - DEBUG - [Block 11] pkv type: <class 'list'>, len: 32
2025-10-27 10:46:34,328 - GPU-7 - DEBUG - [Block 11] pkv[0] type: <class 'tuple'>, len: 2
2025-10-27 10:46:34,328 - GPU-7 - DEBUG - [Block 11] pkv[0][0].shape: torch.Size([1, 32, 587, 128])
2025-10-27 10:46:34,417 - GPU-7 - INFO -   [Initial Forward] 1 tokens unmasked
2025-10-27 10:46:34,417 - GPU-7 - INFO -   [Cycle 1]
2025-10-27 10:46:34,417 - GPU-7 - DEBUG -     [Latent Recursive] Starting 1 steps of latent thinking
2025-10-27 10:46:34,463 - GPU-7 - DEBUG -       [Latent] Step 1/1
2025-10-27 10:46:34,625 - GPU-7 - DEBUG -       [After Latent Recursive] 1 tokens unmasked
2025-10-27 10:46:34,626 - GPU-7 - INFO -   [Cycle 2]
2025-10-27 10:46:34,626 - GPU-7 - DEBUG -     [Latent Recursive] Starting 1 steps of latent thinking
2025-10-27 10:46:34,671 - GPU-7 - DEBUG -       [Latent] Step 1/1
2025-10-27 10:46:34,834 - GPU-7 - DEBUG -       [After Latent Recursive] 1 tokens unmasked
2025-10-27 10:46:34,834 - GPU-7 - INFO -   [Cycle 3]
2025-10-27 10:46:34,834 - GPU-7 - DEBUG -     [Latent Recursive] Starting 1 steps of latent thinking
2025-10-27 10:46:34,880 - GPU-7 - DEBUG -       [Latent] Step 1/1
2025-10-27 10:46:35,042 - GPU-7 - DEBUG -       [After Latent Recursive] 1 tokens unmasked
2025-10-27 10:46:35,043 - GPU-7 - INFO -   [Cycle 4]
2025-10-27 10:46:35,043 - GPU-7 - DEBUG -     [Latent Recursive] Starting 1 steps of latent thinking
2025-10-27 10:46:35,089 - GPU-7 - DEBUG -       [Latent] Step 1/1
2025-10-27 10:46:35,251 - GPU-7 - DEBUG -       [After Latent Recursive] 1 tokens unmasked
2025-10-27 10:46:35,251 - GPU-7 - INFO -   [Cycle 5]
2025-10-27 10:46:35,251 - GPU-7 - DEBUG -     [Latent Recursive] Starting 1 steps of latent thinking
2025-10-27 10:46:35,297 - GPU-7 - DEBUG -       [Latent] Step 1/1
2025-10-27 10:46:35,459 - GPU-7 - DEBUG -       [After Latent Recursive] 1 tokens unmasked
2025-10-27 10:46:35,460 - GPU-7 - INFO -   [Cycle 6]
2025-10-27 10:46:35,460 - GPU-7 - DEBUG -     [Latent Recursive] Starting 1 steps of latent thinking
2025-10-27 10:46:35,505 - GPU-7 - DEBUG -       [Latent] Step 1/1
2025-10-27 10:46:35,667 - GPU-7 - DEBUG -       [After Latent Recursive] 1 tokens unmasked
2025-10-27 10:46:35,668 - GPU-7 - INFO -   [Cycle 7]
2025-10-27 10:46:35,668 - GPU-7 - DEBUG -     [Latent Recursive] Starting 1 steps of latent thinking
2025-10-27 10:46:35,713 - GPU-7 - DEBUG -       [Latent] Step 1/1
2025-10-27 10:46:35,876 - GPU-7 - DEBUG -       [After Latent Recursive] 1 tokens unmasked
2025-10-27 10:46:35,876 - GPU-7 - INFO -   [Cycle 8]
2025-10-27 10:46:35,877 - GPU-7 - DEBUG -     [Latent Recursive] Starting 1 steps of latent thinking
2025-10-27 10:46:35,922 - GPU-7 - DEBUG -       [Latent] Step 1/1
2025-10-27 10:46:36,084 - GPU-7 - DEBUG -       [After Latent Recursive] 1 tokens unmasked
2025-10-27 10:46:36,085 - GPU-7 - INFO -   [Cycle 9]
2025-10-27 10:46:36,085 - GPU-7 - DEBUG -     [Latent Recursive] Starting 1 steps of latent thinking
2025-10-27 10:46:36,130 - GPU-7 - DEBUG -       [Latent] Step 1/1
2025-10-27 10:46:36,293 - GPU-7 - DEBUG -       [After Latent Recursive] 1 tokens unmasked
2025-10-27 10:46:36,293 - GPU-7 - INFO -   [Cycle 10]
2025-10-27 10:46:36,293 - GPU-7 - DEBUG -     [Latent Recursive] Starting 1 steps of latent thinking
2025-10-27 10:46:36,339 - GPU-7 - DEBUG -       [Latent] Step 1/1
2025-10-27 10:46:36,501 - GPU-7 - DEBUG -       [After Latent Recursive] 1 tokens unmasked
2025-10-27 10:46:36,501 - GPU-7 - INFO -   [Cycle 11]
2025-10-27 10:46:36,501 - GPU-7 - DEBUG -     [Latent Recursive] Starting 1 steps of latent thinking
2025-10-27 10:46:36,547 - GPU-7 - DEBUG -       [Latent] Step 1/1
2025-10-27 10:46:36,709 - GPU-7 - DEBUG -       [After Latent Recursive] 1 tokens unmasked
2025-10-27 10:46:36,710 - GPU-7 - INFO -   [Cycle 12]
2025-10-27 10:46:36,710 - GPU-7 - DEBUG -     [Latent Recursive] Starting 1 steps of latent thinking
2025-10-27 10:46:36,756 - GPU-7 - DEBUG -       [Latent] Step 1/1
2025-10-27 10:46:36,918 - GPU-7 - DEBUG -       [After Latent Recursive] 1 tokens unmasked
2025-10-27 10:46:36,918 - GPU-7 - INFO -   [Cycle 13]
2025-10-27 10:46:36,918 - GPU-7 - DEBUG -     [Latent Recursive] Starting 1 steps of latent thinking
2025-10-27 10:46:36,964 - GPU-7 - DEBUG -       [Latent] Step 1/1
2025-10-27 10:46:37,126 - GPU-7 - DEBUG -       [After Latent Recursive] 1 tokens unmasked
2025-10-27 10:46:37,127 - GPU-7 - INFO -   [Cycle 14]
2025-10-27 10:46:37,127 - GPU-7 - DEBUG -     [Latent Recursive] Starting 1 steps of latent thinking
2025-10-27 10:46:37,173 - GPU-7 - DEBUG -       [Latent] Step 1/1
2025-10-27 10:46:37,335 - GPU-7 - DEBUG -       [After Latent Recursive] 1 tokens unmasked
2025-10-27 10:46:37,335 - GPU-7 - INFO -   [Cycle 15]
2025-10-27 10:46:37,335 - GPU-7 - DEBUG -     [Latent Recursive] Starting 1 steps of latent thinking
2025-10-27 10:46:37,381 - GPU-7 - DEBUG -       [Latent] Step 1/1
2025-10-27 10:46:37,543 - GPU-7 - DEBUG -       [After Latent Recursive] 1 tokens unmasked
2025-10-27 10:46:37,544 - GPU-7 - INFO -   [Cycle 16]
2025-10-27 10:46:37,544 - GPU-7 - DEBUG -     [Latent Recursive] Starting 1 steps of latent thinking
2025-10-27 10:46:37,590 - GPU-7 - DEBUG -       [Latent] Step 1/1
2025-10-27 10:46:37,752 - GPU-7 - DEBUG -       [After Latent Recursive] 1 tokens unmasked
2025-10-27 10:46:37,752 - GPU-7 - INFO -   [Cycle 17]
2025-10-27 10:46:37,752 - GPU-7 - DEBUG -     [Latent Recursive] Starting 1 steps of latent thinking
2025-10-27 10:46:37,798 - GPU-7 - DEBUG -       [Latent] Step 1/1
2025-10-27 10:46:37,960 - GPU-7 - DEBUG -       [After Latent Recursive] 1 tokens unmasked
2025-10-27 10:46:37,961 - GPU-7 - INFO -   [Cycle 18]
2025-10-27 10:46:37,961 - GPU-7 - DEBUG -     [Latent Recursive] Starting 1 steps of latent thinking
2025-10-27 10:46:38,007 - GPU-7 - DEBUG -       [Latent] Step 1/1
2025-10-27 10:46:38,169 - GPU-7 - DEBUG -       [After Latent Recursive] 1 tokens unmasked
2025-10-27 10:46:38,169 - GPU-7 - INFO -   [Cycle 19]
2025-10-27 10:46:38,169 - GPU-7 - DEBUG -     [Latent Recursive] Starting 1 steps of latent thinking
2025-10-27 10:46:38,215 - GPU-7 - DEBUG -       [Latent] Step 1/1
2025-10-27 10:46:38,378 - GPU-7 - DEBUG -       [After Latent Recursive] 1 tokens unmasked
2025-10-27 10:46:38,378 - GPU-7 - INFO -   [Cycle 20]
2025-10-27 10:46:38,378 - GPU-7 - DEBUG -     [Latent Recursive] Starting 1 steps of latent thinking
2025-10-27 10:46:38,424 - GPU-7 - DEBUG -       [Latent] Step 1/1
2025-10-27 10:46:38,586 - GPU-7 - DEBUG -       [After Latent Recursive] 1 tokens unmasked
2025-10-27 10:46:38,586 - GPU-7 - INFO -   [Cycle 21]
2025-10-27 10:46:38,586 - GPU-7 - DEBUG -     [Latent Recursive] Starting 1 steps of latent thinking
2025-10-27 10:46:38,632 - GPU-7 - DEBUG -       [Latent] Step 1/1
2025-10-27 10:46:38,794 - GPU-7 - DEBUG -       [After Latent Recursive] 1 tokens unmasked
2025-10-27 10:46:38,795 - GPU-7 - INFO -   [Cycle 22]
2025-10-27 10:46:38,795 - GPU-7 - DEBUG -     [Latent Recursive] Starting 1 steps of latent thinking
2025-10-27 10:46:38,841 - GPU-7 - DEBUG -       [Latent] Step 1/1
2025-10-27 10:46:39,003 - GPU-7 - DEBUG -       [After Latent Recursive] 1 tokens unmasked
2025-10-27 10:46:39,003 - GPU-7 - INFO -   [Cycle 23]
2025-10-27 10:46:39,003 - GPU-7 - DEBUG -     [Latent Recursive] Starting 1 steps of latent thinking
2025-10-27 10:46:39,049 - GPU-7 - DEBUG -       [Latent] Step 1/1
2025-10-27 10:46:39,212 - GPU-7 - DEBUG -       [After Latent Recursive] 1 tokens unmasked
2025-10-27 10:46:39,212 - GPU-7 - INFO -   [Cycle 24]
2025-10-27 10:46:39,212 - GPU-7 - DEBUG -     [Latent Recursive] Starting 1 steps of latent thinking
2025-10-27 10:46:39,258 - GPU-7 - DEBUG -       [Latent] Step 1/1
2025-10-27 10:46:39,420 - GPU-7 - DEBUG -       [After Latent Recursive] 1 tokens unmasked
2025-10-27 10:46:39,420 - GPU-7 - INFO -   [Cycle 25]
2025-10-27 10:46:39,421 - GPU-7 - DEBUG -     [Latent Recursive] Starting 1 steps of latent thinking
2025-10-27 10:46:39,466 - GPU-7 - DEBUG -       [Latent] Step 1/1
2025-10-27 10:46:39,628 - GPU-7 - DEBUG -       [After Latent Recursive] 1 tokens unmasked
2025-10-27 10:46:39,629 - GPU-7 - INFO -   [Cycle 26]
2025-10-27 10:46:39,629 - GPU-7 - DEBUG -     [Latent Recursive] Starting 1 steps of latent thinking
2025-10-27 10:46:39,675 - GPU-7 - DEBUG -       [Latent] Step 1/1
2025-10-27 10:46:39,837 - GPU-7 - DEBUG -       [After Latent Recursive] 1 tokens unmasked
2025-10-27 10:46:39,837 - GPU-7 - INFO -   [Cycle 27]
2025-10-27 10:46:39,837 - GPU-7 - DEBUG -     [Latent Recursive] Starting 1 steps of latent thinking
2025-10-27 10:46:39,883 - GPU-7 - DEBUG -       [Latent] Step 1/1
2025-10-27 10:46:40,046 - GPU-7 - DEBUG -       [After Latent Recursive] 1 tokens unmasked
2025-10-27 10:46:40,046 - GPU-7 - INFO -   [Cycle 28]
2025-10-27 10:46:40,046 - GPU-7 - DEBUG -     [Latent Recursive] Starting 1 steps of latent thinking
2025-10-27 10:46:40,092 - GPU-7 - DEBUG -       [Latent] Step 1/1
2025-10-27 10:46:40,254 - GPU-7 - DEBUG -       [After Latent Recursive] 1 tokens unmasked
2025-10-27 10:46:40,254 - GPU-7 - INFO -   [Cycle 29]
2025-10-27 10:46:40,254 - GPU-7 - DEBUG -     [Latent Recursive] Starting 1 steps of latent thinking
2025-10-27 10:46:40,300 - GPU-7 - DEBUG -       [Latent] Step 1/1
2025-10-27 10:46:40,463 - GPU-7 - DEBUG -       [After Latent Recursive] 1 tokens unmasked
2025-10-27 10:46:40,463 - GPU-7 - INFO -   [Cycle 30]
2025-10-27 10:46:40,463 - GPU-7 - DEBUG -     [Latent Recursive] Starting 1 steps of latent thinking
2025-10-27 10:46:40,509 - GPU-7 - DEBUG -       [Latent] Step 1/1
2025-10-27 10:46:40,671 - GPU-7 - DEBUG -       [After Latent Recursive] 1 tokens unmasked
2025-10-27 10:46:40,671 - GPU-7 - INFO -   [Cycle 31]
2025-10-27 10:46:40,671 - GPU-7 - DEBUG -     [Latent Recursive] Starting 1 steps of latent thinking
2025-10-27 10:46:40,717 - GPU-7 - DEBUG -       [Latent] Step 1/1
2025-10-27 10:46:40,879 - GPU-7 - DEBUG -       [After Latent Recursive] 1 tokens unmasked
2025-10-27 10:46:40,880 - GPU-7 - INFO - [Block 13/16] Processing tokens 459-491
2025-10-27 10:46:40,880 - GPU-7 - DEBUG - [Block 12] Before forward: use_cache=True, x.shape=torch.Size([1, 587])
2025-10-27 10:46:40,880 - GPU-7 - DEBUG - [Block 12] Model type: LLaDAModelLM
2025-10-27 10:46:40,880 - GPU-7 - DEBUG - [Block 12] Model config use_cache: True
2025-10-27 10:46:40,903 - GPU-7 - DEBUG - [Block 12] After forward: pkv is None? False
2025-10-27 10:46:40,903 - GPU-7 - DEBUG - [Block 12] out type: CausalLMOutputWithPast
2025-10-27 10:46:40,903 - GPU-7 - DEBUG - [Block 12] pkv type: <class 'list'>, len: 32
2025-10-27 10:46:40,903 - GPU-7 - DEBUG - [Block 12] pkv[0] type: <class 'tuple'>, len: 2
2025-10-27 10:46:40,903 - GPU-7 - DEBUG - [Block 12] pkv[0][0].shape: torch.Size([1, 32, 587, 128])
2025-10-27 10:46:40,992 - GPU-7 - INFO -   [Initial Forward] 1 tokens unmasked
2025-10-27 10:46:40,992 - GPU-7 - INFO -   [Cycle 1]
2025-10-27 10:46:40,992 - GPU-7 - DEBUG -     [Latent Recursive] Starting 1 steps of latent thinking
2025-10-27 10:46:41,038 - GPU-7 - DEBUG -       [Latent] Step 1/1
2025-10-27 10:46:41,198 - GPU-7 - DEBUG -       [After Latent Recursive] 1 tokens unmasked
2025-10-27 10:46:41,199 - GPU-7 - INFO -   [Cycle 2]
2025-10-27 10:46:41,199 - GPU-7 - DEBUG -     [Latent Recursive] Starting 1 steps of latent thinking
2025-10-27 10:46:41,245 - GPU-7 - DEBUG -       [Latent] Step 1/1
2025-10-27 10:46:41,405 - GPU-7 - DEBUG -       [After Latent Recursive] 1 tokens unmasked
2025-10-27 10:46:41,405 - GPU-7 - INFO -   [Cycle 3]
2025-10-27 10:46:41,405 - GPU-7 - DEBUG -     [Latent Recursive] Starting 1 steps of latent thinking
2025-10-27 10:46:41,451 - GPU-7 - DEBUG -       [Latent] Step 1/1
2025-10-27 10:46:41,611 - GPU-7 - DEBUG -       [After Latent Recursive] 1 tokens unmasked
2025-10-27 10:46:41,611 - GPU-7 - INFO -   [Cycle 4]
2025-10-27 10:46:41,611 - GPU-7 - DEBUG -     [Latent Recursive] Starting 1 steps of latent thinking
2025-10-27 10:46:41,657 - GPU-7 - DEBUG -       [Latent] Step 1/1
2025-10-27 10:46:41,817 - GPU-7 - DEBUG -       [After Latent Recursive] 1 tokens unmasked
2025-10-27 10:46:41,817 - GPU-7 - INFO -   [Cycle 5]
2025-10-27 10:46:41,817 - GPU-7 - DEBUG -     [Latent Recursive] Starting 1 steps of latent thinking
2025-10-27 10:46:41,863 - GPU-7 - DEBUG -       [Latent] Step 1/1
2025-10-27 10:46:42,023 - GPU-7 - DEBUG -       [After Latent Recursive] 1 tokens unmasked
2025-10-27 10:46:42,024 - GPU-7 - INFO -   [Cycle 6]
2025-10-27 10:46:42,024 - GPU-7 - DEBUG -     [Latent Recursive] Starting 1 steps of latent thinking
2025-10-27 10:46:42,069 - GPU-7 - DEBUG -       [Latent] Step 1/1
2025-10-27 10:46:42,229 - GPU-7 - DEBUG -       [After Latent Recursive] 1 tokens unmasked
2025-10-27 10:46:42,230 - GPU-7 - INFO -   [Cycle 7]
2025-10-27 10:46:42,230 - GPU-7 - DEBUG -     [Latent Recursive] Starting 1 steps of latent thinking
2025-10-27 10:46:42,276 - GPU-7 - DEBUG -       [Latent] Step 1/1
2025-10-27 10:46:42,436 - GPU-7 - DEBUG -       [After Latent Recursive] 1 tokens unmasked
2025-10-27 10:46:42,436 - GPU-7 - INFO -   [Cycle 8]
2025-10-27 10:46:42,436 - GPU-7 - DEBUG -     [Latent Recursive] Starting 1 steps of latent thinking
2025-10-27 10:46:42,482 - GPU-7 - DEBUG -       [Latent] Step 1/1
2025-10-27 10:46:42,642 - GPU-7 - DEBUG -       [After Latent Recursive] 1 tokens unmasked
2025-10-27 10:46:42,642 - GPU-7 - INFO -   [Cycle 9]
2025-10-27 10:46:42,642 - GPU-7 - DEBUG -     [Latent Recursive] Starting 1 steps of latent thinking
2025-10-27 10:46:42,688 - GPU-7 - DEBUG -       [Latent] Step 1/1
2025-10-27 10:46:42,848 - GPU-7 - DEBUG -       [After Latent Recursive] 1 tokens unmasked
2025-10-27 10:46:42,848 - GPU-7 - INFO -   [Cycle 10]
2025-10-27 10:46:42,848 - GPU-7 - DEBUG -     [Latent Recursive] Starting 1 steps of latent thinking
2025-10-27 10:46:42,894 - GPU-7 - DEBUG -       [Latent] Step 1/1
2025-10-27 10:46:43,054 - GPU-7 - DEBUG -       [After Latent Recursive] 1 tokens unmasked
2025-10-27 10:46:43,054 - GPU-7 - INFO -   [Cycle 11]
2025-10-27 10:46:43,054 - GPU-7 - DEBUG -     [Latent Recursive] Starting 1 steps of latent thinking
2025-10-27 10:46:43,100 - GPU-7 - DEBUG -       [Latent] Step 1/1
2025-10-27 10:46:43,260 - GPU-7 - DEBUG -       [After Latent Recursive] 1 tokens unmasked
2025-10-27 10:46:43,260 - GPU-7 - INFO -   [Cycle 12]
2025-10-27 10:46:43,260 - GPU-7 - DEBUG -     [Latent Recursive] Starting 1 steps of latent thinking
2025-10-27 10:46:43,306 - GPU-7 - DEBUG -       [Latent] Step 1/1
2025-10-27 10:46:43,466 - GPU-7 - DEBUG -       [After Latent Recursive] 1 tokens unmasked
2025-10-27 10:46:43,466 - GPU-7 - INFO -   [Cycle 13]
2025-10-27 10:46:43,466 - GPU-7 - DEBUG -     [Latent Recursive] Starting 1 steps of latent thinking
2025-10-27 10:46:43,512 - GPU-7 - DEBUG -       [Latent] Step 1/1
2025-10-27 10:46:43,672 - GPU-7 - DEBUG -       [After Latent Recursive] 1 tokens unmasked
2025-10-27 10:46:43,672 - GPU-7 - INFO -   [Cycle 14]
2025-10-27 10:46:43,673 - GPU-7 - DEBUG -     [Latent Recursive] Starting 1 steps of latent thinking
2025-10-27 10:46:43,718 - GPU-7 - DEBUG -       [Latent] Step 1/1
2025-10-27 10:46:43,879 - GPU-7 - DEBUG -       [After Latent Recursive] 1 tokens unmasked
2025-10-27 10:46:43,879 - GPU-7 - INFO -   [Cycle 15]
2025-10-27 10:46:43,879 - GPU-7 - DEBUG -     [Latent Recursive] Starting 1 steps of latent thinking
2025-10-27 10:46:43,925 - GPU-7 - DEBUG -       [Latent] Step 1/1
2025-10-27 10:46:44,085 - GPU-7 - DEBUG -       [After Latent Recursive] 1 tokens unmasked
2025-10-27 10:46:44,085 - GPU-7 - INFO -   [Cycle 16]
2025-10-27 10:46:44,086 - GPU-7 - DEBUG -     [Latent Recursive] Starting 1 steps of latent thinking
2025-10-27 10:46:44,131 - GPU-7 - DEBUG -       [Latent] Step 1/1
2025-10-27 10:46:44,291 - GPU-7 - DEBUG -       [After Latent Recursive] 1 tokens unmasked
2025-10-27 10:46:44,292 - GPU-7 - INFO -   [Cycle 17]
2025-10-27 10:46:44,292 - GPU-7 - DEBUG -     [Latent Recursive] Starting 1 steps of latent thinking
2025-10-27 10:46:44,338 - GPU-7 - DEBUG -       [Latent] Step 1/1
2025-10-27 10:46:44,498 - GPU-7 - DEBUG -       [After Latent Recursive] 1 tokens unmasked
2025-10-27 10:46:44,498 - GPU-7 - INFO -   [Cycle 18]
2025-10-27 10:46:44,498 - GPU-7 - DEBUG -     [Latent Recursive] Starting 1 steps of latent thinking
2025-10-27 10:46:44,544 - GPU-7 - DEBUG -       [Latent] Step 1/1
2025-10-27 10:46:44,704 - GPU-7 - DEBUG -       [After Latent Recursive] 1 tokens unmasked
2025-10-27 10:46:44,704 - GPU-7 - INFO -   [Cycle 19]
2025-10-27 10:46:44,704 - GPU-7 - DEBUG -     [Latent Recursive] Starting 1 steps of latent thinking
2025-10-27 10:46:44,750 - GPU-7 - DEBUG -       [Latent] Step 1/1
2025-10-27 10:46:44,910 - GPU-7 - DEBUG -       [After Latent Recursive] 1 tokens unmasked
2025-10-27 10:46:44,911 - GPU-7 - INFO -   [Cycle 20]
2025-10-27 10:46:44,911 - GPU-7 - DEBUG -     [Latent Recursive] Starting 1 steps of latent thinking
2025-10-27 10:46:44,956 - GPU-7 - DEBUG -       [Latent] Step 1/1
2025-10-27 10:46:45,116 - GPU-7 - DEBUG -       [After Latent Recursive] 1 tokens unmasked
2025-10-27 10:46:45,116 - GPU-7 - INFO -   [Cycle 21]
2025-10-27 10:46:45,117 - GPU-7 - DEBUG -     [Latent Recursive] Starting 1 steps of latent thinking
2025-10-27 10:46:45,162 - GPU-7 - DEBUG -       [Latent] Step 1/1
2025-10-27 10:46:45,321 - GPU-7 - DEBUG -       [After Latent Recursive] 1 tokens unmasked
2025-10-27 10:46:45,322 - GPU-7 - INFO -   [Cycle 22]
2025-10-27 10:46:45,322 - GPU-7 - DEBUG -     [Latent Recursive] Starting 1 steps of latent thinking
2025-10-27 10:46:45,368 - GPU-7 - DEBUG -       [Latent] Step 1/1
2025-10-27 10:46:45,527 - GPU-7 - DEBUG -       [After Latent Recursive] 1 tokens unmasked
2025-10-27 10:46:45,528 - GPU-7 - INFO -   [Cycle 23]
2025-10-27 10:46:45,528 - GPU-7 - DEBUG -     [Latent Recursive] Starting 1 steps of latent thinking
2025-10-27 10:46:45,573 - GPU-7 - DEBUG -       [Latent] Step 1/1
2025-10-27 10:46:45,733 - GPU-7 - DEBUG -       [After Latent Recursive] 1 tokens unmasked
2025-10-27 10:46:45,733 - GPU-7 - INFO -   [Cycle 24]
2025-10-27 10:46:45,734 - GPU-7 - DEBUG -     [Latent Recursive] Starting 1 steps of latent thinking
2025-10-27 10:46:45,779 - GPU-7 - DEBUG -       [Latent] Step 1/1
2025-10-27 10:46:45,939 - GPU-7 - DEBUG -       [After Latent Recursive] 1 tokens unmasked
2025-10-27 10:46:45,939 - GPU-7 - INFO -   [Cycle 25]
2025-10-27 10:46:45,940 - GPU-7 - DEBUG -     [Latent Recursive] Starting 1 steps of latent thinking
2025-10-27 10:46:45,985 - GPU-7 - DEBUG -       [Latent] Step 1/1
2025-10-27 10:46:46,145 - GPU-7 - DEBUG -       [After Latent Recursive] 1 tokens unmasked
2025-10-27 10:46:46,145 - GPU-7 - INFO -   [Cycle 26]
2025-10-27 10:46:46,145 - GPU-7 - DEBUG -     [Latent Recursive] Starting 1 steps of latent thinking
2025-10-27 10:46:46,191 - GPU-7 - DEBUG -       [Latent] Step 1/1
2025-10-27 10:46:46,350 - GPU-7 - DEBUG -       [After Latent Recursive] 1 tokens unmasked
2025-10-27 10:46:46,351 - GPU-7 - INFO -   [Cycle 27]
2025-10-27 10:46:46,352 - GPU-7 - DEBUG -     [Latent Recursive] Starting 1 steps of latent thinking
2025-10-27 10:46:46,397 - GPU-7 - DEBUG -       [Latent] Step 1/1
2025-10-27 10:46:46,557 - GPU-7 - DEBUG -       [After Latent Recursive] 1 tokens unmasked
2025-10-27 10:46:46,557 - GPU-7 - INFO -   [Cycle 28]
2025-10-27 10:46:46,557 - GPU-7 - DEBUG -     [Latent Recursive] Starting 1 steps of latent thinking
2025-10-27 10:46:46,603 - GPU-7 - DEBUG -       [Latent] Step 1/1
2025-10-27 10:46:46,763 - GPU-7 - DEBUG -       [After Latent Recursive] 1 tokens unmasked
2025-10-27 10:46:46,763 - GPU-7 - INFO -   [Cycle 29]
2025-10-27 10:46:46,763 - GPU-7 - DEBUG -     [Latent Recursive] Starting 1 steps of latent thinking
2025-10-27 10:46:46,809 - GPU-7 - DEBUG -       [Latent] Step 1/1
2025-10-27 10:46:46,969 - GPU-7 - DEBUG -       [After Latent Recursive] 1 tokens unmasked
2025-10-27 10:46:46,969 - GPU-7 - INFO -   [Cycle 30]
2025-10-27 10:46:46,969 - GPU-7 - DEBUG -     [Latent Recursive] Starting 1 steps of latent thinking
2025-10-27 10:46:47,015 - GPU-7 - DEBUG -       [Latent] Step 1/1
2025-10-27 10:46:47,175 - GPU-7 - DEBUG -       [After Latent Recursive] 1 tokens unmasked
2025-10-27 10:46:47,175 - GPU-7 - INFO -   [Cycle 31]
2025-10-27 10:46:47,175 - GPU-7 - DEBUG -     [Latent Recursive] Starting 1 steps of latent thinking
2025-10-27 10:46:47,221 - GPU-7 - DEBUG -       [Latent] Step 1/1
2025-10-27 10:46:47,380 - GPU-7 - DEBUG -       [After Latent Recursive] 1 tokens unmasked
2025-10-27 10:46:47,381 - GPU-7 - INFO - [Block 14/16] Processing tokens 491-523
2025-10-27 10:46:47,381 - GPU-7 - DEBUG - [Block 13] Before forward: use_cache=True, x.shape=torch.Size([1, 587])
2025-10-27 10:46:47,381 - GPU-7 - DEBUG - [Block 13] Model type: LLaDAModelLM
2025-10-27 10:46:47,381 - GPU-7 - DEBUG - [Block 13] Model config use_cache: True
2025-10-27 10:46:47,404 - GPU-7 - DEBUG - [Block 13] After forward: pkv is None? False
2025-10-27 10:46:47,404 - GPU-7 - DEBUG - [Block 13] out type: CausalLMOutputWithPast
2025-10-27 10:46:47,404 - GPU-7 - DEBUG - [Block 13] pkv type: <class 'list'>, len: 32
2025-10-27 10:46:47,404 - GPU-7 - DEBUG - [Block 13] pkv[0] type: <class 'tuple'>, len: 2
2025-10-27 10:46:47,404 - GPU-7 - DEBUG - [Block 13] pkv[0][0].shape: torch.Size([1, 32, 587, 128])
2025-10-27 10:46:47,493 - GPU-7 - INFO -   [Initial Forward] 1 tokens unmasked
2025-10-27 10:46:47,493 - GPU-7 - INFO -   [Cycle 1]
2025-10-27 10:46:47,493 - GPU-7 - DEBUG -     [Latent Recursive] Starting 1 steps of latent thinking
2025-10-27 10:46:47,539 - GPU-7 - DEBUG -       [Latent] Step 1/1
2025-10-27 10:46:47,698 - GPU-7 - DEBUG -       [After Latent Recursive] 1 tokens unmasked
2025-10-27 10:46:47,698 - GPU-7 - INFO -   [Cycle 2]
2025-10-27 10:46:47,699 - GPU-7 - DEBUG -     [Latent Recursive] Starting 1 steps of latent thinking
2025-10-27 10:46:47,744 - GPU-7 - DEBUG -       [Latent] Step 1/1
2025-10-27 10:46:47,903 - GPU-7 - DEBUG -       [After Latent Recursive] 1 tokens unmasked
2025-10-27 10:46:47,903 - GPU-7 - INFO -   [Cycle 3]
2025-10-27 10:46:47,904 - GPU-7 - DEBUG -     [Latent Recursive] Starting 1 steps of latent thinking
2025-10-27 10:46:47,949 - GPU-7 - DEBUG -       [Latent] Step 1/1
2025-10-27 10:46:48,108 - GPU-7 - DEBUG -       [After Latent Recursive] 1 tokens unmasked
2025-10-27 10:46:48,108 - GPU-7 - INFO -   [Cycle 4]
2025-10-27 10:46:48,109 - GPU-7 - DEBUG -     [Latent Recursive] Starting 1 steps of latent thinking
2025-10-27 10:46:48,154 - GPU-7 - DEBUG -       [Latent] Step 1/1
2025-10-27 10:46:48,313 - GPU-7 - DEBUG -       [After Latent Recursive] 1 tokens unmasked
2025-10-27 10:46:48,313 - GPU-7 - INFO -   [Cycle 5]
2025-10-27 10:46:48,313 - GPU-7 - DEBUG -     [Latent Recursive] Starting 1 steps of latent thinking
2025-10-27 10:46:48,359 - GPU-7 - DEBUG -       [Latent] Step 1/1
2025-10-27 10:46:48,518 - GPU-7 - DEBUG -       [After Latent Recursive] 1 tokens unmasked
2025-10-27 10:46:48,519 - GPU-7 - INFO -   [Cycle 6]
2025-10-27 10:46:48,519 - GPU-7 - DEBUG -     [Latent Recursive] Starting 1 steps of latent thinking
2025-10-27 10:46:48,564 - GPU-7 - DEBUG -       [Latent] Step 1/1
2025-10-27 10:46:48,723 - GPU-7 - DEBUG -       [After Latent Recursive] 1 tokens unmasked
2025-10-27 10:46:48,723 - GPU-7 - INFO -   [Cycle 7]
2025-10-27 10:46:48,724 - GPU-7 - DEBUG -     [Latent Recursive] Starting 1 steps of latent thinking
2025-10-27 10:46:48,769 - GPU-7 - DEBUG -       [Latent] Step 1/1
2025-10-27 10:46:48,928 - GPU-7 - DEBUG -       [After Latent Recursive] 1 tokens unmasked
2025-10-27 10:46:48,929 - GPU-7 - INFO -   [Cycle 8]
2025-10-27 10:46:48,929 - GPU-7 - DEBUG -     [Latent Recursive] Starting 1 steps of latent thinking
2025-10-27 10:46:48,975 - GPU-7 - DEBUG -       [Latent] Step 1/1
2025-10-27 10:46:49,133 - GPU-7 - DEBUG -       [After Latent Recursive] 1 tokens unmasked
2025-10-27 10:46:49,134 - GPU-7 - INFO -   [Cycle 9]
2025-10-27 10:46:49,134 - GPU-7 - DEBUG -     [Latent Recursive] Starting 1 steps of latent thinking
2025-10-27 10:46:49,179 - GPU-7 - DEBUG -       [Latent] Step 1/1
2025-10-27 10:46:49,338 - GPU-7 - DEBUG -       [After Latent Recursive] 1 tokens unmasked
2025-10-27 10:46:49,339 - GPU-7 - INFO -   [Cycle 10]
2025-10-27 10:46:49,339 - GPU-7 - DEBUG -     [Latent Recursive] Starting 1 steps of latent thinking
2025-10-27 10:46:49,384 - GPU-7 - DEBUG -       [Latent] Step 1/1
2025-10-27 10:46:49,543 - GPU-7 - DEBUG -       [After Latent Recursive] 1 tokens unmasked
2025-10-27 10:46:49,544 - GPU-7 - INFO -   [Cycle 11]
2025-10-27 10:46:49,544 - GPU-7 - DEBUG -     [Latent Recursive] Starting 1 steps of latent thinking
2025-10-27 10:46:49,589 - GPU-7 - DEBUG -       [Latent] Step 1/1
2025-10-27 10:46:49,748 - GPU-7 - DEBUG -       [After Latent Recursive] 1 tokens unmasked
2025-10-27 10:46:49,749 - GPU-7 - INFO -   [Cycle 12]
2025-10-27 10:46:49,749 - GPU-7 - DEBUG -     [Latent Recursive] Starting 1 steps of latent thinking
2025-10-27 10:46:49,795 - GPU-7 - DEBUG -       [Latent] Step 1/1
2025-10-27 10:46:49,953 - GPU-7 - DEBUG -       [After Latent Recursive] 1 tokens unmasked
2025-10-27 10:46:49,954 - GPU-7 - INFO -   [Cycle 13]
2025-10-27 10:46:49,954 - GPU-7 - DEBUG -     [Latent Recursive] Starting 1 steps of latent thinking
2025-10-27 10:46:50,000 - GPU-7 - DEBUG -       [Latent] Step 1/1
2025-10-27 10:46:50,159 - GPU-7 - DEBUG -       [After Latent Recursive] 1 tokens unmasked
2025-10-27 10:46:50,159 - GPU-7 - INFO -   [Cycle 14]
2025-10-27 10:46:50,159 - GPU-7 - DEBUG -     [Latent Recursive] Starting 1 steps of latent thinking
2025-10-27 10:46:50,205 - GPU-7 - DEBUG -       [Latent] Step 1/1
2025-10-27 10:46:50,364 - GPU-7 - DEBUG -       [After Latent Recursive] 1 tokens unmasked
2025-10-27 10:46:50,364 - GPU-7 - INFO -   [Cycle 15]
2025-10-27 10:46:50,364 - GPU-7 - DEBUG -     [Latent Recursive] Starting 1 steps of latent thinking
2025-10-27 10:46:50,410 - GPU-7 - DEBUG -       [Latent] Step 1/1
2025-10-27 10:46:50,569 - GPU-7 - DEBUG -       [After Latent Recursive] 1 tokens unmasked
2025-10-27 10:46:50,569 - GPU-7 - INFO -   [Cycle 16]
2025-10-27 10:46:50,569 - GPU-7 - DEBUG -     [Latent Recursive] Starting 1 steps of latent thinking
2025-10-27 10:46:50,615 - GPU-7 - DEBUG -       [Latent] Step 1/1
2025-10-27 10:46:50,774 - GPU-7 - DEBUG -       [After Latent Recursive] 1 tokens unmasked
2025-10-27 10:46:50,774 - GPU-7 - INFO -   [Cycle 17]
2025-10-27 10:46:50,775 - GPU-7 - DEBUG -     [Latent Recursive] Starting 1 steps of latent thinking
2025-10-27 10:46:50,820 - GPU-7 - DEBUG -       [Latent] Step 1/1
2025-10-27 10:46:50,979 - GPU-7 - DEBUG -       [After Latent Recursive] 1 tokens unmasked
2025-10-27 10:46:50,980 - GPU-7 - INFO -   [Cycle 18]
2025-10-27 10:46:50,980 - GPU-7 - DEBUG -     [Latent Recursive] Starting 1 steps of latent thinking
2025-10-27 10:46:51,025 - GPU-7 - DEBUG -       [Latent] Step 1/1
2025-10-27 10:46:51,185 - GPU-7 - DEBUG -       [After Latent Recursive] 1 tokens unmasked
2025-10-27 10:46:51,185 - GPU-7 - INFO -   [Cycle 19]
2025-10-27 10:46:51,185 - GPU-7 - DEBUG -     [Latent Recursive] Starting 1 steps of latent thinking
2025-10-27 10:46:51,231 - GPU-7 - DEBUG -       [Latent] Step 1/1
2025-10-27 10:46:51,390 - GPU-7 - DEBUG -       [After Latent Recursive] 1 tokens unmasked
2025-10-27 10:46:51,390 - GPU-7 - INFO -   [Cycle 20]
2025-10-27 10:46:51,390 - GPU-7 - DEBUG -     [Latent Recursive] Starting 1 steps of latent thinking
2025-10-27 10:46:51,436 - GPU-7 - DEBUG -       [Latent] Step 1/1
2025-10-27 10:46:51,596 - GPU-7 - DEBUG -       [After Latent Recursive] 1 tokens unmasked
2025-10-27 10:46:51,596 - GPU-7 - INFO -   [Cycle 21]
2025-10-27 10:46:51,596 - GPU-7 - DEBUG -     [Latent Recursive] Starting 1 steps of latent thinking
2025-10-27 10:46:51,642 - GPU-7 - DEBUG -       [Latent] Step 1/1
2025-10-27 10:46:51,801 - GPU-7 - DEBUG -       [After Latent Recursive] 1 tokens unmasked
2025-10-27 10:46:51,802 - GPU-7 - INFO -   [Cycle 22]
2025-10-27 10:46:51,802 - GPU-7 - DEBUG -     [Latent Recursive] Starting 1 steps of latent thinking
2025-10-27 10:46:51,848 - GPU-7 - DEBUG -       [Latent] Step 1/1
2025-10-27 10:46:52,007 - GPU-7 - DEBUG -       [After Latent Recursive] 1 tokens unmasked
2025-10-27 10:46:52,007 - GPU-7 - INFO -   [Cycle 23]
2025-10-27 10:46:52,008 - GPU-7 - DEBUG -     [Latent Recursive] Starting 1 steps of latent thinking
2025-10-27 10:46:52,053 - GPU-7 - DEBUG -       [Latent] Step 1/1
2025-10-27 10:46:52,212 - GPU-7 - DEBUG -       [After Latent Recursive] 1 tokens unmasked
2025-10-27 10:46:52,213 - GPU-7 - INFO -   [Cycle 24]
2025-10-27 10:46:52,213 - GPU-7 - DEBUG -     [Latent Recursive] Starting 1 steps of latent thinking
2025-10-27 10:46:52,259 - GPU-7 - DEBUG -       [Latent] Step 1/1
2025-10-27 10:46:52,418 - GPU-7 - DEBUG -       [After Latent Recursive] 1 tokens unmasked
2025-10-27 10:46:52,418 - GPU-7 - INFO -   [Cycle 25]
2025-10-27 10:46:52,419 - GPU-7 - DEBUG -     [Latent Recursive] Starting 1 steps of latent thinking
2025-10-27 10:46:52,464 - GPU-7 - DEBUG -       [Latent] Step 1/1
2025-10-27 10:46:52,623 - GPU-7 - DEBUG -       [After Latent Recursive] 1 tokens unmasked
2025-10-27 10:46:52,624 - GPU-7 - INFO -   [Cycle 26]
2025-10-27 10:46:52,624 - GPU-7 - DEBUG -     [Latent Recursive] Starting 1 steps of latent thinking
2025-10-27 10:46:52,669 - GPU-7 - DEBUG -       [Latent] Step 1/1
2025-10-27 10:46:52,829 - GPU-7 - DEBUG -       [After Latent Recursive] 1 tokens unmasked
2025-10-27 10:46:52,829 - GPU-7 - INFO -   [Cycle 27]
2025-10-27 10:46:52,829 - GPU-7 - DEBUG -     [Latent Recursive] Starting 1 steps of latent thinking
2025-10-27 10:46:52,875 - GPU-7 - DEBUG -       [Latent] Step 1/1
2025-10-27 10:46:53,034 - GPU-7 - DEBUG -       [After Latent Recursive] 1 tokens unmasked
2025-10-27 10:46:53,035 - GPU-7 - INFO -   [Cycle 28]
2025-10-27 10:46:53,035 - GPU-7 - DEBUG -     [Latent Recursive] Starting 1 steps of latent thinking
2025-10-27 10:46:53,081 - GPU-7 - DEBUG -       [Latent] Step 1/1
2025-10-27 10:46:53,240 - GPU-7 - DEBUG -       [After Latent Recursive] 1 tokens unmasked
2025-10-27 10:46:53,240 - GPU-7 - INFO -   [Cycle 29]
2025-10-27 10:46:53,240 - GPU-7 - DEBUG -     [Latent Recursive] Starting 1 steps of latent thinking
2025-10-27 10:46:53,286 - GPU-7 - DEBUG -       [Latent] Step 1/1
2025-10-27 10:46:53,445 - GPU-7 - DEBUG -       [After Latent Recursive] 1 tokens unmasked
2025-10-27 10:46:53,446 - GPU-7 - INFO -   [Cycle 30]
2025-10-27 10:46:53,446 - GPU-7 - DEBUG -     [Latent Recursive] Starting 1 steps of latent thinking
2025-10-27 10:46:53,492 - GPU-7 - DEBUG -       [Latent] Step 1/1
2025-10-27 10:46:53,651 - GPU-7 - DEBUG -       [After Latent Recursive] 1 tokens unmasked
2025-10-27 10:46:53,651 - GPU-7 - INFO -   [Cycle 31]
2025-10-27 10:46:53,652 - GPU-7 - DEBUG -     [Latent Recursive] Starting 1 steps of latent thinking
2025-10-27 10:46:53,698 - GPU-7 - DEBUG -       [Latent] Step 1/1
2025-10-27 10:46:53,857 - GPU-7 - DEBUG -       [After Latent Recursive] 1 tokens unmasked
2025-10-27 10:46:53,857 - GPU-7 - INFO - [Block 15/16] Processing tokens 523-555
2025-10-27 10:46:53,857 - GPU-7 - DEBUG - [Block 14] Before forward: use_cache=True, x.shape=torch.Size([1, 587])
2025-10-27 10:46:53,857 - GPU-7 - DEBUG - [Block 14] Model type: LLaDAModelLM
2025-10-27 10:46:53,858 - GPU-7 - DEBUG - [Block 14] Model config use_cache: True
2025-10-27 10:46:53,880 - GPU-7 - DEBUG - [Block 14] After forward: pkv is None? False
2025-10-27 10:46:53,880 - GPU-7 - DEBUG - [Block 14] out type: CausalLMOutputWithPast
2025-10-27 10:46:53,880 - GPU-7 - DEBUG - [Block 14] pkv type: <class 'list'>, len: 32
2025-10-27 10:46:53,881 - GPU-7 - DEBUG - [Block 14] pkv[0] type: <class 'tuple'>, len: 2
2025-10-27 10:46:53,881 - GPU-7 - DEBUG - [Block 14] pkv[0][0].shape: torch.Size([1, 32, 587, 128])
2025-10-27 10:46:53,969 - GPU-7 - INFO -   [Initial Forward] 1 tokens unmasked
2025-10-27 10:46:53,969 - GPU-7 - INFO -   [Cycle 1]
2025-10-27 10:46:53,969 - GPU-7 - DEBUG -     [Latent Recursive] Starting 1 steps of latent thinking
2025-10-27 10:46:54,015 - GPU-7 - DEBUG -       [Latent] Step 1/1
2025-10-27 10:46:54,172 - GPU-7 - DEBUG -       [After Latent Recursive] 1 tokens unmasked
2025-10-27 10:46:54,173 - GPU-7 - INFO -   [Cycle 2]
2025-10-27 10:46:54,173 - GPU-7 - DEBUG -     [Latent Recursive] Starting 1 steps of latent thinking
2025-10-27 10:46:54,219 - GPU-7 - DEBUG -       [Latent] Step 1/1
2025-10-27 10:46:54,375 - GPU-7 - DEBUG -       [After Latent Recursive] 1 tokens unmasked
2025-10-27 10:46:54,376 - GPU-7 - INFO -   [Cycle 3]
2025-10-27 10:46:54,376 - GPU-7 - DEBUG -     [Latent Recursive] Starting 1 steps of latent thinking
2025-10-27 10:46:54,422 - GPU-7 - DEBUG -       [Latent] Step 1/1
2025-10-27 10:46:54,578 - GPU-7 - DEBUG -       [After Latent Recursive] 1 tokens unmasked
2025-10-27 10:46:54,579 - GPU-7 - INFO -   [Cycle 4]
2025-10-27 10:46:54,579 - GPU-7 - DEBUG -     [Latent Recursive] Starting 1 steps of latent thinking
2025-10-27 10:46:54,625 - GPU-7 - DEBUG -       [Latent] Step 1/1
2025-10-27 10:46:54,782 - GPU-7 - DEBUG -       [After Latent Recursive] 1 tokens unmasked
2025-10-27 10:46:54,782 - GPU-7 - INFO -   [Cycle 5]
2025-10-27 10:46:54,782 - GPU-7 - DEBUG -     [Latent Recursive] Starting 1 steps of latent thinking
2025-10-27 10:46:54,828 - GPU-7 - DEBUG -       [Latent] Step 1/1
2025-10-27 10:46:54,985 - GPU-7 - DEBUG -       [After Latent Recursive] 1 tokens unmasked
2025-10-27 10:46:54,985 - GPU-7 - INFO -   [Cycle 6]
2025-10-27 10:46:54,985 - GPU-7 - DEBUG -     [Latent Recursive] Starting 1 steps of latent thinking
2025-10-27 10:46:55,031 - GPU-7 - DEBUG -       [Latent] Step 1/1
2025-10-27 10:46:55,187 - GPU-7 - DEBUG -       [After Latent Recursive] 1 tokens unmasked
2025-10-27 10:46:55,187 - GPU-7 - INFO -   [Cycle 7]
2025-10-27 10:46:55,188 - GPU-7 - DEBUG -     [Latent Recursive] Starting 1 steps of latent thinking
2025-10-27 10:46:55,233 - GPU-7 - DEBUG -       [Latent] Step 1/1
2025-10-27 10:46:55,390 - GPU-7 - DEBUG -       [After Latent Recursive] 1 tokens unmasked
2025-10-27 10:46:55,390 - GPU-7 - INFO -   [Cycle 8]
2025-10-27 10:46:55,390 - GPU-7 - DEBUG -     [Latent Recursive] Starting 1 steps of latent thinking
2025-10-27 10:46:55,436 - GPU-7 - DEBUG -       [Latent] Step 1/1
2025-10-27 10:46:55,593 - GPU-7 - DEBUG -       [After Latent Recursive] 1 tokens unmasked
2025-10-27 10:46:55,593 - GPU-7 - INFO -   [Cycle 9]
2025-10-27 10:46:55,594 - GPU-7 - DEBUG -     [Latent Recursive] Starting 1 steps of latent thinking
2025-10-27 10:46:55,639 - GPU-7 - DEBUG -       [Latent] Step 1/1
2025-10-27 10:46:55,796 - GPU-7 - DEBUG -       [After Latent Recursive] 1 tokens unmasked
2025-10-27 10:46:55,797 - GPU-7 - INFO -   [Cycle 10]
2025-10-27 10:46:55,797 - GPU-7 - DEBUG -     [Latent Recursive] Starting 1 steps of latent thinking
2025-10-27 10:46:55,843 - GPU-7 - DEBUG -       [Latent] Step 1/1
2025-10-27 10:46:55,999 - GPU-7 - DEBUG -       [After Latent Recursive] 1 tokens unmasked
2025-10-27 10:46:56,000 - GPU-7 - INFO -   [Cycle 11]
2025-10-27 10:46:56,000 - GPU-7 - DEBUG -     [Latent Recursive] Starting 1 steps of latent thinking
2025-10-27 10:46:56,046 - GPU-7 - DEBUG -       [Latent] Step 1/1
2025-10-27 10:46:56,202 - GPU-7 - DEBUG -       [After Latent Recursive] 1 tokens unmasked
2025-10-27 10:46:56,203 - GPU-7 - INFO -   [Cycle 12]
2025-10-27 10:46:56,203 - GPU-7 - DEBUG -     [Latent Recursive] Starting 1 steps of latent thinking
2025-10-27 10:46:56,249 - GPU-7 - DEBUG -       [Latent] Step 1/1
2025-10-27 10:46:56,405 - GPU-7 - DEBUG -       [After Latent Recursive] 1 tokens unmasked
2025-10-27 10:46:56,405 - GPU-7 - INFO -   [Cycle 13]
2025-10-27 10:46:56,406 - GPU-7 - DEBUG -     [Latent Recursive] Starting 1 steps of latent thinking
2025-10-27 10:46:56,452 - GPU-7 - DEBUG -       [Latent] Step 1/1
2025-10-27 10:46:56,608 - GPU-7 - DEBUG -       [After Latent Recursive] 1 tokens unmasked
2025-10-27 10:46:56,609 - GPU-7 - INFO -   [Cycle 14]
2025-10-27 10:46:56,609 - GPU-7 - DEBUG -     [Latent Recursive] Starting 1 steps of latent thinking
2025-10-27 10:46:56,654 - GPU-7 - DEBUG -       [Latent] Step 1/1
2025-10-27 10:46:56,811 - GPU-7 - DEBUG -       [After Latent Recursive] 1 tokens unmasked
2025-10-27 10:46:56,811 - GPU-7 - INFO -   [Cycle 15]
2025-10-27 10:46:56,811 - GPU-7 - DEBUG -     [Latent Recursive] Starting 1 steps of latent thinking
2025-10-27 10:46:56,857 - GPU-7 - DEBUG -       [Latent] Step 1/1
2025-10-27 10:46:57,013 - GPU-7 - DEBUG -       [After Latent Recursive] 1 tokens unmasked
2025-10-27 10:46:57,014 - GPU-7 - INFO -   [Cycle 16]
2025-10-27 10:46:57,014 - GPU-7 - DEBUG -     [Latent Recursive] Starting 1 steps of latent thinking
2025-10-27 10:46:57,060 - GPU-7 - DEBUG -       [Latent] Step 1/1
2025-10-27 10:46:57,216 - GPU-7 - DEBUG -       [After Latent Recursive] 1 tokens unmasked
2025-10-27 10:46:57,216 - GPU-7 - INFO -   [Cycle 17]
2025-10-27 10:46:57,216 - GPU-7 - DEBUG -     [Latent Recursive] Starting 1 steps of latent thinking
2025-10-27 10:46:57,262 - GPU-7 - DEBUG -       [Latent] Step 1/1
2025-10-27 10:46:57,419 - GPU-7 - DEBUG -       [After Latent Recursive] 1 tokens unmasked
2025-10-27 10:46:57,419 - GPU-7 - INFO -   [Cycle 18]
2025-10-27 10:46:57,419 - GPU-7 - DEBUG -     [Latent Recursive] Starting 1 steps of latent thinking
2025-10-27 10:46:57,465 - GPU-7 - DEBUG -       [Latent] Step 1/1
2025-10-27 10:46:57,621 - GPU-7 - DEBUG -       [After Latent Recursive] 1 tokens unmasked
2025-10-27 10:46:57,622 - GPU-7 - INFO -   [Cycle 19]
2025-10-27 10:46:57,622 - GPU-7 - DEBUG -     [Latent Recursive] Starting 1 steps of latent thinking
2025-10-27 10:46:57,667 - GPU-7 - DEBUG -       [Latent] Step 1/1
2025-10-27 10:46:57,824 - GPU-7 - DEBUG -       [After Latent Recursive] 1 tokens unmasked
2025-10-27 10:46:57,825 - GPU-7 - INFO -   [Cycle 20]
2025-10-27 10:46:57,825 - GPU-7 - DEBUG -     [Latent Recursive] Starting 1 steps of latent thinking
2025-10-27 10:46:57,871 - GPU-7 - DEBUG -       [Latent] Step 1/1
2025-10-27 10:46:58,027 - GPU-7 - DEBUG -       [After Latent Recursive] 1 tokens unmasked
2025-10-27 10:46:58,028 - GPU-7 - INFO -   [Cycle 21]
2025-10-27 10:46:58,028 - GPU-7 - DEBUG -     [Latent Recursive] Starting 1 steps of latent thinking
2025-10-27 10:46:58,073 - GPU-7 - DEBUG -       [Latent] Step 1/1
2025-10-27 10:46:58,230 - GPU-7 - DEBUG -       [After Latent Recursive] 1 tokens unmasked
2025-10-27 10:46:58,230 - GPU-7 - INFO -   [Cycle 22]
2025-10-27 10:46:58,231 - GPU-7 - DEBUG -     [Latent Recursive] Starting 1 steps of latent thinking
2025-10-27 10:46:58,277 - GPU-7 - DEBUG -       [Latent] Step 1/1
2025-10-27 10:46:58,433 - GPU-7 - DEBUG -       [After Latent Recursive] 1 tokens unmasked
2025-10-27 10:46:58,434 - GPU-7 - INFO -   [Cycle 23]
2025-10-27 10:46:58,434 - GPU-7 - DEBUG -     [Latent Recursive] Starting 1 steps of latent thinking
2025-10-27 10:46:58,480 - GPU-7 - DEBUG -       [Latent] Step 1/1
2025-10-27 10:46:58,636 - GPU-7 - DEBUG -       [After Latent Recursive] 1 tokens unmasked
2025-10-27 10:46:58,637 - GPU-7 - INFO -   [Cycle 24]
2025-10-27 10:46:58,637 - GPU-7 - DEBUG -     [Latent Recursive] Starting 1 steps of latent thinking
2025-10-27 10:46:58,682 - GPU-7 - DEBUG -       [Latent] Step 1/1
2025-10-27 10:46:58,839 - GPU-7 - DEBUG -       [After Latent Recursive] 1 tokens unmasked
2025-10-27 10:46:58,840 - GPU-7 - INFO -   [Cycle 25]
2025-10-27 10:46:58,840 - GPU-7 - DEBUG -     [Latent Recursive] Starting 1 steps of latent thinking
2025-10-27 10:46:58,886 - GPU-7 - DEBUG -       [Latent] Step 1/1
2025-10-27 10:46:59,042 - GPU-7 - DEBUG -       [After Latent Recursive] 1 tokens unmasked
2025-10-27 10:46:59,043 - GPU-7 - INFO -   [Cycle 26]
2025-10-27 10:46:59,043 - GPU-7 - DEBUG -     [Latent Recursive] Starting 1 steps of latent thinking
2025-10-27 10:46:59,089 - GPU-7 - DEBUG -       [Latent] Step 1/1
2025-10-27 10:46:59,245 - GPU-7 - DEBUG -       [After Latent Recursive] 1 tokens unmasked
2025-10-27 10:46:59,246 - GPU-7 - INFO -   [Cycle 27]
2025-10-27 10:46:59,246 - GPU-7 - DEBUG -     [Latent Recursive] Starting 1 steps of latent thinking
2025-10-27 10:46:59,291 - GPU-7 - DEBUG -       [Latent] Step 1/1
2025-10-27 10:46:59,448 - GPU-7 - DEBUG -       [After Latent Recursive] 1 tokens unmasked
2025-10-27 10:46:59,449 - GPU-7 - INFO -   [Cycle 28]
2025-10-27 10:46:59,449 - GPU-7 - DEBUG -     [Latent Recursive] Starting 1 steps of latent thinking
2025-10-27 10:46:59,494 - GPU-7 - DEBUG -       [Latent] Step 1/1
2025-10-27 10:46:59,651 - GPU-7 - DEBUG -       [After Latent Recursive] 1 tokens unmasked
2025-10-27 10:46:59,651 - GPU-7 - INFO -   [Cycle 29]
2025-10-27 10:46:59,652 - GPU-7 - DEBUG -     [Latent Recursive] Starting 1 steps of latent thinking
2025-10-27 10:46:59,697 - GPU-7 - DEBUG -       [Latent] Step 1/1
2025-10-27 10:46:59,854 - GPU-7 - DEBUG -       [After Latent Recursive] 1 tokens unmasked
2025-10-27 10:46:59,855 - GPU-7 - INFO -   [Cycle 30]
2025-10-27 10:46:59,855 - GPU-7 - DEBUG -     [Latent Recursive] Starting 1 steps of latent thinking
2025-10-27 10:46:59,901 - GPU-7 - DEBUG -       [Latent] Step 1/1
2025-10-27 10:47:00,057 - GPU-7 - DEBUG -       [After Latent Recursive] 1 tokens unmasked
2025-10-27 10:47:00,058 - GPU-7 - INFO -   [Cycle 31]
2025-10-27 10:47:00,058 - GPU-7 - DEBUG -     [Latent Recursive] Starting 1 steps of latent thinking
2025-10-27 10:47:00,103 - GPU-7 - DEBUG -       [Latent] Step 1/1
2025-10-27 10:47:00,260 - GPU-7 - DEBUG -       [After Latent Recursive] 1 tokens unmasked
2025-10-27 10:47:00,260 - GPU-7 - INFO - [Block 16/16] Processing tokens 555-587
2025-10-27 10:47:00,260 - GPU-7 - DEBUG - [Block 15] Before forward: use_cache=True, x.shape=torch.Size([1, 587])
2025-10-27 10:47:00,260 - GPU-7 - DEBUG - [Block 15] Model type: LLaDAModelLM
2025-10-27 10:47:00,261 - GPU-7 - DEBUG - [Block 15] Model config use_cache: True
2025-10-27 10:47:00,283 - GPU-7 - DEBUG - [Block 15] After forward: pkv is None? False
2025-10-27 10:47:00,283 - GPU-7 - DEBUG - [Block 15] out type: CausalLMOutputWithPast
2025-10-27 10:47:00,283 - GPU-7 - DEBUG - [Block 15] pkv type: <class 'list'>, len: 32
2025-10-27 10:47:00,283 - GPU-7 - DEBUG - [Block 15] pkv[0] type: <class 'tuple'>, len: 2
2025-10-27 10:47:00,284 - GPU-7 - DEBUG - [Block 15] pkv[0][0].shape: torch.Size([1, 32, 587, 128])
2025-10-27 10:47:00,372 - GPU-7 - INFO -   [Initial Forward] 1 tokens unmasked
2025-10-27 10:47:00,372 - GPU-7 - INFO -   [Cycle 1]
2025-10-27 10:47:00,372 - GPU-7 - DEBUG -     [Latent Recursive] Starting 1 steps of latent thinking
2025-10-27 10:47:00,418 - GPU-7 - DEBUG -       [Latent] Step 1/1
2025-10-27 10:47:00,574 - GPU-7 - DEBUG -       [After Latent Recursive] 1 tokens unmasked
2025-10-27 10:47:00,575 - GPU-7 - INFO -   [Cycle 2]
2025-10-27 10:47:00,575 - GPU-7 - DEBUG -     [Latent Recursive] Starting 1 steps of latent thinking
2025-10-27 10:47:00,620 - GPU-7 - DEBUG -       [Latent] Step 1/1
2025-10-27 10:47:00,776 - GPU-7 - DEBUG -       [After Latent Recursive] 1 tokens unmasked
2025-10-27 10:47:00,776 - GPU-7 - INFO -   [Cycle 3]
2025-10-27 10:47:00,776 - GPU-7 - DEBUG -     [Latent Recursive] Starting 1 steps of latent thinking
2025-10-27 10:47:00,822 - GPU-7 - DEBUG -       [Latent] Step 1/1
2025-10-27 10:47:00,978 - GPU-7 - DEBUG -       [After Latent Recursive] 1 tokens unmasked
2025-10-27 10:47:00,978 - GPU-7 - INFO -   [Cycle 4]
2025-10-27 10:47:00,978 - GPU-7 - DEBUG -     [Latent Recursive] Starting 1 steps of latent thinking
2025-10-27 10:47:01,024 - GPU-7 - DEBUG -       [Latent] Step 1/1
2025-10-27 10:47:01,180 - GPU-7 - DEBUG -       [After Latent Recursive] 1 tokens unmasked
2025-10-27 10:47:01,180 - GPU-7 - INFO -   [Cycle 5]
2025-10-27 10:47:01,180 - GPU-7 - DEBUG -     [Latent Recursive] Starting 1 steps of latent thinking
2025-10-27 10:47:01,226 - GPU-7 - DEBUG -       [Latent] Step 1/1
2025-10-27 10:47:01,382 - GPU-7 - DEBUG -       [After Latent Recursive] 1 tokens unmasked
2025-10-27 10:47:01,382 - GPU-7 - INFO -   [Cycle 6]
2025-10-27 10:47:01,382 - GPU-7 - DEBUG -     [Latent Recursive] Starting 1 steps of latent thinking
2025-10-27 10:47:01,428 - GPU-7 - DEBUG -       [Latent] Step 1/1
2025-10-27 10:47:01,584 - GPU-7 - DEBUG -       [After Latent Recursive] 1 tokens unmasked
2025-10-27 10:47:01,584 - GPU-7 - INFO -   [Cycle 7]
2025-10-27 10:47:01,584 - GPU-7 - DEBUG -     [Latent Recursive] Starting 1 steps of latent thinking
2025-10-27 10:47:01,630 - GPU-7 - DEBUG -       [Latent] Step 1/1
2025-10-27 10:47:01,786 - GPU-7 - DEBUG -       [After Latent Recursive] 1 tokens unmasked
2025-10-27 10:47:01,786 - GPU-7 - INFO -   [Cycle 8]
2025-10-27 10:47:01,786 - GPU-7 - DEBUG -     [Latent Recursive] Starting 1 steps of latent thinking
2025-10-27 10:47:01,832 - GPU-7 - DEBUG -       [Latent] Step 1/1
2025-10-27 10:47:01,988 - GPU-7 - DEBUG -       [After Latent Recursive] 1 tokens unmasked
2025-10-27 10:47:01,988 - GPU-7 - INFO -   [Cycle 9]
2025-10-27 10:47:01,989 - GPU-7 - DEBUG -     [Latent Recursive] Starting 1 steps of latent thinking
2025-10-27 10:47:02,034 - GPU-7 - DEBUG -       [Latent] Step 1/1
2025-10-27 10:47:02,190 - GPU-7 - DEBUG -       [After Latent Recursive] 1 tokens unmasked
2025-10-27 10:47:02,190 - GPU-7 - INFO -   [Cycle 10]
2025-10-27 10:47:02,190 - GPU-7 - DEBUG -     [Latent Recursive] Starting 1 steps of latent thinking
2025-10-27 10:47:02,236 - GPU-7 - DEBUG -       [Latent] Step 1/1
2025-10-27 10:47:02,392 - GPU-7 - DEBUG -       [After Latent Recursive] 1 tokens unmasked
2025-10-27 10:47:02,392 - GPU-7 - INFO -   [Cycle 11]
2025-10-27 10:47:02,392 - GPU-7 - DEBUG -     [Latent Recursive] Starting 1 steps of latent thinking
2025-10-27 10:47:02,438 - GPU-7 - DEBUG -       [Latent] Step 1/1
2025-10-27 10:47:02,594 - GPU-7 - DEBUG -       [After Latent Recursive] 1 tokens unmasked
2025-10-27 10:47:02,594 - GPU-7 - INFO -   [Cycle 12]
2025-10-27 10:47:02,595 - GPU-7 - DEBUG -     [Latent Recursive] Starting 1 steps of latent thinking
2025-10-27 10:47:02,640 - GPU-7 - DEBUG -       [Latent] Step 1/1
2025-10-27 10:47:02,796 - GPU-7 - DEBUG -       [After Latent Recursive] 1 tokens unmasked
2025-10-27 10:47:02,797 - GPU-7 - INFO -   [Cycle 13]
2025-10-27 10:47:02,797 - GPU-7 - DEBUG -     [Latent Recursive] Starting 1 steps of latent thinking
2025-10-27 10:47:02,843 - GPU-7 - DEBUG -       [Latent] Step 1/1
2025-10-27 10:47:02,998 - GPU-7 - DEBUG -       [After Latent Recursive] 1 tokens unmasked
2025-10-27 10:47:02,999 - GPU-7 - INFO -   [Cycle 14]
2025-10-27 10:47:02,999 - GPU-7 - DEBUG -     [Latent Recursive] Starting 1 steps of latent thinking
2025-10-27 10:47:03,045 - GPU-7 - DEBUG -       [Latent] Step 1/1
2025-10-27 10:47:03,200 - GPU-7 - DEBUG -       [After Latent Recursive] 1 tokens unmasked
2025-10-27 10:47:03,201 - GPU-7 - INFO -   [Cycle 15]
2025-10-27 10:47:03,201 - GPU-7 - DEBUG -     [Latent Recursive] Starting 1 steps of latent thinking
2025-10-27 10:47:03,247 - GPU-7 - DEBUG -       [Latent] Step 1/1
2025-10-27 10:47:03,402 - GPU-7 - DEBUG -       [After Latent Recursive] 1 tokens unmasked
2025-10-27 10:47:03,403 - GPU-7 - INFO -   [Cycle 16]
2025-10-27 10:47:03,403 - GPU-7 - DEBUG -     [Latent Recursive] Starting 1 steps of latent thinking
2025-10-27 10:47:03,449 - GPU-7 - DEBUG -       [Latent] Step 1/1
2025-10-27 10:47:03,605 - GPU-7 - DEBUG -       [After Latent Recursive] 1 tokens unmasked
2025-10-27 10:47:03,605 - GPU-7 - INFO -   [Cycle 17]
2025-10-27 10:47:03,605 - GPU-7 - DEBUG -     [Latent Recursive] Starting 1 steps of latent thinking
2025-10-27 10:47:03,651 - GPU-7 - DEBUG -       [Latent] Step 1/1
2025-10-27 10:47:03,807 - GPU-7 - DEBUG -       [After Latent Recursive] 1 tokens unmasked
2025-10-27 10:47:03,807 - GPU-7 - INFO -   [Cycle 18]
2025-10-27 10:47:03,807 - GPU-7 - DEBUG -     [Latent Recursive] Starting 1 steps of latent thinking
2025-10-27 10:47:03,853 - GPU-7 - DEBUG -       [Latent] Step 1/1
2025-10-27 10:47:04,009 - GPU-7 - DEBUG -       [After Latent Recursive] 1 tokens unmasked
2025-10-27 10:47:04,009 - GPU-7 - INFO -   [Cycle 19]
2025-10-27 10:47:04,009 - GPU-7 - DEBUG -     [Latent Recursive] Starting 1 steps of latent thinking
2025-10-27 10:47:04,055 - GPU-7 - DEBUG -       [Latent] Step 1/1
2025-10-27 10:47:04,211 - GPU-7 - DEBUG -       [After Latent Recursive] 1 tokens unmasked
2025-10-27 10:47:04,211 - GPU-7 - INFO -   [Cycle 20]
2025-10-27 10:47:04,211 - GPU-7 - DEBUG -     [Latent Recursive] Starting 1 steps of latent thinking
2025-10-27 10:47:04,257 - GPU-7 - DEBUG -       [Latent] Step 1/1
2025-10-27 10:47:04,413 - GPU-7 - DEBUG -       [After Latent Recursive] 1 tokens unmasked
2025-10-27 10:47:04,413 - GPU-7 - INFO -   [Cycle 21]
2025-10-27 10:47:04,413 - GPU-7 - DEBUG -     [Latent Recursive] Starting 1 steps of latent thinking
2025-10-27 10:47:04,459 - GPU-7 - DEBUG -       [Latent] Step 1/1
2025-10-27 10:47:04,615 - GPU-7 - DEBUG -       [After Latent Recursive] 1 tokens unmasked
2025-10-27 10:47:04,615 - GPU-7 - INFO -   [Cycle 22]
2025-10-27 10:47:04,615 - GPU-7 - DEBUG -     [Latent Recursive] Starting 1 steps of latent thinking
2025-10-27 10:47:04,661 - GPU-7 - DEBUG -       [Latent] Step 1/1
2025-10-27 10:47:04,817 - GPU-7 - DEBUG -       [After Latent Recursive] 1 tokens unmasked
2025-10-27 10:47:04,817 - GPU-7 - INFO -   [Cycle 23]
2025-10-27 10:47:04,817 - GPU-7 - DEBUG -     [Latent Recursive] Starting 1 steps of latent thinking
2025-10-27 10:47:04,863 - GPU-7 - DEBUG -       [Latent] Step 1/1
2025-10-27 10:47:05,019 - GPU-7 - DEBUG -       [After Latent Recursive] 1 tokens unmasked
2025-10-27 10:47:05,020 - GPU-7 - INFO -   [Cycle 24]
2025-10-27 10:47:05,020 - GPU-7 - DEBUG -     [Latent Recursive] Starting 1 steps of latent thinking
2025-10-27 10:47:05,065 - GPU-7 - DEBUG -       [Latent] Step 1/1
2025-10-27 10:47:05,221 - GPU-7 - DEBUG -       [After Latent Recursive] 1 tokens unmasked
2025-10-27 10:47:05,222 - GPU-7 - INFO -   [Cycle 25]
2025-10-27 10:47:05,222 - GPU-7 - DEBUG -     [Latent Recursive] Starting 1 steps of latent thinking
2025-10-27 10:47:05,267 - GPU-7 - DEBUG -       [Latent] Step 1/1
2025-10-27 10:47:05,423 - GPU-7 - DEBUG -       [After Latent Recursive] 1 tokens unmasked
2025-10-27 10:47:05,424 - GPU-7 - INFO -   [Cycle 26]
2025-10-27 10:47:05,424 - GPU-7 - DEBUG -     [Latent Recursive] Starting 1 steps of latent thinking
2025-10-27 10:47:05,469 - GPU-7 - DEBUG -       [Latent] Step 1/1
2025-10-27 10:47:05,625 - GPU-7 - DEBUG -       [After Latent Recursive] 1 tokens unmasked
2025-10-27 10:47:05,625 - GPU-7 - INFO -   [Cycle 27]
2025-10-27 10:47:05,626 - GPU-7 - DEBUG -     [Latent Recursive] Starting 1 steps of latent thinking
2025-10-27 10:47:05,671 - GPU-7 - DEBUG -       [Latent] Step 1/1
2025-10-27 10:47:05,827 - GPU-7 - DEBUG -       [After Latent Recursive] 1 tokens unmasked
2025-10-27 10:47:05,828 - GPU-7 - INFO -   [Cycle 28]
2025-10-27 10:47:05,828 - GPU-7 - DEBUG -     [Latent Recursive] Starting 1 steps of latent thinking
2025-10-27 10:47:05,874 - GPU-7 - DEBUG -       [Latent] Step 1/1
2025-10-27 10:47:06,030 - GPU-7 - DEBUG -       [After Latent Recursive] 1 tokens unmasked
2025-10-27 10:47:06,030 - GPU-7 - INFO -   [Cycle 29]
2025-10-27 10:47:06,031 - GPU-7 - DEBUG -     [Latent Recursive] Starting 1 steps of latent thinking
2025-10-27 10:47:06,076 - GPU-7 - DEBUG -       [Latent] Step 1/1
2025-10-27 10:47:06,232 - GPU-7 - DEBUG -       [After Latent Recursive] 1 tokens unmasked
2025-10-27 10:47:06,233 - GPU-7 - INFO -   [Cycle 30]
2025-10-27 10:47:06,233 - GPU-7 - DEBUG -     [Latent Recursive] Starting 1 steps of latent thinking
2025-10-27 10:47:06,279 - GPU-7 - DEBUG -       [Latent] Step 1/1
2025-10-27 10:47:06,435 - GPU-7 - DEBUG -       [After Latent Recursive] 1 tokens unmasked
2025-10-27 10:47:06,436 - GPU-7 - INFO -   [Cycle 31]
2025-10-27 10:47:06,436 - GPU-7 - DEBUG -     [Latent Recursive] Starting 1 steps of latent thinking
2025-10-27 10:47:06,482 - GPU-7 - DEBUG -       [Latent] Step 1/1
2025-10-27 10:47:06,637 - GPU-7 - DEBUG -       [After Latent Recursive] 1 tokens unmasked
