2025-10-27 10:41:50,354 - GPU-0 - INFO - [GPU 0] Loaded freeze config from metadata.json: freeze_first_half_layers=False, trainable_layer_start_idx=0
2025-10-27 10:41:50,613 - GPU-0 - INFO - === Starting generate_with_prefix_cache ===
2025-10-27 10:41:50,613 - GPU-0 - INFO - use_cache=True, R=1, N=1
2025-10-27 10:41:50,617 - GPU-0 - INFO - [Block 1/16] Processing tokens 64-96
2025-10-27 10:41:50,617 - GPU-0 - DEBUG - [Block 0] Before forward: use_cache=True, x.shape=torch.Size([1, 576])
2025-10-27 10:41:50,617 - GPU-0 - DEBUG - [Block 0] Model type: LLaDAModelLM
2025-10-27 10:41:50,617 - GPU-0 - DEBUG - [Block 0] Model config use_cache: True
2025-10-27 10:41:50,911 - GPU-0 - DEBUG - [Block 0] After forward: pkv is None? False
2025-10-27 10:41:50,911 - GPU-0 - DEBUG - [Block 0] out type: CausalLMOutputWithPast
2025-10-27 10:41:50,911 - GPU-0 - DEBUG - [Block 0] pkv type: <class 'list'>, len: 32
2025-10-27 10:41:50,911 - GPU-0 - DEBUG - [Block 0] pkv[0] type: <class 'tuple'>, len: 2
2025-10-27 10:41:50,912 - GPU-0 - DEBUG - [Block 0] pkv[0][0].shape: torch.Size([1, 32, 576, 128])
2025-10-27 10:41:51,025 - GPU-0 - INFO -   [Initial Forward] 2 tokens unmasked
2025-10-27 10:41:51,025 - GPU-0 - INFO -   [Cycle 1]
2025-10-27 10:41:51,025 - GPU-0 - DEBUG -     [Latent Recursive] Starting 1 steps of latent thinking
2025-10-27 10:41:51,132 - GPU-0 - DEBUG -       [Latent] Step 1/1
2025-10-27 10:41:51,305 - GPU-0 - DEBUG -       [After Latent Recursive] 2 tokens unmasked
2025-10-27 10:41:51,305 - GPU-0 - INFO -   [Cycle 2]
2025-10-27 10:41:51,305 - GPU-0 - DEBUG -     [Latent Recursive] Starting 1 steps of latent thinking
2025-10-27 10:41:51,350 - GPU-0 - DEBUG -       [Latent] Step 1/1
2025-10-27 10:41:51,522 - GPU-0 - DEBUG -       [After Latent Recursive] 2 tokens unmasked
2025-10-27 10:41:51,522 - GPU-0 - INFO -   [Cycle 3]
2025-10-27 10:41:51,522 - GPU-0 - DEBUG -     [Latent Recursive] Starting 1 steps of latent thinking
2025-10-27 10:41:51,567 - GPU-0 - DEBUG -       [Latent] Step 1/1
2025-10-27 10:41:51,739 - GPU-0 - DEBUG -       [After Latent Recursive] 2 tokens unmasked
2025-10-27 10:41:51,739 - GPU-0 - INFO -   [Cycle 4]
2025-10-27 10:41:51,739 - GPU-0 - DEBUG -     [Latent Recursive] Starting 1 steps of latent thinking
2025-10-27 10:41:51,783 - GPU-0 - DEBUG -       [Latent] Step 1/1
2025-10-27 10:41:51,956 - GPU-0 - DEBUG -       [After Latent Recursive] 2 tokens unmasked
2025-10-27 10:41:51,956 - GPU-0 - INFO -   [Cycle 5]
2025-10-27 10:41:51,957 - GPU-0 - DEBUG -     [Latent Recursive] Starting 1 steps of latent thinking
2025-10-27 10:41:52,001 - GPU-0 - DEBUG -       [Latent] Step 1/1
2025-10-27 10:41:52,173 - GPU-0 - DEBUG -       [After Latent Recursive] 2 tokens unmasked
2025-10-27 10:41:52,174 - GPU-0 - INFO -   [Cycle 6]
2025-10-27 10:41:52,174 - GPU-0 - DEBUG -     [Latent Recursive] Starting 1 steps of latent thinking
2025-10-27 10:41:52,218 - GPU-0 - DEBUG -       [Latent] Step 1/1
2025-10-27 10:41:52,390 - GPU-0 - DEBUG -       [After Latent Recursive] 2 tokens unmasked
2025-10-27 10:41:52,391 - GPU-0 - INFO -   [Cycle 7]
2025-10-27 10:41:52,391 - GPU-0 - DEBUG -     [Latent Recursive] Starting 1 steps of latent thinking
2025-10-27 10:41:52,435 - GPU-0 - DEBUG -       [Latent] Step 1/1
2025-10-27 10:41:52,607 - GPU-0 - DEBUG -       [After Latent Recursive] 2 tokens unmasked
2025-10-27 10:41:52,608 - GPU-0 - INFO -   [Cycle 8]
2025-10-27 10:41:52,608 - GPU-0 - DEBUG -     [Latent Recursive] Starting 1 steps of latent thinking
2025-10-27 10:41:52,652 - GPU-0 - DEBUG -       [Latent] Step 1/1
2025-10-27 10:41:52,825 - GPU-0 - DEBUG -       [After Latent Recursive] 2 tokens unmasked
2025-10-27 10:41:52,825 - GPU-0 - INFO -   [Cycle 9]
2025-10-27 10:41:52,825 - GPU-0 - DEBUG -     [Latent Recursive] Starting 1 steps of latent thinking
2025-10-27 10:41:52,869 - GPU-0 - DEBUG -       [Latent] Step 1/1
2025-10-27 10:41:53,041 - GPU-0 - DEBUG -       [After Latent Recursive] 2 tokens unmasked
2025-10-27 10:41:53,042 - GPU-0 - INFO -   [Cycle 10]
2025-10-27 10:41:53,042 - GPU-0 - DEBUG -     [Latent Recursive] Starting 1 steps of latent thinking
2025-10-27 10:41:53,086 - GPU-0 - DEBUG -       [Latent] Step 1/1
2025-10-27 10:41:53,259 - GPU-0 - DEBUG -       [After Latent Recursive] 2 tokens unmasked
2025-10-27 10:41:53,259 - GPU-0 - INFO -   [Cycle 11]
2025-10-27 10:41:53,260 - GPU-0 - DEBUG -     [Latent Recursive] Starting 1 steps of latent thinking
2025-10-27 10:41:53,304 - GPU-0 - DEBUG -       [Latent] Step 1/1
2025-10-27 10:41:53,476 - GPU-0 - DEBUG -       [After Latent Recursive] 2 tokens unmasked
2025-10-27 10:41:53,476 - GPU-0 - INFO -   [Cycle 12]
2025-10-27 10:41:53,477 - GPU-0 - DEBUG -     [Latent Recursive] Starting 1 steps of latent thinking
2025-10-27 10:41:53,521 - GPU-0 - DEBUG -       [Latent] Step 1/1
2025-10-27 10:41:53,693 - GPU-0 - DEBUG -       [After Latent Recursive] 2 tokens unmasked
2025-10-27 10:41:53,694 - GPU-0 - INFO -   [Cycle 13]
2025-10-27 10:41:53,694 - GPU-0 - DEBUG -     [Latent Recursive] Starting 1 steps of latent thinking
2025-10-27 10:41:53,738 - GPU-0 - DEBUG -       [Latent] Step 1/1
2025-10-27 10:41:53,910 - GPU-0 - DEBUG -       [After Latent Recursive] 2 tokens unmasked
2025-10-27 10:41:53,911 - GPU-0 - INFO -   [Cycle 14]
2025-10-27 10:41:53,911 - GPU-0 - DEBUG -     [Latent Recursive] Starting 1 steps of latent thinking
2025-10-27 10:41:53,955 - GPU-0 - DEBUG -       [Latent] Step 1/1
2025-10-27 10:41:54,127 - GPU-0 - DEBUG -       [After Latent Recursive] 2 tokens unmasked
2025-10-27 10:41:54,128 - GPU-0 - INFO -   [Cycle 15]
2025-10-27 10:41:54,128 - GPU-0 - DEBUG -     [Latent Recursive] Starting 1 steps of latent thinking
2025-10-27 10:41:54,172 - GPU-0 - DEBUG -       [Latent] Step 1/1
2025-10-27 10:41:54,344 - GPU-0 - DEBUG -       [After Latent Recursive] 2 tokens unmasked
2025-10-27 10:41:54,344 - GPU-0 - INFO - [Block 2/16] Processing tokens 96-128
2025-10-27 10:41:54,345 - GPU-0 - DEBUG - [Block 1] Before forward: use_cache=True, x.shape=torch.Size([1, 576])
2025-10-27 10:41:54,345 - GPU-0 - DEBUG - [Block 1] Model type: LLaDAModelLM
2025-10-27 10:41:54,345 - GPU-0 - DEBUG - [Block 1] Model config use_cache: True
2025-10-27 10:41:54,367 - GPU-0 - DEBUG - [Block 1] After forward: pkv is None? False
2025-10-27 10:41:54,367 - GPU-0 - DEBUG - [Block 1] out type: CausalLMOutputWithPast
2025-10-27 10:41:54,367 - GPU-0 - DEBUG - [Block 1] pkv type: <class 'list'>, len: 32
2025-10-27 10:41:54,367 - GPU-0 - DEBUG - [Block 1] pkv[0] type: <class 'tuple'>, len: 2
2025-10-27 10:41:54,367 - GPU-0 - DEBUG - [Block 1] pkv[0][0].shape: torch.Size([1, 32, 576, 128])
2025-10-27 10:41:54,454 - GPU-0 - INFO -   [Initial Forward] 2 tokens unmasked
2025-10-27 10:41:54,454 - GPU-0 - INFO -   [Cycle 1]
2025-10-27 10:41:54,454 - GPU-0 - DEBUG -     [Latent Recursive] Starting 1 steps of latent thinking
2025-10-27 10:41:54,499 - GPU-0 - DEBUG -       [Latent] Step 1/1
2025-10-27 10:41:54,670 - GPU-0 - DEBUG -       [After Latent Recursive] 2 tokens unmasked
2025-10-27 10:41:54,670 - GPU-0 - INFO -   [Cycle 2]
2025-10-27 10:41:54,671 - GPU-0 - DEBUG -     [Latent Recursive] Starting 1 steps of latent thinking
2025-10-27 10:41:54,715 - GPU-0 - DEBUG -       [Latent] Step 1/1
2025-10-27 10:41:54,887 - GPU-0 - DEBUG -       [After Latent Recursive] 2 tokens unmasked
2025-10-27 10:41:54,887 - GPU-0 - INFO -   [Cycle 3]
2025-10-27 10:41:54,887 - GPU-0 - DEBUG -     [Latent Recursive] Starting 1 steps of latent thinking
2025-10-27 10:41:54,931 - GPU-0 - DEBUG -       [Latent] Step 1/1
2025-10-27 10:41:55,103 - GPU-0 - DEBUG -       [After Latent Recursive] 2 tokens unmasked
2025-10-27 10:41:55,103 - GPU-0 - INFO -   [Cycle 4]
2025-10-27 10:41:55,103 - GPU-0 - DEBUG -     [Latent Recursive] Starting 1 steps of latent thinking
2025-10-27 10:41:55,148 - GPU-0 - DEBUG -       [Latent] Step 1/1
2025-10-27 10:41:55,320 - GPU-0 - DEBUG -       [After Latent Recursive] 2 tokens unmasked
2025-10-27 10:41:55,320 - GPU-0 - INFO -   [Cycle 5]
2025-10-27 10:41:55,320 - GPU-0 - DEBUG -     [Latent Recursive] Starting 1 steps of latent thinking
2025-10-27 10:41:55,364 - GPU-0 - DEBUG -       [Latent] Step 1/1
2025-10-27 10:41:55,536 - GPU-0 - DEBUG -       [After Latent Recursive] 2 tokens unmasked
2025-10-27 10:41:55,536 - GPU-0 - INFO -   [Cycle 6]
2025-10-27 10:41:55,536 - GPU-0 - DEBUG -     [Latent Recursive] Starting 1 steps of latent thinking
2025-10-27 10:41:55,580 - GPU-0 - DEBUG -       [Latent] Step 1/1
2025-10-27 10:41:55,752 - GPU-0 - DEBUG -       [After Latent Recursive] 2 tokens unmasked
2025-10-27 10:41:55,753 - GPU-0 - INFO -   [Cycle 7]
2025-10-27 10:41:55,753 - GPU-0 - DEBUG -     [Latent Recursive] Starting 1 steps of latent thinking
2025-10-27 10:41:55,797 - GPU-0 - DEBUG -       [Latent] Step 1/1
2025-10-27 10:41:55,968 - GPU-0 - DEBUG -       [After Latent Recursive] 2 tokens unmasked
2025-10-27 10:41:55,969 - GPU-0 - INFO -   [Cycle 8]
2025-10-27 10:41:55,969 - GPU-0 - DEBUG -     [Latent Recursive] Starting 1 steps of latent thinking
2025-10-27 10:41:56,013 - GPU-0 - DEBUG -       [Latent] Step 1/1
2025-10-27 10:41:56,185 - GPU-0 - DEBUG -       [After Latent Recursive] 2 tokens unmasked
2025-10-27 10:41:56,185 - GPU-0 - INFO -   [Cycle 9]
2025-10-27 10:41:56,185 - GPU-0 - DEBUG -     [Latent Recursive] Starting 1 steps of latent thinking
2025-10-27 10:41:56,230 - GPU-0 - DEBUG -       [Latent] Step 1/1
2025-10-27 10:41:56,401 - GPU-0 - DEBUG -       [After Latent Recursive] 2 tokens unmasked
2025-10-27 10:41:56,401 - GPU-0 - INFO -   [Cycle 10]
2025-10-27 10:41:56,402 - GPU-0 - DEBUG -     [Latent Recursive] Starting 1 steps of latent thinking
2025-10-27 10:41:56,446 - GPU-0 - DEBUG -       [Latent] Step 1/1
2025-10-27 10:41:56,617 - GPU-0 - DEBUG -       [After Latent Recursive] 2 tokens unmasked
2025-10-27 10:41:56,618 - GPU-0 - INFO -   [Cycle 11]
2025-10-27 10:41:56,618 - GPU-0 - DEBUG -     [Latent Recursive] Starting 1 steps of latent thinking
2025-10-27 10:41:56,662 - GPU-0 - DEBUG -       [Latent] Step 1/1
2025-10-27 10:41:56,834 - GPU-0 - DEBUG -       [After Latent Recursive] 2 tokens unmasked
2025-10-27 10:41:56,834 - GPU-0 - INFO -   [Cycle 12]
2025-10-27 10:41:56,834 - GPU-0 - DEBUG -     [Latent Recursive] Starting 1 steps of latent thinking
2025-10-27 10:41:56,878 - GPU-0 - DEBUG -       [Latent] Step 1/1
2025-10-27 10:41:57,050 - GPU-0 - DEBUG -       [After Latent Recursive] 2 tokens unmasked
2025-10-27 10:41:57,050 - GPU-0 - INFO -   [Cycle 13]
2025-10-27 10:41:57,050 - GPU-0 - DEBUG -     [Latent Recursive] Starting 1 steps of latent thinking
2025-10-27 10:41:57,095 - GPU-0 - DEBUG -       [Latent] Step 1/1
2025-10-27 10:41:57,266 - GPU-0 - DEBUG -       [After Latent Recursive] 2 tokens unmasked
2025-10-27 10:41:57,266 - GPU-0 - INFO -   [Cycle 14]
2025-10-27 10:41:57,266 - GPU-0 - DEBUG -     [Latent Recursive] Starting 1 steps of latent thinking
2025-10-27 10:41:57,311 - GPU-0 - DEBUG -       [Latent] Step 1/1
2025-10-27 10:41:57,482 - GPU-0 - DEBUG -       [After Latent Recursive] 2 tokens unmasked
2025-10-27 10:41:57,483 - GPU-0 - INFO -   [Cycle 15]
2025-10-27 10:41:57,483 - GPU-0 - DEBUG -     [Latent Recursive] Starting 1 steps of latent thinking
2025-10-27 10:41:57,527 - GPU-0 - DEBUG -       [Latent] Step 1/1
2025-10-27 10:41:57,698 - GPU-0 - DEBUG -       [After Latent Recursive] 2 tokens unmasked
2025-10-27 10:41:57,699 - GPU-0 - INFO - [Block 3/16] Processing tokens 128-160
2025-10-27 10:41:57,699 - GPU-0 - DEBUG - [Block 2] Before forward: use_cache=True, x.shape=torch.Size([1, 576])
2025-10-27 10:41:57,699 - GPU-0 - DEBUG - [Block 2] Model type: LLaDAModelLM
2025-10-27 10:41:57,699 - GPU-0 - DEBUG - [Block 2] Model config use_cache: True
2025-10-27 10:41:57,721 - GPU-0 - DEBUG - [Block 2] After forward: pkv is None? False
2025-10-27 10:41:57,721 - GPU-0 - DEBUG - [Block 2] out type: CausalLMOutputWithPast
2025-10-27 10:41:57,721 - GPU-0 - DEBUG - [Block 2] pkv type: <class 'list'>, len: 32
2025-10-27 10:41:57,722 - GPU-0 - DEBUG - [Block 2] pkv[0] type: <class 'tuple'>, len: 2
2025-10-27 10:41:57,722 - GPU-0 - DEBUG - [Block 2] pkv[0][0].shape: torch.Size([1, 32, 576, 128])
2025-10-27 10:41:57,808 - GPU-0 - INFO -   [Initial Forward] 2 tokens unmasked
2025-10-27 10:41:57,809 - GPU-0 - INFO -   [Cycle 1]
2025-10-27 10:41:57,809 - GPU-0 - DEBUG -     [Latent Recursive] Starting 1 steps of latent thinking
2025-10-27 10:41:57,853 - GPU-0 - DEBUG -       [Latent] Step 1/1
2025-10-27 10:41:58,022 - GPU-0 - DEBUG -       [After Latent Recursive] 2 tokens unmasked
2025-10-27 10:41:58,023 - GPU-0 - INFO -   [Cycle 2]
2025-10-27 10:41:58,023 - GPU-0 - DEBUG -     [Latent Recursive] Starting 1 steps of latent thinking
2025-10-27 10:41:58,067 - GPU-0 - DEBUG -       [Latent] Step 1/1
2025-10-27 10:41:58,236 - GPU-0 - DEBUG -       [After Latent Recursive] 2 tokens unmasked
2025-10-27 10:41:58,237 - GPU-0 - INFO -   [Cycle 3]
2025-10-27 10:41:58,237 - GPU-0 - DEBUG -     [Latent Recursive] Starting 1 steps of latent thinking
2025-10-27 10:41:58,281 - GPU-0 - DEBUG -       [Latent] Step 1/1
2025-10-27 10:41:58,450 - GPU-0 - DEBUG -       [After Latent Recursive] 2 tokens unmasked
2025-10-27 10:41:58,450 - GPU-0 - INFO -   [Cycle 4]
2025-10-27 10:41:58,450 - GPU-0 - DEBUG -     [Latent Recursive] Starting 1 steps of latent thinking
2025-10-27 10:41:58,495 - GPU-0 - DEBUG -       [Latent] Step 1/1
2025-10-27 10:41:58,664 - GPU-0 - DEBUG -       [After Latent Recursive] 2 tokens unmasked
2025-10-27 10:41:58,664 - GPU-0 - INFO -   [Cycle 5]
2025-10-27 10:41:58,665 - GPU-0 - DEBUG -     [Latent Recursive] Starting 1 steps of latent thinking
2025-10-27 10:41:58,709 - GPU-0 - DEBUG -       [Latent] Step 1/1
2025-10-27 10:41:58,878 - GPU-0 - DEBUG -       [After Latent Recursive] 2 tokens unmasked
2025-10-27 10:41:58,879 - GPU-0 - INFO -   [Cycle 6]
2025-10-27 10:41:58,879 - GPU-0 - DEBUG -     [Latent Recursive] Starting 1 steps of latent thinking
2025-10-27 10:41:58,923 - GPU-0 - DEBUG -       [Latent] Step 1/1
2025-10-27 10:41:59,093 - GPU-0 - DEBUG -       [After Latent Recursive] 2 tokens unmasked
2025-10-27 10:41:59,093 - GPU-0 - INFO -   [Cycle 7]
2025-10-27 10:41:59,093 - GPU-0 - DEBUG -     [Latent Recursive] Starting 1 steps of latent thinking
2025-10-27 10:41:59,137 - GPU-0 - DEBUG -       [Latent] Step 1/1
2025-10-27 10:41:59,307 - GPU-0 - DEBUG -       [After Latent Recursive] 2 tokens unmasked
2025-10-27 10:41:59,307 - GPU-0 - INFO -   [Cycle 8]
2025-10-27 10:41:59,307 - GPU-0 - DEBUG -     [Latent Recursive] Starting 1 steps of latent thinking
2025-10-27 10:41:59,351 - GPU-0 - DEBUG -       [Latent] Step 1/1
2025-10-27 10:41:59,521 - GPU-0 - DEBUG -       [After Latent Recursive] 2 tokens unmasked
2025-10-27 10:41:59,521 - GPU-0 - INFO -   [Cycle 9]
2025-10-27 10:41:59,521 - GPU-0 - DEBUG -     [Latent Recursive] Starting 1 steps of latent thinking
2025-10-27 10:41:59,566 - GPU-0 - DEBUG -       [Latent] Step 1/1
2025-10-27 10:41:59,735 - GPU-0 - DEBUG -       [After Latent Recursive] 2 tokens unmasked
2025-10-27 10:41:59,735 - GPU-0 - INFO -   [Cycle 10]
2025-10-27 10:41:59,735 - GPU-0 - DEBUG -     [Latent Recursive] Starting 1 steps of latent thinking
2025-10-27 10:41:59,779 - GPU-0 - DEBUG -       [Latent] Step 1/1
2025-10-27 10:41:59,949 - GPU-0 - DEBUG -       [After Latent Recursive] 2 tokens unmasked
2025-10-27 10:41:59,949 - GPU-0 - INFO -   [Cycle 11]
2025-10-27 10:41:59,949 - GPU-0 - DEBUG -     [Latent Recursive] Starting 1 steps of latent thinking
2025-10-27 10:41:59,993 - GPU-0 - DEBUG -       [Latent] Step 1/1
2025-10-27 10:42:00,163 - GPU-0 - DEBUG -       [After Latent Recursive] 2 tokens unmasked
2025-10-27 10:42:00,163 - GPU-0 - INFO -   [Cycle 12]
2025-10-27 10:42:00,163 - GPU-0 - DEBUG -     [Latent Recursive] Starting 1 steps of latent thinking
2025-10-27 10:42:00,207 - GPU-0 - DEBUG -       [Latent] Step 1/1
2025-10-27 10:42:00,377 - GPU-0 - DEBUG -       [After Latent Recursive] 2 tokens unmasked
2025-10-27 10:42:00,377 - GPU-0 - INFO -   [Cycle 13]
2025-10-27 10:42:00,377 - GPU-0 - DEBUG -     [Latent Recursive] Starting 1 steps of latent thinking
2025-10-27 10:42:00,422 - GPU-0 - DEBUG -       [Latent] Step 1/1
2025-10-27 10:42:00,591 - GPU-0 - DEBUG -       [After Latent Recursive] 2 tokens unmasked
2025-10-27 10:42:00,592 - GPU-0 - INFO -   [Cycle 14]
2025-10-27 10:42:00,592 - GPU-0 - DEBUG -     [Latent Recursive] Starting 1 steps of latent thinking
2025-10-27 10:42:00,636 - GPU-0 - DEBUG -       [Latent] Step 1/1
2025-10-27 10:42:00,806 - GPU-0 - DEBUG -       [After Latent Recursive] 2 tokens unmasked
2025-10-27 10:42:00,806 - GPU-0 - INFO -   [Cycle 15]
2025-10-27 10:42:00,807 - GPU-0 - DEBUG -     [Latent Recursive] Starting 1 steps of latent thinking
2025-10-27 10:42:00,851 - GPU-0 - DEBUG -       [Latent] Step 1/1
2025-10-27 10:42:01,020 - GPU-0 - DEBUG -       [After Latent Recursive] 2 tokens unmasked
2025-10-27 10:42:01,021 - GPU-0 - INFO - [Block 4/16] Processing tokens 160-192
2025-10-27 10:42:01,021 - GPU-0 - DEBUG - [Block 3] Before forward: use_cache=True, x.shape=torch.Size([1, 576])
2025-10-27 10:42:01,021 - GPU-0 - DEBUG - [Block 3] Model type: LLaDAModelLM
2025-10-27 10:42:01,021 - GPU-0 - DEBUG - [Block 3] Model config use_cache: True
2025-10-27 10:42:01,043 - GPU-0 - DEBUG - [Block 3] After forward: pkv is None? False
2025-10-27 10:42:01,044 - GPU-0 - DEBUG - [Block 3] out type: CausalLMOutputWithPast
2025-10-27 10:42:01,044 - GPU-0 - DEBUG - [Block 3] pkv type: <class 'list'>, len: 32
2025-10-27 10:42:01,044 - GPU-0 - DEBUG - [Block 3] pkv[0] type: <class 'tuple'>, len: 2
2025-10-27 10:42:01,044 - GPU-0 - DEBUG - [Block 3] pkv[0][0].shape: torch.Size([1, 32, 576, 128])
2025-10-27 10:42:01,131 - GPU-0 - INFO -   [Initial Forward] 2 tokens unmasked
2025-10-27 10:42:01,131 - GPU-0 - INFO -   [Cycle 1]
2025-10-27 10:42:01,131 - GPU-0 - DEBUG -     [Latent Recursive] Starting 1 steps of latent thinking
2025-10-27 10:42:01,176 - GPU-0 - DEBUG -       [Latent] Step 1/1
2025-10-27 10:42:01,345 - GPU-0 - DEBUG -       [After Latent Recursive] 2 tokens unmasked
2025-10-27 10:42:01,345 - GPU-0 - INFO -   [Cycle 2]
2025-10-27 10:42:01,345 - GPU-0 - DEBUG -     [Latent Recursive] Starting 1 steps of latent thinking
2025-10-27 10:42:01,390 - GPU-0 - DEBUG -       [Latent] Step 1/1
2025-10-27 10:42:01,559 - GPU-0 - DEBUG -       [After Latent Recursive] 2 tokens unmasked
2025-10-27 10:42:01,559 - GPU-0 - INFO -   [Cycle 3]
2025-10-27 10:42:01,559 - GPU-0 - DEBUG -     [Latent Recursive] Starting 1 steps of latent thinking
2025-10-27 10:42:01,603 - GPU-0 - DEBUG -       [Latent] Step 1/1
2025-10-27 10:42:01,772 - GPU-0 - DEBUG -       [After Latent Recursive] 2 tokens unmasked
2025-10-27 10:42:01,772 - GPU-0 - INFO -   [Cycle 4]
2025-10-27 10:42:01,773 - GPU-0 - DEBUG -     [Latent Recursive] Starting 1 steps of latent thinking
2025-10-27 10:42:01,817 - GPU-0 - DEBUG -       [Latent] Step 1/1
2025-10-27 10:42:01,986 - GPU-0 - DEBUG -       [After Latent Recursive] 2 tokens unmasked
2025-10-27 10:42:01,986 - GPU-0 - INFO -   [Cycle 5]
2025-10-27 10:42:01,986 - GPU-0 - DEBUG -     [Latent Recursive] Starting 1 steps of latent thinking
2025-10-27 10:42:02,031 - GPU-0 - DEBUG -       [Latent] Step 1/1
2025-10-27 10:42:02,199 - GPU-0 - DEBUG -       [After Latent Recursive] 2 tokens unmasked
2025-10-27 10:42:02,200 - GPU-0 - INFO -   [Cycle 6]
2025-10-27 10:42:02,200 - GPU-0 - DEBUG -     [Latent Recursive] Starting 1 steps of latent thinking
2025-10-27 10:42:02,245 - GPU-0 - DEBUG -       [Latent] Step 1/1
2025-10-27 10:42:02,414 - GPU-0 - DEBUG -       [After Latent Recursive] 2 tokens unmasked
2025-10-27 10:42:02,415 - GPU-0 - INFO -   [Cycle 7]
2025-10-27 10:42:02,415 - GPU-0 - DEBUG -     [Latent Recursive] Starting 1 steps of latent thinking
2025-10-27 10:42:02,459 - GPU-0 - DEBUG -       [Latent] Step 1/1
2025-10-27 10:42:02,628 - GPU-0 - DEBUG -       [After Latent Recursive] 2 tokens unmasked
2025-10-27 10:42:02,628 - GPU-0 - INFO -   [Cycle 8]
2025-10-27 10:42:02,628 - GPU-0 - DEBUG -     [Latent Recursive] Starting 1 steps of latent thinking
2025-10-27 10:42:02,673 - GPU-0 - DEBUG -       [Latent] Step 1/1
2025-10-27 10:42:02,842 - GPU-0 - DEBUG -       [After Latent Recursive] 2 tokens unmasked
2025-10-27 10:42:02,842 - GPU-0 - INFO -   [Cycle 9]
2025-10-27 10:42:02,842 - GPU-0 - DEBUG -     [Latent Recursive] Starting 1 steps of latent thinking
2025-10-27 10:42:02,886 - GPU-0 - DEBUG -       [Latent] Step 1/1
2025-10-27 10:42:03,055 - GPU-0 - DEBUG -       [After Latent Recursive] 2 tokens unmasked
2025-10-27 10:42:03,056 - GPU-0 - INFO -   [Cycle 10]
2025-10-27 10:42:03,056 - GPU-0 - DEBUG -     [Latent Recursive] Starting 1 steps of latent thinking
2025-10-27 10:42:03,100 - GPU-0 - DEBUG -       [Latent] Step 1/1
2025-10-27 10:42:03,269 - GPU-0 - DEBUG -       [After Latent Recursive] 2 tokens unmasked
2025-10-27 10:42:03,270 - GPU-0 - INFO -   [Cycle 11]
2025-10-27 10:42:03,270 - GPU-0 - DEBUG -     [Latent Recursive] Starting 1 steps of latent thinking
2025-10-27 10:42:03,314 - GPU-0 - DEBUG -       [Latent] Step 1/1
2025-10-27 10:42:03,483 - GPU-0 - DEBUG -       [After Latent Recursive] 2 tokens unmasked
2025-10-27 10:42:03,483 - GPU-0 - INFO -   [Cycle 12]
2025-10-27 10:42:03,483 - GPU-0 - DEBUG -     [Latent Recursive] Starting 1 steps of latent thinking
2025-10-27 10:42:03,527 - GPU-0 - DEBUG -       [Latent] Step 1/1
2025-10-27 10:42:03,697 - GPU-0 - DEBUG -       [After Latent Recursive] 2 tokens unmasked
2025-10-27 10:42:03,697 - GPU-0 - INFO -   [Cycle 13]
2025-10-27 10:42:03,697 - GPU-0 - DEBUG -     [Latent Recursive] Starting 1 steps of latent thinking
2025-10-27 10:42:03,741 - GPU-0 - DEBUG -       [Latent] Step 1/1
2025-10-27 10:42:03,910 - GPU-0 - DEBUG -       [After Latent Recursive] 2 tokens unmasked
2025-10-27 10:42:03,910 - GPU-0 - INFO -   [Cycle 14]
2025-10-27 10:42:03,910 - GPU-0 - DEBUG -     [Latent Recursive] Starting 1 steps of latent thinking
2025-10-27 10:42:03,955 - GPU-0 - DEBUG -       [Latent] Step 1/1
2025-10-27 10:42:04,124 - GPU-0 - DEBUG -       [After Latent Recursive] 2 tokens unmasked
2025-10-27 10:42:04,124 - GPU-0 - INFO -   [Cycle 15]
2025-10-27 10:42:04,124 - GPU-0 - DEBUG -     [Latent Recursive] Starting 1 steps of latent thinking
2025-10-27 10:42:04,168 - GPU-0 - DEBUG -       [Latent] Step 1/1
2025-10-27 10:42:04,337 - GPU-0 - DEBUG -       [After Latent Recursive] 2 tokens unmasked
2025-10-27 10:42:04,337 - GPU-0 - INFO - [Block 5/16] Processing tokens 192-224
2025-10-27 10:42:04,338 - GPU-0 - DEBUG - [Block 4] Before forward: use_cache=True, x.shape=torch.Size([1, 576])
2025-10-27 10:42:04,338 - GPU-0 - DEBUG - [Block 4] Model type: LLaDAModelLM
2025-10-27 10:42:04,338 - GPU-0 - DEBUG - [Block 4] Model config use_cache: True
2025-10-27 10:42:04,360 - GPU-0 - DEBUG - [Block 4] After forward: pkv is None? False
2025-10-27 10:42:04,360 - GPU-0 - DEBUG - [Block 4] out type: CausalLMOutputWithPast
2025-10-27 10:42:04,360 - GPU-0 - DEBUG - [Block 4] pkv type: <class 'list'>, len: 32
2025-10-27 10:42:04,360 - GPU-0 - DEBUG - [Block 4] pkv[0] type: <class 'tuple'>, len: 2
2025-10-27 10:42:04,360 - GPU-0 - DEBUG - [Block 4] pkv[0][0].shape: torch.Size([1, 32, 576, 128])
2025-10-27 10:42:04,447 - GPU-0 - INFO -   [Initial Forward] 2 tokens unmasked
2025-10-27 10:42:04,448 - GPU-0 - INFO -   [Cycle 1]
2025-10-27 10:42:04,448 - GPU-0 - DEBUG -     [Latent Recursive] Starting 1 steps of latent thinking
2025-10-27 10:42:04,492 - GPU-0 - DEBUG -       [Latent] Step 1/1
2025-10-27 10:42:04,659 - GPU-0 - DEBUG -       [After Latent Recursive] 2 tokens unmasked
2025-10-27 10:42:04,659 - GPU-0 - INFO -   [Cycle 2]
2025-10-27 10:42:04,659 - GPU-0 - DEBUG -     [Latent Recursive] Starting 1 steps of latent thinking
2025-10-27 10:42:04,703 - GPU-0 - DEBUG -       [Latent] Step 1/1
2025-10-27 10:42:04,870 - GPU-0 - DEBUG -       [After Latent Recursive] 2 tokens unmasked
2025-10-27 10:42:04,870 - GPU-0 - INFO -   [Cycle 3]
2025-10-27 10:42:04,870 - GPU-0 - DEBUG -     [Latent Recursive] Starting 1 steps of latent thinking
2025-10-27 10:42:04,915 - GPU-0 - DEBUG -       [Latent] Step 1/1
2025-10-27 10:42:05,081 - GPU-0 - DEBUG -       [After Latent Recursive] 2 tokens unmasked
2025-10-27 10:42:05,081 - GPU-0 - INFO -   [Cycle 4]
2025-10-27 10:42:05,081 - GPU-0 - DEBUG -     [Latent Recursive] Starting 1 steps of latent thinking
2025-10-27 10:42:05,126 - GPU-0 - DEBUG -       [Latent] Step 1/1
2025-10-27 10:42:05,292 - GPU-0 - DEBUG -       [After Latent Recursive] 2 tokens unmasked
2025-10-27 10:42:05,293 - GPU-0 - INFO -   [Cycle 5]
2025-10-27 10:42:05,293 - GPU-0 - DEBUG -     [Latent Recursive] Starting 1 steps of latent thinking
2025-10-27 10:42:05,337 - GPU-0 - DEBUG -       [Latent] Step 1/1
2025-10-27 10:42:05,503 - GPU-0 - DEBUG -       [After Latent Recursive] 2 tokens unmasked
2025-10-27 10:42:05,504 - GPU-0 - INFO -   [Cycle 6]
2025-10-27 10:42:05,504 - GPU-0 - DEBUG -     [Latent Recursive] Starting 1 steps of latent thinking
2025-10-27 10:42:05,548 - GPU-0 - DEBUG -       [Latent] Step 1/1
2025-10-27 10:42:05,714 - GPU-0 - DEBUG -       [After Latent Recursive] 2 tokens unmasked
2025-10-27 10:42:05,715 - GPU-0 - INFO -   [Cycle 7]
2025-10-27 10:42:05,715 - GPU-0 - DEBUG -     [Latent Recursive] Starting 1 steps of latent thinking
2025-10-27 10:42:05,759 - GPU-0 - DEBUG -       [Latent] Step 1/1
2025-10-27 10:42:05,926 - GPU-0 - DEBUG -       [After Latent Recursive] 2 tokens unmasked
2025-10-27 10:42:05,926 - GPU-0 - INFO -   [Cycle 8]
2025-10-27 10:42:05,926 - GPU-0 - DEBUG -     [Latent Recursive] Starting 1 steps of latent thinking
2025-10-27 10:42:05,970 - GPU-0 - DEBUG -       [Latent] Step 1/1
2025-10-27 10:42:06,137 - GPU-0 - DEBUG -       [After Latent Recursive] 2 tokens unmasked
2025-10-27 10:42:06,137 - GPU-0 - INFO -   [Cycle 9]
2025-10-27 10:42:06,138 - GPU-0 - DEBUG -     [Latent Recursive] Starting 1 steps of latent thinking
2025-10-27 10:42:06,182 - GPU-0 - DEBUG -       [Latent] Step 1/1
2025-10-27 10:42:06,348 - GPU-0 - DEBUG -       [After Latent Recursive] 2 tokens unmasked
2025-10-27 10:42:06,349 - GPU-0 - INFO -   [Cycle 10]
2025-10-27 10:42:06,349 - GPU-0 - DEBUG -     [Latent Recursive] Starting 1 steps of latent thinking
2025-10-27 10:42:06,393 - GPU-0 - DEBUG -       [Latent] Step 1/1
2025-10-27 10:42:06,559 - GPU-0 - DEBUG -       [After Latent Recursive] 2 tokens unmasked
2025-10-27 10:42:06,560 - GPU-0 - INFO -   [Cycle 11]
2025-10-27 10:42:06,560 - GPU-0 - DEBUG -     [Latent Recursive] Starting 1 steps of latent thinking
2025-10-27 10:42:06,604 - GPU-0 - DEBUG -       [Latent] Step 1/1
2025-10-27 10:42:06,771 - GPU-0 - DEBUG -       [After Latent Recursive] 2 tokens unmasked
2025-10-27 10:42:06,771 - GPU-0 - INFO -   [Cycle 12]
2025-10-27 10:42:06,771 - GPU-0 - DEBUG -     [Latent Recursive] Starting 1 steps of latent thinking
2025-10-27 10:42:06,816 - GPU-0 - DEBUG -       [Latent] Step 1/1
2025-10-27 10:42:06,983 - GPU-0 - DEBUG -       [After Latent Recursive] 2 tokens unmasked
2025-10-27 10:42:06,983 - GPU-0 - INFO -   [Cycle 13]
2025-10-27 10:42:06,983 - GPU-0 - DEBUG -     [Latent Recursive] Starting 1 steps of latent thinking
2025-10-27 10:42:07,027 - GPU-0 - DEBUG -       [Latent] Step 1/1
2025-10-27 10:42:07,194 - GPU-0 - DEBUG -       [After Latent Recursive] 2 tokens unmasked
2025-10-27 10:42:07,194 - GPU-0 - INFO -   [Cycle 14]
2025-10-27 10:42:07,194 - GPU-0 - DEBUG -     [Latent Recursive] Starting 1 steps of latent thinking
2025-10-27 10:42:07,239 - GPU-0 - DEBUG -       [Latent] Step 1/1
2025-10-27 10:42:07,405 - GPU-0 - DEBUG -       [After Latent Recursive] 2 tokens unmasked
2025-10-27 10:42:07,406 - GPU-0 - INFO -   [Cycle 15]
2025-10-27 10:42:07,406 - GPU-0 - DEBUG -     [Latent Recursive] Starting 1 steps of latent thinking
2025-10-27 10:42:07,450 - GPU-0 - DEBUG -       [Latent] Step 1/1
2025-10-27 10:42:07,617 - GPU-0 - DEBUG -       [After Latent Recursive] 2 tokens unmasked
2025-10-27 10:42:07,617 - GPU-0 - INFO - [Block 6/16] Processing tokens 224-256
2025-10-27 10:42:07,617 - GPU-0 - DEBUG - [Block 5] Before forward: use_cache=True, x.shape=torch.Size([1, 576])
2025-10-27 10:42:07,617 - GPU-0 - DEBUG - [Block 5] Model type: LLaDAModelLM
2025-10-27 10:42:07,618 - GPU-0 - DEBUG - [Block 5] Model config use_cache: True
2025-10-27 10:42:07,640 - GPU-0 - DEBUG - [Block 5] After forward: pkv is None? False
2025-10-27 10:42:07,640 - GPU-0 - DEBUG - [Block 5] out type: CausalLMOutputWithPast
2025-10-27 10:42:07,640 - GPU-0 - DEBUG - [Block 5] pkv type: <class 'list'>, len: 32
2025-10-27 10:42:07,640 - GPU-0 - DEBUG - [Block 5] pkv[0] type: <class 'tuple'>, len: 2
2025-10-27 10:42:07,640 - GPU-0 - DEBUG - [Block 5] pkv[0][0].shape: torch.Size([1, 32, 576, 128])
2025-10-27 10:42:07,727 - GPU-0 - INFO -   [Initial Forward] 2 tokens unmasked
2025-10-27 10:42:07,727 - GPU-0 - INFO -   [Cycle 1]
2025-10-27 10:42:07,727 - GPU-0 - DEBUG -     [Latent Recursive] Starting 1 steps of latent thinking
2025-10-27 10:42:07,772 - GPU-0 - DEBUG -       [Latent] Step 1/1
2025-10-27 10:42:07,938 - GPU-0 - DEBUG -       [After Latent Recursive] 2 tokens unmasked
2025-10-27 10:42:07,938 - GPU-0 - INFO -   [Cycle 2]
2025-10-27 10:42:07,938 - GPU-0 - DEBUG -     [Latent Recursive] Starting 1 steps of latent thinking
2025-10-27 10:42:07,982 - GPU-0 - DEBUG -       [Latent] Step 1/1
2025-10-27 10:42:08,148 - GPU-0 - DEBUG -       [After Latent Recursive] 2 tokens unmasked
2025-10-27 10:42:08,148 - GPU-0 - INFO -   [Cycle 3]
2025-10-27 10:42:08,148 - GPU-0 - DEBUG -     [Latent Recursive] Starting 1 steps of latent thinking
2025-10-27 10:42:08,193 - GPU-0 - DEBUG -       [Latent] Step 1/1
2025-10-27 10:42:08,358 - GPU-0 - DEBUG -       [After Latent Recursive] 2 tokens unmasked
2025-10-27 10:42:08,359 - GPU-0 - INFO -   [Cycle 4]
2025-10-27 10:42:08,359 - GPU-0 - DEBUG -     [Latent Recursive] Starting 1 steps of latent thinking
2025-10-27 10:42:08,403 - GPU-0 - DEBUG -       [Latent] Step 1/1
2025-10-27 10:42:08,569 - GPU-0 - DEBUG -       [After Latent Recursive] 2 tokens unmasked
2025-10-27 10:42:08,569 - GPU-0 - INFO -   [Cycle 5]
2025-10-27 10:42:08,570 - GPU-0 - DEBUG -     [Latent Recursive] Starting 1 steps of latent thinking
2025-10-27 10:42:08,614 - GPU-0 - DEBUG -       [Latent] Step 1/1
2025-10-27 10:42:08,780 - GPU-0 - DEBUG -       [After Latent Recursive] 2 tokens unmasked
2025-10-27 10:42:08,780 - GPU-0 - INFO -   [Cycle 6]
2025-10-27 10:42:08,780 - GPU-0 - DEBUG -     [Latent Recursive] Starting 1 steps of latent thinking
2025-10-27 10:42:08,824 - GPU-0 - DEBUG -       [Latent] Step 1/1
2025-10-27 10:42:08,990 - GPU-0 - DEBUG -       [After Latent Recursive] 2 tokens unmasked
2025-10-27 10:42:08,990 - GPU-0 - INFO -   [Cycle 7]
2025-10-27 10:42:08,990 - GPU-0 - DEBUG -     [Latent Recursive] Starting 1 steps of latent thinking
2025-10-27 10:42:09,035 - GPU-0 - DEBUG -       [Latent] Step 1/1
2025-10-27 10:42:09,201 - GPU-0 - DEBUG -       [After Latent Recursive] 2 tokens unmasked
2025-10-27 10:42:09,201 - GPU-0 - INFO -   [Cycle 8]
2025-10-27 10:42:09,201 - GPU-0 - DEBUG -     [Latent Recursive] Starting 1 steps of latent thinking
2025-10-27 10:42:09,246 - GPU-0 - DEBUG -       [Latent] Step 1/1
2025-10-27 10:42:09,411 - GPU-0 - DEBUG -       [After Latent Recursive] 2 tokens unmasked
2025-10-27 10:42:09,412 - GPU-0 - INFO -   [Cycle 9]
2025-10-27 10:42:09,412 - GPU-0 - DEBUG -     [Latent Recursive] Starting 1 steps of latent thinking
2025-10-27 10:42:09,456 - GPU-0 - DEBUG -       [Latent] Step 1/1
2025-10-27 10:42:09,622 - GPU-0 - DEBUG -       [After Latent Recursive] 2 tokens unmasked
2025-10-27 10:42:09,623 - GPU-0 - INFO -   [Cycle 10]
2025-10-27 10:42:09,623 - GPU-0 - DEBUG -     [Latent Recursive] Starting 1 steps of latent thinking
2025-10-27 10:42:09,667 - GPU-0 - DEBUG -       [Latent] Step 1/1
2025-10-27 10:42:09,832 - GPU-0 - DEBUG -       [After Latent Recursive] 2 tokens unmasked
2025-10-27 10:42:09,833 - GPU-0 - INFO -   [Cycle 11]
2025-10-27 10:42:09,833 - GPU-0 - DEBUG -     [Latent Recursive] Starting 1 steps of latent thinking
2025-10-27 10:42:09,878 - GPU-0 - DEBUG -       [Latent] Step 1/1
2025-10-27 10:42:10,043 - GPU-0 - DEBUG -       [After Latent Recursive] 2 tokens unmasked
2025-10-27 10:42:10,044 - GPU-0 - INFO -   [Cycle 12]
2025-10-27 10:42:10,044 - GPU-0 - DEBUG -     [Latent Recursive] Starting 1 steps of latent thinking
2025-10-27 10:42:10,088 - GPU-0 - DEBUG -       [Latent] Step 1/1
2025-10-27 10:42:10,254 - GPU-0 - DEBUG -       [After Latent Recursive] 2 tokens unmasked
2025-10-27 10:42:10,254 - GPU-0 - INFO -   [Cycle 13]
2025-10-27 10:42:10,254 - GPU-0 - DEBUG -     [Latent Recursive] Starting 1 steps of latent thinking
2025-10-27 10:42:10,299 - GPU-0 - DEBUG -       [Latent] Step 1/1
2025-10-27 10:42:10,464 - GPU-0 - DEBUG -       [After Latent Recursive] 2 tokens unmasked
2025-10-27 10:42:10,465 - GPU-0 - INFO -   [Cycle 14]
2025-10-27 10:42:10,465 - GPU-0 - DEBUG -     [Latent Recursive] Starting 1 steps of latent thinking
2025-10-27 10:42:10,509 - GPU-0 - DEBUG -       [Latent] Step 1/1
2025-10-27 10:42:10,674 - GPU-0 - DEBUG -       [After Latent Recursive] 2 tokens unmasked
2025-10-27 10:42:10,675 - GPU-0 - INFO -   [Cycle 15]
2025-10-27 10:42:10,675 - GPU-0 - DEBUG -     [Latent Recursive] Starting 1 steps of latent thinking
2025-10-27 10:42:10,719 - GPU-0 - DEBUG -       [Latent] Step 1/1
2025-10-27 10:42:10,885 - GPU-0 - DEBUG -       [After Latent Recursive] 2 tokens unmasked
2025-10-27 10:42:10,885 - GPU-0 - INFO - [Block 7/16] Processing tokens 256-288
2025-10-27 10:42:10,885 - GPU-0 - DEBUG - [Block 6] Before forward: use_cache=True, x.shape=torch.Size([1, 576])
2025-10-27 10:42:10,885 - GPU-0 - DEBUG - [Block 6] Model type: LLaDAModelLM
2025-10-27 10:42:10,885 - GPU-0 - DEBUG - [Block 6] Model config use_cache: True
2025-10-27 10:42:10,908 - GPU-0 - DEBUG - [Block 6] After forward: pkv is None? False
2025-10-27 10:42:10,908 - GPU-0 - DEBUG - [Block 6] out type: CausalLMOutputWithPast
2025-10-27 10:42:10,908 - GPU-0 - DEBUG - [Block 6] pkv type: <class 'list'>, len: 32
2025-10-27 10:42:10,908 - GPU-0 - DEBUG - [Block 6] pkv[0] type: <class 'tuple'>, len: 2
2025-10-27 10:42:10,908 - GPU-0 - DEBUG - [Block 6] pkv[0][0].shape: torch.Size([1, 32, 576, 128])
2025-10-27 10:42:10,995 - GPU-0 - INFO -   [Initial Forward] 2 tokens unmasked
2025-10-27 10:42:10,995 - GPU-0 - INFO -   [Cycle 1]
2025-10-27 10:42:10,995 - GPU-0 - DEBUG -     [Latent Recursive] Starting 1 steps of latent thinking
2025-10-27 10:42:11,040 - GPU-0 - DEBUG -       [Latent] Step 1/1
2025-10-27 10:42:11,204 - GPU-0 - DEBUG -       [After Latent Recursive] 2 tokens unmasked
2025-10-27 10:42:11,205 - GPU-0 - INFO -   [Cycle 2]
2025-10-27 10:42:11,205 - GPU-0 - DEBUG -     [Latent Recursive] Starting 1 steps of latent thinking
2025-10-27 10:42:11,249 - GPU-0 - DEBUG -       [Latent] Step 1/1
2025-10-27 10:42:11,413 - GPU-0 - DEBUG -       [After Latent Recursive] 2 tokens unmasked
2025-10-27 10:42:11,414 - GPU-0 - INFO -   [Cycle 3]
2025-10-27 10:42:11,414 - GPU-0 - DEBUG -     [Latent Recursive] Starting 1 steps of latent thinking
2025-10-27 10:42:11,458 - GPU-0 - DEBUG -       [Latent] Step 1/1
2025-10-27 10:42:11,623 - GPU-0 - DEBUG -       [After Latent Recursive] 2 tokens unmasked
2025-10-27 10:42:11,623 - GPU-0 - INFO -   [Cycle 4]
2025-10-27 10:42:11,623 - GPU-0 - DEBUG -     [Latent Recursive] Starting 1 steps of latent thinking
2025-10-27 10:42:11,667 - GPU-0 - DEBUG -       [Latent] Step 1/1
2025-10-27 10:42:11,832 - GPU-0 - DEBUG -       [After Latent Recursive] 2 tokens unmasked
2025-10-27 10:42:11,832 - GPU-0 - INFO -   [Cycle 5]
2025-10-27 10:42:11,832 - GPU-0 - DEBUG -     [Latent Recursive] Starting 1 steps of latent thinking
2025-10-27 10:42:11,877 - GPU-0 - DEBUG -       [Latent] Step 1/1
2025-10-27 10:42:12,041 - GPU-0 - DEBUG -       [After Latent Recursive] 2 tokens unmasked
2025-10-27 10:42:12,041 - GPU-0 - INFO -   [Cycle 6]
2025-10-27 10:42:12,041 - GPU-0 - DEBUG -     [Latent Recursive] Starting 1 steps of latent thinking
2025-10-27 10:42:12,086 - GPU-0 - DEBUG -       [Latent] Step 1/1
2025-10-27 10:42:12,250 - GPU-0 - DEBUG -       [After Latent Recursive] 2 tokens unmasked
2025-10-27 10:42:12,251 - GPU-0 - INFO -   [Cycle 7]
2025-10-27 10:42:12,251 - GPU-0 - DEBUG -     [Latent Recursive] Starting 1 steps of latent thinking
2025-10-27 10:42:12,295 - GPU-0 - DEBUG -       [Latent] Step 1/1
2025-10-27 10:42:12,459 - GPU-0 - DEBUG -       [After Latent Recursive] 2 tokens unmasked
2025-10-27 10:42:12,459 - GPU-0 - INFO -   [Cycle 8]
2025-10-27 10:42:12,459 - GPU-0 - DEBUG -     [Latent Recursive] Starting 1 steps of latent thinking
2025-10-27 10:42:12,504 - GPU-0 - DEBUG -       [Latent] Step 1/1
2025-10-27 10:42:12,668 - GPU-0 - DEBUG -       [After Latent Recursive] 2 tokens unmasked
2025-10-27 10:42:12,669 - GPU-0 - INFO -   [Cycle 9]
2025-10-27 10:42:12,669 - GPU-0 - DEBUG -     [Latent Recursive] Starting 1 steps of latent thinking
2025-10-27 10:42:12,713 - GPU-0 - DEBUG -       [Latent] Step 1/1
2025-10-27 10:42:12,877 - GPU-0 - DEBUG -       [After Latent Recursive] 2 tokens unmasked
2025-10-27 10:42:12,877 - GPU-0 - INFO -   [Cycle 10]
2025-10-27 10:42:12,878 - GPU-0 - DEBUG -     [Latent Recursive] Starting 1 steps of latent thinking
2025-10-27 10:42:12,922 - GPU-0 - DEBUG -       [Latent] Step 1/1
2025-10-27 10:42:13,087 - GPU-0 - DEBUG -       [After Latent Recursive] 2 tokens unmasked
2025-10-27 10:42:13,087 - GPU-0 - INFO -   [Cycle 11]
2025-10-27 10:42:13,087 - GPU-0 - DEBUG -     [Latent Recursive] Starting 1 steps of latent thinking
2025-10-27 10:42:13,131 - GPU-0 - DEBUG -       [Latent] Step 1/1
2025-10-27 10:42:13,296 - GPU-0 - DEBUG -       [After Latent Recursive] 2 tokens unmasked
2025-10-27 10:42:13,296 - GPU-0 - INFO -   [Cycle 12]
2025-10-27 10:42:13,296 - GPU-0 - DEBUG -     [Latent Recursive] Starting 1 steps of latent thinking
2025-10-27 10:42:13,340 - GPU-0 - DEBUG -       [Latent] Step 1/1
2025-10-27 10:42:13,505 - GPU-0 - DEBUG -       [After Latent Recursive] 2 tokens unmasked
2025-10-27 10:42:13,506 - GPU-0 - INFO -   [Cycle 13]
2025-10-27 10:42:13,506 - GPU-0 - DEBUG -     [Latent Recursive] Starting 1 steps of latent thinking
2025-10-27 10:42:13,550 - GPU-0 - DEBUG -       [Latent] Step 1/1
2025-10-27 10:42:13,715 - GPU-0 - DEBUG -       [After Latent Recursive] 2 tokens unmasked
2025-10-27 10:42:13,715 - GPU-0 - INFO -   [Cycle 14]
2025-10-27 10:42:13,715 - GPU-0 - DEBUG -     [Latent Recursive] Starting 1 steps of latent thinking
2025-10-27 10:42:13,759 - GPU-0 - DEBUG -       [Latent] Step 1/1
2025-10-27 10:42:13,923 - GPU-0 - DEBUG -       [After Latent Recursive] 2 tokens unmasked
2025-10-27 10:42:13,923 - GPU-0 - INFO -   [Cycle 15]
2025-10-27 10:42:13,924 - GPU-0 - DEBUG -     [Latent Recursive] Starting 1 steps of latent thinking
2025-10-27 10:42:13,967 - GPU-0 - DEBUG -       [Latent] Step 1/1
2025-10-27 10:42:14,131 - GPU-0 - DEBUG -       [After Latent Recursive] 2 tokens unmasked
2025-10-27 10:42:14,132 - GPU-0 - INFO - [Block 8/16] Processing tokens 288-320
2025-10-27 10:42:14,132 - GPU-0 - DEBUG - [Block 7] Before forward: use_cache=True, x.shape=torch.Size([1, 576])
2025-10-27 10:42:14,132 - GPU-0 - DEBUG - [Block 7] Model type: LLaDAModelLM
2025-10-27 10:42:14,132 - GPU-0 - DEBUG - [Block 7] Model config use_cache: True
2025-10-27 10:42:14,154 - GPU-0 - DEBUG - [Block 7] After forward: pkv is None? False
2025-10-27 10:42:14,154 - GPU-0 - DEBUG - [Block 7] out type: CausalLMOutputWithPast
2025-10-27 10:42:14,154 - GPU-0 - DEBUG - [Block 7] pkv type: <class 'list'>, len: 32
2025-10-27 10:42:14,154 - GPU-0 - DEBUG - [Block 7] pkv[0] type: <class 'tuple'>, len: 2
2025-10-27 10:42:14,155 - GPU-0 - DEBUG - [Block 7] pkv[0][0].shape: torch.Size([1, 32, 576, 128])
2025-10-27 10:42:14,241 - GPU-0 - INFO -   [Initial Forward] 2 tokens unmasked
2025-10-27 10:42:14,241 - GPU-0 - INFO -   [Cycle 1]
2025-10-27 10:42:14,242 - GPU-0 - DEBUG -     [Latent Recursive] Starting 1 steps of latent thinking
2025-10-27 10:42:14,286 - GPU-0 - DEBUG -       [Latent] Step 1/1
2025-10-27 10:42:14,447 - GPU-0 - DEBUG -       [After Latent Recursive] 2 tokens unmasked
2025-10-27 10:42:14,448 - GPU-0 - INFO -   [Cycle 2]
2025-10-27 10:42:14,448 - GPU-0 - DEBUG -     [Latent Recursive] Starting 1 steps of latent thinking
2025-10-27 10:42:14,492 - GPU-0 - DEBUG -       [Latent] Step 1/1
2025-10-27 10:42:14,653 - GPU-0 - DEBUG -       [After Latent Recursive] 2 tokens unmasked
2025-10-27 10:42:14,654 - GPU-0 - INFO -   [Cycle 3]
2025-10-27 10:42:14,654 - GPU-0 - DEBUG -     [Latent Recursive] Starting 1 steps of latent thinking
2025-10-27 10:42:14,698 - GPU-0 - DEBUG -       [Latent] Step 1/1
2025-10-27 10:42:14,860 - GPU-0 - DEBUG -       [After Latent Recursive] 2 tokens unmasked
2025-10-27 10:42:14,860 - GPU-0 - INFO -   [Cycle 4]
2025-10-27 10:42:14,860 - GPU-0 - DEBUG -     [Latent Recursive] Starting 1 steps of latent thinking
2025-10-27 10:42:14,905 - GPU-0 - DEBUG -       [Latent] Step 1/1
2025-10-27 10:42:15,069 - GPU-0 - DEBUG -       [After Latent Recursive] 2 tokens unmasked
2025-10-27 10:42:15,069 - GPU-0 - INFO -   [Cycle 5]
2025-10-27 10:42:15,069 - GPU-0 - DEBUG -     [Latent Recursive] Starting 1 steps of latent thinking
2025-10-27 10:42:15,113 - GPU-0 - DEBUG -       [Latent] Step 1/1
2025-10-27 10:42:15,278 - GPU-0 - DEBUG -       [After Latent Recursive] 2 tokens unmasked
2025-10-27 10:42:15,278 - GPU-0 - INFO -   [Cycle 6]
2025-10-27 10:42:15,278 - GPU-0 - DEBUG -     [Latent Recursive] Starting 1 steps of latent thinking
2025-10-27 10:42:15,322 - GPU-0 - DEBUG -       [Latent] Step 1/1
2025-10-27 10:42:15,487 - GPU-0 - DEBUG -       [After Latent Recursive] 2 tokens unmasked
2025-10-27 10:42:15,487 - GPU-0 - INFO -   [Cycle 7]
2025-10-27 10:42:15,487 - GPU-0 - DEBUG -     [Latent Recursive] Starting 1 steps of latent thinking
2025-10-27 10:42:15,531 - GPU-0 - DEBUG -       [Latent] Step 1/1
2025-10-27 10:42:15,697 - GPU-0 - DEBUG -       [After Latent Recursive] 2 tokens unmasked
2025-10-27 10:42:15,697 - GPU-0 - INFO -   [Cycle 8]
2025-10-27 10:42:15,697 - GPU-0 - DEBUG -     [Latent Recursive] Starting 1 steps of latent thinking
2025-10-27 10:42:15,741 - GPU-0 - DEBUG -       [Latent] Step 1/1
2025-10-27 10:42:15,910 - GPU-0 - DEBUG -       [After Latent Recursive] 2 tokens unmasked
2025-10-27 10:42:15,910 - GPU-0 - INFO -   [Cycle 9]
2025-10-27 10:42:15,910 - GPU-0 - DEBUG -     [Latent Recursive] Starting 1 steps of latent thinking
2025-10-27 10:42:15,954 - GPU-0 - DEBUG -       [Latent] Step 1/1
2025-10-27 10:42:16,116 - GPU-0 - DEBUG -       [After Latent Recursive] 2 tokens unmasked
2025-10-27 10:42:16,116 - GPU-0 - INFO -   [Cycle 10]
2025-10-27 10:42:16,116 - GPU-0 - DEBUG -     [Latent Recursive] Starting 1 steps of latent thinking
2025-10-27 10:42:16,160 - GPU-0 - DEBUG -       [Latent] Step 1/1
2025-10-27 10:42:16,322 - GPU-0 - DEBUG -       [After Latent Recursive] 2 tokens unmasked
2025-10-27 10:42:16,322 - GPU-0 - INFO -   [Cycle 11]
2025-10-27 10:42:16,323 - GPU-0 - DEBUG -     [Latent Recursive] Starting 1 steps of latent thinking
2025-10-27 10:42:16,367 - GPU-0 - DEBUG -       [Latent] Step 1/1
2025-10-27 10:42:16,528 - GPU-0 - DEBUG -       [After Latent Recursive] 2 tokens unmasked
2025-10-27 10:42:16,529 - GPU-0 - INFO -   [Cycle 12]
2025-10-27 10:42:16,529 - GPU-0 - DEBUG -     [Latent Recursive] Starting 1 steps of latent thinking
2025-10-27 10:42:16,573 - GPU-0 - DEBUG -       [Latent] Step 1/1
2025-10-27 10:42:16,735 - GPU-0 - DEBUG -       [After Latent Recursive] 2 tokens unmasked
2025-10-27 10:42:16,735 - GPU-0 - INFO -   [Cycle 13]
2025-10-27 10:42:16,735 - GPU-0 - DEBUG -     [Latent Recursive] Starting 1 steps of latent thinking
2025-10-27 10:42:16,779 - GPU-0 - DEBUG -       [Latent] Step 1/1
2025-10-27 10:42:16,941 - GPU-0 - DEBUG -       [After Latent Recursive] 2 tokens unmasked
2025-10-27 10:42:16,941 - GPU-0 - INFO -   [Cycle 14]
2025-10-27 10:42:16,941 - GPU-0 - DEBUG -     [Latent Recursive] Starting 1 steps of latent thinking
2025-10-27 10:42:16,985 - GPU-0 - DEBUG -       [Latent] Step 1/1
2025-10-27 10:42:17,147 - GPU-0 - DEBUG -       [After Latent Recursive] 2 tokens unmasked
2025-10-27 10:42:17,147 - GPU-0 - INFO -   [Cycle 15]
2025-10-27 10:42:17,147 - GPU-0 - DEBUG -     [Latent Recursive] Starting 1 steps of latent thinking
2025-10-27 10:42:17,191 - GPU-0 - DEBUG -       [Latent] Step 1/1
2025-10-27 10:42:17,353 - GPU-0 - DEBUG -       [After Latent Recursive] 2 tokens unmasked
2025-10-27 10:42:17,353 - GPU-0 - INFO - [Block 9/16] Processing tokens 320-352
2025-10-27 10:42:17,353 - GPU-0 - DEBUG - [Block 8] Before forward: use_cache=True, x.shape=torch.Size([1, 576])
2025-10-27 10:42:17,353 - GPU-0 - DEBUG - [Block 8] Model type: LLaDAModelLM
2025-10-27 10:42:17,353 - GPU-0 - DEBUG - [Block 8] Model config use_cache: True
2025-10-27 10:42:17,375 - GPU-0 - DEBUG - [Block 8] After forward: pkv is None? False
2025-10-27 10:42:17,376 - GPU-0 - DEBUG - [Block 8] out type: CausalLMOutputWithPast
2025-10-27 10:42:17,376 - GPU-0 - DEBUG - [Block 8] pkv type: <class 'list'>, len: 32
2025-10-27 10:42:17,376 - GPU-0 - DEBUG - [Block 8] pkv[0] type: <class 'tuple'>, len: 2
2025-10-27 10:42:17,376 - GPU-0 - DEBUG - [Block 8] pkv[0][0].shape: torch.Size([1, 32, 576, 128])
2025-10-27 10:42:17,463 - GPU-0 - INFO -   [Initial Forward] 2 tokens unmasked
2025-10-27 10:42:17,463 - GPU-0 - INFO -   [Cycle 1]
2025-10-27 10:42:17,463 - GPU-0 - DEBUG -     [Latent Recursive] Starting 1 steps of latent thinking
2025-10-27 10:42:17,507 - GPU-0 - DEBUG -       [Latent] Step 1/1
2025-10-27 10:42:17,668 - GPU-0 - DEBUG -       [After Latent Recursive] 2 tokens unmasked
2025-10-27 10:42:17,668 - GPU-0 - INFO -   [Cycle 2]
2025-10-27 10:42:17,669 - GPU-0 - DEBUG -     [Latent Recursive] Starting 1 steps of latent thinking
2025-10-27 10:42:17,713 - GPU-0 - DEBUG -       [Latent] Step 1/1
2025-10-27 10:42:17,873 - GPU-0 - DEBUG -       [After Latent Recursive] 2 tokens unmasked
2025-10-27 10:42:17,874 - GPU-0 - INFO -   [Cycle 3]
2025-10-27 10:42:17,874 - GPU-0 - DEBUG -     [Latent Recursive] Starting 1 steps of latent thinking
2025-10-27 10:42:17,918 - GPU-0 - DEBUG -       [Latent] Step 1/1
2025-10-27 10:42:18,078 - GPU-0 - DEBUG -       [After Latent Recursive] 2 tokens unmasked
2025-10-27 10:42:18,079 - GPU-0 - INFO -   [Cycle 4]
2025-10-27 10:42:18,079 - GPU-0 - DEBUG -     [Latent Recursive] Starting 1 steps of latent thinking
2025-10-27 10:42:18,123 - GPU-0 - DEBUG -       [Latent] Step 1/1
2025-10-27 10:42:18,284 - GPU-0 - DEBUG -       [After Latent Recursive] 2 tokens unmasked
2025-10-27 10:42:18,284 - GPU-0 - INFO -   [Cycle 5]
2025-10-27 10:42:18,284 - GPU-0 - DEBUG -     [Latent Recursive] Starting 1 steps of latent thinking
2025-10-27 10:42:18,328 - GPU-0 - DEBUG -       [Latent] Step 1/1
2025-10-27 10:42:18,489 - GPU-0 - DEBUG -       [After Latent Recursive] 2 tokens unmasked
2025-10-27 10:42:18,489 - GPU-0 - INFO -   [Cycle 6]
2025-10-27 10:42:18,490 - GPU-0 - DEBUG -     [Latent Recursive] Starting 1 steps of latent thinking
2025-10-27 10:42:18,533 - GPU-0 - DEBUG -       [Latent] Step 1/1
2025-10-27 10:42:18,694 - GPU-0 - DEBUG -       [After Latent Recursive] 2 tokens unmasked
2025-10-27 10:42:18,695 - GPU-0 - INFO -   [Cycle 7]
2025-10-27 10:42:18,695 - GPU-0 - DEBUG -     [Latent Recursive] Starting 1 steps of latent thinking
2025-10-27 10:42:18,739 - GPU-0 - DEBUG -       [Latent] Step 1/1
2025-10-27 10:42:18,899 - GPU-0 - DEBUG -       [After Latent Recursive] 2 tokens unmasked
2025-10-27 10:42:18,900 - GPU-0 - INFO -   [Cycle 8]
2025-10-27 10:42:18,900 - GPU-0 - DEBUG -     [Latent Recursive] Starting 1 steps of latent thinking
2025-10-27 10:42:18,944 - GPU-0 - DEBUG -       [Latent] Step 1/1
2025-10-27 10:42:19,105 - GPU-0 - DEBUG -       [After Latent Recursive] 2 tokens unmasked
2025-10-27 10:42:19,106 - GPU-0 - INFO -   [Cycle 9]
2025-10-27 10:42:19,106 - GPU-0 - DEBUG -     [Latent Recursive] Starting 1 steps of latent thinking
2025-10-27 10:42:19,150 - GPU-0 - DEBUG -       [Latent] Step 1/1
2025-10-27 10:42:19,311 - GPU-0 - DEBUG -       [After Latent Recursive] 2 tokens unmasked
2025-10-27 10:42:19,311 - GPU-0 - INFO -   [Cycle 10]
2025-10-27 10:42:19,311 - GPU-0 - DEBUG -     [Latent Recursive] Starting 1 steps of latent thinking
2025-10-27 10:42:19,355 - GPU-0 - DEBUG -       [Latent] Step 1/1
2025-10-27 10:42:19,516 - GPU-0 - DEBUG -       [After Latent Recursive] 2 tokens unmasked
2025-10-27 10:42:19,517 - GPU-0 - INFO -   [Cycle 11]
2025-10-27 10:42:19,517 - GPU-0 - DEBUG -     [Latent Recursive] Starting 1 steps of latent thinking
2025-10-27 10:42:19,561 - GPU-0 - DEBUG -       [Latent] Step 1/1
2025-10-27 10:42:19,721 - GPU-0 - DEBUG -       [After Latent Recursive] 2 tokens unmasked
2025-10-27 10:42:19,722 - GPU-0 - INFO -   [Cycle 12]
2025-10-27 10:42:19,722 - GPU-0 - DEBUG -     [Latent Recursive] Starting 1 steps of latent thinking
2025-10-27 10:42:19,766 - GPU-0 - DEBUG -       [Latent] Step 1/1
2025-10-27 10:42:19,927 - GPU-0 - DEBUG -       [After Latent Recursive] 2 tokens unmasked
2025-10-27 10:42:19,927 - GPU-0 - INFO -   [Cycle 13]
2025-10-27 10:42:19,927 - GPU-0 - DEBUG -     [Latent Recursive] Starting 1 steps of latent thinking
2025-10-27 10:42:19,972 - GPU-0 - DEBUG -       [Latent] Step 1/1
2025-10-27 10:42:20,132 - GPU-0 - DEBUG -       [After Latent Recursive] 2 tokens unmasked
2025-10-27 10:42:20,133 - GPU-0 - INFO -   [Cycle 14]
2025-10-27 10:42:20,133 - GPU-0 - DEBUG -     [Latent Recursive] Starting 1 steps of latent thinking
2025-10-27 10:42:20,177 - GPU-0 - DEBUG -       [Latent] Step 1/1
2025-10-27 10:42:20,338 - GPU-0 - DEBUG -       [After Latent Recursive] 2 tokens unmasked
2025-10-27 10:42:20,338 - GPU-0 - INFO -   [Cycle 15]
2025-10-27 10:42:20,339 - GPU-0 - DEBUG -     [Latent Recursive] Starting 1 steps of latent thinking
2025-10-27 10:42:20,382 - GPU-0 - DEBUG -       [Latent] Step 1/1
2025-10-27 10:42:20,543 - GPU-0 - DEBUG -       [After Latent Recursive] 2 tokens unmasked
2025-10-27 10:42:20,544 - GPU-0 - INFO - [Block 10/16] Processing tokens 352-384
2025-10-27 10:42:20,544 - GPU-0 - DEBUG - [Block 9] Before forward: use_cache=True, x.shape=torch.Size([1, 576])
2025-10-27 10:42:20,544 - GPU-0 - DEBUG - [Block 9] Model type: LLaDAModelLM
2025-10-27 10:42:20,544 - GPU-0 - DEBUG - [Block 9] Model config use_cache: True
2025-10-27 10:42:20,566 - GPU-0 - DEBUG - [Block 9] After forward: pkv is None? False
2025-10-27 10:42:20,566 - GPU-0 - DEBUG - [Block 9] out type: CausalLMOutputWithPast
2025-10-27 10:42:20,567 - GPU-0 - DEBUG - [Block 9] pkv type: <class 'list'>, len: 32
2025-10-27 10:42:20,567 - GPU-0 - DEBUG - [Block 9] pkv[0] type: <class 'tuple'>, len: 2
2025-10-27 10:42:20,567 - GPU-0 - DEBUG - [Block 9] pkv[0][0].shape: torch.Size([1, 32, 576, 128])
2025-10-27 10:42:20,653 - GPU-0 - INFO -   [Initial Forward] 2 tokens unmasked
2025-10-27 10:42:20,654 - GPU-0 - INFO -   [Cycle 1]
2025-10-27 10:42:20,654 - GPU-0 - DEBUG -     [Latent Recursive] Starting 1 steps of latent thinking
2025-10-27 10:42:20,698 - GPU-0 - DEBUG -       [Latent] Step 1/1
2025-10-27 10:42:20,856 - GPU-0 - DEBUG -       [After Latent Recursive] 2 tokens unmasked
2025-10-27 10:42:20,857 - GPU-0 - INFO -   [Cycle 2]
2025-10-27 10:42:20,857 - GPU-0 - DEBUG -     [Latent Recursive] Starting 1 steps of latent thinking
2025-10-27 10:42:20,901 - GPU-0 - DEBUG -       [Latent] Step 1/1
2025-10-27 10:42:21,060 - GPU-0 - DEBUG -       [After Latent Recursive] 2 tokens unmasked
2025-10-27 10:42:21,060 - GPU-0 - INFO -   [Cycle 3]
2025-10-27 10:42:21,060 - GPU-0 - DEBUG -     [Latent Recursive] Starting 1 steps of latent thinking
2025-10-27 10:42:21,104 - GPU-0 - DEBUG -       [Latent] Step 1/1
2025-10-27 10:42:21,263 - GPU-0 - DEBUG -       [After Latent Recursive] 2 tokens unmasked
2025-10-27 10:42:21,263 - GPU-0 - INFO -   [Cycle 4]
2025-10-27 10:42:21,263 - GPU-0 - DEBUG -     [Latent Recursive] Starting 1 steps of latent thinking
2025-10-27 10:42:21,307 - GPU-0 - DEBUG -       [Latent] Step 1/1
2025-10-27 10:42:21,466 - GPU-0 - DEBUG -       [After Latent Recursive] 2 tokens unmasked
2025-10-27 10:42:21,466 - GPU-0 - INFO -   [Cycle 5]
2025-10-27 10:42:21,466 - GPU-0 - DEBUG -     [Latent Recursive] Starting 1 steps of latent thinking
2025-10-27 10:42:21,510 - GPU-0 - DEBUG -       [Latent] Step 1/1
2025-10-27 10:42:21,669 - GPU-0 - DEBUG -       [After Latent Recursive] 2 tokens unmasked
2025-10-27 10:42:21,669 - GPU-0 - INFO -   [Cycle 6]
2025-10-27 10:42:21,669 - GPU-0 - DEBUG -     [Latent Recursive] Starting 1 steps of latent thinking
2025-10-27 10:42:21,713 - GPU-0 - DEBUG -       [Latent] Step 1/1
2025-10-27 10:42:21,872 - GPU-0 - DEBUG -       [After Latent Recursive] 2 tokens unmasked
2025-10-27 10:42:21,873 - GPU-0 - INFO -   [Cycle 7]
2025-10-27 10:42:21,873 - GPU-0 - DEBUG -     [Latent Recursive] Starting 1 steps of latent thinking
2025-10-27 10:42:21,917 - GPU-0 - DEBUG -       [Latent] Step 1/1
2025-10-27 10:42:22,075 - GPU-0 - DEBUG -       [After Latent Recursive] 2 tokens unmasked
2025-10-27 10:42:22,076 - GPU-0 - INFO -   [Cycle 8]
2025-10-27 10:42:22,076 - GPU-0 - DEBUG -     [Latent Recursive] Starting 1 steps of latent thinking
2025-10-27 10:42:22,120 - GPU-0 - DEBUG -       [Latent] Step 1/1
2025-10-27 10:42:22,279 - GPU-0 - DEBUG -       [After Latent Recursive] 2 tokens unmasked
2025-10-27 10:42:22,279 - GPU-0 - INFO -   [Cycle 9]
2025-10-27 10:42:22,279 - GPU-0 - DEBUG -     [Latent Recursive] Starting 1 steps of latent thinking
2025-10-27 10:42:22,323 - GPU-0 - DEBUG -       [Latent] Step 1/1
2025-10-27 10:42:22,482 - GPU-0 - DEBUG -       [After Latent Recursive] 2 tokens unmasked
2025-10-27 10:42:22,482 - GPU-0 - INFO -   [Cycle 10]
2025-10-27 10:42:22,483 - GPU-0 - DEBUG -     [Latent Recursive] Starting 1 steps of latent thinking
2025-10-27 10:42:22,527 - GPU-0 - DEBUG -       [Latent] Step 1/1
2025-10-27 10:42:22,685 - GPU-0 - DEBUG -       [After Latent Recursive] 2 tokens unmasked
2025-10-27 10:42:22,686 - GPU-0 - INFO -   [Cycle 11]
2025-10-27 10:42:22,686 - GPU-0 - DEBUG -     [Latent Recursive] Starting 1 steps of latent thinking
2025-10-27 10:42:22,730 - GPU-0 - DEBUG -       [Latent] Step 1/1
2025-10-27 10:42:22,888 - GPU-0 - DEBUG -       [After Latent Recursive] 2 tokens unmasked
2025-10-27 10:42:22,889 - GPU-0 - INFO -   [Cycle 12]
2025-10-27 10:42:22,889 - GPU-0 - DEBUG -     [Latent Recursive] Starting 1 steps of latent thinking
2025-10-27 10:42:22,933 - GPU-0 - DEBUG -       [Latent] Step 1/1
2025-10-27 10:42:23,092 - GPU-0 - DEBUG -       [After Latent Recursive] 2 tokens unmasked
2025-10-27 10:42:23,092 - GPU-0 - INFO -   [Cycle 13]
2025-10-27 10:42:23,092 - GPU-0 - DEBUG -     [Latent Recursive] Starting 1 steps of latent thinking
2025-10-27 10:42:23,136 - GPU-0 - DEBUG -       [Latent] Step 1/1
2025-10-27 10:42:23,295 - GPU-0 - DEBUG -       [After Latent Recursive] 2 tokens unmasked
2025-10-27 10:42:23,295 - GPU-0 - INFO -   [Cycle 14]
2025-10-27 10:42:23,295 - GPU-0 - DEBUG -     [Latent Recursive] Starting 1 steps of latent thinking
2025-10-27 10:42:23,339 - GPU-0 - DEBUG -       [Latent] Step 1/1
2025-10-27 10:42:23,498 - GPU-0 - DEBUG -       [After Latent Recursive] 2 tokens unmasked
2025-10-27 10:42:23,498 - GPU-0 - INFO -   [Cycle 15]
2025-10-27 10:42:23,498 - GPU-0 - DEBUG -     [Latent Recursive] Starting 1 steps of latent thinking
2025-10-27 10:42:23,542 - GPU-0 - DEBUG -       [Latent] Step 1/1
2025-10-27 10:42:23,701 - GPU-0 - DEBUG -       [After Latent Recursive] 2 tokens unmasked
2025-10-27 10:42:23,701 - GPU-0 - INFO - [Block 11/16] Processing tokens 384-416
2025-10-27 10:42:23,701 - GPU-0 - DEBUG - [Block 10] Before forward: use_cache=True, x.shape=torch.Size([1, 576])
2025-10-27 10:42:23,701 - GPU-0 - DEBUG - [Block 10] Model type: LLaDAModelLM
2025-10-27 10:42:23,701 - GPU-0 - DEBUG - [Block 10] Model config use_cache: True
2025-10-27 10:42:23,723 - GPU-0 - DEBUG - [Block 10] After forward: pkv is None? False
2025-10-27 10:42:23,723 - GPU-0 - DEBUG - [Block 10] out type: CausalLMOutputWithPast
2025-10-27 10:42:23,724 - GPU-0 - DEBUG - [Block 10] pkv type: <class 'list'>, len: 32
2025-10-27 10:42:23,724 - GPU-0 - DEBUG - [Block 10] pkv[0] type: <class 'tuple'>, len: 2
2025-10-27 10:42:23,724 - GPU-0 - DEBUG - [Block 10] pkv[0][0].shape: torch.Size([1, 32, 576, 128])
2025-10-27 10:42:23,810 - GPU-0 - INFO -   [Initial Forward] 2 tokens unmasked
2025-10-27 10:42:23,811 - GPU-0 - INFO -   [Cycle 1]
2025-10-27 10:42:23,811 - GPU-0 - DEBUG -     [Latent Recursive] Starting 1 steps of latent thinking
2025-10-27 10:42:23,855 - GPU-0 - DEBUG -       [Latent] Step 1/1
2025-10-27 10:42:24,013 - GPU-0 - DEBUG -       [After Latent Recursive] 2 tokens unmasked
2025-10-27 10:42:24,013 - GPU-0 - INFO -   [Cycle 2]
2025-10-27 10:42:24,013 - GPU-0 - DEBUG -     [Latent Recursive] Starting 1 steps of latent thinking
2025-10-27 10:42:24,057 - GPU-0 - DEBUG -       [Latent] Step 1/1
2025-10-27 10:42:24,215 - GPU-0 - DEBUG -       [After Latent Recursive] 2 tokens unmasked
2025-10-27 10:42:24,215 - GPU-0 - INFO -   [Cycle 3]
2025-10-27 10:42:24,215 - GPU-0 - DEBUG -     [Latent Recursive] Starting 1 steps of latent thinking
2025-10-27 10:42:24,260 - GPU-0 - DEBUG -       [Latent] Step 1/1
2025-10-27 10:42:24,417 - GPU-0 - DEBUG -       [After Latent Recursive] 2 tokens unmasked
2025-10-27 10:42:24,417 - GPU-0 - INFO -   [Cycle 4]
2025-10-27 10:42:24,418 - GPU-0 - DEBUG -     [Latent Recursive] Starting 1 steps of latent thinking
2025-10-27 10:42:24,462 - GPU-0 - DEBUG -       [Latent] Step 1/1
2025-10-27 10:42:24,620 - GPU-0 - DEBUG -       [After Latent Recursive] 2 tokens unmasked
2025-10-27 10:42:24,620 - GPU-0 - INFO -   [Cycle 5]
2025-10-27 10:42:24,620 - GPU-0 - DEBUG -     [Latent Recursive] Starting 1 steps of latent thinking
2025-10-27 10:42:24,664 - GPU-0 - DEBUG -       [Latent] Step 1/1
2025-10-27 10:42:24,822 - GPU-0 - DEBUG -       [After Latent Recursive] 2 tokens unmasked
2025-10-27 10:42:24,822 - GPU-0 - INFO -   [Cycle 6]
2025-10-27 10:42:24,823 - GPU-0 - DEBUG -     [Latent Recursive] Starting 1 steps of latent thinking
2025-10-27 10:42:24,867 - GPU-0 - DEBUG -       [Latent] Step 1/1
2025-10-27 10:42:25,025 - GPU-0 - DEBUG -       [After Latent Recursive] 2 tokens unmasked
2025-10-27 10:42:25,025 - GPU-0 - INFO -   [Cycle 7]
2025-10-27 10:42:25,025 - GPU-0 - DEBUG -     [Latent Recursive] Starting 1 steps of latent thinking
2025-10-27 10:42:25,069 - GPU-0 - DEBUG -       [Latent] Step 1/1
2025-10-27 10:42:25,227 - GPU-0 - DEBUG -       [After Latent Recursive] 2 tokens unmasked
2025-10-27 10:42:25,227 - GPU-0 - INFO -   [Cycle 8]
2025-10-27 10:42:25,227 - GPU-0 - DEBUG -     [Latent Recursive] Starting 1 steps of latent thinking
2025-10-27 10:42:25,271 - GPU-0 - DEBUG -       [Latent] Step 1/1
2025-10-27 10:42:25,429 - GPU-0 - DEBUG -       [After Latent Recursive] 2 tokens unmasked
2025-10-27 10:42:25,429 - GPU-0 - INFO -   [Cycle 9]
2025-10-27 10:42:25,429 - GPU-0 - DEBUG -     [Latent Recursive] Starting 1 steps of latent thinking
2025-10-27 10:42:25,473 - GPU-0 - DEBUG -       [Latent] Step 1/1
2025-10-27 10:42:25,631 - GPU-0 - DEBUG -       [After Latent Recursive] 2 tokens unmasked
2025-10-27 10:42:25,631 - GPU-0 - INFO -   [Cycle 10]
2025-10-27 10:42:25,631 - GPU-0 - DEBUG -     [Latent Recursive] Starting 1 steps of latent thinking
2025-10-27 10:42:25,675 - GPU-0 - DEBUG -       [Latent] Step 1/1
2025-10-27 10:42:25,833 - GPU-0 - DEBUG -       [After Latent Recursive] 2 tokens unmasked
2025-10-27 10:42:25,834 - GPU-0 - INFO -   [Cycle 11]
2025-10-27 10:42:25,834 - GPU-0 - DEBUG -     [Latent Recursive] Starting 1 steps of latent thinking
2025-10-27 10:42:25,878 - GPU-0 - DEBUG -       [Latent] Step 1/1
2025-10-27 10:42:26,036 - GPU-0 - DEBUG -       [After Latent Recursive] 2 tokens unmasked
2025-10-27 10:42:26,036 - GPU-0 - INFO -   [Cycle 12]
2025-10-27 10:42:26,036 - GPU-0 - DEBUG -     [Latent Recursive] Starting 1 steps of latent thinking
2025-10-27 10:42:26,080 - GPU-0 - DEBUG -       [Latent] Step 1/1
2025-10-27 10:42:26,238 - GPU-0 - DEBUG -       [After Latent Recursive] 2 tokens unmasked
2025-10-27 10:42:26,238 - GPU-0 - INFO -   [Cycle 13]
2025-10-27 10:42:26,238 - GPU-0 - DEBUG -     [Latent Recursive] Starting 1 steps of latent thinking
2025-10-27 10:42:26,282 - GPU-0 - DEBUG -       [Latent] Step 1/1
2025-10-27 10:42:26,440 - GPU-0 - DEBUG -       [After Latent Recursive] 2 tokens unmasked
2025-10-27 10:42:26,441 - GPU-0 - INFO -   [Cycle 14]
2025-10-27 10:42:26,441 - GPU-0 - DEBUG -     [Latent Recursive] Starting 1 steps of latent thinking
2025-10-27 10:42:26,485 - GPU-0 - DEBUG -       [Latent] Step 1/1
2025-10-27 10:42:26,642 - GPU-0 - DEBUG -       [After Latent Recursive] 2 tokens unmasked
2025-10-27 10:42:26,643 - GPU-0 - INFO -   [Cycle 15]
2025-10-27 10:42:26,643 - GPU-0 - DEBUG -     [Latent Recursive] Starting 1 steps of latent thinking
2025-10-27 10:42:26,687 - GPU-0 - DEBUG -       [Latent] Step 1/1
2025-10-27 10:42:26,845 - GPU-0 - DEBUG -       [After Latent Recursive] 2 tokens unmasked
2025-10-27 10:42:26,845 - GPU-0 - INFO - [Block 12/16] Processing tokens 416-448
2025-10-27 10:42:26,845 - GPU-0 - DEBUG - [Block 11] Before forward: use_cache=True, x.shape=torch.Size([1, 576])
2025-10-27 10:42:26,846 - GPU-0 - DEBUG - [Block 11] Model type: LLaDAModelLM
2025-10-27 10:42:26,846 - GPU-0 - DEBUG - [Block 11] Model config use_cache: True
2025-10-27 10:42:26,868 - GPU-0 - DEBUG - [Block 11] After forward: pkv is None? False
2025-10-27 10:42:26,868 - GPU-0 - DEBUG - [Block 11] out type: CausalLMOutputWithPast
2025-10-27 10:42:26,868 - GPU-0 - DEBUG - [Block 11] pkv type: <class 'list'>, len: 32
2025-10-27 10:42:26,868 - GPU-0 - DEBUG - [Block 11] pkv[0] type: <class 'tuple'>, len: 2
2025-10-27 10:42:26,868 - GPU-0 - DEBUG - [Block 11] pkv[0][0].shape: torch.Size([1, 32, 576, 128])
2025-10-27 10:42:26,954 - GPU-0 - INFO -   [Initial Forward] 2 tokens unmasked
2025-10-27 10:42:26,955 - GPU-0 - INFO -   [Cycle 1]
2025-10-27 10:42:26,955 - GPU-0 - DEBUG -     [Latent Recursive] Starting 1 steps of latent thinking
2025-10-27 10:42:26,999 - GPU-0 - DEBUG -       [Latent] Step 1/1
2025-10-27 10:42:27,156 - GPU-0 - DEBUG -       [After Latent Recursive] 2 tokens unmasked
2025-10-27 10:42:27,157 - GPU-0 - INFO -   [Cycle 2]
2025-10-27 10:42:27,157 - GPU-0 - DEBUG -     [Latent Recursive] Starting 1 steps of latent thinking
2025-10-27 10:42:27,201 - GPU-0 - DEBUG -       [Latent] Step 1/1
2025-10-27 10:42:27,358 - GPU-0 - DEBUG -       [After Latent Recursive] 2 tokens unmasked
2025-10-27 10:42:27,358 - GPU-0 - INFO -   [Cycle 3]
2025-10-27 10:42:27,358 - GPU-0 - DEBUG -     [Latent Recursive] Starting 1 steps of latent thinking
2025-10-27 10:42:27,402 - GPU-0 - DEBUG -       [Latent] Step 1/1
2025-10-27 10:42:27,559 - GPU-0 - DEBUG -       [After Latent Recursive] 2 tokens unmasked
2025-10-27 10:42:27,560 - GPU-0 - INFO -   [Cycle 4]
2025-10-27 10:42:27,560 - GPU-0 - DEBUG -     [Latent Recursive] Starting 1 steps of latent thinking
2025-10-27 10:42:27,604 - GPU-0 - DEBUG -       [Latent] Step 1/1
2025-10-27 10:42:27,760 - GPU-0 - DEBUG -       [After Latent Recursive] 2 tokens unmasked
2025-10-27 10:42:27,761 - GPU-0 - INFO -   [Cycle 5]
2025-10-27 10:42:27,761 - GPU-0 - DEBUG -     [Latent Recursive] Starting 1 steps of latent thinking
2025-10-27 10:42:27,805 - GPU-0 - DEBUG -       [Latent] Step 1/1
2025-10-27 10:42:27,962 - GPU-0 - DEBUG -       [After Latent Recursive] 2 tokens unmasked
2025-10-27 10:42:27,962 - GPU-0 - INFO -   [Cycle 6]
2025-10-27 10:42:27,962 - GPU-0 - DEBUG -     [Latent Recursive] Starting 1 steps of latent thinking
2025-10-27 10:42:28,006 - GPU-0 - DEBUG -       [Latent] Step 1/1
2025-10-27 10:42:28,163 - GPU-0 - DEBUG -       [After Latent Recursive] 2 tokens unmasked
2025-10-27 10:42:28,164 - GPU-0 - INFO -   [Cycle 7]
2025-10-27 10:42:28,164 - GPU-0 - DEBUG -     [Latent Recursive] Starting 1 steps of latent thinking
2025-10-27 10:42:28,208 - GPU-0 - DEBUG -       [Latent] Step 1/1
2025-10-27 10:42:28,365 - GPU-0 - DEBUG -       [After Latent Recursive] 2 tokens unmasked
2025-10-27 10:42:28,365 - GPU-0 - INFO -   [Cycle 8]
2025-10-27 10:42:28,365 - GPU-0 - DEBUG -     [Latent Recursive] Starting 1 steps of latent thinking
2025-10-27 10:42:28,409 - GPU-0 - DEBUG -       [Latent] Step 1/1
2025-10-27 10:42:28,566 - GPU-0 - DEBUG -       [After Latent Recursive] 2 tokens unmasked
2025-10-27 10:42:28,567 - GPU-0 - INFO -   [Cycle 9]
2025-10-27 10:42:28,567 - GPU-0 - DEBUG -     [Latent Recursive] Starting 1 steps of latent thinking
2025-10-27 10:42:28,611 - GPU-0 - DEBUG -       [Latent] Step 1/1
2025-10-27 10:42:28,768 - GPU-0 - DEBUG -       [After Latent Recursive] 2 tokens unmasked
2025-10-27 10:42:28,769 - GPU-0 - INFO -   [Cycle 10]
2025-10-27 10:42:28,769 - GPU-0 - DEBUG -     [Latent Recursive] Starting 1 steps of latent thinking
2025-10-27 10:42:28,813 - GPU-0 - DEBUG -       [Latent] Step 1/1
2025-10-27 10:42:28,970 - GPU-0 - DEBUG -       [After Latent Recursive] 2 tokens unmasked
2025-10-27 10:42:28,970 - GPU-0 - INFO -   [Cycle 11]
2025-10-27 10:42:28,971 - GPU-0 - DEBUG -     [Latent Recursive] Starting 1 steps of latent thinking
2025-10-27 10:42:29,015 - GPU-0 - DEBUG -       [Latent] Step 1/1
2025-10-27 10:42:29,172 - GPU-0 - DEBUG -       [After Latent Recursive] 2 tokens unmasked
2025-10-27 10:42:29,172 - GPU-0 - INFO -   [Cycle 12]
2025-10-27 10:42:29,172 - GPU-0 - DEBUG -     [Latent Recursive] Starting 1 steps of latent thinking
2025-10-27 10:42:29,217 - GPU-0 - DEBUG -       [Latent] Step 1/1
2025-10-27 10:42:29,374 - GPU-0 - DEBUG -       [After Latent Recursive] 2 tokens unmasked
2025-10-27 10:42:29,374 - GPU-0 - INFO -   [Cycle 13]
2025-10-27 10:42:29,374 - GPU-0 - DEBUG -     [Latent Recursive] Starting 1 steps of latent thinking
2025-10-27 10:42:29,418 - GPU-0 - DEBUG -       [Latent] Step 1/1
2025-10-27 10:42:29,575 - GPU-0 - DEBUG -       [After Latent Recursive] 2 tokens unmasked
2025-10-27 10:42:29,575 - GPU-0 - INFO -   [Cycle 14]
2025-10-27 10:42:29,575 - GPU-0 - DEBUG -     [Latent Recursive] Starting 1 steps of latent thinking
2025-10-27 10:42:29,619 - GPU-0 - DEBUG -       [Latent] Step 1/1
2025-10-27 10:42:29,776 - GPU-0 - DEBUG -       [After Latent Recursive] 2 tokens unmasked
2025-10-27 10:42:29,777 - GPU-0 - INFO -   [Cycle 15]
2025-10-27 10:42:29,777 - GPU-0 - DEBUG -     [Latent Recursive] Starting 1 steps of latent thinking
2025-10-27 10:42:29,821 - GPU-0 - DEBUG -       [Latent] Step 1/1
2025-10-27 10:42:29,978 - GPU-0 - DEBUG -       [After Latent Recursive] 2 tokens unmasked
2025-10-27 10:42:29,978 - GPU-0 - INFO - [Block 13/16] Processing tokens 448-480
2025-10-27 10:42:29,978 - GPU-0 - DEBUG - [Block 12] Before forward: use_cache=True, x.shape=torch.Size([1, 576])
2025-10-27 10:42:29,979 - GPU-0 - DEBUG - [Block 12] Model type: LLaDAModelLM
2025-10-27 10:42:29,979 - GPU-0 - DEBUG - [Block 12] Model config use_cache: True
2025-10-27 10:42:30,001 - GPU-0 - DEBUG - [Block 12] After forward: pkv is None? False
2025-10-27 10:42:30,001 - GPU-0 - DEBUG - [Block 12] out type: CausalLMOutputWithPast
2025-10-27 10:42:30,001 - GPU-0 - DEBUG - [Block 12] pkv type: <class 'list'>, len: 32
2025-10-27 10:42:30,001 - GPU-0 - DEBUG - [Block 12] pkv[0] type: <class 'tuple'>, len: 2
2025-10-27 10:42:30,001 - GPU-0 - DEBUG - [Block 12] pkv[0][0].shape: torch.Size([1, 32, 576, 128])
2025-10-27 10:42:30,087 - GPU-0 - INFO -   [Initial Forward] 2 tokens unmasked
2025-10-27 10:42:30,088 - GPU-0 - INFO -   [Cycle 1]
2025-10-27 10:42:30,088 - GPU-0 - DEBUG -     [Latent Recursive] Starting 1 steps of latent thinking
2025-10-27 10:42:30,132 - GPU-0 - DEBUG -       [Latent] Step 1/1
2025-10-27 10:42:30,287 - GPU-0 - DEBUG -       [After Latent Recursive] 2 tokens unmasked
2025-10-27 10:42:30,287 - GPU-0 - INFO -   [Cycle 2]
2025-10-27 10:42:30,287 - GPU-0 - DEBUG -     [Latent Recursive] Starting 1 steps of latent thinking
2025-10-27 10:42:30,331 - GPU-0 - DEBUG -       [Latent] Step 1/1
2025-10-27 10:42:30,486 - GPU-0 - DEBUG -       [After Latent Recursive] 2 tokens unmasked
2025-10-27 10:42:30,486 - GPU-0 - INFO -   [Cycle 3]
2025-10-27 10:42:30,486 - GPU-0 - DEBUG -     [Latent Recursive] Starting 1 steps of latent thinking
2025-10-27 10:42:30,530 - GPU-0 - DEBUG -       [Latent] Step 1/1
2025-10-27 10:42:30,684 - GPU-0 - DEBUG -       [After Latent Recursive] 2 tokens unmasked
2025-10-27 10:42:30,685 - GPU-0 - INFO -   [Cycle 4]
2025-10-27 10:42:30,685 - GPU-0 - DEBUG -     [Latent Recursive] Starting 1 steps of latent thinking
2025-10-27 10:42:30,729 - GPU-0 - DEBUG -       [Latent] Step 1/1
2025-10-27 10:42:30,884 - GPU-0 - DEBUG -       [After Latent Recursive] 2 tokens unmasked
2025-10-27 10:42:30,884 - GPU-0 - INFO -   [Cycle 5]
2025-10-27 10:42:30,884 - GPU-0 - DEBUG -     [Latent Recursive] Starting 1 steps of latent thinking
2025-10-27 10:42:30,928 - GPU-0 - DEBUG -       [Latent] Step 1/1
2025-10-27 10:42:31,082 - GPU-0 - DEBUG -       [After Latent Recursive] 2 tokens unmasked
2025-10-27 10:42:31,083 - GPU-0 - INFO -   [Cycle 6]
2025-10-27 10:42:31,083 - GPU-0 - DEBUG -     [Latent Recursive] Starting 1 steps of latent thinking
2025-10-27 10:42:31,127 - GPU-0 - DEBUG -       [Latent] Step 1/1
2025-10-27 10:42:31,282 - GPU-0 - DEBUG -       [After Latent Recursive] 2 tokens unmasked
2025-10-27 10:42:31,282 - GPU-0 - INFO -   [Cycle 7]
2025-10-27 10:42:31,282 - GPU-0 - DEBUG -     [Latent Recursive] Starting 1 steps of latent thinking
2025-10-27 10:42:31,326 - GPU-0 - DEBUG -       [Latent] Step 1/1
2025-10-27 10:42:31,480 - GPU-0 - DEBUG -       [After Latent Recursive] 2 tokens unmasked
2025-10-27 10:42:31,481 - GPU-0 - INFO -   [Cycle 8]
2025-10-27 10:42:31,481 - GPU-0 - DEBUG -     [Latent Recursive] Starting 1 steps of latent thinking
2025-10-27 10:42:31,525 - GPU-0 - DEBUG -       [Latent] Step 1/1
2025-10-27 10:42:31,680 - GPU-0 - DEBUG -       [After Latent Recursive] 2 tokens unmasked
2025-10-27 10:42:31,680 - GPU-0 - INFO -   [Cycle 9]
2025-10-27 10:42:31,680 - GPU-0 - DEBUG -     [Latent Recursive] Starting 1 steps of latent thinking
2025-10-27 10:42:31,724 - GPU-0 - DEBUG -       [Latent] Step 1/1
2025-10-27 10:42:31,879 - GPU-0 - DEBUG -       [After Latent Recursive] 2 tokens unmasked
2025-10-27 10:42:31,879 - GPU-0 - INFO -   [Cycle 10]
2025-10-27 10:42:31,879 - GPU-0 - DEBUG -     [Latent Recursive] Starting 1 steps of latent thinking
2025-10-27 10:42:31,923 - GPU-0 - DEBUG -       [Latent] Step 1/1
2025-10-27 10:42:32,077 - GPU-0 - DEBUG -       [After Latent Recursive] 2 tokens unmasked
2025-10-27 10:42:32,077 - GPU-0 - INFO -   [Cycle 11]
2025-10-27 10:42:32,078 - GPU-0 - DEBUG -     [Latent Recursive] Starting 1 steps of latent thinking
2025-10-27 10:42:32,122 - GPU-0 - DEBUG -       [Latent] Step 1/1
2025-10-27 10:42:32,277 - GPU-0 - DEBUG -       [After Latent Recursive] 2 tokens unmasked
2025-10-27 10:42:32,277 - GPU-0 - INFO -   [Cycle 12]
2025-10-27 10:42:32,277 - GPU-0 - DEBUG -     [Latent Recursive] Starting 1 steps of latent thinking
2025-10-27 10:42:32,321 - GPU-0 - DEBUG -       [Latent] Step 1/1
2025-10-27 10:42:32,475 - GPU-0 - DEBUG -       [After Latent Recursive] 2 tokens unmasked
2025-10-27 10:42:32,475 - GPU-0 - INFO -   [Cycle 13]
2025-10-27 10:42:32,476 - GPU-0 - DEBUG -     [Latent Recursive] Starting 1 steps of latent thinking
2025-10-27 10:42:32,520 - GPU-0 - DEBUG -       [Latent] Step 1/1
2025-10-27 10:42:32,674 - GPU-0 - DEBUG -       [After Latent Recursive] 2 tokens unmasked
2025-10-27 10:42:32,674 - GPU-0 - INFO -   [Cycle 14]
2025-10-27 10:42:32,674 - GPU-0 - DEBUG -     [Latent Recursive] Starting 1 steps of latent thinking
2025-10-27 10:42:32,718 - GPU-0 - DEBUG -       [Latent] Step 1/1
2025-10-27 10:42:32,873 - GPU-0 - DEBUG -       [After Latent Recursive] 2 tokens unmasked
2025-10-27 10:42:32,873 - GPU-0 - INFO -   [Cycle 15]
2025-10-27 10:42:32,873 - GPU-0 - DEBUG -     [Latent Recursive] Starting 1 steps of latent thinking
2025-10-27 10:42:32,917 - GPU-0 - DEBUG -       [Latent] Step 1/1
2025-10-27 10:42:33,072 - GPU-0 - DEBUG -       [After Latent Recursive] 2 tokens unmasked
2025-10-27 10:42:33,072 - GPU-0 - INFO - [Block 14/16] Processing tokens 480-512
2025-10-27 10:42:33,072 - GPU-0 - DEBUG - [Block 13] Before forward: use_cache=True, x.shape=torch.Size([1, 576])
2025-10-27 10:42:33,072 - GPU-0 - DEBUG - [Block 13] Model type: LLaDAModelLM
2025-10-27 10:42:33,072 - GPU-0 - DEBUG - [Block 13] Model config use_cache: True
2025-10-27 10:42:33,094 - GPU-0 - DEBUG - [Block 13] After forward: pkv is None? False
2025-10-27 10:42:33,094 - GPU-0 - DEBUG - [Block 13] out type: CausalLMOutputWithPast
2025-10-27 10:42:33,094 - GPU-0 - DEBUG - [Block 13] pkv type: <class 'list'>, len: 32
2025-10-27 10:42:33,094 - GPU-0 - DEBUG - [Block 13] pkv[0] type: <class 'tuple'>, len: 2
2025-10-27 10:42:33,095 - GPU-0 - DEBUG - [Block 13] pkv[0][0].shape: torch.Size([1, 32, 576, 128])
2025-10-27 10:42:33,181 - GPU-0 - INFO -   [Initial Forward] 2 tokens unmasked
2025-10-27 10:42:33,181 - GPU-0 - INFO -   [Cycle 1]
2025-10-27 10:42:33,181 - GPU-0 - DEBUG -     [Latent Recursive] Starting 1 steps of latent thinking
2025-10-27 10:42:33,226 - GPU-0 - DEBUG -       [Latent] Step 1/1
2025-10-27 10:42:33,379 - GPU-0 - DEBUG -       [After Latent Recursive] 2 tokens unmasked
2025-10-27 10:42:33,380 - GPU-0 - INFO -   [Cycle 2]
2025-10-27 10:42:33,380 - GPU-0 - DEBUG -     [Latent Recursive] Starting 1 steps of latent thinking
2025-10-27 10:42:33,424 - GPU-0 - DEBUG -       [Latent] Step 1/1
2025-10-27 10:42:33,578 - GPU-0 - DEBUG -       [After Latent Recursive] 2 tokens unmasked
2025-10-27 10:42:33,578 - GPU-0 - INFO -   [Cycle 3]
2025-10-27 10:42:33,578 - GPU-0 - DEBUG -     [Latent Recursive] Starting 1 steps of latent thinking
2025-10-27 10:42:33,622 - GPU-0 - DEBUG -       [Latent] Step 1/1
2025-10-27 10:42:33,776 - GPU-0 - DEBUG -       [After Latent Recursive] 2 tokens unmasked
2025-10-27 10:42:33,776 - GPU-0 - INFO -   [Cycle 4]
2025-10-27 10:42:33,776 - GPU-0 - DEBUG -     [Latent Recursive] Starting 1 steps of latent thinking
2025-10-27 10:42:33,820 - GPU-0 - DEBUG -       [Latent] Step 1/1
2025-10-27 10:42:33,974 - GPU-0 - DEBUG -       [After Latent Recursive] 2 tokens unmasked
2025-10-27 10:42:33,974 - GPU-0 - INFO -   [Cycle 5]
2025-10-27 10:42:33,974 - GPU-0 - DEBUG -     [Latent Recursive] Starting 1 steps of latent thinking
2025-10-27 10:42:34,018 - GPU-0 - DEBUG -       [Latent] Step 1/1
2025-10-27 10:42:34,172 - GPU-0 - DEBUG -       [After Latent Recursive] 2 tokens unmasked
2025-10-27 10:42:34,172 - GPU-0 - INFO -   [Cycle 6]
2025-10-27 10:42:34,173 - GPU-0 - DEBUG -     [Latent Recursive] Starting 1 steps of latent thinking
2025-10-27 10:42:34,216 - GPU-0 - DEBUG -       [Latent] Step 1/1
2025-10-27 10:42:34,370 - GPU-0 - DEBUG -       [After Latent Recursive] 2 tokens unmasked
2025-10-27 10:42:34,370 - GPU-0 - INFO -   [Cycle 7]
2025-10-27 10:42:34,371 - GPU-0 - DEBUG -     [Latent Recursive] Starting 1 steps of latent thinking
2025-10-27 10:42:34,414 - GPU-0 - DEBUG -       [Latent] Step 1/1
2025-10-27 10:42:34,568 - GPU-0 - DEBUG -       [After Latent Recursive] 2 tokens unmasked
2025-10-27 10:42:34,569 - GPU-0 - INFO -   [Cycle 8]
2025-10-27 10:42:34,569 - GPU-0 - DEBUG -     [Latent Recursive] Starting 1 steps of latent thinking
2025-10-27 10:42:34,613 - GPU-0 - DEBUG -       [Latent] Step 1/1
2025-10-27 10:42:34,766 - GPU-0 - DEBUG -       [After Latent Recursive] 2 tokens unmasked
2025-10-27 10:42:34,766 - GPU-0 - INFO -   [Cycle 9]
2025-10-27 10:42:34,766 - GPU-0 - DEBUG -     [Latent Recursive] Starting 1 steps of latent thinking
2025-10-27 10:42:34,811 - GPU-0 - DEBUG -       [Latent] Step 1/1
2025-10-27 10:42:34,965 - GPU-0 - DEBUG -       [After Latent Recursive] 2 tokens unmasked
2025-10-27 10:42:34,965 - GPU-0 - INFO -   [Cycle 10]
2025-10-27 10:42:34,965 - GPU-0 - DEBUG -     [Latent Recursive] Starting 1 steps of latent thinking
2025-10-27 10:42:35,009 - GPU-0 - DEBUG -       [Latent] Step 1/1
2025-10-27 10:42:35,163 - GPU-0 - DEBUG -       [After Latent Recursive] 2 tokens unmasked
2025-10-27 10:42:35,163 - GPU-0 - INFO -   [Cycle 11]
2025-10-27 10:42:35,163 - GPU-0 - DEBUG -     [Latent Recursive] Starting 1 steps of latent thinking
2025-10-27 10:42:35,207 - GPU-0 - DEBUG -       [Latent] Step 1/1
2025-10-27 10:42:35,361 - GPU-0 - DEBUG -       [After Latent Recursive] 2 tokens unmasked
2025-10-27 10:42:35,361 - GPU-0 - INFO -   [Cycle 12]
2025-10-27 10:42:35,361 - GPU-0 - DEBUG -     [Latent Recursive] Starting 1 steps of latent thinking
2025-10-27 10:42:35,405 - GPU-0 - DEBUG -       [Latent] Step 1/1
2025-10-27 10:42:35,559 - GPU-0 - DEBUG -       [After Latent Recursive] 2 tokens unmasked
2025-10-27 10:42:35,559 - GPU-0 - INFO -   [Cycle 13]
2025-10-27 10:42:35,559 - GPU-0 - DEBUG -     [Latent Recursive] Starting 1 steps of latent thinking
2025-10-27 10:42:35,603 - GPU-0 - DEBUG -       [Latent] Step 1/1
2025-10-27 10:42:35,757 - GPU-0 - DEBUG -       [After Latent Recursive] 2 tokens unmasked
2025-10-27 10:42:35,757 - GPU-0 - INFO -   [Cycle 14]
2025-10-27 10:42:35,758 - GPU-0 - DEBUG -     [Latent Recursive] Starting 1 steps of latent thinking
2025-10-27 10:42:35,801 - GPU-0 - DEBUG -       [Latent] Step 1/1
2025-10-27 10:42:35,955 - GPU-0 - DEBUG -       [After Latent Recursive] 2 tokens unmasked
2025-10-27 10:42:35,955 - GPU-0 - INFO -   [Cycle 15]
2025-10-27 10:42:35,956 - GPU-0 - DEBUG -     [Latent Recursive] Starting 1 steps of latent thinking
2025-10-27 10:42:36,000 - GPU-0 - DEBUG -       [Latent] Step 1/1
2025-10-27 10:42:36,153 - GPU-0 - DEBUG -       [After Latent Recursive] 2 tokens unmasked
2025-10-27 10:42:36,154 - GPU-0 - INFO - [Block 15/16] Processing tokens 512-544
2025-10-27 10:42:36,154 - GPU-0 - DEBUG - [Block 14] Before forward: use_cache=True, x.shape=torch.Size([1, 576])
2025-10-27 10:42:36,154 - GPU-0 - DEBUG - [Block 14] Model type: LLaDAModelLM
2025-10-27 10:42:36,154 - GPU-0 - DEBUG - [Block 14] Model config use_cache: True
2025-10-27 10:42:36,176 - GPU-0 - DEBUG - [Block 14] After forward: pkv is None? False
2025-10-27 10:42:36,176 - GPU-0 - DEBUG - [Block 14] out type: CausalLMOutputWithPast
2025-10-27 10:42:36,177 - GPU-0 - DEBUG - [Block 14] pkv type: <class 'list'>, len: 32
2025-10-27 10:42:36,177 - GPU-0 - DEBUG - [Block 14] pkv[0] type: <class 'tuple'>, len: 2
2025-10-27 10:42:36,177 - GPU-0 - DEBUG - [Block 14] pkv[0][0].shape: torch.Size([1, 32, 576, 128])
2025-10-27 10:42:36,263 - GPU-0 - INFO -   [Initial Forward] 2 tokens unmasked
2025-10-27 10:42:36,264 - GPU-0 - INFO -   [Cycle 1]
2025-10-27 10:42:36,264 - GPU-0 - DEBUG -     [Latent Recursive] Starting 1 steps of latent thinking
2025-10-27 10:42:36,308 - GPU-0 - DEBUG -       [Latent] Step 1/1
2025-10-27 10:42:36,460 - GPU-0 - DEBUG -       [After Latent Recursive] 2 tokens unmasked
2025-10-27 10:42:36,460 - GPU-0 - INFO -   [Cycle 2]
2025-10-27 10:42:36,460 - GPU-0 - DEBUG -     [Latent Recursive] Starting 1 steps of latent thinking
2025-10-27 10:42:36,504 - GPU-0 - DEBUG -       [Latent] Step 1/1
2025-10-27 10:42:36,655 - GPU-0 - DEBUG -       [After Latent Recursive] 2 tokens unmasked
2025-10-27 10:42:36,655 - GPU-0 - INFO -   [Cycle 3]
2025-10-27 10:42:36,656 - GPU-0 - DEBUG -     [Latent Recursive] Starting 1 steps of latent thinking
2025-10-27 10:42:36,700 - GPU-0 - DEBUG -       [Latent] Step 1/1
2025-10-27 10:42:36,851 - GPU-0 - DEBUG -       [After Latent Recursive] 2 tokens unmasked
2025-10-27 10:42:36,851 - GPU-0 - INFO -   [Cycle 4]
2025-10-27 10:42:36,851 - GPU-0 - DEBUG -     [Latent Recursive] Starting 1 steps of latent thinking
2025-10-27 10:42:36,896 - GPU-0 - DEBUG -       [Latent] Step 1/1
2025-10-27 10:42:37,047 - GPU-0 - DEBUG -       [After Latent Recursive] 2 tokens unmasked
2025-10-27 10:42:37,047 - GPU-0 - INFO -   [Cycle 5]
2025-10-27 10:42:37,048 - GPU-0 - DEBUG -     [Latent Recursive] Starting 1 steps of latent thinking
2025-10-27 10:42:37,092 - GPU-0 - DEBUG -       [Latent] Step 1/1
2025-10-27 10:42:37,243 - GPU-0 - DEBUG -       [After Latent Recursive] 2 tokens unmasked
2025-10-27 10:42:37,243 - GPU-0 - INFO -   [Cycle 6]
2025-10-27 10:42:37,243 - GPU-0 - DEBUG -     [Latent Recursive] Starting 1 steps of latent thinking
2025-10-27 10:42:37,287 - GPU-0 - DEBUG -       [Latent] Step 1/1
2025-10-27 10:42:37,439 - GPU-0 - DEBUG -       [After Latent Recursive] 2 tokens unmasked
2025-10-27 10:42:37,439 - GPU-0 - INFO -   [Cycle 7]
2025-10-27 10:42:37,439 - GPU-0 - DEBUG -     [Latent Recursive] Starting 1 steps of latent thinking
2025-10-27 10:42:37,483 - GPU-0 - DEBUG -       [Latent] Step 1/1
2025-10-27 10:42:37,634 - GPU-0 - DEBUG -       [After Latent Recursive] 2 tokens unmasked
2025-10-27 10:42:37,634 - GPU-0 - INFO -   [Cycle 8]
2025-10-27 10:42:37,635 - GPU-0 - DEBUG -     [Latent Recursive] Starting 1 steps of latent thinking
2025-10-27 10:42:37,679 - GPU-0 - DEBUG -       [Latent] Step 1/1
2025-10-27 10:42:37,830 - GPU-0 - DEBUG -       [After Latent Recursive] 2 tokens unmasked
2025-10-27 10:42:37,830 - GPU-0 - INFO -   [Cycle 9]
2025-10-27 10:42:37,830 - GPU-0 - DEBUG -     [Latent Recursive] Starting 1 steps of latent thinking
2025-10-27 10:42:37,874 - GPU-0 - DEBUG -       [Latent] Step 1/1
2025-10-27 10:42:38,026 - GPU-0 - DEBUG -       [After Latent Recursive] 2 tokens unmasked
2025-10-27 10:42:38,026 - GPU-0 - INFO -   [Cycle 10]
2025-10-27 10:42:38,026 - GPU-0 - DEBUG -     [Latent Recursive] Starting 1 steps of latent thinking
2025-10-27 10:42:38,070 - GPU-0 - DEBUG -       [Latent] Step 1/1
2025-10-27 10:42:38,221 - GPU-0 - DEBUG -       [After Latent Recursive] 2 tokens unmasked
2025-10-27 10:42:38,222 - GPU-0 - INFO -   [Cycle 11]
2025-10-27 10:42:38,222 - GPU-0 - DEBUG -     [Latent Recursive] Starting 1 steps of latent thinking
2025-10-27 10:42:38,266 - GPU-0 - DEBUG -       [Latent] Step 1/1
2025-10-27 10:42:38,417 - GPU-0 - DEBUG -       [After Latent Recursive] 2 tokens unmasked
2025-10-27 10:42:38,418 - GPU-0 - INFO -   [Cycle 12]
2025-10-27 10:42:38,418 - GPU-0 - DEBUG -     [Latent Recursive] Starting 1 steps of latent thinking
2025-10-27 10:42:38,462 - GPU-0 - DEBUG -       [Latent] Step 1/1
2025-10-27 10:42:38,613 - GPU-0 - DEBUG -       [After Latent Recursive] 2 tokens unmasked
2025-10-27 10:42:38,614 - GPU-0 - INFO -   [Cycle 13]
2025-10-27 10:42:38,614 - GPU-0 - DEBUG -     [Latent Recursive] Starting 1 steps of latent thinking
2025-10-27 10:42:38,658 - GPU-0 - DEBUG -       [Latent] Step 1/1
2025-10-27 10:42:38,809 - GPU-0 - DEBUG -       [After Latent Recursive] 2 tokens unmasked
2025-10-27 10:42:38,809 - GPU-0 - INFO -   [Cycle 14]
2025-10-27 10:42:38,810 - GPU-0 - DEBUG -     [Latent Recursive] Starting 1 steps of latent thinking
2025-10-27 10:42:38,854 - GPU-0 - DEBUG -       [Latent] Step 1/1
2025-10-27 10:42:39,005 - GPU-0 - DEBUG -       [After Latent Recursive] 2 tokens unmasked
2025-10-27 10:42:39,005 - GPU-0 - INFO -   [Cycle 15]
2025-10-27 10:42:39,005 - GPU-0 - DEBUG -     [Latent Recursive] Starting 1 steps of latent thinking
2025-10-27 10:42:39,049 - GPU-0 - DEBUG -       [Latent] Step 1/1
2025-10-27 10:42:39,201 - GPU-0 - DEBUG -       [After Latent Recursive] 2 tokens unmasked
2025-10-27 10:42:39,201 - GPU-0 - INFO - [Block 16/16] Processing tokens 544-576
2025-10-27 10:42:39,201 - GPU-0 - DEBUG - [Block 15] Before forward: use_cache=True, x.shape=torch.Size([1, 576])
2025-10-27 10:42:39,202 - GPU-0 - DEBUG - [Block 15] Model type: LLaDAModelLM
2025-10-27 10:42:39,202 - GPU-0 - DEBUG - [Block 15] Model config use_cache: True
2025-10-27 10:42:39,224 - GPU-0 - DEBUG - [Block 15] After forward: pkv is None? False
2025-10-27 10:42:39,224 - GPU-0 - DEBUG - [Block 15] out type: CausalLMOutputWithPast
2025-10-27 10:42:39,224 - GPU-0 - DEBUG - [Block 15] pkv type: <class 'list'>, len: 32
2025-10-27 10:42:39,224 - GPU-0 - DEBUG - [Block 15] pkv[0] type: <class 'tuple'>, len: 2
2025-10-27 10:42:39,224 - GPU-0 - DEBUG - [Block 15] pkv[0][0].shape: torch.Size([1, 32, 576, 128])
2025-10-27 10:42:39,311 - GPU-0 - INFO -   [Initial Forward] 2 tokens unmasked
2025-10-27 10:42:39,311 - GPU-0 - INFO -   [Cycle 1]
2025-10-27 10:42:39,311 - GPU-0 - DEBUG -     [Latent Recursive] Starting 1 steps of latent thinking
2025-10-27 10:42:39,356 - GPU-0 - DEBUG -       [Latent] Step 1/1
2025-10-27 10:42:39,506 - GPU-0 - DEBUG -       [After Latent Recursive] 2 tokens unmasked
2025-10-27 10:42:39,506 - GPU-0 - INFO -   [Cycle 2]
2025-10-27 10:42:39,506 - GPU-0 - DEBUG -     [Latent Recursive] Starting 1 steps of latent thinking
2025-10-27 10:42:39,550 - GPU-0 - DEBUG -       [Latent] Step 1/1
2025-10-27 10:42:39,701 - GPU-0 - DEBUG -       [After Latent Recursive] 2 tokens unmasked
2025-10-27 10:42:39,701 - GPU-0 - INFO -   [Cycle 3]
2025-10-27 10:42:39,702 - GPU-0 - DEBUG -     [Latent Recursive] Starting 1 steps of latent thinking
2025-10-27 10:42:39,745 - GPU-0 - DEBUG -       [Latent] Step 1/1
2025-10-27 10:42:39,896 - GPU-0 - DEBUG -       [After Latent Recursive] 2 tokens unmasked
2025-10-27 10:42:39,896 - GPU-0 - INFO -   [Cycle 4]
2025-10-27 10:42:39,896 - GPU-0 - DEBUG -     [Latent Recursive] Starting 1 steps of latent thinking
2025-10-27 10:42:39,940 - GPU-0 - DEBUG -       [Latent] Step 1/1
2025-10-27 10:42:40,091 - GPU-0 - DEBUG -       [After Latent Recursive] 2 tokens unmasked
2025-10-27 10:42:40,091 - GPU-0 - INFO -   [Cycle 5]
2025-10-27 10:42:40,091 - GPU-0 - DEBUG -     [Latent Recursive] Starting 1 steps of latent thinking
2025-10-27 10:42:40,135 - GPU-0 - DEBUG -       [Latent] Step 1/1
2025-10-27 10:42:40,286 - GPU-0 - DEBUG -       [After Latent Recursive] 2 tokens unmasked
2025-10-27 10:42:40,286 - GPU-0 - INFO -   [Cycle 6]
2025-10-27 10:42:40,286 - GPU-0 - DEBUG -     [Latent Recursive] Starting 1 steps of latent thinking
2025-10-27 10:42:40,330 - GPU-0 - DEBUG -       [Latent] Step 1/1
2025-10-27 10:42:40,481 - GPU-0 - DEBUG -       [After Latent Recursive] 2 tokens unmasked
2025-10-27 10:42:40,481 - GPU-0 - INFO -   [Cycle 7]
2025-10-27 10:42:40,481 - GPU-0 - DEBUG -     [Latent Recursive] Starting 1 steps of latent thinking
2025-10-27 10:42:40,525 - GPU-0 - DEBUG -       [Latent] Step 1/1
2025-10-27 10:42:40,676 - GPU-0 - DEBUG -       [After Latent Recursive] 2 tokens unmasked
2025-10-27 10:42:40,676 - GPU-0 - INFO -   [Cycle 8]
2025-10-27 10:42:40,676 - GPU-0 - DEBUG -     [Latent Recursive] Starting 1 steps of latent thinking
2025-10-27 10:42:40,720 - GPU-0 - DEBUG -       [Latent] Step 1/1
2025-10-27 10:42:40,871 - GPU-0 - DEBUG -       [After Latent Recursive] 2 tokens unmasked
2025-10-27 10:42:40,871 - GPU-0 - INFO -   [Cycle 9]
2025-10-27 10:42:40,871 - GPU-0 - DEBUG -     [Latent Recursive] Starting 1 steps of latent thinking
2025-10-27 10:42:40,915 - GPU-0 - DEBUG -       [Latent] Step 1/1
2025-10-27 10:42:41,066 - GPU-0 - DEBUG -       [After Latent Recursive] 2 tokens unmasked
2025-10-27 10:42:41,066 - GPU-0 - INFO -   [Cycle 10]
2025-10-27 10:42:41,066 - GPU-0 - DEBUG -     [Latent Recursive] Starting 1 steps of latent thinking
2025-10-27 10:42:41,110 - GPU-0 - DEBUG -       [Latent] Step 1/1
2025-10-27 10:42:41,261 - GPU-0 - DEBUG -       [After Latent Recursive] 2 tokens unmasked
2025-10-27 10:42:41,261 - GPU-0 - INFO -   [Cycle 11]
2025-10-27 10:42:41,261 - GPU-0 - DEBUG -     [Latent Recursive] Starting 1 steps of latent thinking
2025-10-27 10:42:41,305 - GPU-0 - DEBUG -       [Latent] Step 1/1
2025-10-27 10:42:41,456 - GPU-0 - DEBUG -       [After Latent Recursive] 2 tokens unmasked
2025-10-27 10:42:41,456 - GPU-0 - INFO -   [Cycle 12]
2025-10-27 10:42:41,456 - GPU-0 - DEBUG -     [Latent Recursive] Starting 1 steps of latent thinking
2025-10-27 10:42:41,500 - GPU-0 - DEBUG -       [Latent] Step 1/1
2025-10-27 10:42:41,651 - GPU-0 - DEBUG -       [After Latent Recursive] 2 tokens unmasked
2025-10-27 10:42:41,651 - GPU-0 - INFO -   [Cycle 13]
2025-10-27 10:42:41,651 - GPU-0 - DEBUG -     [Latent Recursive] Starting 1 steps of latent thinking
2025-10-27 10:42:41,695 - GPU-0 - DEBUG -       [Latent] Step 1/1
2025-10-27 10:42:41,846 - GPU-0 - DEBUG -       [After Latent Recursive] 2 tokens unmasked
2025-10-27 10:42:41,846 - GPU-0 - INFO -   [Cycle 14]
2025-10-27 10:42:41,846 - GPU-0 - DEBUG -     [Latent Recursive] Starting 1 steps of latent thinking
2025-10-27 10:42:41,890 - GPU-0 - DEBUG -       [Latent] Step 1/1
2025-10-27 10:42:42,041 - GPU-0 - DEBUG -       [After Latent Recursive] 2 tokens unmasked
2025-10-27 10:42:42,041 - GPU-0 - INFO -   [Cycle 15]
2025-10-27 10:42:42,041 - GPU-0 - DEBUG -     [Latent Recursive] Starting 1 steps of latent thinking
2025-10-27 10:42:42,085 - GPU-0 - DEBUG -       [Latent] Step 1/1
2025-10-27 10:42:42,235 - GPU-0 - DEBUG -       [After Latent Recursive] 2 tokens unmasked
2025-10-27 10:45:18,299 - GPU-0 - INFO - [GPU 0] Loaded freeze config from metadata.json: freeze_first_half_layers=False, trainable_layer_start_idx=0
2025-10-27 10:45:18,553 - GPU-0 - INFO - === Starting generate_with_prefix_cache ===
2025-10-27 10:45:18,553 - GPU-0 - INFO - use_cache=True, R=1, N=1
2025-10-27 10:45:18,557 - GPU-0 - INFO - [Block 1/16] Processing tokens 65-97
2025-10-27 10:45:18,557 - GPU-0 - DEBUG - [Block 0] Before forward: use_cache=True, x.shape=torch.Size([1, 577])
2025-10-27 10:45:18,557 - GPU-0 - DEBUG - [Block 0] Model type: LLaDAModelLM
2025-10-27 10:45:18,557 - GPU-0 - DEBUG - [Block 0] Model config use_cache: True
2025-10-27 10:45:18,802 - GPU-0 - DEBUG - [Block 0] After forward: pkv is None? False
2025-10-27 10:45:18,802 - GPU-0 - DEBUG - [Block 0] out type: CausalLMOutputWithPast
2025-10-27 10:45:18,803 - GPU-0 - DEBUG - [Block 0] pkv type: <class 'list'>, len: 32
2025-10-27 10:45:18,803 - GPU-0 - DEBUG - [Block 0] pkv[0] type: <class 'tuple'>, len: 2
2025-10-27 10:45:18,803 - GPU-0 - DEBUG - [Block 0] pkv[0][0].shape: torch.Size([1, 32, 577, 128])
2025-10-27 10:45:18,931 - GPU-0 - INFO -   [Initial Forward] 1 tokens unmasked
2025-10-27 10:45:18,931 - GPU-0 - INFO -   [Cycle 1]
2025-10-27 10:45:18,931 - GPU-0 - DEBUG -     [Latent Recursive] Starting 1 steps of latent thinking
2025-10-27 10:45:19,034 - GPU-0 - DEBUG -       [Latent] Step 1/1
2025-10-27 10:45:19,212 - GPU-0 - DEBUG -       [After Latent Recursive] 1 tokens unmasked
2025-10-27 10:45:19,212 - GPU-0 - INFO -   [Cycle 2]
2025-10-27 10:45:19,213 - GPU-0 - DEBUG -     [Latent Recursive] Starting 1 steps of latent thinking
2025-10-27 10:45:19,258 - GPU-0 - DEBUG -       [Latent] Step 1/1
2025-10-27 10:45:19,436 - GPU-0 - DEBUG -       [After Latent Recursive] 1 tokens unmasked
2025-10-27 10:45:19,436 - GPU-0 - INFO -   [Cycle 3]
2025-10-27 10:45:19,436 - GPU-0 - DEBUG -     [Latent Recursive] Starting 1 steps of latent thinking
2025-10-27 10:45:19,482 - GPU-0 - DEBUG -       [Latent] Step 1/1
2025-10-27 10:45:19,659 - GPU-0 - DEBUG -       [After Latent Recursive] 1 tokens unmasked
2025-10-27 10:45:19,660 - GPU-0 - INFO -   [Cycle 4]
2025-10-27 10:45:19,660 - GPU-0 - DEBUG -     [Latent Recursive] Starting 1 steps of latent thinking
2025-10-27 10:45:19,706 - GPU-0 - DEBUG -       [Latent] Step 1/1
2025-10-27 10:45:19,883 - GPU-0 - DEBUG -       [After Latent Recursive] 1 tokens unmasked
2025-10-27 10:45:19,883 - GPU-0 - INFO -   [Cycle 5]
2025-10-27 10:45:19,883 - GPU-0 - DEBUG -     [Latent Recursive] Starting 1 steps of latent thinking
2025-10-27 10:45:19,929 - GPU-0 - DEBUG -       [Latent] Step 1/1
2025-10-27 10:45:20,107 - GPU-0 - DEBUG -       [After Latent Recursive] 1 tokens unmasked
2025-10-27 10:45:20,107 - GPU-0 - INFO -   [Cycle 6]
2025-10-27 10:45:20,107 - GPU-0 - DEBUG -     [Latent Recursive] Starting 1 steps of latent thinking
2025-10-27 10:45:20,153 - GPU-0 - DEBUG -       [Latent] Step 1/1
2025-10-27 10:45:20,330 - GPU-0 - DEBUG -       [After Latent Recursive] 1 tokens unmasked
2025-10-27 10:45:20,331 - GPU-0 - INFO -   [Cycle 7]
2025-10-27 10:45:20,331 - GPU-0 - DEBUG -     [Latent Recursive] Starting 1 steps of latent thinking
2025-10-27 10:45:20,376 - GPU-0 - DEBUG -       [Latent] Step 1/1
2025-10-27 10:45:20,554 - GPU-0 - DEBUG -       [After Latent Recursive] 1 tokens unmasked
2025-10-27 10:45:20,554 - GPU-0 - INFO -   [Cycle 8]
2025-10-27 10:45:20,554 - GPU-0 - DEBUG -     [Latent Recursive] Starting 1 steps of latent thinking
2025-10-27 10:45:20,600 - GPU-0 - DEBUG -       [Latent] Step 1/1
2025-10-27 10:45:20,778 - GPU-0 - DEBUG -       [After Latent Recursive] 1 tokens unmasked
2025-10-27 10:45:20,778 - GPU-0 - INFO -   [Cycle 9]
2025-10-27 10:45:20,779 - GPU-0 - DEBUG -     [Latent Recursive] Starting 1 steps of latent thinking
2025-10-27 10:45:20,825 - GPU-0 - DEBUG -       [Latent] Step 1/1
2025-10-27 10:45:21,002 - GPU-0 - DEBUG -       [After Latent Recursive] 1 tokens unmasked
2025-10-27 10:45:21,003 - GPU-0 - INFO -   [Cycle 10]
2025-10-27 10:45:21,003 - GPU-0 - DEBUG -     [Latent Recursive] Starting 1 steps of latent thinking
2025-10-27 10:45:21,049 - GPU-0 - DEBUG -       [Latent] Step 1/1
2025-10-27 10:45:21,226 - GPU-0 - DEBUG -       [After Latent Recursive] 1 tokens unmasked
2025-10-27 10:45:21,227 - GPU-0 - INFO -   [Cycle 11]
2025-10-27 10:45:21,227 - GPU-0 - DEBUG -     [Latent Recursive] Starting 1 steps of latent thinking
2025-10-27 10:45:21,273 - GPU-0 - DEBUG -       [Latent] Step 1/1
2025-10-27 10:45:21,451 - GPU-0 - DEBUG -       [After Latent Recursive] 1 tokens unmasked
2025-10-27 10:45:21,451 - GPU-0 - INFO -   [Cycle 12]
2025-10-27 10:45:21,451 - GPU-0 - DEBUG -     [Latent Recursive] Starting 1 steps of latent thinking
2025-10-27 10:45:21,497 - GPU-0 - DEBUG -       [Latent] Step 1/1
2025-10-27 10:45:21,674 - GPU-0 - DEBUG -       [After Latent Recursive] 1 tokens unmasked
2025-10-27 10:45:21,675 - GPU-0 - INFO -   [Cycle 13]
2025-10-27 10:45:21,675 - GPU-0 - DEBUG -     [Latent Recursive] Starting 1 steps of latent thinking
2025-10-27 10:45:21,721 - GPU-0 - DEBUG -       [Latent] Step 1/1
2025-10-27 10:45:21,899 - GPU-0 - DEBUG -       [After Latent Recursive] 1 tokens unmasked
2025-10-27 10:45:21,899 - GPU-0 - INFO -   [Cycle 14]
2025-10-27 10:45:21,899 - GPU-0 - DEBUG -     [Latent Recursive] Starting 1 steps of latent thinking
2025-10-27 10:45:21,945 - GPU-0 - DEBUG -       [Latent] Step 1/1
2025-10-27 10:45:22,123 - GPU-0 - DEBUG -       [After Latent Recursive] 1 tokens unmasked
2025-10-27 10:45:22,123 - GPU-0 - INFO -   [Cycle 15]
2025-10-27 10:45:22,123 - GPU-0 - DEBUG -     [Latent Recursive] Starting 1 steps of latent thinking
2025-10-27 10:45:22,169 - GPU-0 - DEBUG -       [Latent] Step 1/1
2025-10-27 10:45:22,347 - GPU-0 - DEBUG -       [After Latent Recursive] 1 tokens unmasked
2025-10-27 10:45:22,347 - GPU-0 - INFO -   [Cycle 16]
2025-10-27 10:45:22,347 - GPU-0 - DEBUG -     [Latent Recursive] Starting 1 steps of latent thinking
2025-10-27 10:45:22,393 - GPU-0 - DEBUG -       [Latent] Step 1/1
2025-10-27 10:45:22,571 - GPU-0 - DEBUG -       [After Latent Recursive] 1 tokens unmasked
2025-10-27 10:45:22,571 - GPU-0 - INFO -   [Cycle 17]
2025-10-27 10:45:22,571 - GPU-0 - DEBUG -     [Latent Recursive] Starting 1 steps of latent thinking
2025-10-27 10:45:22,617 - GPU-0 - DEBUG -       [Latent] Step 1/1
2025-10-27 10:45:22,795 - GPU-0 - DEBUG -       [After Latent Recursive] 1 tokens unmasked
2025-10-27 10:45:22,795 - GPU-0 - INFO -   [Cycle 18]
2025-10-27 10:45:22,796 - GPU-0 - DEBUG -     [Latent Recursive] Starting 1 steps of latent thinking
2025-10-27 10:45:22,841 - GPU-0 - DEBUG -       [Latent] Step 1/1
2025-10-27 10:45:23,019 - GPU-0 - DEBUG -       [After Latent Recursive] 1 tokens unmasked
2025-10-27 10:45:23,019 - GPU-0 - INFO -   [Cycle 19]
2025-10-27 10:45:23,020 - GPU-0 - DEBUG -     [Latent Recursive] Starting 1 steps of latent thinking
2025-10-27 10:45:23,065 - GPU-0 - DEBUG -       [Latent] Step 1/1
2025-10-27 10:45:23,243 - GPU-0 - DEBUG -       [After Latent Recursive] 1 tokens unmasked
2025-10-27 10:45:23,243 - GPU-0 - INFO -   [Cycle 20]
2025-10-27 10:45:23,244 - GPU-0 - DEBUG -     [Latent Recursive] Starting 1 steps of latent thinking
2025-10-27 10:45:23,290 - GPU-0 - DEBUG -       [Latent] Step 1/1
2025-10-27 10:45:23,467 - GPU-0 - DEBUG -       [After Latent Recursive] 1 tokens unmasked
2025-10-27 10:45:23,468 - GPU-0 - INFO -   [Cycle 21]
2025-10-27 10:45:23,468 - GPU-0 - DEBUG -     [Latent Recursive] Starting 1 steps of latent thinking
2025-10-27 10:45:23,514 - GPU-0 - DEBUG -       [Latent] Step 1/1
2025-10-27 10:45:23,691 - GPU-0 - DEBUG -       [After Latent Recursive] 1 tokens unmasked
2025-10-27 10:45:23,692 - GPU-0 - INFO -   [Cycle 22]
2025-10-27 10:45:23,692 - GPU-0 - DEBUG -     [Latent Recursive] Starting 1 steps of latent thinking
2025-10-27 10:45:23,738 - GPU-0 - DEBUG -       [Latent] Step 1/1
2025-10-27 10:45:23,915 - GPU-0 - DEBUG -       [After Latent Recursive] 1 tokens unmasked
2025-10-27 10:45:23,916 - GPU-0 - INFO -   [Cycle 23]
2025-10-27 10:45:23,916 - GPU-0 - DEBUG -     [Latent Recursive] Starting 1 steps of latent thinking
2025-10-27 10:45:23,962 - GPU-0 - DEBUG -       [Latent] Step 1/1
2025-10-27 10:45:24,140 - GPU-0 - DEBUG -       [After Latent Recursive] 1 tokens unmasked
2025-10-27 10:45:24,140 - GPU-0 - INFO -   [Cycle 24]
2025-10-27 10:45:24,140 - GPU-0 - DEBUG -     [Latent Recursive] Starting 1 steps of latent thinking
2025-10-27 10:45:24,186 - GPU-0 - DEBUG -       [Latent] Step 1/1
2025-10-27 10:45:24,364 - GPU-0 - DEBUG -       [After Latent Recursive] 1 tokens unmasked
2025-10-27 10:45:24,364 - GPU-0 - INFO -   [Cycle 25]
2025-10-27 10:45:24,364 - GPU-0 - DEBUG -     [Latent Recursive] Starting 1 steps of latent thinking
2025-10-27 10:45:24,410 - GPU-0 - DEBUG -       [Latent] Step 1/1
2025-10-27 10:45:24,588 - GPU-0 - DEBUG -       [After Latent Recursive] 1 tokens unmasked
2025-10-27 10:45:24,588 - GPU-0 - INFO -   [Cycle 26]
2025-10-27 10:45:24,588 - GPU-0 - DEBUG -     [Latent Recursive] Starting 1 steps of latent thinking
2025-10-27 10:45:24,634 - GPU-0 - DEBUG -       [Latent] Step 1/1
2025-10-27 10:45:24,812 - GPU-0 - DEBUG -       [After Latent Recursive] 1 tokens unmasked
2025-10-27 10:45:24,812 - GPU-0 - INFO -   [Cycle 27]
2025-10-27 10:45:24,812 - GPU-0 - DEBUG -     [Latent Recursive] Starting 1 steps of latent thinking
2025-10-27 10:45:24,858 - GPU-0 - DEBUG -       [Latent] Step 1/1
2025-10-27 10:45:25,036 - GPU-0 - DEBUG -       [After Latent Recursive] 1 tokens unmasked
2025-10-27 10:45:25,037 - GPU-0 - INFO -   [Cycle 28]
2025-10-27 10:45:25,037 - GPU-0 - DEBUG -     [Latent Recursive] Starting 1 steps of latent thinking
2025-10-27 10:45:25,083 - GPU-0 - DEBUG -       [Latent] Step 1/1
2025-10-27 10:45:25,260 - GPU-0 - DEBUG -       [After Latent Recursive] 1 tokens unmasked
2025-10-27 10:45:25,261 - GPU-0 - INFO -   [Cycle 29]
2025-10-27 10:45:25,261 - GPU-0 - DEBUG -     [Latent Recursive] Starting 1 steps of latent thinking
2025-10-27 10:45:25,307 - GPU-0 - DEBUG -       [Latent] Step 1/1
2025-10-27 10:45:25,485 - GPU-0 - DEBUG -       [After Latent Recursive] 1 tokens unmasked
2025-10-27 10:45:25,485 - GPU-0 - INFO -   [Cycle 30]
2025-10-27 10:45:25,485 - GPU-0 - DEBUG -     [Latent Recursive] Starting 1 steps of latent thinking
2025-10-27 10:45:25,531 - GPU-0 - DEBUG -       [Latent] Step 1/1
2025-10-27 10:45:25,709 - GPU-0 - DEBUG -       [After Latent Recursive] 1 tokens unmasked
2025-10-27 10:45:25,709 - GPU-0 - INFO -   [Cycle 31]
2025-10-27 10:45:25,710 - GPU-0 - DEBUG -     [Latent Recursive] Starting 1 steps of latent thinking
2025-10-27 10:45:25,755 - GPU-0 - DEBUG -       [Latent] Step 1/1
2025-10-27 10:45:25,933 - GPU-0 - DEBUG -       [After Latent Recursive] 1 tokens unmasked
2025-10-27 10:45:25,934 - GPU-0 - INFO - [Block 2/16] Processing tokens 97-129
2025-10-27 10:45:25,934 - GPU-0 - DEBUG - [Block 1] Before forward: use_cache=True, x.shape=torch.Size([1, 577])
2025-10-27 10:45:25,934 - GPU-0 - DEBUG - [Block 1] Model type: LLaDAModelLM
2025-10-27 10:45:25,934 - GPU-0 - DEBUG - [Block 1] Model config use_cache: True
2025-10-27 10:45:25,957 - GPU-0 - DEBUG - [Block 1] After forward: pkv is None? False
2025-10-27 10:45:25,957 - GPU-0 - DEBUG - [Block 1] out type: CausalLMOutputWithPast
2025-10-27 10:45:25,957 - GPU-0 - DEBUG - [Block 1] pkv type: <class 'list'>, len: 32
2025-10-27 10:45:25,957 - GPU-0 - DEBUG - [Block 1] pkv[0] type: <class 'tuple'>, len: 2
2025-10-27 10:45:25,957 - GPU-0 - DEBUG - [Block 1] pkv[0][0].shape: torch.Size([1, 32, 577, 128])
2025-10-27 10:45:26,046 - GPU-0 - INFO -   [Initial Forward] 1 tokens unmasked
2025-10-27 10:45:26,046 - GPU-0 - INFO -   [Cycle 1]
2025-10-27 10:45:26,046 - GPU-0 - DEBUG -     [Latent Recursive] Starting 1 steps of latent thinking
2025-10-27 10:45:26,092 - GPU-0 - DEBUG -       [Latent] Step 1/1
2025-10-27 10:45:26,269 - GPU-0 - DEBUG -       [After Latent Recursive] 1 tokens unmasked
2025-10-27 10:45:26,270 - GPU-0 - INFO -   [Cycle 2]
2025-10-27 10:45:26,270 - GPU-0 - DEBUG -     [Latent Recursive] Starting 1 steps of latent thinking
2025-10-27 10:45:26,316 - GPU-0 - DEBUG -       [Latent] Step 1/1
2025-10-27 10:45:26,492 - GPU-0 - DEBUG -       [After Latent Recursive] 1 tokens unmasked
2025-10-27 10:45:26,493 - GPU-0 - INFO -   [Cycle 3]
2025-10-27 10:45:26,493 - GPU-0 - DEBUG -     [Latent Recursive] Starting 1 steps of latent thinking
2025-10-27 10:45:26,539 - GPU-0 - DEBUG -       [Latent] Step 1/1
2025-10-27 10:45:26,716 - GPU-0 - DEBUG -       [After Latent Recursive] 1 tokens unmasked
2025-10-27 10:45:26,716 - GPU-0 - INFO -   [Cycle 4]
2025-10-27 10:45:26,716 - GPU-0 - DEBUG -     [Latent Recursive] Starting 1 steps of latent thinking
2025-10-27 10:45:26,762 - GPU-0 - DEBUG -       [Latent] Step 1/1
2025-10-27 10:45:26,939 - GPU-0 - DEBUG -       [After Latent Recursive] 1 tokens unmasked
2025-10-27 10:45:26,939 - GPU-0 - INFO -   [Cycle 5]
2025-10-27 10:45:26,939 - GPU-0 - DEBUG -     [Latent Recursive] Starting 1 steps of latent thinking
2025-10-27 10:45:26,985 - GPU-0 - DEBUG -       [Latent] Step 1/1
2025-10-27 10:45:27,163 - GPU-0 - DEBUG -       [After Latent Recursive] 1 tokens unmasked
2025-10-27 10:45:27,163 - GPU-0 - INFO -   [Cycle 6]
2025-10-27 10:45:27,163 - GPU-0 - DEBUG -     [Latent Recursive] Starting 1 steps of latent thinking
2025-10-27 10:45:27,209 - GPU-0 - DEBUG -       [Latent] Step 1/1
2025-10-27 10:45:27,386 - GPU-0 - DEBUG -       [After Latent Recursive] 1 tokens unmasked
2025-10-27 10:45:27,386 - GPU-0 - INFO -   [Cycle 7]
2025-10-27 10:45:27,386 - GPU-0 - DEBUG -     [Latent Recursive] Starting 1 steps of latent thinking
2025-10-27 10:45:27,432 - GPU-0 - DEBUG -       [Latent] Step 1/1
2025-10-27 10:45:27,609 - GPU-0 - DEBUG -       [After Latent Recursive] 1 tokens unmasked
2025-10-27 10:45:27,609 - GPU-0 - INFO -   [Cycle 8]
2025-10-27 10:45:27,609 - GPU-0 - DEBUG -     [Latent Recursive] Starting 1 steps of latent thinking
2025-10-27 10:45:27,655 - GPU-0 - DEBUG -       [Latent] Step 1/1
2025-10-27 10:45:27,832 - GPU-0 - DEBUG -       [After Latent Recursive] 1 tokens unmasked
2025-10-27 10:45:27,832 - GPU-0 - INFO -   [Cycle 9]
2025-10-27 10:45:27,832 - GPU-0 - DEBUG -     [Latent Recursive] Starting 1 steps of latent thinking
2025-10-27 10:45:27,878 - GPU-0 - DEBUG -       [Latent] Step 1/1
2025-10-27 10:45:28,055 - GPU-0 - DEBUG -       [After Latent Recursive] 1 tokens unmasked
2025-10-27 10:45:28,056 - GPU-0 - INFO -   [Cycle 10]
2025-10-27 10:45:28,056 - GPU-0 - DEBUG -     [Latent Recursive] Starting 1 steps of latent thinking
2025-10-27 10:45:28,101 - GPU-0 - DEBUG -       [Latent] Step 1/1
2025-10-27 10:45:28,278 - GPU-0 - DEBUG -       [After Latent Recursive] 1 tokens unmasked
2025-10-27 10:45:28,278 - GPU-0 - INFO -   [Cycle 11]
2025-10-27 10:45:28,279 - GPU-0 - DEBUG -     [Latent Recursive] Starting 1 steps of latent thinking
2025-10-27 10:45:28,325 - GPU-0 - DEBUG -       [Latent] Step 1/1
2025-10-27 10:45:28,502 - GPU-0 - DEBUG -       [After Latent Recursive] 1 tokens unmasked
2025-10-27 10:45:28,502 - GPU-0 - INFO -   [Cycle 12]
2025-10-27 10:45:28,503 - GPU-0 - DEBUG -     [Latent Recursive] Starting 1 steps of latent thinking
2025-10-27 10:45:28,549 - GPU-0 - DEBUG -       [Latent] Step 1/1
2025-10-27 10:45:28,726 - GPU-0 - DEBUG -       [After Latent Recursive] 1 tokens unmasked
2025-10-27 10:45:28,726 - GPU-0 - INFO -   [Cycle 13]
2025-10-27 10:45:28,726 - GPU-0 - DEBUG -     [Latent Recursive] Starting 1 steps of latent thinking
2025-10-27 10:45:28,772 - GPU-0 - DEBUG -       [Latent] Step 1/1
2025-10-27 10:45:28,949 - GPU-0 - DEBUG -       [After Latent Recursive] 1 tokens unmasked
2025-10-27 10:45:28,950 - GPU-0 - INFO -   [Cycle 14]
2025-10-27 10:45:28,950 - GPU-0 - DEBUG -     [Latent Recursive] Starting 1 steps of latent thinking
2025-10-27 10:45:28,996 - GPU-0 - DEBUG -       [Latent] Step 1/1
2025-10-27 10:45:29,172 - GPU-0 - DEBUG -       [After Latent Recursive] 1 tokens unmasked
2025-10-27 10:45:29,173 - GPU-0 - INFO -   [Cycle 15]
2025-10-27 10:45:29,173 - GPU-0 - DEBUG -     [Latent Recursive] Starting 1 steps of latent thinking
2025-10-27 10:45:29,219 - GPU-0 - DEBUG -       [Latent] Step 1/1
2025-10-27 10:45:29,396 - GPU-0 - DEBUG -       [After Latent Recursive] 1 tokens unmasked
2025-10-27 10:45:29,396 - GPU-0 - INFO -   [Cycle 16]
2025-10-27 10:45:29,396 - GPU-0 - DEBUG -     [Latent Recursive] Starting 1 steps of latent thinking
2025-10-27 10:45:29,442 - GPU-0 - DEBUG -       [Latent] Step 1/1
2025-10-27 10:45:29,619 - GPU-0 - DEBUG -       [After Latent Recursive] 1 tokens unmasked
2025-10-27 10:45:29,619 - GPU-0 - INFO -   [Cycle 17]
2025-10-27 10:45:29,619 - GPU-0 - DEBUG -     [Latent Recursive] Starting 1 steps of latent thinking
2025-10-27 10:45:29,665 - GPU-0 - DEBUG -       [Latent] Step 1/1
2025-10-27 10:45:29,842 - GPU-0 - DEBUG -       [After Latent Recursive] 1 tokens unmasked
2025-10-27 10:45:29,842 - GPU-0 - INFO -   [Cycle 18]
2025-10-27 10:45:29,842 - GPU-0 - DEBUG -     [Latent Recursive] Starting 1 steps of latent thinking
2025-10-27 10:45:29,888 - GPU-0 - DEBUG -       [Latent] Step 1/1
2025-10-27 10:45:30,065 - GPU-0 - DEBUG -       [After Latent Recursive] 1 tokens unmasked
2025-10-27 10:45:30,065 - GPU-0 - INFO -   [Cycle 19]
2025-10-27 10:45:30,065 - GPU-0 - DEBUG -     [Latent Recursive] Starting 1 steps of latent thinking
2025-10-27 10:45:30,111 - GPU-0 - DEBUG -       [Latent] Step 1/1
2025-10-27 10:45:30,288 - GPU-0 - DEBUG -       [After Latent Recursive] 1 tokens unmasked
2025-10-27 10:45:30,289 - GPU-0 - INFO -   [Cycle 20]
2025-10-27 10:45:30,289 - GPU-0 - DEBUG -     [Latent Recursive] Starting 1 steps of latent thinking
2025-10-27 10:45:30,335 - GPU-0 - DEBUG -       [Latent] Step 1/1
2025-10-27 10:45:30,512 - GPU-0 - DEBUG -       [After Latent Recursive] 1 tokens unmasked
2025-10-27 10:45:30,512 - GPU-0 - INFO -   [Cycle 21]
2025-10-27 10:45:30,512 - GPU-0 - DEBUG -     [Latent Recursive] Starting 1 steps of latent thinking
2025-10-27 10:45:30,558 - GPU-0 - DEBUG -       [Latent] Step 1/1
2025-10-27 10:45:30,735 - GPU-0 - DEBUG -       [After Latent Recursive] 1 tokens unmasked
2025-10-27 10:45:30,735 - GPU-0 - INFO -   [Cycle 22]
2025-10-27 10:45:30,735 - GPU-0 - DEBUG -     [Latent Recursive] Starting 1 steps of latent thinking
2025-10-27 10:45:30,781 - GPU-0 - DEBUG -       [Latent] Step 1/1
2025-10-27 10:45:30,958 - GPU-0 - DEBUG -       [After Latent Recursive] 1 tokens unmasked
2025-10-27 10:45:30,958 - GPU-0 - INFO -   [Cycle 23]
2025-10-27 10:45:30,959 - GPU-0 - DEBUG -     [Latent Recursive] Starting 1 steps of latent thinking
2025-10-27 10:45:31,004 - GPU-0 - DEBUG -       [Latent] Step 1/1
2025-10-27 10:45:31,181 - GPU-0 - DEBUG -       [After Latent Recursive] 1 tokens unmasked
2025-10-27 10:45:31,182 - GPU-0 - INFO -   [Cycle 24]
2025-10-27 10:45:31,182 - GPU-0 - DEBUG -     [Latent Recursive] Starting 1 steps of latent thinking
2025-10-27 10:45:31,228 - GPU-0 - DEBUG -       [Latent] Step 1/1
2025-10-27 10:45:31,405 - GPU-0 - DEBUG -       [After Latent Recursive] 1 tokens unmasked
2025-10-27 10:45:31,405 - GPU-0 - INFO -   [Cycle 25]
2025-10-27 10:45:31,405 - GPU-0 - DEBUG -     [Latent Recursive] Starting 1 steps of latent thinking
2025-10-27 10:45:31,451 - GPU-0 - DEBUG -       [Latent] Step 1/1
2025-10-27 10:45:31,628 - GPU-0 - DEBUG -       [After Latent Recursive] 1 tokens unmasked
2025-10-27 10:45:31,628 - GPU-0 - INFO -   [Cycle 26]
2025-10-27 10:45:31,629 - GPU-0 - DEBUG -     [Latent Recursive] Starting 1 steps of latent thinking
2025-10-27 10:45:31,674 - GPU-0 - DEBUG -       [Latent] Step 1/1
2025-10-27 10:45:31,852 - GPU-0 - DEBUG -       [After Latent Recursive] 1 tokens unmasked
2025-10-27 10:45:31,852 - GPU-0 - INFO -   [Cycle 27]
2025-10-27 10:45:31,852 - GPU-0 - DEBUG -     [Latent Recursive] Starting 1 steps of latent thinking
2025-10-27 10:45:31,898 - GPU-0 - DEBUG -       [Latent] Step 1/1
2025-10-27 10:45:32,075 - GPU-0 - DEBUG -       [After Latent Recursive] 1 tokens unmasked
2025-10-27 10:45:32,075 - GPU-0 - INFO -   [Cycle 28]
2025-10-27 10:45:32,075 - GPU-0 - DEBUG -     [Latent Recursive] Starting 1 steps of latent thinking
2025-10-27 10:45:32,121 - GPU-0 - DEBUG -       [Latent] Step 1/1
2025-10-27 10:45:32,298 - GPU-0 - DEBUG -       [After Latent Recursive] 1 tokens unmasked
2025-10-27 10:45:32,299 - GPU-0 - INFO -   [Cycle 29]
2025-10-27 10:45:32,299 - GPU-0 - DEBUG -     [Latent Recursive] Starting 1 steps of latent thinking
2025-10-27 10:45:32,345 - GPU-0 - DEBUG -       [Latent] Step 1/1
2025-10-27 10:45:32,522 - GPU-0 - DEBUG -       [After Latent Recursive] 1 tokens unmasked
2025-10-27 10:45:32,522 - GPU-0 - INFO -   [Cycle 30]
2025-10-27 10:45:32,522 - GPU-0 - DEBUG -     [Latent Recursive] Starting 1 steps of latent thinking
2025-10-27 10:45:32,568 - GPU-0 - DEBUG -       [Latent] Step 1/1
2025-10-27 10:45:32,745 - GPU-0 - DEBUG -       [After Latent Recursive] 1 tokens unmasked
2025-10-27 10:45:32,745 - GPU-0 - INFO -   [Cycle 31]
2025-10-27 10:45:32,745 - GPU-0 - DEBUG -     [Latent Recursive] Starting 1 steps of latent thinking
2025-10-27 10:45:32,791 - GPU-0 - DEBUG -       [Latent] Step 1/1
2025-10-27 10:45:32,968 - GPU-0 - DEBUG -       [After Latent Recursive] 1 tokens unmasked
2025-10-27 10:45:32,968 - GPU-0 - INFO - [Block 3/16] Processing tokens 129-161
2025-10-27 10:45:32,968 - GPU-0 - DEBUG - [Block 2] Before forward: use_cache=True, x.shape=torch.Size([1, 577])
2025-10-27 10:45:32,969 - GPU-0 - DEBUG - [Block 2] Model type: LLaDAModelLM
2025-10-27 10:45:32,969 - GPU-0 - DEBUG - [Block 2] Model config use_cache: True
2025-10-27 10:45:32,992 - GPU-0 - DEBUG - [Block 2] After forward: pkv is None? False
2025-10-27 10:45:32,992 - GPU-0 - DEBUG - [Block 2] out type: CausalLMOutputWithPast
2025-10-27 10:45:32,992 - GPU-0 - DEBUG - [Block 2] pkv type: <class 'list'>, len: 32
2025-10-27 10:45:32,992 - GPU-0 - DEBUG - [Block 2] pkv[0] type: <class 'tuple'>, len: 2
2025-10-27 10:45:32,992 - GPU-0 - DEBUG - [Block 2] pkv[0][0].shape: torch.Size([1, 32, 577, 128])
2025-10-27 10:45:33,081 - GPU-0 - INFO -   [Initial Forward] 1 tokens unmasked
2025-10-27 10:45:33,081 - GPU-0 - INFO -   [Cycle 1]
2025-10-27 10:45:33,081 - GPU-0 - DEBUG -     [Latent Recursive] Starting 1 steps of latent thinking
2025-10-27 10:45:33,127 - GPU-0 - DEBUG -       [Latent] Step 1/1
2025-10-27 10:45:33,302 - GPU-0 - DEBUG -       [After Latent Recursive] 1 tokens unmasked
2025-10-27 10:45:33,302 - GPU-0 - INFO -   [Cycle 2]
2025-10-27 10:45:33,302 - GPU-0 - DEBUG -     [Latent Recursive] Starting 1 steps of latent thinking
2025-10-27 10:45:33,348 - GPU-0 - DEBUG -       [Latent] Step 1/1
2025-10-27 10:45:33,523 - GPU-0 - DEBUG -       [After Latent Recursive] 1 tokens unmasked
2025-10-27 10:45:33,523 - GPU-0 - INFO -   [Cycle 3]
2025-10-27 10:45:33,523 - GPU-0 - DEBUG -     [Latent Recursive] Starting 1 steps of latent thinking
2025-10-27 10:45:33,569 - GPU-0 - DEBUG -       [Latent] Step 1/1
2025-10-27 10:45:33,744 - GPU-0 - DEBUG -       [After Latent Recursive] 1 tokens unmasked
2025-10-27 10:45:33,744 - GPU-0 - INFO -   [Cycle 4]
2025-10-27 10:45:33,744 - GPU-0 - DEBUG -     [Latent Recursive] Starting 1 steps of latent thinking
2025-10-27 10:45:33,790 - GPU-0 - DEBUG -       [Latent] Step 1/1
2025-10-27 10:45:33,965 - GPU-0 - DEBUG -       [After Latent Recursive] 1 tokens unmasked
2025-10-27 10:45:33,965 - GPU-0 - INFO -   [Cycle 5]
2025-10-27 10:45:33,965 - GPU-0 - DEBUG -     [Latent Recursive] Starting 1 steps of latent thinking
2025-10-27 10:45:34,011 - GPU-0 - DEBUG -       [Latent] Step 1/1
2025-10-27 10:45:34,186 - GPU-0 - DEBUG -       [After Latent Recursive] 1 tokens unmasked
2025-10-27 10:45:34,186 - GPU-0 - INFO -   [Cycle 6]
2025-10-27 10:45:34,187 - GPU-0 - DEBUG -     [Latent Recursive] Starting 1 steps of latent thinking
2025-10-27 10:45:34,232 - GPU-0 - DEBUG -       [Latent] Step 1/1
2025-10-27 10:45:34,407 - GPU-0 - DEBUG -       [After Latent Recursive] 1 tokens unmasked
2025-10-27 10:45:34,408 - GPU-0 - INFO -   [Cycle 7]
2025-10-27 10:45:34,408 - GPU-0 - DEBUG -     [Latent Recursive] Starting 1 steps of latent thinking
2025-10-27 10:45:34,454 - GPU-0 - DEBUG -       [Latent] Step 1/1
2025-10-27 10:45:34,628 - GPU-0 - DEBUG -       [After Latent Recursive] 1 tokens unmasked
2025-10-27 10:45:34,629 - GPU-0 - INFO -   [Cycle 8]
2025-10-27 10:45:34,629 - GPU-0 - DEBUG -     [Latent Recursive] Starting 1 steps of latent thinking
2025-10-27 10:45:34,675 - GPU-0 - DEBUG -       [Latent] Step 1/1
2025-10-27 10:45:34,849 - GPU-0 - DEBUG -       [After Latent Recursive] 1 tokens unmasked
2025-10-27 10:45:34,850 - GPU-0 - INFO -   [Cycle 9]
2025-10-27 10:45:34,850 - GPU-0 - DEBUG -     [Latent Recursive] Starting 1 steps of latent thinking
2025-10-27 10:45:34,896 - GPU-0 - DEBUG -       [Latent] Step 1/1
2025-10-27 10:45:35,070 - GPU-0 - DEBUG -       [After Latent Recursive] 1 tokens unmasked
2025-10-27 10:45:35,071 - GPU-0 - INFO -   [Cycle 10]
2025-10-27 10:45:35,071 - GPU-0 - DEBUG -     [Latent Recursive] Starting 1 steps of latent thinking
2025-10-27 10:45:35,117 - GPU-0 - DEBUG -       [Latent] Step 1/1
2025-10-27 10:45:35,292 - GPU-0 - DEBUG -       [After Latent Recursive] 1 tokens unmasked
2025-10-27 10:45:35,292 - GPU-0 - INFO -   [Cycle 11]
2025-10-27 10:45:35,292 - GPU-0 - DEBUG -     [Latent Recursive] Starting 1 steps of latent thinking
2025-10-27 10:45:35,338 - GPU-0 - DEBUG -       [Latent] Step 1/1
2025-10-27 10:45:35,513 - GPU-0 - DEBUG -       [After Latent Recursive] 1 tokens unmasked
2025-10-27 10:45:35,513 - GPU-0 - INFO -   [Cycle 12]
2025-10-27 10:45:35,513 - GPU-0 - DEBUG -     [Latent Recursive] Starting 1 steps of latent thinking
2025-10-27 10:45:35,559 - GPU-0 - DEBUG -       [Latent] Step 1/1
2025-10-27 10:45:35,734 - GPU-0 - DEBUG -       [After Latent Recursive] 1 tokens unmasked
2025-10-27 10:45:35,735 - GPU-0 - INFO -   [Cycle 13]
2025-10-27 10:45:35,735 - GPU-0 - DEBUG -     [Latent Recursive] Starting 1 steps of latent thinking
2025-10-27 10:45:35,781 - GPU-0 - DEBUG -       [Latent] Step 1/1
2025-10-27 10:45:35,955 - GPU-0 - DEBUG -       [After Latent Recursive] 1 tokens unmasked
2025-10-27 10:45:35,956 - GPU-0 - INFO -   [Cycle 14]
2025-10-27 10:45:35,956 - GPU-0 - DEBUG -     [Latent Recursive] Starting 1 steps of latent thinking
2025-10-27 10:45:36,002 - GPU-0 - DEBUG -       [Latent] Step 1/1
2025-10-27 10:45:36,177 - GPU-0 - DEBUG -       [After Latent Recursive] 1 tokens unmasked
2025-10-27 10:45:36,177 - GPU-0 - INFO -   [Cycle 15]
2025-10-27 10:45:36,177 - GPU-0 - DEBUG -     [Latent Recursive] Starting 1 steps of latent thinking
2025-10-27 10:45:36,223 - GPU-0 - DEBUG -       [Latent] Step 1/1
2025-10-27 10:45:36,398 - GPU-0 - DEBUG -       [After Latent Recursive] 1 tokens unmasked
2025-10-27 10:45:36,398 - GPU-0 - INFO -   [Cycle 16]
2025-10-27 10:45:36,398 - GPU-0 - DEBUG -     [Latent Recursive] Starting 1 steps of latent thinking
2025-10-27 10:45:36,444 - GPU-0 - DEBUG -       [Latent] Step 1/1
2025-10-27 10:45:36,619 - GPU-0 - DEBUG -       [After Latent Recursive] 1 tokens unmasked
2025-10-27 10:45:36,620 - GPU-0 - INFO -   [Cycle 17]
2025-10-27 10:45:36,620 - GPU-0 - DEBUG -     [Latent Recursive] Starting 1 steps of latent thinking
2025-10-27 10:45:36,666 - GPU-0 - DEBUG -       [Latent] Step 1/1
2025-10-27 10:45:36,841 - GPU-0 - DEBUG -       [After Latent Recursive] 1 tokens unmasked
2025-10-27 10:45:36,841 - GPU-0 - INFO -   [Cycle 18]
2025-10-27 10:45:36,841 - GPU-0 - DEBUG -     [Latent Recursive] Starting 1 steps of latent thinking
2025-10-27 10:45:36,887 - GPU-0 - DEBUG -       [Latent] Step 1/1
2025-10-27 10:45:37,062 - GPU-0 - DEBUG -       [After Latent Recursive] 1 tokens unmasked
2025-10-27 10:45:37,062 - GPU-0 - INFO -   [Cycle 19]
2025-10-27 10:45:37,062 - GPU-0 - DEBUG -     [Latent Recursive] Starting 1 steps of latent thinking
2025-10-27 10:45:37,109 - GPU-0 - DEBUG -       [Latent] Step 1/1
2025-10-27 10:45:37,283 - GPU-0 - DEBUG -       [After Latent Recursive] 1 tokens unmasked
2025-10-27 10:45:37,284 - GPU-0 - INFO -   [Cycle 20]
2025-10-27 10:45:37,284 - GPU-0 - DEBUG -     [Latent Recursive] Starting 1 steps of latent thinking
2025-10-27 10:45:37,330 - GPU-0 - DEBUG -       [Latent] Step 1/1
2025-10-27 10:45:37,505 - GPU-0 - DEBUG -       [After Latent Recursive] 1 tokens unmasked
2025-10-27 10:45:37,505 - GPU-0 - INFO -   [Cycle 21]
2025-10-27 10:45:37,505 - GPU-0 - DEBUG -     [Latent Recursive] Starting 1 steps of latent thinking
2025-10-27 10:45:37,551 - GPU-0 - DEBUG -       [Latent] Step 1/1
2025-10-27 10:45:37,725 - GPU-0 - DEBUG -       [After Latent Recursive] 1 tokens unmasked
2025-10-27 10:45:37,726 - GPU-0 - INFO -   [Cycle 22]
2025-10-27 10:45:37,726 - GPU-0 - DEBUG -     [Latent Recursive] Starting 1 steps of latent thinking
2025-10-27 10:45:37,772 - GPU-0 - DEBUG -       [Latent] Step 1/1
2025-10-27 10:45:37,947 - GPU-0 - DEBUG -       [After Latent Recursive] 1 tokens unmasked
2025-10-27 10:45:37,947 - GPU-0 - INFO -   [Cycle 23]
2025-10-27 10:45:37,947 - GPU-0 - DEBUG -     [Latent Recursive] Starting 1 steps of latent thinking
2025-10-27 10:45:37,993 - GPU-0 - DEBUG -       [Latent] Step 1/1
2025-10-27 10:45:38,167 - GPU-0 - DEBUG -       [After Latent Recursive] 1 tokens unmasked
2025-10-27 10:45:38,168 - GPU-0 - INFO -   [Cycle 24]
2025-10-27 10:45:38,168 - GPU-0 - DEBUG -     [Latent Recursive] Starting 1 steps of latent thinking
2025-10-27 10:45:38,214 - GPU-0 - DEBUG -       [Latent] Step 1/1
2025-10-27 10:45:38,389 - GPU-0 - DEBUG -       [After Latent Recursive] 1 tokens unmasked
2025-10-27 10:45:38,389 - GPU-0 - INFO -   [Cycle 25]
2025-10-27 10:45:38,390 - GPU-0 - DEBUG -     [Latent Recursive] Starting 1 steps of latent thinking
2025-10-27 10:45:38,435 - GPU-0 - DEBUG -       [Latent] Step 1/1
2025-10-27 10:45:38,610 - GPU-0 - DEBUG -       [After Latent Recursive] 1 tokens unmasked
2025-10-27 10:45:38,610 - GPU-0 - INFO -   [Cycle 26]
2025-10-27 10:45:38,610 - GPU-0 - DEBUG -     [Latent Recursive] Starting 1 steps of latent thinking
2025-10-27 10:45:38,656 - GPU-0 - DEBUG -       [Latent] Step 1/1
2025-10-27 10:45:38,831 - GPU-0 - DEBUG -       [After Latent Recursive] 1 tokens unmasked
2025-10-27 10:45:38,832 - GPU-0 - INFO -   [Cycle 27]
2025-10-27 10:45:38,832 - GPU-0 - DEBUG -     [Latent Recursive] Starting 1 steps of latent thinking
2025-10-27 10:45:38,878 - GPU-0 - DEBUG -       [Latent] Step 1/1
2025-10-27 10:45:39,053 - GPU-0 - DEBUG -       [After Latent Recursive] 1 tokens unmasked
2025-10-27 10:45:39,053 - GPU-0 - INFO -   [Cycle 28]
2025-10-27 10:45:39,053 - GPU-0 - DEBUG -     [Latent Recursive] Starting 1 steps of latent thinking
2025-10-27 10:45:39,099 - GPU-0 - DEBUG -       [Latent] Step 1/1
2025-10-27 10:45:39,274 - GPU-0 - DEBUG -       [After Latent Recursive] 1 tokens unmasked
2025-10-27 10:45:39,274 - GPU-0 - INFO -   [Cycle 29]
2025-10-27 10:45:39,274 - GPU-0 - DEBUG -     [Latent Recursive] Starting 1 steps of latent thinking
2025-10-27 10:45:39,320 - GPU-0 - DEBUG -       [Latent] Step 1/1
2025-10-27 10:45:39,495 - GPU-0 - DEBUG -       [After Latent Recursive] 1 tokens unmasked
2025-10-27 10:45:39,495 - GPU-0 - INFO -   [Cycle 30]
2025-10-27 10:45:39,495 - GPU-0 - DEBUG -     [Latent Recursive] Starting 1 steps of latent thinking
2025-10-27 10:45:39,541 - GPU-0 - DEBUG -       [Latent] Step 1/1
2025-10-27 10:45:39,716 - GPU-0 - DEBUG -       [After Latent Recursive] 1 tokens unmasked
2025-10-27 10:45:39,717 - GPU-0 - INFO -   [Cycle 31]
2025-10-27 10:45:39,717 - GPU-0 - DEBUG -     [Latent Recursive] Starting 1 steps of latent thinking
2025-10-27 10:45:39,763 - GPU-0 - DEBUG -       [Latent] Step 1/1
2025-10-27 10:45:39,937 - GPU-0 - DEBUG -       [After Latent Recursive] 1 tokens unmasked
2025-10-27 10:45:39,938 - GPU-0 - INFO - [Block 4/16] Processing tokens 161-193
2025-10-27 10:45:39,938 - GPU-0 - DEBUG - [Block 3] Before forward: use_cache=True, x.shape=torch.Size([1, 577])
2025-10-27 10:45:39,938 - GPU-0 - DEBUG - [Block 3] Model type: LLaDAModelLM
2025-10-27 10:45:39,939 - GPU-0 - DEBUG - [Block 3] Model config use_cache: True
2025-10-27 10:45:39,961 - GPU-0 - DEBUG - [Block 3] After forward: pkv is None? False
2025-10-27 10:45:39,962 - GPU-0 - DEBUG - [Block 3] out type: CausalLMOutputWithPast
2025-10-27 10:45:39,962 - GPU-0 - DEBUG - [Block 3] pkv type: <class 'list'>, len: 32
2025-10-27 10:45:39,962 - GPU-0 - DEBUG - [Block 3] pkv[0] type: <class 'tuple'>, len: 2
2025-10-27 10:45:39,962 - GPU-0 - DEBUG - [Block 3] pkv[0][0].shape: torch.Size([1, 32, 577, 128])
2025-10-27 10:45:40,050 - GPU-0 - INFO -   [Initial Forward] 1 tokens unmasked
2025-10-27 10:45:40,051 - GPU-0 - INFO -   [Cycle 1]
2025-10-27 10:45:40,051 - GPU-0 - DEBUG -     [Latent Recursive] Starting 1 steps of latent thinking
2025-10-27 10:45:40,097 - GPU-0 - DEBUG -       [Latent] Step 1/1
2025-10-27 10:45:40,271 - GPU-0 - DEBUG -       [After Latent Recursive] 1 tokens unmasked
2025-10-27 10:45:40,272 - GPU-0 - INFO -   [Cycle 2]
2025-10-27 10:45:40,272 - GPU-0 - DEBUG -     [Latent Recursive] Starting 1 steps of latent thinking
2025-10-27 10:45:40,318 - GPU-0 - DEBUG -       [Latent] Step 1/1
2025-10-27 10:45:40,492 - GPU-0 - DEBUG -       [After Latent Recursive] 1 tokens unmasked
2025-10-27 10:45:40,492 - GPU-0 - INFO -   [Cycle 3]
2025-10-27 10:45:40,492 - GPU-0 - DEBUG -     [Latent Recursive] Starting 1 steps of latent thinking
2025-10-27 10:45:40,538 - GPU-0 - DEBUG -       [Latent] Step 1/1
2025-10-27 10:45:40,712 - GPU-0 - DEBUG -       [After Latent Recursive] 1 tokens unmasked
2025-10-27 10:45:40,712 - GPU-0 - INFO -   [Cycle 4]
2025-10-27 10:45:40,713 - GPU-0 - DEBUG -     [Latent Recursive] Starting 1 steps of latent thinking
2025-10-27 10:45:40,759 - GPU-0 - DEBUG -       [Latent] Step 1/1
2025-10-27 10:45:40,933 - GPU-0 - DEBUG -       [After Latent Recursive] 1 tokens unmasked
2025-10-27 10:45:40,933 - GPU-0 - INFO -   [Cycle 5]
2025-10-27 10:45:40,934 - GPU-0 - DEBUG -     [Latent Recursive] Starting 1 steps of latent thinking
2025-10-27 10:45:40,980 - GPU-0 - DEBUG -       [Latent] Step 1/1
2025-10-27 10:45:41,154 - GPU-0 - DEBUG -       [After Latent Recursive] 1 tokens unmasked
2025-10-27 10:45:41,154 - GPU-0 - INFO -   [Cycle 6]
2025-10-27 10:45:41,154 - GPU-0 - DEBUG -     [Latent Recursive] Starting 1 steps of latent thinking
2025-10-27 10:45:41,200 - GPU-0 - DEBUG -       [Latent] Step 1/1
2025-10-27 10:45:41,374 - GPU-0 - DEBUG -       [After Latent Recursive] 1 tokens unmasked
2025-10-27 10:45:41,374 - GPU-0 - INFO -   [Cycle 7]
2025-10-27 10:45:41,375 - GPU-0 - DEBUG -     [Latent Recursive] Starting 1 steps of latent thinking
2025-10-27 10:45:41,421 - GPU-0 - DEBUG -       [Latent] Step 1/1
2025-10-27 10:45:41,595 - GPU-0 - DEBUG -       [After Latent Recursive] 1 tokens unmasked
2025-10-27 10:45:41,595 - GPU-0 - INFO -   [Cycle 8]
2025-10-27 10:45:41,595 - GPU-0 - DEBUG -     [Latent Recursive] Starting 1 steps of latent thinking
2025-10-27 10:45:41,641 - GPU-0 - DEBUG -       [Latent] Step 1/1
2025-10-27 10:45:41,815 - GPU-0 - DEBUG -       [After Latent Recursive] 1 tokens unmasked
2025-10-27 10:45:41,816 - GPU-0 - INFO -   [Cycle 9]
2025-10-27 10:45:41,816 - GPU-0 - DEBUG -     [Latent Recursive] Starting 1 steps of latent thinking
2025-10-27 10:45:41,862 - GPU-0 - DEBUG -       [Latent] Step 1/1
2025-10-27 10:45:42,036 - GPU-0 - DEBUG -       [After Latent Recursive] 1 tokens unmasked
2025-10-27 10:45:42,037 - GPU-0 - INFO -   [Cycle 10]
2025-10-27 10:45:42,037 - GPU-0 - DEBUG -     [Latent Recursive] Starting 1 steps of latent thinking
2025-10-27 10:45:42,083 - GPU-0 - DEBUG -       [Latent] Step 1/1
2025-10-27 10:45:42,257 - GPU-0 - DEBUG -       [After Latent Recursive] 1 tokens unmasked
2025-10-27 10:45:42,257 - GPU-0 - INFO -   [Cycle 11]
2025-10-27 10:45:42,257 - GPU-0 - DEBUG -     [Latent Recursive] Starting 1 steps of latent thinking
2025-10-27 10:45:42,303 - GPU-0 - DEBUG -       [Latent] Step 1/1
2025-10-27 10:45:42,477 - GPU-0 - DEBUG -       [After Latent Recursive] 1 tokens unmasked
2025-10-27 10:45:42,478 - GPU-0 - INFO -   [Cycle 12]
2025-10-27 10:45:42,478 - GPU-0 - DEBUG -     [Latent Recursive] Starting 1 steps of latent thinking
2025-10-27 10:45:42,524 - GPU-0 - DEBUG -       [Latent] Step 1/1
2025-10-27 10:45:42,698 - GPU-0 - DEBUG -       [After Latent Recursive] 1 tokens unmasked
2025-10-27 10:45:42,699 - GPU-0 - INFO -   [Cycle 13]
2025-10-27 10:45:42,699 - GPU-0 - DEBUG -     [Latent Recursive] Starting 1 steps of latent thinking
2025-10-27 10:45:42,745 - GPU-0 - DEBUG -       [Latent] Step 1/1
2025-10-27 10:45:42,920 - GPU-0 - DEBUG -       [After Latent Recursive] 1 tokens unmasked
2025-10-27 10:45:42,920 - GPU-0 - INFO -   [Cycle 14]
2025-10-27 10:45:42,920 - GPU-0 - DEBUG -     [Latent Recursive] Starting 1 steps of latent thinking
2025-10-27 10:45:42,966 - GPU-0 - DEBUG -       [Latent] Step 1/1
2025-10-27 10:45:43,142 - GPU-0 - DEBUG -       [After Latent Recursive] 1 tokens unmasked
2025-10-27 10:45:43,142 - GPU-0 - INFO -   [Cycle 15]
2025-10-27 10:45:43,142 - GPU-0 - DEBUG -     [Latent Recursive] Starting 1 steps of latent thinking
2025-10-27 10:45:43,188 - GPU-0 - DEBUG -       [Latent] Step 1/1
2025-10-27 10:45:43,363 - GPU-0 - DEBUG -       [After Latent Recursive] 1 tokens unmasked
2025-10-27 10:45:43,363 - GPU-0 - INFO -   [Cycle 16]
2025-10-27 10:45:43,363 - GPU-0 - DEBUG -     [Latent Recursive] Starting 1 steps of latent thinking
2025-10-27 10:45:43,409 - GPU-0 - DEBUG -       [Latent] Step 1/1
2025-10-27 10:45:43,584 - GPU-0 - DEBUG -       [After Latent Recursive] 1 tokens unmasked
2025-10-27 10:45:43,584 - GPU-0 - INFO -   [Cycle 17]
2025-10-27 10:45:43,584 - GPU-0 - DEBUG -     [Latent Recursive] Starting 1 steps of latent thinking
2025-10-27 10:45:43,631 - GPU-0 - DEBUG -       [Latent] Step 1/1
2025-10-27 10:45:43,804 - GPU-0 - DEBUG -       [After Latent Recursive] 1 tokens unmasked
2025-10-27 10:45:43,805 - GPU-0 - INFO -   [Cycle 18]
2025-10-27 10:45:43,805 - GPU-0 - DEBUG -     [Latent Recursive] Starting 1 steps of latent thinking
2025-10-27 10:45:43,851 - GPU-0 - DEBUG -       [Latent] Step 1/1
2025-10-27 10:45:44,025 - GPU-0 - DEBUG -       [After Latent Recursive] 1 tokens unmasked
2025-10-27 10:45:44,025 - GPU-0 - INFO -   [Cycle 19]
2025-10-27 10:45:44,026 - GPU-0 - DEBUG -     [Latent Recursive] Starting 1 steps of latent thinking
2025-10-27 10:45:44,072 - GPU-0 - DEBUG -       [Latent] Step 1/1
2025-10-27 10:45:44,246 - GPU-0 - DEBUG -       [After Latent Recursive] 1 tokens unmasked
2025-10-27 10:45:44,246 - GPU-0 - INFO -   [Cycle 20]
2025-10-27 10:45:44,247 - GPU-0 - DEBUG -     [Latent Recursive] Starting 1 steps of latent thinking
2025-10-27 10:45:44,293 - GPU-0 - DEBUG -       [Latent] Step 1/1
2025-10-27 10:45:44,467 - GPU-0 - DEBUG -       [After Latent Recursive] 1 tokens unmasked
2025-10-27 10:45:44,467 - GPU-0 - INFO -   [Cycle 21]
2025-10-27 10:45:44,467 - GPU-0 - DEBUG -     [Latent Recursive] Starting 1 steps of latent thinking
2025-10-27 10:45:44,513 - GPU-0 - DEBUG -       [Latent] Step 1/1
2025-10-27 10:45:44,687 - GPU-0 - DEBUG -       [After Latent Recursive] 1 tokens unmasked
2025-10-27 10:45:44,687 - GPU-0 - INFO -   [Cycle 22]
2025-10-27 10:45:44,688 - GPU-0 - DEBUG -     [Latent Recursive] Starting 1 steps of latent thinking
2025-10-27 10:45:44,733 - GPU-0 - DEBUG -       [Latent] Step 1/1
2025-10-27 10:45:44,907 - GPU-0 - DEBUG -       [After Latent Recursive] 1 tokens unmasked
2025-10-27 10:45:44,908 - GPU-0 - INFO -   [Cycle 23]
2025-10-27 10:45:44,908 - GPU-0 - DEBUG -     [Latent Recursive] Starting 1 steps of latent thinking
2025-10-27 10:45:44,954 - GPU-0 - DEBUG -       [Latent] Step 1/1
2025-10-27 10:45:45,128 - GPU-0 - DEBUG -       [After Latent Recursive] 1 tokens unmasked
2025-10-27 10:45:45,128 - GPU-0 - INFO -   [Cycle 24]
2025-10-27 10:45:45,128 - GPU-0 - DEBUG -     [Latent Recursive] Starting 1 steps of latent thinking
2025-10-27 10:45:45,174 - GPU-0 - DEBUG -       [Latent] Step 1/1
2025-10-27 10:45:45,348 - GPU-0 - DEBUG -       [After Latent Recursive] 1 tokens unmasked
2025-10-27 10:45:45,349 - GPU-0 - INFO -   [Cycle 25]
2025-10-27 10:45:45,349 - GPU-0 - DEBUG -     [Latent Recursive] Starting 1 steps of latent thinking
2025-10-27 10:45:45,395 - GPU-0 - DEBUG -       [Latent] Step 1/1
2025-10-27 10:45:45,569 - GPU-0 - DEBUG -       [After Latent Recursive] 1 tokens unmasked
2025-10-27 10:45:45,569 - GPU-0 - INFO -   [Cycle 26]
2025-10-27 10:45:45,569 - GPU-0 - DEBUG -     [Latent Recursive] Starting 1 steps of latent thinking
2025-10-27 10:45:45,615 - GPU-0 - DEBUG -       [Latent] Step 1/1
2025-10-27 10:45:45,789 - GPU-0 - DEBUG -       [After Latent Recursive] 1 tokens unmasked
2025-10-27 10:45:45,789 - GPU-0 - INFO -   [Cycle 27]
2025-10-27 10:45:45,790 - GPU-0 - DEBUG -     [Latent Recursive] Starting 1 steps of latent thinking
2025-10-27 10:45:45,835 - GPU-0 - DEBUG -       [Latent] Step 1/1
2025-10-27 10:45:46,011 - GPU-0 - DEBUG -       [After Latent Recursive] 1 tokens unmasked
2025-10-27 10:45:46,012 - GPU-0 - INFO -   [Cycle 28]
2025-10-27 10:45:46,012 - GPU-0 - DEBUG -     [Latent Recursive] Starting 1 steps of latent thinking
2025-10-27 10:45:46,058 - GPU-0 - DEBUG -       [Latent] Step 1/1
2025-10-27 10:45:46,232 - GPU-0 - DEBUG -       [After Latent Recursive] 1 tokens unmasked
2025-10-27 10:45:46,233 - GPU-0 - INFO -   [Cycle 29]
2025-10-27 10:45:46,233 - GPU-0 - DEBUG -     [Latent Recursive] Starting 1 steps of latent thinking
2025-10-27 10:45:46,279 - GPU-0 - DEBUG -       [Latent] Step 1/1
2025-10-27 10:45:46,453 - GPU-0 - DEBUG -       [After Latent Recursive] 1 tokens unmasked
2025-10-27 10:45:46,454 - GPU-0 - INFO -   [Cycle 30]
2025-10-27 10:45:46,454 - GPU-0 - DEBUG -     [Latent Recursive] Starting 1 steps of latent thinking
2025-10-27 10:45:46,499 - GPU-0 - DEBUG -       [Latent] Step 1/1
2025-10-27 10:45:46,673 - GPU-0 - DEBUG -       [After Latent Recursive] 1 tokens unmasked
2025-10-27 10:45:46,673 - GPU-0 - INFO -   [Cycle 31]
2025-10-27 10:45:46,673 - GPU-0 - DEBUG -     [Latent Recursive] Starting 1 steps of latent thinking
2025-10-27 10:45:46,720 - GPU-0 - DEBUG -       [Latent] Step 1/1
2025-10-27 10:45:46,893 - GPU-0 - DEBUG -       [After Latent Recursive] 1 tokens unmasked
2025-10-27 10:45:46,894 - GPU-0 - INFO - [Block 5/16] Processing tokens 193-225
2025-10-27 10:45:46,894 - GPU-0 - DEBUG - [Block 4] Before forward: use_cache=True, x.shape=torch.Size([1, 577])
2025-10-27 10:45:46,894 - GPU-0 - DEBUG - [Block 4] Model type: LLaDAModelLM
2025-10-27 10:45:46,894 - GPU-0 - DEBUG - [Block 4] Model config use_cache: True
2025-10-27 10:45:46,917 - GPU-0 - DEBUG - [Block 4] After forward: pkv is None? False
2025-10-27 10:45:46,917 - GPU-0 - DEBUG - [Block 4] out type: CausalLMOutputWithPast
2025-10-27 10:45:46,917 - GPU-0 - DEBUG - [Block 4] pkv type: <class 'list'>, len: 32
2025-10-27 10:45:46,917 - GPU-0 - DEBUG - [Block 4] pkv[0] type: <class 'tuple'>, len: 2
2025-10-27 10:45:46,918 - GPU-0 - DEBUG - [Block 4] pkv[0][0].shape: torch.Size([1, 32, 577, 128])
2025-10-27 10:45:47,006 - GPU-0 - INFO -   [Initial Forward] 1 tokens unmasked
2025-10-27 10:45:47,006 - GPU-0 - INFO -   [Cycle 1]
2025-10-27 10:45:47,007 - GPU-0 - DEBUG -     [Latent Recursive] Starting 1 steps of latent thinking
2025-10-27 10:45:47,053 - GPU-0 - DEBUG -       [Latent] Step 1/1
2025-10-27 10:45:47,225 - GPU-0 - DEBUG -       [After Latent Recursive] 1 tokens unmasked
2025-10-27 10:45:47,225 - GPU-0 - INFO -   [Cycle 2]
2025-10-27 10:45:47,225 - GPU-0 - DEBUG -     [Latent Recursive] Starting 1 steps of latent thinking
2025-10-27 10:45:47,271 - GPU-0 - DEBUG -       [Latent] Step 1/1
2025-10-27 10:45:47,443 - GPU-0 - DEBUG -       [After Latent Recursive] 1 tokens unmasked
2025-10-27 10:45:47,443 - GPU-0 - INFO -   [Cycle 3]
2025-10-27 10:45:47,443 - GPU-0 - DEBUG -     [Latent Recursive] Starting 1 steps of latent thinking
2025-10-27 10:45:47,489 - GPU-0 - DEBUG -       [Latent] Step 1/1
2025-10-27 10:45:47,661 - GPU-0 - DEBUG -       [After Latent Recursive] 1 tokens unmasked
2025-10-27 10:45:47,661 - GPU-0 - INFO -   [Cycle 4]
2025-10-27 10:45:47,661 - GPU-0 - DEBUG -     [Latent Recursive] Starting 1 steps of latent thinking
2025-10-27 10:45:47,707 - GPU-0 - DEBUG -       [Latent] Step 1/1
2025-10-27 10:45:47,879 - GPU-0 - DEBUG -       [After Latent Recursive] 1 tokens unmasked
2025-10-27 10:45:47,879 - GPU-0 - INFO -   [Cycle 5]
2025-10-27 10:45:47,879 - GPU-0 - DEBUG -     [Latent Recursive] Starting 1 steps of latent thinking
2025-10-27 10:45:47,925 - GPU-0 - DEBUG -       [Latent] Step 1/1
2025-10-27 10:45:48,097 - GPU-0 - DEBUG -       [After Latent Recursive] 1 tokens unmasked
2025-10-27 10:45:48,097 - GPU-0 - INFO -   [Cycle 6]
2025-10-27 10:45:48,098 - GPU-0 - DEBUG -     [Latent Recursive] Starting 1 steps of latent thinking
2025-10-27 10:45:48,144 - GPU-0 - DEBUG -       [Latent] Step 1/1
2025-10-27 10:45:48,315 - GPU-0 - DEBUG -       [After Latent Recursive] 1 tokens unmasked
2025-10-27 10:45:48,316 - GPU-0 - INFO -   [Cycle 7]
2025-10-27 10:45:48,316 - GPU-0 - DEBUG -     [Latent Recursive] Starting 1 steps of latent thinking
2025-10-27 10:45:48,362 - GPU-0 - DEBUG -       [Latent] Step 1/1
2025-10-27 10:45:48,534 - GPU-0 - DEBUG -       [After Latent Recursive] 1 tokens unmasked
2025-10-27 10:45:48,534 - GPU-0 - INFO -   [Cycle 8]
2025-10-27 10:45:48,534 - GPU-0 - DEBUG -     [Latent Recursive] Starting 1 steps of latent thinking
2025-10-27 10:45:48,580 - GPU-0 - DEBUG -       [Latent] Step 1/1
2025-10-27 10:45:48,752 - GPU-0 - DEBUG -       [After Latent Recursive] 1 tokens unmasked
2025-10-27 10:45:48,752 - GPU-0 - INFO -   [Cycle 9]
2025-10-27 10:45:48,752 - GPU-0 - DEBUG -     [Latent Recursive] Starting 1 steps of latent thinking
2025-10-27 10:45:48,798 - GPU-0 - DEBUG -       [Latent] Step 1/1
2025-10-27 10:45:48,970 - GPU-0 - DEBUG -       [After Latent Recursive] 1 tokens unmasked
2025-10-27 10:45:48,970 - GPU-0 - INFO -   [Cycle 10]
2025-10-27 10:45:48,970 - GPU-0 - DEBUG -     [Latent Recursive] Starting 1 steps of latent thinking
2025-10-27 10:45:49,016 - GPU-0 - DEBUG -       [Latent] Step 1/1
2025-10-27 10:45:49,188 - GPU-0 - DEBUG -       [After Latent Recursive] 1 tokens unmasked
2025-10-27 10:45:49,188 - GPU-0 - INFO -   [Cycle 11]
2025-10-27 10:45:49,188 - GPU-0 - DEBUG -     [Latent Recursive] Starting 1 steps of latent thinking
2025-10-27 10:45:49,234 - GPU-0 - DEBUG -       [Latent] Step 1/1
2025-10-27 10:45:49,406 - GPU-0 - DEBUG -       [After Latent Recursive] 1 tokens unmasked
2025-10-27 10:45:49,407 - GPU-0 - INFO -   [Cycle 12]
2025-10-27 10:45:49,407 - GPU-0 - DEBUG -     [Latent Recursive] Starting 1 steps of latent thinking
2025-10-27 10:45:49,453 - GPU-0 - DEBUG -       [Latent] Step 1/1
2025-10-27 10:45:49,624 - GPU-0 - DEBUG -       [After Latent Recursive] 1 tokens unmasked
2025-10-27 10:45:49,625 - GPU-0 - INFO -   [Cycle 13]
2025-10-27 10:45:49,625 - GPU-0 - DEBUG -     [Latent Recursive] Starting 1 steps of latent thinking
2025-10-27 10:45:49,671 - GPU-0 - DEBUG -       [Latent] Step 1/1
2025-10-27 10:45:49,842 - GPU-0 - DEBUG -       [After Latent Recursive] 1 tokens unmasked
2025-10-27 10:45:49,843 - GPU-0 - INFO -   [Cycle 14]
2025-10-27 10:45:49,843 - GPU-0 - DEBUG -     [Latent Recursive] Starting 1 steps of latent thinking
2025-10-27 10:45:49,889 - GPU-0 - DEBUG -       [Latent] Step 1/1
2025-10-27 10:45:50,060 - GPU-0 - DEBUG -       [After Latent Recursive] 1 tokens unmasked
2025-10-27 10:45:50,061 - GPU-0 - INFO -   [Cycle 15]
2025-10-27 10:45:50,061 - GPU-0 - DEBUG -     [Latent Recursive] Starting 1 steps of latent thinking
2025-10-27 10:45:50,107 - GPU-0 - DEBUG -       [Latent] Step 1/1
2025-10-27 10:45:50,279 - GPU-0 - DEBUG -       [After Latent Recursive] 1 tokens unmasked
2025-10-27 10:45:50,279 - GPU-0 - INFO -   [Cycle 16]
2025-10-27 10:45:50,279 - GPU-0 - DEBUG -     [Latent Recursive] Starting 1 steps of latent thinking
2025-10-27 10:45:50,325 - GPU-0 - DEBUG -       [Latent] Step 1/1
2025-10-27 10:45:50,496 - GPU-0 - DEBUG -       [After Latent Recursive] 1 tokens unmasked
2025-10-27 10:45:50,497 - GPU-0 - INFO -   [Cycle 17]
2025-10-27 10:45:50,497 - GPU-0 - DEBUG -     [Latent Recursive] Starting 1 steps of latent thinking
2025-10-27 10:45:50,543 - GPU-0 - DEBUG -       [Latent] Step 1/1
2025-10-27 10:45:50,715 - GPU-0 - DEBUG -       [After Latent Recursive] 1 tokens unmasked
2025-10-27 10:45:50,715 - GPU-0 - INFO -   [Cycle 18]
2025-10-27 10:45:50,716 - GPU-0 - DEBUG -     [Latent Recursive] Starting 1 steps of latent thinking
2025-10-27 10:45:50,761 - GPU-0 - DEBUG -       [Latent] Step 1/1
2025-10-27 10:45:50,933 - GPU-0 - DEBUG -       [After Latent Recursive] 1 tokens unmasked
2025-10-27 10:45:50,933 - GPU-0 - INFO -   [Cycle 19]
2025-10-27 10:45:50,933 - GPU-0 - DEBUG -     [Latent Recursive] Starting 1 steps of latent thinking
2025-10-27 10:45:50,979 - GPU-0 - DEBUG -       [Latent] Step 1/1
2025-10-27 10:45:51,151 - GPU-0 - DEBUG -       [After Latent Recursive] 1 tokens unmasked
2025-10-27 10:45:51,151 - GPU-0 - INFO -   [Cycle 20]
2025-10-27 10:45:51,151 - GPU-0 - DEBUG -     [Latent Recursive] Starting 1 steps of latent thinking
2025-10-27 10:45:51,197 - GPU-0 - DEBUG -       [Latent] Step 1/1
2025-10-27 10:45:51,369 - GPU-0 - DEBUG -       [After Latent Recursive] 1 tokens unmasked
2025-10-27 10:45:51,369 - GPU-0 - INFO -   [Cycle 21]
2025-10-27 10:45:51,369 - GPU-0 - DEBUG -     [Latent Recursive] Starting 1 steps of latent thinking
2025-10-27 10:45:51,415 - GPU-0 - DEBUG -       [Latent] Step 1/1
2025-10-27 10:45:51,587 - GPU-0 - DEBUG -       [After Latent Recursive] 1 tokens unmasked
2025-10-27 10:45:51,587 - GPU-0 - INFO -   [Cycle 22]
2025-10-27 10:45:51,587 - GPU-0 - DEBUG -     [Latent Recursive] Starting 1 steps of latent thinking
2025-10-27 10:45:51,633 - GPU-0 - DEBUG -       [Latent] Step 1/1
2025-10-27 10:45:51,805 - GPU-0 - DEBUG -       [After Latent Recursive] 1 tokens unmasked
2025-10-27 10:45:51,805 - GPU-0 - INFO -   [Cycle 23]
2025-10-27 10:45:51,806 - GPU-0 - DEBUG -     [Latent Recursive] Starting 1 steps of latent thinking
2025-10-27 10:45:51,851 - GPU-0 - DEBUG -       [Latent] Step 1/1
2025-10-27 10:45:52,024 - GPU-0 - DEBUG -       [After Latent Recursive] 1 tokens unmasked
2025-10-27 10:45:52,024 - GPU-0 - INFO -   [Cycle 24]
2025-10-27 10:45:52,024 - GPU-0 - DEBUG -     [Latent Recursive] Starting 1 steps of latent thinking
2025-10-27 10:45:52,070 - GPU-0 - DEBUG -       [Latent] Step 1/1
2025-10-27 10:45:52,242 - GPU-0 - DEBUG -       [After Latent Recursive] 1 tokens unmasked
2025-10-27 10:45:52,242 - GPU-0 - INFO -   [Cycle 25]
2025-10-27 10:45:52,243 - GPU-0 - DEBUG -     [Latent Recursive] Starting 1 steps of latent thinking
2025-10-27 10:45:52,289 - GPU-0 - DEBUG -       [Latent] Step 1/1
2025-10-27 10:45:52,461 - GPU-0 - DEBUG -       [After Latent Recursive] 1 tokens unmasked
2025-10-27 10:45:52,461 - GPU-0 - INFO -   [Cycle 26]
2025-10-27 10:45:52,461 - GPU-0 - DEBUG -     [Latent Recursive] Starting 1 steps of latent thinking
2025-10-27 10:45:52,507 - GPU-0 - DEBUG -       [Latent] Step 1/1
2025-10-27 10:45:52,679 - GPU-0 - DEBUG -       [After Latent Recursive] 1 tokens unmasked
2025-10-27 10:45:52,679 - GPU-0 - INFO -   [Cycle 27]
2025-10-27 10:45:52,679 - GPU-0 - DEBUG -     [Latent Recursive] Starting 1 steps of latent thinking
2025-10-27 10:45:52,725 - GPU-0 - DEBUG -       [Latent] Step 1/1
2025-10-27 10:45:52,897 - GPU-0 - DEBUG -       [After Latent Recursive] 1 tokens unmasked
2025-10-27 10:45:52,897 - GPU-0 - INFO -   [Cycle 28]
2025-10-27 10:45:52,897 - GPU-0 - DEBUG -     [Latent Recursive] Starting 1 steps of latent thinking
2025-10-27 10:45:52,943 - GPU-0 - DEBUG -       [Latent] Step 1/1
2025-10-27 10:45:53,115 - GPU-0 - DEBUG -       [After Latent Recursive] 1 tokens unmasked
2025-10-27 10:45:53,115 - GPU-0 - INFO -   [Cycle 29]
2025-10-27 10:45:53,115 - GPU-0 - DEBUG -     [Latent Recursive] Starting 1 steps of latent thinking
2025-10-27 10:45:53,161 - GPU-0 - DEBUG -       [Latent] Step 1/1
2025-10-27 10:45:53,333 - GPU-0 - DEBUG -       [After Latent Recursive] 1 tokens unmasked
2025-10-27 10:45:53,333 - GPU-0 - INFO -   [Cycle 30]
2025-10-27 10:45:53,333 - GPU-0 - DEBUG -     [Latent Recursive] Starting 1 steps of latent thinking
2025-10-27 10:45:53,379 - GPU-0 - DEBUG -       [Latent] Step 1/1
2025-10-27 10:45:53,550 - GPU-0 - DEBUG -       [After Latent Recursive] 1 tokens unmasked
2025-10-27 10:45:53,551 - GPU-0 - INFO -   [Cycle 31]
2025-10-27 10:45:53,551 - GPU-0 - DEBUG -     [Latent Recursive] Starting 1 steps of latent thinking
2025-10-27 10:45:53,597 - GPU-0 - DEBUG -       [Latent] Step 1/1
2025-10-27 10:45:53,768 - GPU-0 - DEBUG -       [After Latent Recursive] 1 tokens unmasked
2025-10-27 10:45:53,768 - GPU-0 - INFO - [Block 6/16] Processing tokens 225-257
2025-10-27 10:45:53,769 - GPU-0 - DEBUG - [Block 5] Before forward: use_cache=True, x.shape=torch.Size([1, 577])
2025-10-27 10:45:53,769 - GPU-0 - DEBUG - [Block 5] Model type: LLaDAModelLM
2025-10-27 10:45:53,769 - GPU-0 - DEBUG - [Block 5] Model config use_cache: True
2025-10-27 10:45:53,792 - GPU-0 - DEBUG - [Block 5] After forward: pkv is None? False
2025-10-27 10:45:53,792 - GPU-0 - DEBUG - [Block 5] out type: CausalLMOutputWithPast
2025-10-27 10:45:53,792 - GPU-0 - DEBUG - [Block 5] pkv type: <class 'list'>, len: 32
2025-10-27 10:45:53,792 - GPU-0 - DEBUG - [Block 5] pkv[0] type: <class 'tuple'>, len: 2
2025-10-27 10:45:53,792 - GPU-0 - DEBUG - [Block 5] pkv[0][0].shape: torch.Size([1, 32, 577, 128])
2025-10-27 10:45:53,881 - GPU-0 - INFO -   [Initial Forward] 1 tokens unmasked
2025-10-27 10:45:53,881 - GPU-0 - INFO -   [Cycle 1]
2025-10-27 10:45:53,881 - GPU-0 - DEBUG -     [Latent Recursive] Starting 1 steps of latent thinking
2025-10-27 10:45:53,927 - GPU-0 - DEBUG -       [Latent] Step 1/1
2025-10-27 10:45:54,098 - GPU-0 - DEBUG -       [After Latent Recursive] 1 tokens unmasked
2025-10-27 10:45:54,098 - GPU-0 - INFO -   [Cycle 2]
2025-10-27 10:45:54,098 - GPU-0 - DEBUG -     [Latent Recursive] Starting 1 steps of latent thinking
2025-10-27 10:45:54,145 - GPU-0 - DEBUG -       [Latent] Step 1/1
2025-10-27 10:45:54,315 - GPU-0 - DEBUG -       [After Latent Recursive] 1 tokens unmasked
2025-10-27 10:45:54,316 - GPU-0 - INFO -   [Cycle 3]
2025-10-27 10:45:54,316 - GPU-0 - DEBUG -     [Latent Recursive] Starting 1 steps of latent thinking
2025-10-27 10:45:54,362 - GPU-0 - DEBUG -       [Latent] Step 1/1
2025-10-27 10:45:54,533 - GPU-0 - DEBUG -       [After Latent Recursive] 1 tokens unmasked
2025-10-27 10:45:54,533 - GPU-0 - INFO -   [Cycle 4]
2025-10-27 10:45:54,534 - GPU-0 - DEBUG -     [Latent Recursive] Starting 1 steps of latent thinking
2025-10-27 10:45:54,580 - GPU-0 - DEBUG -       [Latent] Step 1/1
2025-10-27 10:45:54,750 - GPU-0 - DEBUG -       [After Latent Recursive] 1 tokens unmasked
2025-10-27 10:45:54,751 - GPU-0 - INFO -   [Cycle 5]
2025-10-27 10:45:54,751 - GPU-0 - DEBUG -     [Latent Recursive] Starting 1 steps of latent thinking
2025-10-27 10:45:54,797 - GPU-0 - DEBUG -       [Latent] Step 1/1
2025-10-27 10:45:54,967 - GPU-0 - DEBUG -       [After Latent Recursive] 1 tokens unmasked
2025-10-27 10:45:54,968 - GPU-0 - INFO -   [Cycle 6]
2025-10-27 10:45:54,968 - GPU-0 - DEBUG -     [Latent Recursive] Starting 1 steps of latent thinking
2025-10-27 10:45:55,014 - GPU-0 - DEBUG -       [Latent] Step 1/1
2025-10-27 10:45:55,184 - GPU-0 - DEBUG -       [After Latent Recursive] 1 tokens unmasked
2025-10-27 10:45:55,185 - GPU-0 - INFO -   [Cycle 7]
2025-10-27 10:45:55,185 - GPU-0 - DEBUG -     [Latent Recursive] Starting 1 steps of latent thinking
2025-10-27 10:45:55,230 - GPU-0 - DEBUG -       [Latent] Step 1/1
2025-10-27 10:45:55,401 - GPU-0 - DEBUG -       [After Latent Recursive] 1 tokens unmasked
2025-10-27 10:45:55,401 - GPU-0 - INFO -   [Cycle 8]
2025-10-27 10:45:55,402 - GPU-0 - DEBUG -     [Latent Recursive] Starting 1 steps of latent thinking
2025-10-27 10:45:55,448 - GPU-0 - DEBUG -       [Latent] Step 1/1
2025-10-27 10:45:55,618 - GPU-0 - DEBUG -       [After Latent Recursive] 1 tokens unmasked
2025-10-27 10:45:55,618 - GPU-0 - INFO -   [Cycle 9]
2025-10-27 10:45:55,618 - GPU-0 - DEBUG -     [Latent Recursive] Starting 1 steps of latent thinking
2025-10-27 10:45:55,664 - GPU-0 - DEBUG -       [Latent] Step 1/1
2025-10-27 10:45:55,835 - GPU-0 - DEBUG -       [After Latent Recursive] 1 tokens unmasked
2025-10-27 10:45:55,835 - GPU-0 - INFO -   [Cycle 10]
2025-10-27 10:45:55,835 - GPU-0 - DEBUG -     [Latent Recursive] Starting 1 steps of latent thinking
2025-10-27 10:45:55,881 - GPU-0 - DEBUG -       [Latent] Step 1/1
2025-10-27 10:45:56,050 - GPU-0 - DEBUG -       [After Latent Recursive] 1 tokens unmasked
2025-10-27 10:45:56,051 - GPU-0 - INFO -   [Cycle 11]
2025-10-27 10:45:56,051 - GPU-0 - DEBUG -     [Latent Recursive] Starting 1 steps of latent thinking
2025-10-27 10:45:56,097 - GPU-0 - DEBUG -       [Latent] Step 1/1
2025-10-27 10:45:56,267 - GPU-0 - DEBUG -       [After Latent Recursive] 1 tokens unmasked
2025-10-27 10:45:56,268 - GPU-0 - INFO -   [Cycle 12]
2025-10-27 10:45:56,268 - GPU-0 - DEBUG -     [Latent Recursive] Starting 1 steps of latent thinking
2025-10-27 10:45:56,314 - GPU-0 - DEBUG -       [Latent] Step 1/1
2025-10-27 10:45:56,483 - GPU-0 - DEBUG -       [After Latent Recursive] 1 tokens unmasked
2025-10-27 10:45:56,484 - GPU-0 - INFO -   [Cycle 13]
2025-10-27 10:45:56,484 - GPU-0 - DEBUG -     [Latent Recursive] Starting 1 steps of latent thinking
2025-10-27 10:45:56,530 - GPU-0 - DEBUG -       [Latent] Step 1/1
2025-10-27 10:45:56,700 - GPU-0 - DEBUG -       [After Latent Recursive] 1 tokens unmasked
2025-10-27 10:45:56,700 - GPU-0 - INFO -   [Cycle 14]
2025-10-27 10:45:56,701 - GPU-0 - DEBUG -     [Latent Recursive] Starting 1 steps of latent thinking
2025-10-27 10:45:56,746 - GPU-0 - DEBUG -       [Latent] Step 1/1
2025-10-27 10:45:56,916 - GPU-0 - DEBUG -       [After Latent Recursive] 1 tokens unmasked
2025-10-27 10:45:56,917 - GPU-0 - INFO -   [Cycle 15]
2025-10-27 10:45:56,917 - GPU-0 - DEBUG -     [Latent Recursive] Starting 1 steps of latent thinking
2025-10-27 10:45:56,963 - GPU-0 - DEBUG -       [Latent] Step 1/1
2025-10-27 10:45:57,133 - GPU-0 - DEBUG -       [After Latent Recursive] 1 tokens unmasked
2025-10-27 10:45:57,133 - GPU-0 - INFO -   [Cycle 16]
2025-10-27 10:45:57,133 - GPU-0 - DEBUG -     [Latent Recursive] Starting 1 steps of latent thinking
2025-10-27 10:45:57,179 - GPU-0 - DEBUG -       [Latent] Step 1/1
2025-10-27 10:45:57,349 - GPU-0 - DEBUG -       [After Latent Recursive] 1 tokens unmasked
2025-10-27 10:45:57,349 - GPU-0 - INFO -   [Cycle 17]
2025-10-27 10:45:57,349 - GPU-0 - DEBUG -     [Latent Recursive] Starting 1 steps of latent thinking
2025-10-27 10:45:57,395 - GPU-0 - DEBUG -       [Latent] Step 1/1
2025-10-27 10:45:57,565 - GPU-0 - DEBUG -       [After Latent Recursive] 1 tokens unmasked
2025-10-27 10:45:57,565 - GPU-0 - INFO -   [Cycle 18]
2025-10-27 10:45:57,565 - GPU-0 - DEBUG -     [Latent Recursive] Starting 1 steps of latent thinking
2025-10-27 10:45:57,611 - GPU-0 - DEBUG -       [Latent] Step 1/1
2025-10-27 10:45:57,781 - GPU-0 - DEBUG -       [After Latent Recursive] 1 tokens unmasked
2025-10-27 10:45:57,781 - GPU-0 - INFO -   [Cycle 19]
2025-10-27 10:45:57,781 - GPU-0 - DEBUG -     [Latent Recursive] Starting 1 steps of latent thinking
2025-10-27 10:45:57,827 - GPU-0 - DEBUG -       [Latent] Step 1/1
2025-10-27 10:45:57,997 - GPU-0 - DEBUG -       [After Latent Recursive] 1 tokens unmasked
2025-10-27 10:45:57,997 - GPU-0 - INFO -   [Cycle 20]
2025-10-27 10:45:57,997 - GPU-0 - DEBUG -     [Latent Recursive] Starting 1 steps of latent thinking
2025-10-27 10:45:58,043 - GPU-0 - DEBUG -       [Latent] Step 1/1
2025-10-27 10:45:58,213 - GPU-0 - DEBUG -       [After Latent Recursive] 1 tokens unmasked
2025-10-27 10:45:58,213 - GPU-0 - INFO -   [Cycle 21]
2025-10-27 10:45:58,213 - GPU-0 - DEBUG -     [Latent Recursive] Starting 1 steps of latent thinking
2025-10-27 10:45:58,259 - GPU-0 - DEBUG -       [Latent] Step 1/1
2025-10-27 10:45:58,429 - GPU-0 - DEBUG -       [After Latent Recursive] 1 tokens unmasked
2025-10-27 10:45:58,429 - GPU-0 - INFO -   [Cycle 22]
2025-10-27 10:45:58,429 - GPU-0 - DEBUG -     [Latent Recursive] Starting 1 steps of latent thinking
2025-10-27 10:45:58,475 - GPU-0 - DEBUG -       [Latent] Step 1/1
2025-10-27 10:45:58,645 - GPU-0 - DEBUG -       [After Latent Recursive] 1 tokens unmasked
2025-10-27 10:45:58,645 - GPU-0 - INFO -   [Cycle 23]
2025-10-27 10:45:58,645 - GPU-0 - DEBUG -     [Latent Recursive] Starting 1 steps of latent thinking
2025-10-27 10:45:58,691 - GPU-0 - DEBUG -       [Latent] Step 1/1
2025-10-27 10:45:58,861 - GPU-0 - DEBUG -       [After Latent Recursive] 1 tokens unmasked
2025-10-27 10:45:58,861 - GPU-0 - INFO -   [Cycle 24]
2025-10-27 10:45:58,862 - GPU-0 - DEBUG -     [Latent Recursive] Starting 1 steps of latent thinking
2025-10-27 10:45:58,907 - GPU-0 - DEBUG -       [Latent] Step 1/1
2025-10-27 10:45:59,077 - GPU-0 - DEBUG -       [After Latent Recursive] 1 tokens unmasked
2025-10-27 10:45:59,077 - GPU-0 - INFO -   [Cycle 25]
2025-10-27 10:45:59,077 - GPU-0 - DEBUG -     [Latent Recursive] Starting 1 steps of latent thinking
2025-10-27 10:45:59,123 - GPU-0 - DEBUG -       [Latent] Step 1/1
2025-10-27 10:45:59,293 - GPU-0 - DEBUG -       [After Latent Recursive] 1 tokens unmasked
2025-10-27 10:45:59,294 - GPU-0 - INFO -   [Cycle 26]
2025-10-27 10:45:59,294 - GPU-0 - DEBUG -     [Latent Recursive] Starting 1 steps of latent thinking
2025-10-27 10:45:59,339 - GPU-0 - DEBUG -       [Latent] Step 1/1
2025-10-27 10:45:59,509 - GPU-0 - DEBUG -       [After Latent Recursive] 1 tokens unmasked
2025-10-27 10:45:59,510 - GPU-0 - INFO -   [Cycle 27]
2025-10-27 10:45:59,510 - GPU-0 - DEBUG -     [Latent Recursive] Starting 1 steps of latent thinking
2025-10-27 10:45:59,555 - GPU-0 - DEBUG -       [Latent] Step 1/1
2025-10-27 10:45:59,725 - GPU-0 - DEBUG -       [After Latent Recursive] 1 tokens unmasked
2025-10-27 10:45:59,726 - GPU-0 - INFO -   [Cycle 28]
2025-10-27 10:45:59,726 - GPU-0 - DEBUG -     [Latent Recursive] Starting 1 steps of latent thinking
2025-10-27 10:45:59,772 - GPU-0 - DEBUG -       [Latent] Step 1/1
2025-10-27 10:45:59,942 - GPU-0 - DEBUG -       [After Latent Recursive] 1 tokens unmasked
2025-10-27 10:45:59,942 - GPU-0 - INFO -   [Cycle 29]
2025-10-27 10:45:59,942 - GPU-0 - DEBUG -     [Latent Recursive] Starting 1 steps of latent thinking
2025-10-27 10:45:59,988 - GPU-0 - DEBUG -       [Latent] Step 1/1
2025-10-27 10:46:00,158 - GPU-0 - DEBUG -       [After Latent Recursive] 1 tokens unmasked
2025-10-27 10:46:00,159 - GPU-0 - INFO -   [Cycle 30]
2025-10-27 10:46:00,159 - GPU-0 - DEBUG -     [Latent Recursive] Starting 1 steps of latent thinking
2025-10-27 10:46:00,205 - GPU-0 - DEBUG -       [Latent] Step 1/1
2025-10-27 10:46:00,375 - GPU-0 - DEBUG -       [After Latent Recursive] 1 tokens unmasked
2025-10-27 10:46:00,375 - GPU-0 - INFO -   [Cycle 31]
2025-10-27 10:46:00,375 - GPU-0 - DEBUG -     [Latent Recursive] Starting 1 steps of latent thinking
2025-10-27 10:46:00,421 - GPU-0 - DEBUG -       [Latent] Step 1/1
2025-10-27 10:46:00,591 - GPU-0 - DEBUG -       [After Latent Recursive] 1 tokens unmasked
2025-10-27 10:46:00,591 - GPU-0 - INFO - [Block 7/16] Processing tokens 257-289
2025-10-27 10:46:00,592 - GPU-0 - DEBUG - [Block 6] Before forward: use_cache=True, x.shape=torch.Size([1, 577])
2025-10-27 10:46:00,592 - GPU-0 - DEBUG - [Block 6] Model type: LLaDAModelLM
2025-10-27 10:46:00,592 - GPU-0 - DEBUG - [Block 6] Model config use_cache: True
2025-10-27 10:46:00,614 - GPU-0 - DEBUG - [Block 6] After forward: pkv is None? False
2025-10-27 10:46:00,615 - GPU-0 - DEBUG - [Block 6] out type: CausalLMOutputWithPast
2025-10-27 10:46:00,615 - GPU-0 - DEBUG - [Block 6] pkv type: <class 'list'>, len: 32
2025-10-27 10:46:00,615 - GPU-0 - DEBUG - [Block 6] pkv[0] type: <class 'tuple'>, len: 2
2025-10-27 10:46:00,615 - GPU-0 - DEBUG - [Block 6] pkv[0][0].shape: torch.Size([1, 32, 577, 128])
2025-10-27 10:46:00,703 - GPU-0 - INFO -   [Initial Forward] 1 tokens unmasked
2025-10-27 10:46:00,703 - GPU-0 - INFO -   [Cycle 1]
2025-10-27 10:46:00,704 - GPU-0 - DEBUG -     [Latent Recursive] Starting 1 steps of latent thinking
2025-10-27 10:46:00,749 - GPU-0 - DEBUG -       [Latent] Step 1/1
2025-10-27 10:46:00,919 - GPU-0 - DEBUG -       [After Latent Recursive] 1 tokens unmasked
2025-10-27 10:46:00,919 - GPU-0 - INFO -   [Cycle 2]
2025-10-27 10:46:00,919 - GPU-0 - DEBUG -     [Latent Recursive] Starting 1 steps of latent thinking
2025-10-27 10:46:00,965 - GPU-0 - DEBUG -       [Latent] Step 1/1
2025-10-27 10:46:01,134 - GPU-0 - DEBUG -       [After Latent Recursive] 1 tokens unmasked
2025-10-27 10:46:01,134 - GPU-0 - INFO -   [Cycle 3]
2025-10-27 10:46:01,135 - GPU-0 - DEBUG -     [Latent Recursive] Starting 1 steps of latent thinking
2025-10-27 10:46:01,181 - GPU-0 - DEBUG -       [Latent] Step 1/1
2025-10-27 10:46:01,350 - GPU-0 - DEBUG -       [After Latent Recursive] 1 tokens unmasked
2025-10-27 10:46:01,351 - GPU-0 - INFO -   [Cycle 4]
2025-10-27 10:46:01,351 - GPU-0 - DEBUG -     [Latent Recursive] Starting 1 steps of latent thinking
2025-10-27 10:46:01,397 - GPU-0 - DEBUG -       [Latent] Step 1/1
2025-10-27 10:46:01,566 - GPU-0 - DEBUG -       [After Latent Recursive] 1 tokens unmasked
2025-10-27 10:46:01,566 - GPU-0 - INFO -   [Cycle 5]
2025-10-27 10:46:01,566 - GPU-0 - DEBUG -     [Latent Recursive] Starting 1 steps of latent thinking
2025-10-27 10:46:01,612 - GPU-0 - DEBUG -       [Latent] Step 1/1
2025-10-27 10:46:01,782 - GPU-0 - DEBUG -       [After Latent Recursive] 1 tokens unmasked
2025-10-27 10:46:01,782 - GPU-0 - INFO -   [Cycle 6]
2025-10-27 10:46:01,782 - GPU-0 - DEBUG -     [Latent Recursive] Starting 1 steps of latent thinking
2025-10-27 10:46:01,828 - GPU-0 - DEBUG -       [Latent] Step 1/1
2025-10-27 10:46:01,997 - GPU-0 - DEBUG -       [After Latent Recursive] 1 tokens unmasked
2025-10-27 10:46:01,998 - GPU-0 - INFO -   [Cycle 7]
2025-10-27 10:46:01,998 - GPU-0 - DEBUG -     [Latent Recursive] Starting 1 steps of latent thinking
2025-10-27 10:46:02,043 - GPU-0 - DEBUG -       [Latent] Step 1/1
2025-10-27 10:46:02,213 - GPU-0 - DEBUG -       [After Latent Recursive] 1 tokens unmasked
2025-10-27 10:46:02,214 - GPU-0 - INFO -   [Cycle 8]
2025-10-27 10:46:02,214 - GPU-0 - DEBUG -     [Latent Recursive] Starting 1 steps of latent thinking
2025-10-27 10:46:02,259 - GPU-0 - DEBUG -       [Latent] Step 1/1
2025-10-27 10:46:02,429 - GPU-0 - DEBUG -       [After Latent Recursive] 1 tokens unmasked
2025-10-27 10:46:02,430 - GPU-0 - INFO -   [Cycle 9]
2025-10-27 10:46:02,430 - GPU-0 - DEBUG -     [Latent Recursive] Starting 1 steps of latent thinking
2025-10-27 10:46:02,476 - GPU-0 - DEBUG -       [Latent] Step 1/1
2025-10-27 10:46:02,646 - GPU-0 - DEBUG -       [After Latent Recursive] 1 tokens unmasked
2025-10-27 10:46:02,646 - GPU-0 - INFO -   [Cycle 10]
2025-10-27 10:46:02,646 - GPU-0 - DEBUG -     [Latent Recursive] Starting 1 steps of latent thinking
2025-10-27 10:46:02,692 - GPU-0 - DEBUG -       [Latent] Step 1/1
2025-10-27 10:46:02,861 - GPU-0 - DEBUG -       [After Latent Recursive] 1 tokens unmasked
2025-10-27 10:46:02,862 - GPU-0 - INFO -   [Cycle 11]
2025-10-27 10:46:02,862 - GPU-0 - DEBUG -     [Latent Recursive] Starting 1 steps of latent thinking
2025-10-27 10:46:02,908 - GPU-0 - DEBUG -       [Latent] Step 1/1
2025-10-27 10:46:03,077 - GPU-0 - DEBUG -       [After Latent Recursive] 1 tokens unmasked
2025-10-27 10:46:03,077 - GPU-0 - INFO -   [Cycle 12]
2025-10-27 10:46:03,077 - GPU-0 - DEBUG -     [Latent Recursive] Starting 1 steps of latent thinking
2025-10-27 10:46:03,123 - GPU-0 - DEBUG -       [Latent] Step 1/1
2025-10-27 10:46:03,292 - GPU-0 - DEBUG -       [After Latent Recursive] 1 tokens unmasked
2025-10-27 10:46:03,293 - GPU-0 - INFO -   [Cycle 13]
2025-10-27 10:46:03,293 - GPU-0 - DEBUG -     [Latent Recursive] Starting 1 steps of latent thinking
2025-10-27 10:46:03,339 - GPU-0 - DEBUG -       [Latent] Step 1/1
2025-10-27 10:46:03,507 - GPU-0 - DEBUG -       [After Latent Recursive] 1 tokens unmasked
2025-10-27 10:46:03,508 - GPU-0 - INFO -   [Cycle 14]
2025-10-27 10:46:03,508 - GPU-0 - DEBUG -     [Latent Recursive] Starting 1 steps of latent thinking
2025-10-27 10:46:03,554 - GPU-0 - DEBUG -       [Latent] Step 1/1
2025-10-27 10:46:03,723 - GPU-0 - DEBUG -       [After Latent Recursive] 1 tokens unmasked
2025-10-27 10:46:03,723 - GPU-0 - INFO -   [Cycle 15]
2025-10-27 10:46:03,723 - GPU-0 - DEBUG -     [Latent Recursive] Starting 1 steps of latent thinking
2025-10-27 10:46:03,769 - GPU-0 - DEBUG -       [Latent] Step 1/1
2025-10-27 10:46:03,938 - GPU-0 - DEBUG -       [After Latent Recursive] 1 tokens unmasked
2025-10-27 10:46:03,938 - GPU-0 - INFO -   [Cycle 16]
2025-10-27 10:46:03,938 - GPU-0 - DEBUG -     [Latent Recursive] Starting 1 steps of latent thinking
2025-10-27 10:46:03,984 - GPU-0 - DEBUG -       [Latent] Step 1/1
2025-10-27 10:46:04,153 - GPU-0 - DEBUG -       [After Latent Recursive] 1 tokens unmasked
2025-10-27 10:46:04,154 - GPU-0 - INFO -   [Cycle 17]
2025-10-27 10:46:04,154 - GPU-0 - DEBUG -     [Latent Recursive] Starting 1 steps of latent thinking
2025-10-27 10:46:04,200 - GPU-0 - DEBUG -       [Latent] Step 1/1
2025-10-27 10:46:04,370 - GPU-0 - DEBUG -       [After Latent Recursive] 1 tokens unmasked
2025-10-27 10:46:04,370 - GPU-0 - INFO -   [Cycle 18]
2025-10-27 10:46:04,371 - GPU-0 - DEBUG -     [Latent Recursive] Starting 1 steps of latent thinking
2025-10-27 10:46:04,416 - GPU-0 - DEBUG -       [Latent] Step 1/1
2025-10-27 10:46:04,586 - GPU-0 - DEBUG -       [After Latent Recursive] 1 tokens unmasked
2025-10-27 10:46:04,586 - GPU-0 - INFO -   [Cycle 19]
2025-10-27 10:46:04,586 - GPU-0 - DEBUG -     [Latent Recursive] Starting 1 steps of latent thinking
2025-10-27 10:46:04,632 - GPU-0 - DEBUG -       [Latent] Step 1/1
2025-10-27 10:46:04,802 - GPU-0 - DEBUG -       [After Latent Recursive] 1 tokens unmasked
2025-10-27 10:46:04,802 - GPU-0 - INFO -   [Cycle 20]
2025-10-27 10:46:04,802 - GPU-0 - DEBUG -     [Latent Recursive] Starting 1 steps of latent thinking
2025-10-27 10:46:04,848 - GPU-0 - DEBUG -       [Latent] Step 1/1
2025-10-27 10:46:05,018 - GPU-0 - DEBUG -       [After Latent Recursive] 1 tokens unmasked
2025-10-27 10:46:05,018 - GPU-0 - INFO -   [Cycle 21]
2025-10-27 10:46:05,018 - GPU-0 - DEBUG -     [Latent Recursive] Starting 1 steps of latent thinking
2025-10-27 10:46:05,064 - GPU-0 - DEBUG -       [Latent] Step 1/1
2025-10-27 10:46:05,233 - GPU-0 - DEBUG -       [After Latent Recursive] 1 tokens unmasked
2025-10-27 10:46:05,234 - GPU-0 - INFO -   [Cycle 22]
2025-10-27 10:46:05,234 - GPU-0 - DEBUG -     [Latent Recursive] Starting 1 steps of latent thinking
2025-10-27 10:46:05,280 - GPU-0 - DEBUG -       [Latent] Step 1/1
2025-10-27 10:46:05,449 - GPU-0 - DEBUG -       [After Latent Recursive] 1 tokens unmasked
2025-10-27 10:46:05,449 - GPU-0 - INFO -   [Cycle 23]
2025-10-27 10:46:05,449 - GPU-0 - DEBUG -     [Latent Recursive] Starting 1 steps of latent thinking
2025-10-27 10:46:05,495 - GPU-0 - DEBUG -       [Latent] Step 1/1
2025-10-27 10:46:05,664 - GPU-0 - DEBUG -       [After Latent Recursive] 1 tokens unmasked
2025-10-27 10:46:05,664 - GPU-0 - INFO -   [Cycle 24]
2025-10-27 10:46:05,664 - GPU-0 - DEBUG -     [Latent Recursive] Starting 1 steps of latent thinking
2025-10-27 10:46:05,710 - GPU-0 - DEBUG -       [Latent] Step 1/1
2025-10-27 10:46:05,879 - GPU-0 - DEBUG -       [After Latent Recursive] 1 tokens unmasked
2025-10-27 10:46:05,880 - GPU-0 - INFO -   [Cycle 25]
2025-10-27 10:46:05,880 - GPU-0 - DEBUG -     [Latent Recursive] Starting 1 steps of latent thinking
2025-10-27 10:46:05,926 - GPU-0 - DEBUG -       [Latent] Step 1/1
2025-10-27 10:46:06,095 - GPU-0 - DEBUG -       [After Latent Recursive] 1 tokens unmasked
2025-10-27 10:46:06,095 - GPU-0 - INFO -   [Cycle 26]
2025-10-27 10:46:06,095 - GPU-0 - DEBUG -     [Latent Recursive] Starting 1 steps of latent thinking
2025-10-27 10:46:06,141 - GPU-0 - DEBUG -       [Latent] Step 1/1
2025-10-27 10:46:06,310 - GPU-0 - DEBUG -       [After Latent Recursive] 1 tokens unmasked
2025-10-27 10:46:06,311 - GPU-0 - INFO -   [Cycle 27]
2025-10-27 10:46:06,311 - GPU-0 - DEBUG -     [Latent Recursive] Starting 1 steps of latent thinking
2025-10-27 10:46:06,357 - GPU-0 - DEBUG -       [Latent] Step 1/1
2025-10-27 10:46:06,526 - GPU-0 - DEBUG -       [After Latent Recursive] 1 tokens unmasked
2025-10-27 10:46:06,526 - GPU-0 - INFO -   [Cycle 28]
2025-10-27 10:46:06,526 - GPU-0 - DEBUG -     [Latent Recursive] Starting 1 steps of latent thinking
2025-10-27 10:46:06,572 - GPU-0 - DEBUG -       [Latent] Step 1/1
2025-10-27 10:46:06,741 - GPU-0 - DEBUG -       [After Latent Recursive] 1 tokens unmasked
2025-10-27 10:46:06,741 - GPU-0 - INFO -   [Cycle 29]
2025-10-27 10:46:06,742 - GPU-0 - DEBUG -     [Latent Recursive] Starting 1 steps of latent thinking
2025-10-27 10:46:06,787 - GPU-0 - DEBUG -       [Latent] Step 1/1
2025-10-27 10:46:06,957 - GPU-0 - DEBUG -       [After Latent Recursive] 1 tokens unmasked
2025-10-27 10:46:06,957 - GPU-0 - INFO -   [Cycle 30]
2025-10-27 10:46:06,957 - GPU-0 - DEBUG -     [Latent Recursive] Starting 1 steps of latent thinking
2025-10-27 10:46:07,003 - GPU-0 - DEBUG -       [Latent] Step 1/1
2025-10-27 10:46:07,173 - GPU-0 - DEBUG -       [After Latent Recursive] 1 tokens unmasked
2025-10-27 10:46:07,173 - GPU-0 - INFO -   [Cycle 31]
2025-10-27 10:46:07,174 - GPU-0 - DEBUG -     [Latent Recursive] Starting 1 steps of latent thinking
2025-10-27 10:46:07,219 - GPU-0 - DEBUG -       [Latent] Step 1/1
2025-10-27 10:46:07,389 - GPU-0 - DEBUG -       [After Latent Recursive] 1 tokens unmasked
2025-10-27 10:46:07,389 - GPU-0 - INFO - [Block 8/16] Processing tokens 289-321
2025-10-27 10:46:07,390 - GPU-0 - DEBUG - [Block 7] Before forward: use_cache=True, x.shape=torch.Size([1, 577])
2025-10-27 10:46:07,390 - GPU-0 - DEBUG - [Block 7] Model type: LLaDAModelLM
2025-10-27 10:46:07,390 - GPU-0 - DEBUG - [Block 7] Model config use_cache: True
2025-10-27 10:46:07,412 - GPU-0 - DEBUG - [Block 7] After forward: pkv is None? False
2025-10-27 10:46:07,413 - GPU-0 - DEBUG - [Block 7] out type: CausalLMOutputWithPast
2025-10-27 10:46:07,413 - GPU-0 - DEBUG - [Block 7] pkv type: <class 'list'>, len: 32
2025-10-27 10:46:07,413 - GPU-0 - DEBUG - [Block 7] pkv[0] type: <class 'tuple'>, len: 2
2025-10-27 10:46:07,413 - GPU-0 - DEBUG - [Block 7] pkv[0][0].shape: torch.Size([1, 32, 577, 128])
2025-10-27 10:46:07,501 - GPU-0 - INFO -   [Initial Forward] 1 tokens unmasked
2025-10-27 10:46:07,502 - GPU-0 - INFO -   [Cycle 1]
2025-10-27 10:46:07,502 - GPU-0 - DEBUG -     [Latent Recursive] Starting 1 steps of latent thinking
2025-10-27 10:46:07,548 - GPU-0 - DEBUG -       [Latent] Step 1/1
2025-10-27 10:46:07,715 - GPU-0 - DEBUG -       [After Latent Recursive] 1 tokens unmasked
2025-10-27 10:46:07,716 - GPU-0 - INFO -   [Cycle 2]
2025-10-27 10:46:07,716 - GPU-0 - DEBUG -     [Latent Recursive] Starting 1 steps of latent thinking
2025-10-27 10:46:07,762 - GPU-0 - DEBUG -       [Latent] Step 1/1
2025-10-27 10:46:07,929 - GPU-0 - DEBUG -       [After Latent Recursive] 1 tokens unmasked
2025-10-27 10:46:07,930 - GPU-0 - INFO -   [Cycle 3]
2025-10-27 10:46:07,930 - GPU-0 - DEBUG -     [Latent Recursive] Starting 1 steps of latent thinking
2025-10-27 10:46:07,976 - GPU-0 - DEBUG -       [Latent] Step 1/1
2025-10-27 10:46:08,143 - GPU-0 - DEBUG -       [After Latent Recursive] 1 tokens unmasked
2025-10-27 10:46:08,143 - GPU-0 - INFO -   [Cycle 4]
2025-10-27 10:46:08,144 - GPU-0 - DEBUG -     [Latent Recursive] Starting 1 steps of latent thinking
2025-10-27 10:46:08,189 - GPU-0 - DEBUG -       [Latent] Step 1/1
2025-10-27 10:46:08,357 - GPU-0 - DEBUG -       [After Latent Recursive] 1 tokens unmasked
2025-10-27 10:46:08,357 - GPU-0 - INFO -   [Cycle 5]
2025-10-27 10:46:08,357 - GPU-0 - DEBUG -     [Latent Recursive] Starting 1 steps of latent thinking
2025-10-27 10:46:08,403 - GPU-0 - DEBUG -       [Latent] Step 1/1
2025-10-27 10:46:08,571 - GPU-0 - DEBUG -       [After Latent Recursive] 1 tokens unmasked
2025-10-27 10:46:08,571 - GPU-0 - INFO -   [Cycle 6]
2025-10-27 10:46:08,571 - GPU-0 - DEBUG -     [Latent Recursive] Starting 1 steps of latent thinking
2025-10-27 10:46:08,617 - GPU-0 - DEBUG -       [Latent] Step 1/1
2025-10-27 10:46:08,785 - GPU-0 - DEBUG -       [After Latent Recursive] 1 tokens unmasked
2025-10-27 10:46:08,785 - GPU-0 - INFO -   [Cycle 7]
2025-10-27 10:46:08,786 - GPU-0 - DEBUG -     [Latent Recursive] Starting 1 steps of latent thinking
2025-10-27 10:46:08,832 - GPU-0 - DEBUG -       [Latent] Step 1/1
2025-10-27 10:46:08,999 - GPU-0 - DEBUG -       [After Latent Recursive] 1 tokens unmasked
2025-10-27 10:46:09,000 - GPU-0 - INFO -   [Cycle 8]
2025-10-27 10:46:09,000 - GPU-0 - DEBUG -     [Latent Recursive] Starting 1 steps of latent thinking
2025-10-27 10:46:09,046 - GPU-0 - DEBUG -       [Latent] Step 1/1
2025-10-27 10:46:09,214 - GPU-0 - DEBUG -       [After Latent Recursive] 1 tokens unmasked
2025-10-27 10:46:09,214 - GPU-0 - INFO -   [Cycle 9]
2025-10-27 10:46:09,214 - GPU-0 - DEBUG -     [Latent Recursive] Starting 1 steps of latent thinking
2025-10-27 10:46:09,260 - GPU-0 - DEBUG -       [Latent] Step 1/1
2025-10-27 10:46:09,427 - GPU-0 - DEBUG -       [After Latent Recursive] 1 tokens unmasked
2025-10-27 10:46:09,428 - GPU-0 - INFO -   [Cycle 10]
2025-10-27 10:46:09,428 - GPU-0 - DEBUG -     [Latent Recursive] Starting 1 steps of latent thinking
2025-10-27 10:46:09,474 - GPU-0 - DEBUG -       [Latent] Step 1/1
2025-10-27 10:46:09,642 - GPU-0 - DEBUG -       [After Latent Recursive] 1 tokens unmasked
2025-10-27 10:46:09,642 - GPU-0 - INFO -   [Cycle 11]
2025-10-27 10:46:09,642 - GPU-0 - DEBUG -     [Latent Recursive] Starting 1 steps of latent thinking
2025-10-27 10:46:09,688 - GPU-0 - DEBUG -       [Latent] Step 1/1
2025-10-27 10:46:09,855 - GPU-0 - DEBUG -       [After Latent Recursive] 1 tokens unmasked
2025-10-27 10:46:09,856 - GPU-0 - INFO -   [Cycle 12]
2025-10-27 10:46:09,856 - GPU-0 - DEBUG -     [Latent Recursive] Starting 1 steps of latent thinking
2025-10-27 10:46:09,902 - GPU-0 - DEBUG -       [Latent] Step 1/1
2025-10-27 10:46:10,068 - GPU-0 - DEBUG -       [After Latent Recursive] 1 tokens unmasked
2025-10-27 10:46:10,069 - GPU-0 - INFO -   [Cycle 13]
2025-10-27 10:46:10,069 - GPU-0 - DEBUG -     [Latent Recursive] Starting 1 steps of latent thinking
2025-10-27 10:46:10,114 - GPU-0 - DEBUG -       [Latent] Step 1/1
2025-10-27 10:46:10,281 - GPU-0 - DEBUG -       [After Latent Recursive] 1 tokens unmasked
2025-10-27 10:46:10,282 - GPU-0 - INFO -   [Cycle 14]
2025-10-27 10:46:10,282 - GPU-0 - DEBUG -     [Latent Recursive] Starting 1 steps of latent thinking
2025-10-27 10:46:10,327 - GPU-0 - DEBUG -       [Latent] Step 1/1
2025-10-27 10:46:10,494 - GPU-0 - DEBUG -       [After Latent Recursive] 1 tokens unmasked
2025-10-27 10:46:10,494 - GPU-0 - INFO -   [Cycle 15]
2025-10-27 10:46:10,494 - GPU-0 - DEBUG -     [Latent Recursive] Starting 1 steps of latent thinking
2025-10-27 10:46:10,540 - GPU-0 - DEBUG -       [Latent] Step 1/1
2025-10-27 10:46:10,706 - GPU-0 - DEBUG -       [After Latent Recursive] 1 tokens unmasked
2025-10-27 10:46:10,707 - GPU-0 - INFO -   [Cycle 16]
2025-10-27 10:46:10,707 - GPU-0 - DEBUG -     [Latent Recursive] Starting 1 steps of latent thinking
2025-10-27 10:46:10,753 - GPU-0 - DEBUG -       [Latent] Step 1/1
2025-10-27 10:46:10,920 - GPU-0 - DEBUG -       [After Latent Recursive] 1 tokens unmasked
2025-10-27 10:46:10,920 - GPU-0 - INFO -   [Cycle 17]
2025-10-27 10:46:10,920 - GPU-0 - DEBUG -     [Latent Recursive] Starting 1 steps of latent thinking
2025-10-27 10:46:10,966 - GPU-0 - DEBUG -       [Latent] Step 1/1
2025-10-27 10:46:11,133 - GPU-0 - DEBUG -       [After Latent Recursive] 1 tokens unmasked
2025-10-27 10:46:11,133 - GPU-0 - INFO -   [Cycle 18]
2025-10-27 10:46:11,133 - GPU-0 - DEBUG -     [Latent Recursive] Starting 1 steps of latent thinking
2025-10-27 10:46:11,179 - GPU-0 - DEBUG -       [Latent] Step 1/1
2025-10-27 10:46:11,346 - GPU-0 - DEBUG -       [After Latent Recursive] 1 tokens unmasked
2025-10-27 10:46:11,346 - GPU-0 - INFO -   [Cycle 19]
2025-10-27 10:46:11,346 - GPU-0 - DEBUG -     [Latent Recursive] Starting 1 steps of latent thinking
2025-10-27 10:46:11,392 - GPU-0 - DEBUG -       [Latent] Step 1/1
2025-10-27 10:46:11,559 - GPU-0 - DEBUG -       [After Latent Recursive] 1 tokens unmasked
2025-10-27 10:46:11,559 - GPU-0 - INFO -   [Cycle 20]
2025-10-27 10:46:11,559 - GPU-0 - DEBUG -     [Latent Recursive] Starting 1 steps of latent thinking
2025-10-27 10:46:11,605 - GPU-0 - DEBUG -       [Latent] Step 1/1
2025-10-27 10:46:11,772 - GPU-0 - DEBUG -       [After Latent Recursive] 1 tokens unmasked
2025-10-27 10:46:11,772 - GPU-0 - INFO -   [Cycle 21]
2025-10-27 10:46:11,772 - GPU-0 - DEBUG -     [Latent Recursive] Starting 1 steps of latent thinking
2025-10-27 10:46:11,818 - GPU-0 - DEBUG -       [Latent] Step 1/1
2025-10-27 10:46:11,984 - GPU-0 - DEBUG -       [After Latent Recursive] 1 tokens unmasked
2025-10-27 10:46:11,985 - GPU-0 - INFO -   [Cycle 22]
2025-10-27 10:46:11,985 - GPU-0 - DEBUG -     [Latent Recursive] Starting 1 steps of latent thinking
2025-10-27 10:46:12,031 - GPU-0 - DEBUG -       [Latent] Step 1/1
2025-10-27 10:46:12,197 - GPU-0 - DEBUG -       [After Latent Recursive] 1 tokens unmasked
2025-10-27 10:46:12,197 - GPU-0 - INFO -   [Cycle 23]
2025-10-27 10:46:12,198 - GPU-0 - DEBUG -     [Latent Recursive] Starting 1 steps of latent thinking
2025-10-27 10:46:12,243 - GPU-0 - DEBUG -       [Latent] Step 1/1
2025-10-27 10:46:12,409 - GPU-0 - DEBUG -       [After Latent Recursive] 1 tokens unmasked
2025-10-27 10:46:12,410 - GPU-0 - INFO -   [Cycle 24]
2025-10-27 10:46:12,410 - GPU-0 - DEBUG -     [Latent Recursive] Starting 1 steps of latent thinking
2025-10-27 10:46:12,456 - GPU-0 - DEBUG -       [Latent] Step 1/1
2025-10-27 10:46:12,622 - GPU-0 - DEBUG -       [After Latent Recursive] 1 tokens unmasked
2025-10-27 10:46:12,623 - GPU-0 - INFO -   [Cycle 25]
2025-10-27 10:46:12,623 - GPU-0 - DEBUG -     [Latent Recursive] Starting 1 steps of latent thinking
2025-10-27 10:46:12,669 - GPU-0 - DEBUG -       [Latent] Step 1/1
2025-10-27 10:46:12,835 - GPU-0 - DEBUG -       [After Latent Recursive] 1 tokens unmasked
2025-10-27 10:46:12,835 - GPU-0 - INFO -   [Cycle 26]
2025-10-27 10:46:12,835 - GPU-0 - DEBUG -     [Latent Recursive] Starting 1 steps of latent thinking
2025-10-27 10:46:12,881 - GPU-0 - DEBUG -       [Latent] Step 1/1
2025-10-27 10:46:13,048 - GPU-0 - DEBUG -       [After Latent Recursive] 1 tokens unmasked
2025-10-27 10:46:13,048 - GPU-0 - INFO -   [Cycle 27]
2025-10-27 10:46:13,049 - GPU-0 - DEBUG -     [Latent Recursive] Starting 1 steps of latent thinking
2025-10-27 10:46:13,094 - GPU-0 - DEBUG -       [Latent] Step 1/1
2025-10-27 10:46:13,261 - GPU-0 - DEBUG -       [After Latent Recursive] 1 tokens unmasked
2025-10-27 10:46:13,262 - GPU-0 - INFO -   [Cycle 28]
2025-10-27 10:46:13,262 - GPU-0 - DEBUG -     [Latent Recursive] Starting 1 steps of latent thinking
2025-10-27 10:46:13,308 - GPU-0 - DEBUG -       [Latent] Step 1/1
2025-10-27 10:46:13,475 - GPU-0 - DEBUG -       [After Latent Recursive] 1 tokens unmasked
2025-10-27 10:46:13,475 - GPU-0 - INFO -   [Cycle 29]
2025-10-27 10:46:13,475 - GPU-0 - DEBUG -     [Latent Recursive] Starting 1 steps of latent thinking
2025-10-27 10:46:13,521 - GPU-0 - DEBUG -       [Latent] Step 1/1
2025-10-27 10:46:13,688 - GPU-0 - DEBUG -       [After Latent Recursive] 1 tokens unmasked
2025-10-27 10:46:13,688 - GPU-0 - INFO -   [Cycle 30]
2025-10-27 10:46:13,688 - GPU-0 - DEBUG -     [Latent Recursive] Starting 1 steps of latent thinking
2025-10-27 10:46:13,734 - GPU-0 - DEBUG -       [Latent] Step 1/1
2025-10-27 10:46:13,901 - GPU-0 - DEBUG -       [After Latent Recursive] 1 tokens unmasked
2025-10-27 10:46:13,902 - GPU-0 - INFO -   [Cycle 31]
2025-10-27 10:46:13,902 - GPU-0 - DEBUG -     [Latent Recursive] Starting 1 steps of latent thinking
2025-10-27 10:46:13,947 - GPU-0 - DEBUG -       [Latent] Step 1/1
2025-10-27 10:46:14,115 - GPU-0 - DEBUG -       [After Latent Recursive] 1 tokens unmasked
2025-10-27 10:46:14,115 - GPU-0 - INFO - [Block 9/16] Processing tokens 321-353
2025-10-27 10:46:14,115 - GPU-0 - DEBUG - [Block 8] Before forward: use_cache=True, x.shape=torch.Size([1, 577])
2025-10-27 10:46:14,115 - GPU-0 - DEBUG - [Block 8] Model type: LLaDAModelLM
2025-10-27 10:46:14,115 - GPU-0 - DEBUG - [Block 8] Model config use_cache: True
2025-10-27 10:46:14,138 - GPU-0 - DEBUG - [Block 8] After forward: pkv is None? False
2025-10-27 10:46:14,138 - GPU-0 - DEBUG - [Block 8] out type: CausalLMOutputWithPast
2025-10-27 10:46:14,138 - GPU-0 - DEBUG - [Block 8] pkv type: <class 'list'>, len: 32
2025-10-27 10:46:14,139 - GPU-0 - DEBUG - [Block 8] pkv[0] type: <class 'tuple'>, len: 2
2025-10-27 10:46:14,139 - GPU-0 - DEBUG - [Block 8] pkv[0][0].shape: torch.Size([1, 32, 577, 128])
2025-10-27 10:46:14,227 - GPU-0 - INFO -   [Initial Forward] 1 tokens unmasked
2025-10-27 10:46:14,227 - GPU-0 - INFO -   [Cycle 1]
2025-10-27 10:46:14,227 - GPU-0 - DEBUG -     [Latent Recursive] Starting 1 steps of latent thinking
2025-10-27 10:46:14,274 - GPU-0 - DEBUG -       [Latent] Step 1/1
2025-10-27 10:46:14,440 - GPU-0 - DEBUG -       [After Latent Recursive] 1 tokens unmasked
2025-10-27 10:46:14,441 - GPU-0 - INFO -   [Cycle 2]
2025-10-27 10:46:14,441 - GPU-0 - DEBUG -     [Latent Recursive] Starting 1 steps of latent thinking
2025-10-27 10:46:14,487 - GPU-0 - DEBUG -       [Latent] Step 1/1
2025-10-27 10:46:14,653 - GPU-0 - DEBUG -       [After Latent Recursive] 1 tokens unmasked
2025-10-27 10:46:14,654 - GPU-0 - INFO -   [Cycle 3]
2025-10-27 10:46:14,654 - GPU-0 - DEBUG -     [Latent Recursive] Starting 1 steps of latent thinking
2025-10-27 10:46:14,700 - GPU-0 - DEBUG -       [Latent] Step 1/1
2025-10-27 10:46:14,866 - GPU-0 - DEBUG -       [After Latent Recursive] 1 tokens unmasked
2025-10-27 10:46:14,866 - GPU-0 - INFO -   [Cycle 4]
2025-10-27 10:46:14,867 - GPU-0 - DEBUG -     [Latent Recursive] Starting 1 steps of latent thinking
2025-10-27 10:46:14,913 - GPU-0 - DEBUG -       [Latent] Step 1/1
2025-10-27 10:46:15,079 - GPU-0 - DEBUG -       [After Latent Recursive] 1 tokens unmasked
2025-10-27 10:46:15,079 - GPU-0 - INFO -   [Cycle 5]
2025-10-27 10:46:15,080 - GPU-0 - DEBUG -     [Latent Recursive] Starting 1 steps of latent thinking
2025-10-27 10:46:15,126 - GPU-0 - DEBUG -       [Latent] Step 1/1
2025-10-27 10:46:15,292 - GPU-0 - DEBUG -       [After Latent Recursive] 1 tokens unmasked
2025-10-27 10:46:15,292 - GPU-0 - INFO -   [Cycle 6]
2025-10-27 10:46:15,293 - GPU-0 - DEBUG -     [Latent Recursive] Starting 1 steps of latent thinking
2025-10-27 10:46:15,338 - GPU-0 - DEBUG -       [Latent] Step 1/1
2025-10-27 10:46:15,504 - GPU-0 - DEBUG -       [After Latent Recursive] 1 tokens unmasked
2025-10-27 10:46:15,505 - GPU-0 - INFO -   [Cycle 7]
2025-10-27 10:46:15,505 - GPU-0 - DEBUG -     [Latent Recursive] Starting 1 steps of latent thinking
2025-10-27 10:46:15,551 - GPU-0 - DEBUG -       [Latent] Step 1/1
2025-10-27 10:46:15,717 - GPU-0 - DEBUG -       [After Latent Recursive] 1 tokens unmasked
2025-10-27 10:46:15,717 - GPU-0 - INFO -   [Cycle 8]
2025-10-27 10:46:15,717 - GPU-0 - DEBUG -     [Latent Recursive] Starting 1 steps of latent thinking
2025-10-27 10:46:15,763 - GPU-0 - DEBUG -       [Latent] Step 1/1
2025-10-27 10:46:15,930 - GPU-0 - DEBUG -       [After Latent Recursive] 1 tokens unmasked
2025-10-27 10:46:15,930 - GPU-0 - INFO -   [Cycle 9]
2025-10-27 10:46:15,930 - GPU-0 - DEBUG -     [Latent Recursive] Starting 1 steps of latent thinking
2025-10-27 10:46:15,976 - GPU-0 - DEBUG -       [Latent] Step 1/1
2025-10-27 10:46:16,142 - GPU-0 - DEBUG -       [After Latent Recursive] 1 tokens unmasked
2025-10-27 10:46:16,143 - GPU-0 - INFO -   [Cycle 10]
2025-10-27 10:46:16,143 - GPU-0 - DEBUG -     [Latent Recursive] Starting 1 steps of latent thinking
2025-10-27 10:46:16,188 - GPU-0 - DEBUG -       [Latent] Step 1/1
2025-10-27 10:46:16,354 - GPU-0 - DEBUG -       [After Latent Recursive] 1 tokens unmasked
2025-10-27 10:46:16,355 - GPU-0 - INFO -   [Cycle 11]
2025-10-27 10:46:16,355 - GPU-0 - DEBUG -     [Latent Recursive] Starting 1 steps of latent thinking
2025-10-27 10:46:16,400 - GPU-0 - DEBUG -       [Latent] Step 1/1
2025-10-27 10:46:16,567 - GPU-0 - DEBUG -       [After Latent Recursive] 1 tokens unmasked
2025-10-27 10:46:16,568 - GPU-0 - INFO -   [Cycle 12]
2025-10-27 10:46:16,568 - GPU-0 - DEBUG -     [Latent Recursive] Starting 1 steps of latent thinking
2025-10-27 10:46:16,614 - GPU-0 - DEBUG -       [Latent] Step 1/1
2025-10-27 10:46:16,782 - GPU-0 - DEBUG -       [After Latent Recursive] 1 tokens unmasked
2025-10-27 10:46:16,783 - GPU-0 - INFO -   [Cycle 13]
2025-10-27 10:46:16,783 - GPU-0 - DEBUG -     [Latent Recursive] Starting 1 steps of latent thinking
2025-10-27 10:46:16,828 - GPU-0 - DEBUG -       [Latent] Step 1/1
2025-10-27 10:46:16,995 - GPU-0 - DEBUG -       [After Latent Recursive] 1 tokens unmasked
2025-10-27 10:46:16,996 - GPU-0 - INFO -   [Cycle 14]
2025-10-27 10:46:16,996 - GPU-0 - DEBUG -     [Latent Recursive] Starting 1 steps of latent thinking
2025-10-27 10:46:17,041 - GPU-0 - DEBUG -       [Latent] Step 1/1
2025-10-27 10:46:17,210 - GPU-0 - DEBUG -       [After Latent Recursive] 1 tokens unmasked
2025-10-27 10:46:17,211 - GPU-0 - INFO -   [Cycle 15]
2025-10-27 10:46:17,211 - GPU-0 - DEBUG -     [Latent Recursive] Starting 1 steps of latent thinking
2025-10-27 10:46:17,257 - GPU-0 - DEBUG -       [Latent] Step 1/1
2025-10-27 10:46:17,424 - GPU-0 - DEBUG -       [After Latent Recursive] 1 tokens unmasked
2025-10-27 10:46:17,425 - GPU-0 - INFO -   [Cycle 16]
2025-10-27 10:46:17,425 - GPU-0 - DEBUG -     [Latent Recursive] Starting 1 steps of latent thinking
2025-10-27 10:46:17,471 - GPU-0 - DEBUG -       [Latent] Step 1/1
2025-10-27 10:46:17,637 - GPU-0 - DEBUG -       [After Latent Recursive] 1 tokens unmasked
2025-10-27 10:46:17,637 - GPU-0 - INFO -   [Cycle 17]
2025-10-27 10:46:17,638 - GPU-0 - DEBUG -     [Latent Recursive] Starting 1 steps of latent thinking
2025-10-27 10:46:17,684 - GPU-0 - DEBUG -       [Latent] Step 1/1
2025-10-27 10:46:17,851 - GPU-0 - DEBUG -       [After Latent Recursive] 1 tokens unmasked
2025-10-27 10:46:17,852 - GPU-0 - INFO -   [Cycle 18]
2025-10-27 10:46:17,852 - GPU-0 - DEBUG -     [Latent Recursive] Starting 1 steps of latent thinking
2025-10-27 10:46:17,898 - GPU-0 - DEBUG -       [Latent] Step 1/1
2025-10-27 10:46:18,064 - GPU-0 - DEBUG -       [After Latent Recursive] 1 tokens unmasked
2025-10-27 10:46:18,064 - GPU-0 - INFO -   [Cycle 19]
2025-10-27 10:46:18,065 - GPU-0 - DEBUG -     [Latent Recursive] Starting 1 steps of latent thinking
2025-10-27 10:46:18,111 - GPU-0 - DEBUG -       [Latent] Step 1/1
2025-10-27 10:46:18,277 - GPU-0 - DEBUG -       [After Latent Recursive] 1 tokens unmasked
2025-10-27 10:46:18,278 - GPU-0 - INFO -   [Cycle 20]
2025-10-27 10:46:18,278 - GPU-0 - DEBUG -     [Latent Recursive] Starting 1 steps of latent thinking
2025-10-27 10:46:18,324 - GPU-0 - DEBUG -       [Latent] Step 1/1
2025-10-27 10:46:18,490 - GPU-0 - DEBUG -       [After Latent Recursive] 1 tokens unmasked
2025-10-27 10:46:18,490 - GPU-0 - INFO -   [Cycle 21]
2025-10-27 10:46:18,490 - GPU-0 - DEBUG -     [Latent Recursive] Starting 1 steps of latent thinking
2025-10-27 10:46:18,536 - GPU-0 - DEBUG -       [Latent] Step 1/1
2025-10-27 10:46:18,702 - GPU-0 - DEBUG -       [After Latent Recursive] 1 tokens unmasked
2025-10-27 10:46:18,703 - GPU-0 - INFO -   [Cycle 22]
2025-10-27 10:46:18,703 - GPU-0 - DEBUG -     [Latent Recursive] Starting 1 steps of latent thinking
2025-10-27 10:46:18,749 - GPU-0 - DEBUG -       [Latent] Step 1/1
2025-10-27 10:46:18,915 - GPU-0 - DEBUG -       [After Latent Recursive] 1 tokens unmasked
2025-10-27 10:46:18,915 - GPU-0 - INFO -   [Cycle 23]
2025-10-27 10:46:18,915 - GPU-0 - DEBUG -     [Latent Recursive] Starting 1 steps of latent thinking
2025-10-27 10:46:18,961 - GPU-0 - DEBUG -       [Latent] Step 1/1
2025-10-27 10:46:19,127 - GPU-0 - DEBUG -       [After Latent Recursive] 1 tokens unmasked
2025-10-27 10:46:19,127 - GPU-0 - INFO -   [Cycle 24]
2025-10-27 10:46:19,128 - GPU-0 - DEBUG -     [Latent Recursive] Starting 1 steps of latent thinking
2025-10-27 10:46:19,173 - GPU-0 - DEBUG -       [Latent] Step 1/1
2025-10-27 10:46:19,339 - GPU-0 - DEBUG -       [After Latent Recursive] 1 tokens unmasked
2025-10-27 10:46:19,339 - GPU-0 - INFO -   [Cycle 25]
2025-10-27 10:46:19,340 - GPU-0 - DEBUG -     [Latent Recursive] Starting 1 steps of latent thinking
2025-10-27 10:46:19,385 - GPU-0 - DEBUG -       [Latent] Step 1/1
2025-10-27 10:46:19,552 - GPU-0 - DEBUG -       [After Latent Recursive] 1 tokens unmasked
2025-10-27 10:46:19,553 - GPU-0 - INFO -   [Cycle 26]
2025-10-27 10:46:19,553 - GPU-0 - DEBUG -     [Latent Recursive] Starting 1 steps of latent thinking
2025-10-27 10:46:19,599 - GPU-0 - DEBUG -       [Latent] Step 1/1
2025-10-27 10:46:19,765 - GPU-0 - DEBUG -       [After Latent Recursive] 1 tokens unmasked
2025-10-27 10:46:19,766 - GPU-0 - INFO -   [Cycle 27]
2025-10-27 10:46:19,766 - GPU-0 - DEBUG -     [Latent Recursive] Starting 1 steps of latent thinking
2025-10-27 10:46:19,812 - GPU-0 - DEBUG -       [Latent] Step 1/1
2025-10-27 10:46:19,978 - GPU-0 - DEBUG -       [After Latent Recursive] 1 tokens unmasked
2025-10-27 10:46:19,979 - GPU-0 - INFO -   [Cycle 28]
2025-10-27 10:46:19,979 - GPU-0 - DEBUG -     [Latent Recursive] Starting 1 steps of latent thinking
2025-10-27 10:46:20,024 - GPU-0 - DEBUG -       [Latent] Step 1/1
2025-10-27 10:46:20,190 - GPU-0 - DEBUG -       [After Latent Recursive] 1 tokens unmasked
2025-10-27 10:46:20,191 - GPU-0 - INFO -   [Cycle 29]
2025-10-27 10:46:20,191 - GPU-0 - DEBUG -     [Latent Recursive] Starting 1 steps of latent thinking
2025-10-27 10:46:20,237 - GPU-0 - DEBUG -       [Latent] Step 1/1
2025-10-27 10:46:20,403 - GPU-0 - DEBUG -       [After Latent Recursive] 1 tokens unmasked
2025-10-27 10:46:20,404 - GPU-0 - INFO -   [Cycle 30]
2025-10-27 10:46:20,404 - GPU-0 - DEBUG -     [Latent Recursive] Starting 1 steps of latent thinking
2025-10-27 10:46:20,449 - GPU-0 - DEBUG -       [Latent] Step 1/1
2025-10-27 10:46:20,615 - GPU-0 - DEBUG -       [After Latent Recursive] 1 tokens unmasked
2025-10-27 10:46:20,616 - GPU-0 - INFO -   [Cycle 31]
2025-10-27 10:46:20,616 - GPU-0 - DEBUG -     [Latent Recursive] Starting 1 steps of latent thinking
2025-10-27 10:46:20,662 - GPU-0 - DEBUG -       [Latent] Step 1/1
2025-10-27 10:46:20,828 - GPU-0 - DEBUG -       [After Latent Recursive] 1 tokens unmasked
2025-10-27 10:46:20,828 - GPU-0 - INFO - [Block 10/16] Processing tokens 353-385
2025-10-27 10:46:20,829 - GPU-0 - DEBUG - [Block 9] Before forward: use_cache=True, x.shape=torch.Size([1, 577])
2025-10-27 10:46:20,829 - GPU-0 - DEBUG - [Block 9] Model type: LLaDAModelLM
2025-10-27 10:46:20,829 - GPU-0 - DEBUG - [Block 9] Model config use_cache: True
2025-10-27 10:46:20,852 - GPU-0 - DEBUG - [Block 9] After forward: pkv is None? False
2025-10-27 10:46:20,852 - GPU-0 - DEBUG - [Block 9] out type: CausalLMOutputWithPast
2025-10-27 10:46:20,852 - GPU-0 - DEBUG - [Block 9] pkv type: <class 'list'>, len: 32
2025-10-27 10:46:20,852 - GPU-0 - DEBUG - [Block 9] pkv[0] type: <class 'tuple'>, len: 2
2025-10-27 10:46:20,852 - GPU-0 - DEBUG - [Block 9] pkv[0][0].shape: torch.Size([1, 32, 577, 128])
2025-10-27 10:46:20,940 - GPU-0 - INFO -   [Initial Forward] 1 tokens unmasked
2025-10-27 10:46:20,940 - GPU-0 - INFO -   [Cycle 1]
2025-10-27 10:46:20,941 - GPU-0 - DEBUG -     [Latent Recursive] Starting 1 steps of latent thinking
2025-10-27 10:46:20,986 - GPU-0 - DEBUG -       [Latent] Step 1/1
2025-10-27 10:46:21,151 - GPU-0 - DEBUG -       [After Latent Recursive] 1 tokens unmasked
2025-10-27 10:46:21,151 - GPU-0 - INFO -   [Cycle 2]
2025-10-27 10:46:21,151 - GPU-0 - DEBUG -     [Latent Recursive] Starting 1 steps of latent thinking
2025-10-27 10:46:21,197 - GPU-0 - DEBUG -       [Latent] Step 1/1
2025-10-27 10:46:21,361 - GPU-0 - DEBUG -       [After Latent Recursive] 1 tokens unmasked
2025-10-27 10:46:21,361 - GPU-0 - INFO -   [Cycle 3]
2025-10-27 10:46:21,361 - GPU-0 - DEBUG -     [Latent Recursive] Starting 1 steps of latent thinking
2025-10-27 10:46:21,407 - GPU-0 - DEBUG -       [Latent] Step 1/1
2025-10-27 10:46:21,571 - GPU-0 - DEBUG -       [After Latent Recursive] 1 tokens unmasked
2025-10-27 10:46:21,571 - GPU-0 - INFO -   [Cycle 4]
2025-10-27 10:46:21,572 - GPU-0 - DEBUG -     [Latent Recursive] Starting 1 steps of latent thinking
2025-10-27 10:46:21,618 - GPU-0 - DEBUG -       [Latent] Step 1/1
2025-10-27 10:46:21,782 - GPU-0 - DEBUG -       [After Latent Recursive] 1 tokens unmasked
2025-10-27 10:46:21,782 - GPU-0 - INFO -   [Cycle 5]
2025-10-27 10:46:21,782 - GPU-0 - DEBUG -     [Latent Recursive] Starting 1 steps of latent thinking
2025-10-27 10:46:21,828 - GPU-0 - DEBUG -       [Latent] Step 1/1
2025-10-27 10:46:21,992 - GPU-0 - DEBUG -       [After Latent Recursive] 1 tokens unmasked
2025-10-27 10:46:21,992 - GPU-0 - INFO -   [Cycle 6]
2025-10-27 10:46:21,993 - GPU-0 - DEBUG -     [Latent Recursive] Starting 1 steps of latent thinking
2025-10-27 10:46:22,038 - GPU-0 - DEBUG -       [Latent] Step 1/1
2025-10-27 10:46:22,202 - GPU-0 - DEBUG -       [After Latent Recursive] 1 tokens unmasked
2025-10-27 10:46:22,202 - GPU-0 - INFO -   [Cycle 7]
2025-10-27 10:46:22,203 - GPU-0 - DEBUG -     [Latent Recursive] Starting 1 steps of latent thinking
2025-10-27 10:46:22,248 - GPU-0 - DEBUG -       [Latent] Step 1/1
2025-10-27 10:46:22,412 - GPU-0 - DEBUG -       [After Latent Recursive] 1 tokens unmasked
2025-10-27 10:46:22,412 - GPU-0 - INFO -   [Cycle 8]
2025-10-27 10:46:22,412 - GPU-0 - DEBUG -     [Latent Recursive] Starting 1 steps of latent thinking
2025-10-27 10:46:22,458 - GPU-0 - DEBUG -       [Latent] Step 1/1
2025-10-27 10:46:22,621 - GPU-0 - DEBUG -       [After Latent Recursive] 1 tokens unmasked
2025-10-27 10:46:22,622 - GPU-0 - INFO -   [Cycle 9]
2025-10-27 10:46:22,622 - GPU-0 - DEBUG -     [Latent Recursive] Starting 1 steps of latent thinking
2025-10-27 10:46:22,667 - GPU-0 - DEBUG -       [Latent] Step 1/1
2025-10-27 10:46:22,831 - GPU-0 - DEBUG -       [After Latent Recursive] 1 tokens unmasked
2025-10-27 10:46:22,832 - GPU-0 - INFO -   [Cycle 10]
2025-10-27 10:46:22,832 - GPU-0 - DEBUG -     [Latent Recursive] Starting 1 steps of latent thinking
2025-10-27 10:46:22,877 - GPU-0 - DEBUG -       [Latent] Step 1/1
2025-10-27 10:46:23,041 - GPU-0 - DEBUG -       [After Latent Recursive] 1 tokens unmasked
2025-10-27 10:46:23,041 - GPU-0 - INFO -   [Cycle 11]
2025-10-27 10:46:23,041 - GPU-0 - DEBUG -     [Latent Recursive] Starting 1 steps of latent thinking
2025-10-27 10:46:23,087 - GPU-0 - DEBUG -       [Latent] Step 1/1
2025-10-27 10:46:23,251 - GPU-0 - DEBUG -       [After Latent Recursive] 1 tokens unmasked
2025-10-27 10:46:23,252 - GPU-0 - INFO -   [Cycle 12]
2025-10-27 10:46:23,252 - GPU-0 - DEBUG -     [Latent Recursive] Starting 1 steps of latent thinking
2025-10-27 10:46:23,298 - GPU-0 - DEBUG -       [Latent] Step 1/1
2025-10-27 10:46:23,462 - GPU-0 - DEBUG -       [After Latent Recursive] 1 tokens unmasked
2025-10-27 10:46:23,462 - GPU-0 - INFO -   [Cycle 13]
2025-10-27 10:46:23,462 - GPU-0 - DEBUG -     [Latent Recursive] Starting 1 steps of latent thinking
2025-10-27 10:46:23,508 - GPU-0 - DEBUG -       [Latent] Step 1/1
2025-10-27 10:46:23,672 - GPU-0 - DEBUG -       [After Latent Recursive] 1 tokens unmasked
2025-10-27 10:46:23,672 - GPU-0 - INFO -   [Cycle 14]
2025-10-27 10:46:23,673 - GPU-0 - DEBUG -     [Latent Recursive] Starting 1 steps of latent thinking
2025-10-27 10:46:23,718 - GPU-0 - DEBUG -       [Latent] Step 1/1
2025-10-27 10:46:23,882 - GPU-0 - DEBUG -       [After Latent Recursive] 1 tokens unmasked
2025-10-27 10:46:23,882 - GPU-0 - INFO -   [Cycle 15]
2025-10-27 10:46:23,882 - GPU-0 - DEBUG -     [Latent Recursive] Starting 1 steps of latent thinking
2025-10-27 10:46:23,928 - GPU-0 - DEBUG -       [Latent] Step 1/1
2025-10-27 10:46:24,092 - GPU-0 - DEBUG -       [After Latent Recursive] 1 tokens unmasked
2025-10-27 10:46:24,093 - GPU-0 - INFO -   [Cycle 16]
2025-10-27 10:46:24,093 - GPU-0 - DEBUG -     [Latent Recursive] Starting 1 steps of latent thinking
2025-10-27 10:46:24,138 - GPU-0 - DEBUG -       [Latent] Step 1/1
2025-10-27 10:46:24,303 - GPU-0 - DEBUG -       [After Latent Recursive] 1 tokens unmasked
2025-10-27 10:46:24,303 - GPU-0 - INFO -   [Cycle 17]
2025-10-27 10:46:24,303 - GPU-0 - DEBUG -     [Latent Recursive] Starting 1 steps of latent thinking
2025-10-27 10:46:24,349 - GPU-0 - DEBUG -       [Latent] Step 1/1
2025-10-27 10:46:24,513 - GPU-0 - DEBUG -       [After Latent Recursive] 1 tokens unmasked
2025-10-27 10:46:24,514 - GPU-0 - INFO -   [Cycle 18]
2025-10-27 10:46:24,514 - GPU-0 - DEBUG -     [Latent Recursive] Starting 1 steps of latent thinking
2025-10-27 10:46:24,560 - GPU-0 - DEBUG -       [Latent] Step 1/1
2025-10-27 10:46:24,724 - GPU-0 - DEBUG -       [After Latent Recursive] 1 tokens unmasked
2025-10-27 10:46:24,724 - GPU-0 - INFO -   [Cycle 19]
2025-10-27 10:46:24,724 - GPU-0 - DEBUG -     [Latent Recursive] Starting 1 steps of latent thinking
2025-10-27 10:46:24,770 - GPU-0 - DEBUG -       [Latent] Step 1/1
2025-10-27 10:46:24,934 - GPU-0 - DEBUG -       [After Latent Recursive] 1 tokens unmasked
2025-10-27 10:46:24,934 - GPU-0 - INFO -   [Cycle 20]
2025-10-27 10:46:24,934 - GPU-0 - DEBUG -     [Latent Recursive] Starting 1 steps of latent thinking
2025-10-27 10:46:24,980 - GPU-0 - DEBUG -       [Latent] Step 1/1
2025-10-27 10:46:25,144 - GPU-0 - DEBUG -       [After Latent Recursive] 1 tokens unmasked
2025-10-27 10:46:25,144 - GPU-0 - INFO -   [Cycle 21]
2025-10-27 10:46:25,145 - GPU-0 - DEBUG -     [Latent Recursive] Starting 1 steps of latent thinking
2025-10-27 10:46:25,190 - GPU-0 - DEBUG -       [Latent] Step 1/1
2025-10-27 10:46:25,355 - GPU-0 - DEBUG -       [After Latent Recursive] 1 tokens unmasked
2025-10-27 10:46:25,356 - GPU-0 - INFO -   [Cycle 22]
2025-10-27 10:46:25,356 - GPU-0 - DEBUG -     [Latent Recursive] Starting 1 steps of latent thinking
2025-10-27 10:46:25,401 - GPU-0 - DEBUG -       [Latent] Step 1/1
2025-10-27 10:46:25,565 - GPU-0 - DEBUG -       [After Latent Recursive] 1 tokens unmasked
2025-10-27 10:46:25,566 - GPU-0 - INFO -   [Cycle 23]
2025-10-27 10:46:25,566 - GPU-0 - DEBUG -     [Latent Recursive] Starting 1 steps of latent thinking
2025-10-27 10:46:25,611 - GPU-0 - DEBUG -       [Latent] Step 1/1
2025-10-27 10:46:25,775 - GPU-0 - DEBUG -       [After Latent Recursive] 1 tokens unmasked
2025-10-27 10:46:25,775 - GPU-0 - INFO -   [Cycle 24]
2025-10-27 10:46:25,776 - GPU-0 - DEBUG -     [Latent Recursive] Starting 1 steps of latent thinking
2025-10-27 10:46:25,821 - GPU-0 - DEBUG -       [Latent] Step 1/1
2025-10-27 10:46:25,984 - GPU-0 - DEBUG -       [After Latent Recursive] 1 tokens unmasked
2025-10-27 10:46:25,985 - GPU-0 - INFO -   [Cycle 25]
2025-10-27 10:46:25,985 - GPU-0 - DEBUG -     [Latent Recursive] Starting 1 steps of latent thinking
2025-10-27 10:46:26,031 - GPU-0 - DEBUG -       [Latent] Step 1/1
2025-10-27 10:46:26,195 - GPU-0 - DEBUG -       [After Latent Recursive] 1 tokens unmasked
2025-10-27 10:46:26,195 - GPU-0 - INFO -   [Cycle 26]
2025-10-27 10:46:26,195 - GPU-0 - DEBUG -     [Latent Recursive] Starting 1 steps of latent thinking
2025-10-27 10:46:26,241 - GPU-0 - DEBUG -       [Latent] Step 1/1
2025-10-27 10:46:26,405 - GPU-0 - DEBUG -       [After Latent Recursive] 1 tokens unmasked
2025-10-27 10:46:26,405 - GPU-0 - INFO -   [Cycle 27]
2025-10-27 10:46:26,405 - GPU-0 - DEBUG -     [Latent Recursive] Starting 1 steps of latent thinking
2025-10-27 10:46:26,451 - GPU-0 - DEBUG -       [Latent] Step 1/1
2025-10-27 10:46:26,615 - GPU-0 - DEBUG -       [After Latent Recursive] 1 tokens unmasked
2025-10-27 10:46:26,615 - GPU-0 - INFO -   [Cycle 28]
2025-10-27 10:46:26,615 - GPU-0 - DEBUG -     [Latent Recursive] Starting 1 steps of latent thinking
2025-10-27 10:46:26,661 - GPU-0 - DEBUG -       [Latent] Step 1/1
2025-10-27 10:46:26,825 - GPU-0 - DEBUG -       [After Latent Recursive] 1 tokens unmasked
2025-10-27 10:46:26,825 - GPU-0 - INFO -   [Cycle 29]
2025-10-27 10:46:26,827 - GPU-0 - DEBUG -     [Latent Recursive] Starting 1 steps of latent thinking
2025-10-27 10:46:26,872 - GPU-0 - DEBUG -       [Latent] Step 1/1
2025-10-27 10:46:27,036 - GPU-0 - DEBUG -       [After Latent Recursive] 1 tokens unmasked
2025-10-27 10:46:27,037 - GPU-0 - INFO -   [Cycle 30]
2025-10-27 10:46:27,037 - GPU-0 - DEBUG -     [Latent Recursive] Starting 1 steps of latent thinking
2025-10-27 10:46:27,083 - GPU-0 - DEBUG -       [Latent] Step 1/1
2025-10-27 10:46:27,247 - GPU-0 - DEBUG -       [After Latent Recursive] 1 tokens unmasked
2025-10-27 10:46:27,247 - GPU-0 - INFO -   [Cycle 31]
2025-10-27 10:46:27,247 - GPU-0 - DEBUG -     [Latent Recursive] Starting 1 steps of latent thinking
2025-10-27 10:46:27,293 - GPU-0 - DEBUG -       [Latent] Step 1/1
2025-10-27 10:46:27,457 - GPU-0 - DEBUG -       [After Latent Recursive] 1 tokens unmasked
2025-10-27 10:46:27,457 - GPU-0 - INFO - [Block 11/16] Processing tokens 385-417
2025-10-27 10:46:27,457 - GPU-0 - DEBUG - [Block 10] Before forward: use_cache=True, x.shape=torch.Size([1, 577])
2025-10-27 10:46:27,458 - GPU-0 - DEBUG - [Block 10] Model type: LLaDAModelLM
2025-10-27 10:46:27,458 - GPU-0 - DEBUG - [Block 10] Model config use_cache: True
2025-10-27 10:46:27,480 - GPU-0 - DEBUG - [Block 10] After forward: pkv is None? False
2025-10-27 10:46:27,480 - GPU-0 - DEBUG - [Block 10] out type: CausalLMOutputWithPast
2025-10-27 10:46:27,481 - GPU-0 - DEBUG - [Block 10] pkv type: <class 'list'>, len: 32
2025-10-27 10:46:27,481 - GPU-0 - DEBUG - [Block 10] pkv[0] type: <class 'tuple'>, len: 2
2025-10-27 10:46:27,481 - GPU-0 - DEBUG - [Block 10] pkv[0][0].shape: torch.Size([1, 32, 577, 128])
2025-10-27 10:46:27,569 - GPU-0 - INFO -   [Initial Forward] 1 tokens unmasked
2025-10-27 10:46:27,569 - GPU-0 - INFO -   [Cycle 1]
2025-10-27 10:46:27,569 - GPU-0 - DEBUG -     [Latent Recursive] Starting 1 steps of latent thinking
2025-10-27 10:46:27,615 - GPU-0 - DEBUG -       [Latent] Step 1/1
2025-10-27 10:46:27,778 - GPU-0 - DEBUG -       [After Latent Recursive] 1 tokens unmasked
2025-10-27 10:46:27,779 - GPU-0 - INFO -   [Cycle 2]
2025-10-27 10:46:27,779 - GPU-0 - DEBUG -     [Latent Recursive] Starting 1 steps of latent thinking
2025-10-27 10:46:27,824 - GPU-0 - DEBUG -       [Latent] Step 1/1
2025-10-27 10:46:27,987 - GPU-0 - DEBUG -       [After Latent Recursive] 1 tokens unmasked
2025-10-27 10:46:27,988 - GPU-0 - INFO -   [Cycle 3]
2025-10-27 10:46:27,988 - GPU-0 - DEBUG -     [Latent Recursive] Starting 1 steps of latent thinking
2025-10-27 10:46:28,034 - GPU-0 - DEBUG -       [Latent] Step 1/1
2025-10-27 10:46:28,197 - GPU-0 - DEBUG -       [After Latent Recursive] 1 tokens unmasked
2025-10-27 10:46:28,198 - GPU-0 - INFO -   [Cycle 4]
2025-10-27 10:46:28,198 - GPU-0 - DEBUG -     [Latent Recursive] Starting 1 steps of latent thinking
2025-10-27 10:46:28,244 - GPU-0 - DEBUG -       [Latent] Step 1/1
2025-10-27 10:46:28,408 - GPU-0 - DEBUG -       [After Latent Recursive] 1 tokens unmasked
2025-10-27 10:46:28,408 - GPU-0 - INFO -   [Cycle 5]
2025-10-27 10:46:28,408 - GPU-0 - DEBUG -     [Latent Recursive] Starting 1 steps of latent thinking
2025-10-27 10:46:28,454 - GPU-0 - DEBUG -       [Latent] Step 1/1
2025-10-27 10:46:28,617 - GPU-0 - DEBUG -       [After Latent Recursive] 1 tokens unmasked
2025-10-27 10:46:28,618 - GPU-0 - INFO -   [Cycle 6]
2025-10-27 10:46:28,618 - GPU-0 - DEBUG -     [Latent Recursive] Starting 1 steps of latent thinking
2025-10-27 10:46:28,663 - GPU-0 - DEBUG -       [Latent] Step 1/1
2025-10-27 10:46:28,826 - GPU-0 - DEBUG -       [After Latent Recursive] 1 tokens unmasked
2025-10-27 10:46:28,826 - GPU-0 - INFO -   [Cycle 7]
2025-10-27 10:46:28,827 - GPU-0 - DEBUG -     [Latent Recursive] Starting 1 steps of latent thinking
2025-10-27 10:46:28,872 - GPU-0 - DEBUG -       [Latent] Step 1/1
2025-10-27 10:46:29,035 - GPU-0 - DEBUG -       [After Latent Recursive] 1 tokens unmasked
2025-10-27 10:46:29,036 - GPU-0 - INFO -   [Cycle 8]
2025-10-27 10:46:29,036 - GPU-0 - DEBUG -     [Latent Recursive] Starting 1 steps of latent thinking
2025-10-27 10:46:29,082 - GPU-0 - DEBUG -       [Latent] Step 1/1
2025-10-27 10:46:29,244 - GPU-0 - DEBUG -       [After Latent Recursive] 1 tokens unmasked
2025-10-27 10:46:29,244 - GPU-0 - INFO -   [Cycle 9]
2025-10-27 10:46:29,245 - GPU-0 - DEBUG -     [Latent Recursive] Starting 1 steps of latent thinking
2025-10-27 10:46:29,290 - GPU-0 - DEBUG -       [Latent] Step 1/1
2025-10-27 10:46:29,453 - GPU-0 - DEBUG -       [After Latent Recursive] 1 tokens unmasked
2025-10-27 10:46:29,454 - GPU-0 - INFO -   [Cycle 10]
2025-10-27 10:46:29,454 - GPU-0 - DEBUG -     [Latent Recursive] Starting 1 steps of latent thinking
2025-10-27 10:46:29,499 - GPU-0 - DEBUG -       [Latent] Step 1/1
2025-10-27 10:46:29,662 - GPU-0 - DEBUG -       [After Latent Recursive] 1 tokens unmasked
2025-10-27 10:46:29,663 - GPU-0 - INFO -   [Cycle 11]
2025-10-27 10:46:29,663 - GPU-0 - DEBUG -     [Latent Recursive] Starting 1 steps of latent thinking
2025-10-27 10:46:29,709 - GPU-0 - DEBUG -       [Latent] Step 1/1
2025-10-27 10:46:29,872 - GPU-0 - DEBUG -       [After Latent Recursive] 1 tokens unmasked
2025-10-27 10:46:29,872 - GPU-0 - INFO -   [Cycle 12]
2025-10-27 10:46:29,872 - GPU-0 - DEBUG -     [Latent Recursive] Starting 1 steps of latent thinking
2025-10-27 10:46:29,918 - GPU-0 - DEBUG -       [Latent] Step 1/1
2025-10-27 10:46:30,081 - GPU-0 - DEBUG -       [After Latent Recursive] 1 tokens unmasked
2025-10-27 10:46:30,082 - GPU-0 - INFO -   [Cycle 13]
2025-10-27 10:46:30,082 - GPU-0 - DEBUG -     [Latent Recursive] Starting 1 steps of latent thinking
2025-10-27 10:46:30,128 - GPU-0 - DEBUG -       [Latent] Step 1/1
2025-10-27 10:46:30,291 - GPU-0 - DEBUG -       [After Latent Recursive] 1 tokens unmasked
2025-10-27 10:46:30,291 - GPU-0 - INFO -   [Cycle 14]
2025-10-27 10:46:30,292 - GPU-0 - DEBUG -     [Latent Recursive] Starting 1 steps of latent thinking
2025-10-27 10:46:30,337 - GPU-0 - DEBUG -       [Latent] Step 1/1
2025-10-27 10:46:30,501 - GPU-0 - DEBUG -       [After Latent Recursive] 1 tokens unmasked
2025-10-27 10:46:30,501 - GPU-0 - INFO -   [Cycle 15]
2025-10-27 10:46:30,501 - GPU-0 - DEBUG -     [Latent Recursive] Starting 1 steps of latent thinking
2025-10-27 10:46:30,547 - GPU-0 - DEBUG -       [Latent] Step 1/1
2025-10-27 10:46:30,711 - GPU-0 - DEBUG -       [After Latent Recursive] 1 tokens unmasked
2025-10-27 10:46:30,711 - GPU-0 - INFO -   [Cycle 16]
2025-10-27 10:46:30,711 - GPU-0 - DEBUG -     [Latent Recursive] Starting 1 steps of latent thinking
2025-10-27 10:46:30,757 - GPU-0 - DEBUG -       [Latent] Step 1/1
2025-10-27 10:46:30,920 - GPU-0 - DEBUG -       [After Latent Recursive] 1 tokens unmasked
2025-10-27 10:46:30,921 - GPU-0 - INFO -   [Cycle 17]
2025-10-27 10:46:30,921 - GPU-0 - DEBUG -     [Latent Recursive] Starting 1 steps of latent thinking
2025-10-27 10:46:30,967 - GPU-0 - DEBUG -       [Latent] Step 1/1
2025-10-27 10:46:31,130 - GPU-0 - DEBUG -       [After Latent Recursive] 1 tokens unmasked
2025-10-27 10:46:31,131 - GPU-0 - INFO -   [Cycle 18]
2025-10-27 10:46:31,131 - GPU-0 - DEBUG -     [Latent Recursive] Starting 1 steps of latent thinking
2025-10-27 10:46:31,177 - GPU-0 - DEBUG -       [Latent] Step 1/1
2025-10-27 10:46:31,339 - GPU-0 - DEBUG -       [After Latent Recursive] 1 tokens unmasked
2025-10-27 10:46:31,340 - GPU-0 - INFO -   [Cycle 19]
2025-10-27 10:46:31,340 - GPU-0 - DEBUG -     [Latent Recursive] Starting 1 steps of latent thinking
2025-10-27 10:46:31,386 - GPU-0 - DEBUG -       [Latent] Step 1/1
2025-10-27 10:46:31,549 - GPU-0 - DEBUG -       [After Latent Recursive] 1 tokens unmasked
2025-10-27 10:46:31,549 - GPU-0 - INFO -   [Cycle 20]
2025-10-27 10:46:31,549 - GPU-0 - DEBUG -     [Latent Recursive] Starting 1 steps of latent thinking
2025-10-27 10:46:31,595 - GPU-0 - DEBUG -       [Latent] Step 1/1
2025-10-27 10:46:31,758 - GPU-0 - DEBUG -       [After Latent Recursive] 1 tokens unmasked
2025-10-27 10:46:31,758 - GPU-0 - INFO -   [Cycle 21]
2025-10-27 10:46:31,759 - GPU-0 - DEBUG -     [Latent Recursive] Starting 1 steps of latent thinking
2025-10-27 10:46:31,804 - GPU-0 - DEBUG -       [Latent] Step 1/1
2025-10-27 10:46:31,967 - GPU-0 - DEBUG -       [After Latent Recursive] 1 tokens unmasked
2025-10-27 10:46:31,968 - GPU-0 - INFO -   [Cycle 22]
2025-10-27 10:46:31,968 - GPU-0 - DEBUG -     [Latent Recursive] Starting 1 steps of latent thinking
2025-10-27 10:46:32,014 - GPU-0 - DEBUG -       [Latent] Step 1/1
2025-10-27 10:46:32,179 - GPU-0 - DEBUG -       [After Latent Recursive] 1 tokens unmasked
2025-10-27 10:46:32,179 - GPU-0 - INFO -   [Cycle 23]
2025-10-27 10:46:32,179 - GPU-0 - DEBUG -     [Latent Recursive] Starting 1 steps of latent thinking
2025-10-27 10:46:32,225 - GPU-0 - DEBUG -       [Latent] Step 1/1
2025-10-27 10:46:32,388 - GPU-0 - DEBUG -       [After Latent Recursive] 1 tokens unmasked
2025-10-27 10:46:32,389 - GPU-0 - INFO -   [Cycle 24]
2025-10-27 10:46:32,389 - GPU-0 - DEBUG -     [Latent Recursive] Starting 1 steps of latent thinking
2025-10-27 10:46:32,435 - GPU-0 - DEBUG -       [Latent] Step 1/1
2025-10-27 10:46:32,598 - GPU-0 - DEBUG -       [After Latent Recursive] 1 tokens unmasked
2025-10-27 10:46:32,598 - GPU-0 - INFO -   [Cycle 25]
2025-10-27 10:46:32,598 - GPU-0 - DEBUG -     [Latent Recursive] Starting 1 steps of latent thinking
2025-10-27 10:46:32,644 - GPU-0 - DEBUG -       [Latent] Step 1/1
2025-10-27 10:46:32,807 - GPU-0 - DEBUG -       [After Latent Recursive] 1 tokens unmasked
2025-10-27 10:46:32,808 - GPU-0 - INFO -   [Cycle 26]
2025-10-27 10:46:32,808 - GPU-0 - DEBUG -     [Latent Recursive] Starting 1 steps of latent thinking
2025-10-27 10:46:32,854 - GPU-0 - DEBUG -       [Latent] Step 1/1
2025-10-27 10:46:33,017 - GPU-0 - DEBUG -       [After Latent Recursive] 1 tokens unmasked
2025-10-27 10:46:33,018 - GPU-0 - INFO -   [Cycle 27]
2025-10-27 10:46:33,018 - GPU-0 - DEBUG -     [Latent Recursive] Starting 1 steps of latent thinking
2025-10-27 10:46:33,063 - GPU-0 - DEBUG -       [Latent] Step 1/1
2025-10-27 10:46:33,226 - GPU-0 - DEBUG -       [After Latent Recursive] 1 tokens unmasked
2025-10-27 10:46:33,227 - GPU-0 - INFO -   [Cycle 28]
2025-10-27 10:46:33,227 - GPU-0 - DEBUG -     [Latent Recursive] Starting 1 steps of latent thinking
2025-10-27 10:46:33,273 - GPU-0 - DEBUG -       [Latent] Step 1/1
2025-10-27 10:46:33,437 - GPU-0 - DEBUG -       [After Latent Recursive] 1 tokens unmasked
2025-10-27 10:46:33,437 - GPU-0 - INFO -   [Cycle 29]
2025-10-27 10:46:33,438 - GPU-0 - DEBUG -     [Latent Recursive] Starting 1 steps of latent thinking
2025-10-27 10:46:33,483 - GPU-0 - DEBUG -       [Latent] Step 1/1
2025-10-27 10:46:33,646 - GPU-0 - DEBUG -       [After Latent Recursive] 1 tokens unmasked
2025-10-27 10:46:33,647 - GPU-0 - INFO -   [Cycle 30]
2025-10-27 10:46:33,647 - GPU-0 - DEBUG -     [Latent Recursive] Starting 1 steps of latent thinking
2025-10-27 10:46:33,692 - GPU-0 - DEBUG -       [Latent] Step 1/1
2025-10-27 10:46:33,855 - GPU-0 - DEBUG -       [After Latent Recursive] 1 tokens unmasked
2025-10-27 10:46:33,856 - GPU-0 - INFO -   [Cycle 31]
2025-10-27 10:46:33,856 - GPU-0 - DEBUG -     [Latent Recursive] Starting 1 steps of latent thinking
2025-10-27 10:46:33,901 - GPU-0 - DEBUG -       [Latent] Step 1/1
2025-10-27 10:46:34,065 - GPU-0 - DEBUG -       [After Latent Recursive] 1 tokens unmasked
2025-10-27 10:46:34,065 - GPU-0 - INFO - [Block 12/16] Processing tokens 417-449
2025-10-27 10:46:34,065 - GPU-0 - DEBUG - [Block 11] Before forward: use_cache=True, x.shape=torch.Size([1, 577])
2025-10-27 10:46:34,065 - GPU-0 - DEBUG - [Block 11] Model type: LLaDAModelLM
2025-10-27 10:46:34,065 - GPU-0 - DEBUG - [Block 11] Model config use_cache: True
2025-10-27 10:46:34,088 - GPU-0 - DEBUG - [Block 11] After forward: pkv is None? False
2025-10-27 10:46:34,088 - GPU-0 - DEBUG - [Block 11] out type: CausalLMOutputWithPast
2025-10-27 10:46:34,088 - GPU-0 - DEBUG - [Block 11] pkv type: <class 'list'>, len: 32
2025-10-27 10:46:34,088 - GPU-0 - DEBUG - [Block 11] pkv[0] type: <class 'tuple'>, len: 2
2025-10-27 10:46:34,089 - GPU-0 - DEBUG - [Block 11] pkv[0][0].shape: torch.Size([1, 32, 577, 128])
2025-10-27 10:46:34,177 - GPU-0 - INFO -   [Initial Forward] 1 tokens unmasked
2025-10-27 10:46:34,177 - GPU-0 - INFO -   [Cycle 1]
2025-10-27 10:46:34,177 - GPU-0 - DEBUG -     [Latent Recursive] Starting 1 steps of latent thinking
2025-10-27 10:46:34,223 - GPU-0 - DEBUG -       [Latent] Step 1/1
2025-10-27 10:46:34,385 - GPU-0 - DEBUG -       [After Latent Recursive] 1 tokens unmasked
2025-10-27 10:46:34,386 - GPU-0 - INFO -   [Cycle 2]
2025-10-27 10:46:34,386 - GPU-0 - DEBUG -     [Latent Recursive] Starting 1 steps of latent thinking
2025-10-27 10:46:34,432 - GPU-0 - DEBUG -       [Latent] Step 1/1
2025-10-27 10:46:34,594 - GPU-0 - DEBUG -       [After Latent Recursive] 1 tokens unmasked
2025-10-27 10:46:34,594 - GPU-0 - INFO -   [Cycle 3]
2025-10-27 10:46:34,595 - GPU-0 - DEBUG -     [Latent Recursive] Starting 1 steps of latent thinking
2025-10-27 10:46:34,640 - GPU-0 - DEBUG -       [Latent] Step 1/1
2025-10-27 10:46:34,803 - GPU-0 - DEBUG -       [After Latent Recursive] 1 tokens unmasked
2025-10-27 10:46:34,803 - GPU-0 - INFO -   [Cycle 4]
2025-10-27 10:46:34,803 - GPU-0 - DEBUG -     [Latent Recursive] Starting 1 steps of latent thinking
2025-10-27 10:46:34,849 - GPU-0 - DEBUG -       [Latent] Step 1/1
2025-10-27 10:46:35,011 - GPU-0 - DEBUG -       [After Latent Recursive] 1 tokens unmasked
2025-10-27 10:46:35,011 - GPU-0 - INFO -   [Cycle 5]
2025-10-27 10:46:35,011 - GPU-0 - DEBUG -     [Latent Recursive] Starting 1 steps of latent thinking
2025-10-27 10:46:35,057 - GPU-0 - DEBUG -       [Latent] Step 1/1
2025-10-27 10:46:35,218 - GPU-0 - DEBUG -       [After Latent Recursive] 1 tokens unmasked
2025-10-27 10:46:35,219 - GPU-0 - INFO -   [Cycle 6]
2025-10-27 10:46:35,219 - GPU-0 - DEBUG -     [Latent Recursive] Starting 1 steps of latent thinking
2025-10-27 10:46:35,265 - GPU-0 - DEBUG -       [Latent] Step 1/1
2025-10-27 10:46:35,426 - GPU-0 - DEBUG -       [After Latent Recursive] 1 tokens unmasked
2025-10-27 10:46:35,427 - GPU-0 - INFO -   [Cycle 7]
2025-10-27 10:46:35,427 - GPU-0 - DEBUG -     [Latent Recursive] Starting 1 steps of latent thinking
2025-10-27 10:46:35,472 - GPU-0 - DEBUG -       [Latent] Step 1/1
2025-10-27 10:46:35,634 - GPU-0 - DEBUG -       [After Latent Recursive] 1 tokens unmasked
2025-10-27 10:46:35,634 - GPU-0 - INFO -   [Cycle 8]
2025-10-27 10:46:35,634 - GPU-0 - DEBUG -     [Latent Recursive] Starting 1 steps of latent thinking
2025-10-27 10:46:35,680 - GPU-0 - DEBUG -       [Latent] Step 1/1
2025-10-27 10:46:35,842 - GPU-0 - DEBUG -       [After Latent Recursive] 1 tokens unmasked
2025-10-27 10:46:35,842 - GPU-0 - INFO -   [Cycle 9]
2025-10-27 10:46:35,842 - GPU-0 - DEBUG -     [Latent Recursive] Starting 1 steps of latent thinking
2025-10-27 10:46:35,888 - GPU-0 - DEBUG -       [Latent] Step 1/1
2025-10-27 10:46:36,049 - GPU-0 - DEBUG -       [After Latent Recursive] 1 tokens unmasked
2025-10-27 10:46:36,050 - GPU-0 - INFO -   [Cycle 10]
2025-10-27 10:46:36,050 - GPU-0 - DEBUG -     [Latent Recursive] Starting 1 steps of latent thinking
2025-10-27 10:46:36,095 - GPU-0 - DEBUG -       [Latent] Step 1/1
2025-10-27 10:46:36,257 - GPU-0 - DEBUG -       [After Latent Recursive] 1 tokens unmasked
2025-10-27 10:46:36,258 - GPU-0 - INFO -   [Cycle 11]
2025-10-27 10:46:36,258 - GPU-0 - DEBUG -     [Latent Recursive] Starting 1 steps of latent thinking
2025-10-27 10:46:36,304 - GPU-0 - DEBUG -       [Latent] Step 1/1
2025-10-27 10:46:36,465 - GPU-0 - DEBUG -       [After Latent Recursive] 1 tokens unmasked
2025-10-27 10:46:36,466 - GPU-0 - INFO -   [Cycle 12]
2025-10-27 10:46:36,466 - GPU-0 - DEBUG -     [Latent Recursive] Starting 1 steps of latent thinking
2025-10-27 10:46:36,512 - GPU-0 - DEBUG -       [Latent] Step 1/1
2025-10-27 10:46:36,673 - GPU-0 - DEBUG -       [After Latent Recursive] 1 tokens unmasked
2025-10-27 10:46:36,674 - GPU-0 - INFO -   [Cycle 13]
2025-10-27 10:46:36,674 - GPU-0 - DEBUG -     [Latent Recursive] Starting 1 steps of latent thinking
2025-10-27 10:46:36,719 - GPU-0 - DEBUG -       [Latent] Step 1/1
2025-10-27 10:46:36,881 - GPU-0 - DEBUG -       [After Latent Recursive] 1 tokens unmasked
2025-10-27 10:46:36,881 - GPU-0 - INFO -   [Cycle 14]
2025-10-27 10:46:36,881 - GPU-0 - DEBUG -     [Latent Recursive] Starting 1 steps of latent thinking
2025-10-27 10:46:36,927 - GPU-0 - DEBUG -       [Latent] Step 1/1
2025-10-27 10:46:37,088 - GPU-0 - DEBUG -       [After Latent Recursive] 1 tokens unmasked
2025-10-27 10:46:37,089 - GPU-0 - INFO -   [Cycle 15]
2025-10-27 10:46:37,089 - GPU-0 - DEBUG -     [Latent Recursive] Starting 1 steps of latent thinking
2025-10-27 10:46:37,134 - GPU-0 - DEBUG -       [Latent] Step 1/1
2025-10-27 10:46:37,296 - GPU-0 - DEBUG -       [After Latent Recursive] 1 tokens unmasked
2025-10-27 10:46:37,296 - GPU-0 - INFO -   [Cycle 16]
2025-10-27 10:46:37,297 - GPU-0 - DEBUG -     [Latent Recursive] Starting 1 steps of latent thinking
2025-10-27 10:46:37,342 - GPU-0 - DEBUG -       [Latent] Step 1/1
2025-10-27 10:46:37,504 - GPU-0 - DEBUG -       [After Latent Recursive] 1 tokens unmasked
2025-10-27 10:46:37,504 - GPU-0 - INFO -   [Cycle 17]
2025-10-27 10:46:37,504 - GPU-0 - DEBUG -     [Latent Recursive] Starting 1 steps of latent thinking
2025-10-27 10:46:37,550 - GPU-0 - DEBUG -       [Latent] Step 1/1
2025-10-27 10:46:37,712 - GPU-0 - DEBUG -       [After Latent Recursive] 1 tokens unmasked
2025-10-27 10:46:37,712 - GPU-0 - INFO -   [Cycle 18]
2025-10-27 10:46:37,712 - GPU-0 - DEBUG -     [Latent Recursive] Starting 1 steps of latent thinking
2025-10-27 10:46:37,758 - GPU-0 - DEBUG -       [Latent] Step 1/1
2025-10-27 10:46:37,919 - GPU-0 - DEBUG -       [After Latent Recursive] 1 tokens unmasked
2025-10-27 10:46:37,919 - GPU-0 - INFO -   [Cycle 19]
2025-10-27 10:46:37,920 - GPU-0 - DEBUG -     [Latent Recursive] Starting 1 steps of latent thinking
2025-10-27 10:46:37,965 - GPU-0 - DEBUG -       [Latent] Step 1/1
2025-10-27 10:46:38,127 - GPU-0 - DEBUG -       [After Latent Recursive] 1 tokens unmasked
2025-10-27 10:46:38,127 - GPU-0 - INFO -   [Cycle 20]
2025-10-27 10:46:38,127 - GPU-0 - DEBUG -     [Latent Recursive] Starting 1 steps of latent thinking
2025-10-27 10:46:38,173 - GPU-0 - DEBUG -       [Latent] Step 1/1
2025-10-27 10:46:38,334 - GPU-0 - DEBUG -       [After Latent Recursive] 1 tokens unmasked
2025-10-27 10:46:38,335 - GPU-0 - INFO -   [Cycle 21]
2025-10-27 10:46:38,335 - GPU-0 - DEBUG -     [Latent Recursive] Starting 1 steps of latent thinking
2025-10-27 10:46:38,381 - GPU-0 - DEBUG -       [Latent] Step 1/1
2025-10-27 10:46:38,542 - GPU-0 - DEBUG -       [After Latent Recursive] 1 tokens unmasked
2025-10-27 10:46:38,543 - GPU-0 - INFO -   [Cycle 22]
2025-10-27 10:46:38,543 - GPU-0 - DEBUG -     [Latent Recursive] Starting 1 steps of latent thinking
2025-10-27 10:46:38,588 - GPU-0 - DEBUG -       [Latent] Step 1/1
2025-10-27 10:46:38,750 - GPU-0 - DEBUG -       [After Latent Recursive] 1 tokens unmasked
2025-10-27 10:46:38,750 - GPU-0 - INFO -   [Cycle 23]
2025-10-27 10:46:38,750 - GPU-0 - DEBUG -     [Latent Recursive] Starting 1 steps of latent thinking
2025-10-27 10:46:38,796 - GPU-0 - DEBUG -       [Latent] Step 1/1
2025-10-27 10:46:38,958 - GPU-0 - DEBUG -       [After Latent Recursive] 1 tokens unmasked
2025-10-27 10:46:38,958 - GPU-0 - INFO -   [Cycle 24]
2025-10-27 10:46:38,958 - GPU-0 - DEBUG -     [Latent Recursive] Starting 1 steps of latent thinking
2025-10-27 10:46:39,004 - GPU-0 - DEBUG -       [Latent] Step 1/1
2025-10-27 10:46:39,165 - GPU-0 - DEBUG -       [After Latent Recursive] 1 tokens unmasked
2025-10-27 10:46:39,166 - GPU-0 - INFO -   [Cycle 25]
2025-10-27 10:46:39,166 - GPU-0 - DEBUG -     [Latent Recursive] Starting 1 steps of latent thinking
2025-10-27 10:46:39,211 - GPU-0 - DEBUG -       [Latent] Step 1/1
2025-10-27 10:46:39,373 - GPU-0 - DEBUG -       [After Latent Recursive] 1 tokens unmasked
2025-10-27 10:46:39,373 - GPU-0 - INFO -   [Cycle 26]
2025-10-27 10:46:39,373 - GPU-0 - DEBUG -     [Latent Recursive] Starting 1 steps of latent thinking
2025-10-27 10:46:39,419 - GPU-0 - DEBUG -       [Latent] Step 1/1
2025-10-27 10:46:39,580 - GPU-0 - DEBUG -       [After Latent Recursive] 1 tokens unmasked
2025-10-27 10:46:39,581 - GPU-0 - INFO -   [Cycle 27]
2025-10-27 10:46:39,581 - GPU-0 - DEBUG -     [Latent Recursive] Starting 1 steps of latent thinking
2025-10-27 10:46:39,626 - GPU-0 - DEBUG -       [Latent] Step 1/1
2025-10-27 10:46:39,788 - GPU-0 - DEBUG -       [After Latent Recursive] 1 tokens unmasked
2025-10-27 10:46:39,788 - GPU-0 - INFO -   [Cycle 28]
2025-10-27 10:46:39,788 - GPU-0 - DEBUG -     [Latent Recursive] Starting 1 steps of latent thinking
2025-10-27 10:46:39,834 - GPU-0 - DEBUG -       [Latent] Step 1/1
2025-10-27 10:46:39,996 - GPU-0 - DEBUG -       [After Latent Recursive] 1 tokens unmasked
2025-10-27 10:46:39,996 - GPU-0 - INFO -   [Cycle 29]
2025-10-27 10:46:39,996 - GPU-0 - DEBUG -     [Latent Recursive] Starting 1 steps of latent thinking
2025-10-27 10:46:40,042 - GPU-0 - DEBUG -       [Latent] Step 1/1
2025-10-27 10:46:40,203 - GPU-0 - DEBUG -       [After Latent Recursive] 1 tokens unmasked
2025-10-27 10:46:40,204 - GPU-0 - INFO -   [Cycle 30]
2025-10-27 10:46:40,204 - GPU-0 - DEBUG -     [Latent Recursive] Starting 1 steps of latent thinking
2025-10-27 10:46:40,250 - GPU-0 - DEBUG -       [Latent] Step 1/1
2025-10-27 10:46:40,411 - GPU-0 - DEBUG -       [After Latent Recursive] 1 tokens unmasked
2025-10-27 10:46:40,411 - GPU-0 - INFO -   [Cycle 31]
2025-10-27 10:46:40,411 - GPU-0 - DEBUG -     [Latent Recursive] Starting 1 steps of latent thinking
2025-10-27 10:46:40,457 - GPU-0 - DEBUG -       [Latent] Step 1/1
2025-10-27 10:46:40,619 - GPU-0 - DEBUG -       [After Latent Recursive] 1 tokens unmasked
2025-10-27 10:46:40,619 - GPU-0 - INFO - [Block 13/16] Processing tokens 449-481
2025-10-27 10:46:40,619 - GPU-0 - DEBUG - [Block 12] Before forward: use_cache=True, x.shape=torch.Size([1, 577])
2025-10-27 10:46:40,619 - GPU-0 - DEBUG - [Block 12] Model type: LLaDAModelLM
2025-10-27 10:46:40,619 - GPU-0 - DEBUG - [Block 12] Model config use_cache: True
2025-10-27 10:46:40,642 - GPU-0 - DEBUG - [Block 12] After forward: pkv is None? False
2025-10-27 10:46:40,642 - GPU-0 - DEBUG - [Block 12] out type: CausalLMOutputWithPast
2025-10-27 10:46:40,642 - GPU-0 - DEBUG - [Block 12] pkv type: <class 'list'>, len: 32
2025-10-27 10:46:40,642 - GPU-0 - DEBUG - [Block 12] pkv[0] type: <class 'tuple'>, len: 2
2025-10-27 10:46:40,642 - GPU-0 - DEBUG - [Block 12] pkv[0][0].shape: torch.Size([1, 32, 577, 128])
2025-10-27 10:46:40,730 - GPU-0 - INFO -   [Initial Forward] 1 tokens unmasked
2025-10-27 10:46:40,731 - GPU-0 - INFO -   [Cycle 1]
2025-10-27 10:46:40,731 - GPU-0 - DEBUG -     [Latent Recursive] Starting 1 steps of latent thinking
2025-10-27 10:46:40,777 - GPU-0 - DEBUG -       [Latent] Step 1/1
2025-10-27 10:46:40,936 - GPU-0 - DEBUG -       [After Latent Recursive] 1 tokens unmasked
2025-10-27 10:46:40,936 - GPU-0 - INFO -   [Cycle 2]
2025-10-27 10:46:40,937 - GPU-0 - DEBUG -     [Latent Recursive] Starting 1 steps of latent thinking
2025-10-27 10:46:40,982 - GPU-0 - DEBUG -       [Latent] Step 1/1
2025-10-27 10:46:41,141 - GPU-0 - DEBUG -       [After Latent Recursive] 1 tokens unmasked
2025-10-27 10:46:41,142 - GPU-0 - INFO -   [Cycle 3]
2025-10-27 10:46:41,142 - GPU-0 - DEBUG -     [Latent Recursive] Starting 1 steps of latent thinking
2025-10-27 10:46:41,188 - GPU-0 - DEBUG -       [Latent] Step 1/1
2025-10-27 10:46:41,347 - GPU-0 - DEBUG -       [After Latent Recursive] 1 tokens unmasked
2025-10-27 10:46:41,347 - GPU-0 - INFO -   [Cycle 4]
2025-10-27 10:46:41,347 - GPU-0 - DEBUG -     [Latent Recursive] Starting 1 steps of latent thinking
2025-10-27 10:46:41,393 - GPU-0 - DEBUG -       [Latent] Step 1/1
2025-10-27 10:46:41,552 - GPU-0 - DEBUG -       [After Latent Recursive] 1 tokens unmasked
2025-10-27 10:46:41,553 - GPU-0 - INFO -   [Cycle 5]
2025-10-27 10:46:41,553 - GPU-0 - DEBUG -     [Latent Recursive] Starting 1 steps of latent thinking
2025-10-27 10:46:41,598 - GPU-0 - DEBUG -       [Latent] Step 1/1
2025-10-27 10:46:41,758 - GPU-0 - DEBUG -       [After Latent Recursive] 1 tokens unmasked
2025-10-27 10:46:41,758 - GPU-0 - INFO -   [Cycle 6]
2025-10-27 10:46:41,758 - GPU-0 - DEBUG -     [Latent Recursive] Starting 1 steps of latent thinking
2025-10-27 10:46:41,804 - GPU-0 - DEBUG -       [Latent] Step 1/1
2025-10-27 10:46:41,963 - GPU-0 - DEBUG -       [After Latent Recursive] 1 tokens unmasked
2025-10-27 10:46:41,963 - GPU-0 - INFO -   [Cycle 7]
2025-10-27 10:46:41,963 - GPU-0 - DEBUG -     [Latent Recursive] Starting 1 steps of latent thinking
2025-10-27 10:46:42,009 - GPU-0 - DEBUG -       [Latent] Step 1/1
2025-10-27 10:46:42,168 - GPU-0 - DEBUG -       [After Latent Recursive] 1 tokens unmasked
2025-10-27 10:46:42,169 - GPU-0 - INFO -   [Cycle 8]
2025-10-27 10:46:42,169 - GPU-0 - DEBUG -     [Latent Recursive] Starting 1 steps of latent thinking
2025-10-27 10:46:42,214 - GPU-0 - DEBUG -       [Latent] Step 1/1
2025-10-27 10:46:42,373 - GPU-0 - DEBUG -       [After Latent Recursive] 1 tokens unmasked
2025-10-27 10:46:42,374 - GPU-0 - INFO -   [Cycle 9]
2025-10-27 10:46:42,374 - GPU-0 - DEBUG -     [Latent Recursive] Starting 1 steps of latent thinking
2025-10-27 10:46:42,420 - GPU-0 - DEBUG -       [Latent] Step 1/1
2025-10-27 10:46:42,579 - GPU-0 - DEBUG -       [After Latent Recursive] 1 tokens unmasked
2025-10-27 10:46:42,580 - GPU-0 - INFO -   [Cycle 10]
2025-10-27 10:46:42,580 - GPU-0 - DEBUG -     [Latent Recursive] Starting 1 steps of latent thinking
2025-10-27 10:46:42,625 - GPU-0 - DEBUG -       [Latent] Step 1/1
2025-10-27 10:46:42,784 - GPU-0 - DEBUG -       [After Latent Recursive] 1 tokens unmasked
2025-10-27 10:46:42,785 - GPU-0 - INFO -   [Cycle 11]
2025-10-27 10:46:42,785 - GPU-0 - DEBUG -     [Latent Recursive] Starting 1 steps of latent thinking
2025-10-27 10:46:42,830 - GPU-0 - DEBUG -       [Latent] Step 1/1
2025-10-27 10:46:42,990 - GPU-0 - DEBUG -       [After Latent Recursive] 1 tokens unmasked
2025-10-27 10:46:42,990 - GPU-0 - INFO -   [Cycle 12]
2025-10-27 10:46:42,990 - GPU-0 - DEBUG -     [Latent Recursive] Starting 1 steps of latent thinking
2025-10-27 10:46:43,036 - GPU-0 - DEBUG -       [Latent] Step 1/1
2025-10-27 10:46:43,195 - GPU-0 - DEBUG -       [After Latent Recursive] 1 tokens unmasked
2025-10-27 10:46:43,196 - GPU-0 - INFO -   [Cycle 13]
2025-10-27 10:46:43,196 - GPU-0 - DEBUG -     [Latent Recursive] Starting 1 steps of latent thinking
2025-10-27 10:46:43,241 - GPU-0 - DEBUG -       [Latent] Step 1/1
2025-10-27 10:46:43,401 - GPU-0 - DEBUG -       [After Latent Recursive] 1 tokens unmasked
2025-10-27 10:46:43,401 - GPU-0 - INFO -   [Cycle 14]
2025-10-27 10:46:43,401 - GPU-0 - DEBUG -     [Latent Recursive] Starting 1 steps of latent thinking
2025-10-27 10:46:43,447 - GPU-0 - DEBUG -       [Latent] Step 1/1
2025-10-27 10:46:43,606 - GPU-0 - DEBUG -       [After Latent Recursive] 1 tokens unmasked
2025-10-27 10:46:43,606 - GPU-0 - INFO -   [Cycle 15]
2025-10-27 10:46:43,606 - GPU-0 - DEBUG -     [Latent Recursive] Starting 1 steps of latent thinking
2025-10-27 10:46:43,652 - GPU-0 - DEBUG -       [Latent] Step 1/1
2025-10-27 10:46:43,811 - GPU-0 - DEBUG -       [After Latent Recursive] 1 tokens unmasked
2025-10-27 10:46:43,812 - GPU-0 - INFO -   [Cycle 16]
2025-10-27 10:46:43,812 - GPU-0 - DEBUG -     [Latent Recursive] Starting 1 steps of latent thinking
2025-10-27 10:46:43,858 - GPU-0 - DEBUG -       [Latent] Step 1/1
2025-10-27 10:46:44,017 - GPU-0 - DEBUG -       [After Latent Recursive] 1 tokens unmasked
2025-10-27 10:46:44,018 - GPU-0 - INFO -   [Cycle 17]
2025-10-27 10:46:44,018 - GPU-0 - DEBUG -     [Latent Recursive] Starting 1 steps of latent thinking
2025-10-27 10:46:44,063 - GPU-0 - DEBUG -       [Latent] Step 1/1
2025-10-27 10:46:44,223 - GPU-0 - DEBUG -       [After Latent Recursive] 1 tokens unmasked
2025-10-27 10:46:44,223 - GPU-0 - INFO -   [Cycle 18]
2025-10-27 10:46:44,223 - GPU-0 - DEBUG -     [Latent Recursive] Starting 1 steps of latent thinking
2025-10-27 10:46:44,269 - GPU-0 - DEBUG -       [Latent] Step 1/1
2025-10-27 10:46:44,428 - GPU-0 - DEBUG -       [After Latent Recursive] 1 tokens unmasked
2025-10-27 10:46:44,429 - GPU-0 - INFO -   [Cycle 19]
2025-10-27 10:46:44,429 - GPU-0 - DEBUG -     [Latent Recursive] Starting 1 steps of latent thinking
2025-10-27 10:46:44,474 - GPU-0 - DEBUG -       [Latent] Step 1/1
2025-10-27 10:46:44,633 - GPU-0 - DEBUG -       [After Latent Recursive] 1 tokens unmasked
2025-10-27 10:46:44,634 - GPU-0 - INFO -   [Cycle 20]
2025-10-27 10:46:44,634 - GPU-0 - DEBUG -     [Latent Recursive] Starting 1 steps of latent thinking
2025-10-27 10:46:44,679 - GPU-0 - DEBUG -       [Latent] Step 1/1
2025-10-27 10:46:44,839 - GPU-0 - DEBUG -       [After Latent Recursive] 1 tokens unmasked
2025-10-27 10:46:44,839 - GPU-0 - INFO -   [Cycle 21]
2025-10-27 10:46:44,839 - GPU-0 - DEBUG -     [Latent Recursive] Starting 1 steps of latent thinking
2025-10-27 10:46:44,885 - GPU-0 - DEBUG -       [Latent] Step 1/1
2025-10-27 10:46:45,044 - GPU-0 - DEBUG -       [After Latent Recursive] 1 tokens unmasked
2025-10-27 10:46:45,044 - GPU-0 - INFO -   [Cycle 22]
2025-10-27 10:46:45,044 - GPU-0 - DEBUG -     [Latent Recursive] Starting 1 steps of latent thinking
2025-10-27 10:46:45,090 - GPU-0 - DEBUG -       [Latent] Step 1/1
2025-10-27 10:46:45,249 - GPU-0 - DEBUG -       [After Latent Recursive] 1 tokens unmasked
2025-10-27 10:46:45,249 - GPU-0 - INFO -   [Cycle 23]
2025-10-27 10:46:45,250 - GPU-0 - DEBUG -     [Latent Recursive] Starting 1 steps of latent thinking
2025-10-27 10:46:45,295 - GPU-0 - DEBUG -       [Latent] Step 1/1
2025-10-27 10:46:45,454 - GPU-0 - DEBUG -       [After Latent Recursive] 1 tokens unmasked
2025-10-27 10:46:45,455 - GPU-0 - INFO -   [Cycle 24]
2025-10-27 10:46:45,455 - GPU-0 - DEBUG -     [Latent Recursive] Starting 1 steps of latent thinking
2025-10-27 10:46:45,500 - GPU-0 - DEBUG -       [Latent] Step 1/1
2025-10-27 10:46:45,660 - GPU-0 - DEBUG -       [After Latent Recursive] 1 tokens unmasked
2025-10-27 10:46:45,660 - GPU-0 - INFO -   [Cycle 25]
2025-10-27 10:46:45,660 - GPU-0 - DEBUG -     [Latent Recursive] Starting 1 steps of latent thinking
2025-10-27 10:46:45,706 - GPU-0 - DEBUG -       [Latent] Step 1/1
2025-10-27 10:46:45,865 - GPU-0 - DEBUG -       [After Latent Recursive] 1 tokens unmasked
2025-10-27 10:46:45,866 - GPU-0 - INFO -   [Cycle 26]
2025-10-27 10:46:45,866 - GPU-0 - DEBUG -     [Latent Recursive] Starting 1 steps of latent thinking
2025-10-27 10:46:45,911 - GPU-0 - DEBUG -       [Latent] Step 1/1
2025-10-27 10:46:46,070 - GPU-0 - DEBUG -       [After Latent Recursive] 1 tokens unmasked
2025-10-27 10:46:46,071 - GPU-0 - INFO -   [Cycle 27]
2025-10-27 10:46:46,071 - GPU-0 - DEBUG -     [Latent Recursive] Starting 1 steps of latent thinking
2025-10-27 10:46:46,117 - GPU-0 - DEBUG -       [Latent] Step 1/1
2025-10-27 10:46:46,276 - GPU-0 - DEBUG -       [After Latent Recursive] 1 tokens unmasked
2025-10-27 10:46:46,276 - GPU-0 - INFO -   [Cycle 28]
2025-10-27 10:46:46,276 - GPU-0 - DEBUG -     [Latent Recursive] Starting 1 steps of latent thinking
2025-10-27 10:46:46,322 - GPU-0 - DEBUG -       [Latent] Step 1/1
2025-10-27 10:46:46,481 - GPU-0 - DEBUG -       [After Latent Recursive] 1 tokens unmasked
2025-10-27 10:46:46,482 - GPU-0 - INFO -   [Cycle 29]
2025-10-27 10:46:46,482 - GPU-0 - DEBUG -     [Latent Recursive] Starting 1 steps of latent thinking
2025-10-27 10:46:46,528 - GPU-0 - DEBUG -       [Latent] Step 1/1
2025-10-27 10:46:46,687 - GPU-0 - DEBUG -       [After Latent Recursive] 1 tokens unmasked
2025-10-27 10:46:46,687 - GPU-0 - INFO -   [Cycle 30]
2025-10-27 10:46:46,687 - GPU-0 - DEBUG -     [Latent Recursive] Starting 1 steps of latent thinking
2025-10-27 10:46:46,733 - GPU-0 - DEBUG -       [Latent] Step 1/1
2025-10-27 10:46:46,893 - GPU-0 - DEBUG -       [After Latent Recursive] 1 tokens unmasked
2025-10-27 10:46:46,893 - GPU-0 - INFO -   [Cycle 31]
2025-10-27 10:46:46,893 - GPU-0 - DEBUG -     [Latent Recursive] Starting 1 steps of latent thinking
2025-10-27 10:46:46,939 - GPU-0 - DEBUG -       [Latent] Step 1/1
2025-10-27 10:46:47,098 - GPU-0 - DEBUG -       [After Latent Recursive] 1 tokens unmasked
2025-10-27 10:46:47,099 - GPU-0 - INFO - [Block 14/16] Processing tokens 481-513
2025-10-27 10:46:47,099 - GPU-0 - DEBUG - [Block 13] Before forward: use_cache=True, x.shape=torch.Size([1, 577])
2025-10-27 10:46:47,099 - GPU-0 - DEBUG - [Block 13] Model type: LLaDAModelLM
2025-10-27 10:46:47,099 - GPU-0 - DEBUG - [Block 13] Model config use_cache: True
2025-10-27 10:46:47,122 - GPU-0 - DEBUG - [Block 13] After forward: pkv is None? False
2025-10-27 10:46:47,122 - GPU-0 - DEBUG - [Block 13] out type: CausalLMOutputWithPast
2025-10-27 10:46:47,122 - GPU-0 - DEBUG - [Block 13] pkv type: <class 'list'>, len: 32
2025-10-27 10:46:47,122 - GPU-0 - DEBUG - [Block 13] pkv[0] type: <class 'tuple'>, len: 2
2025-10-27 10:46:47,122 - GPU-0 - DEBUG - [Block 13] pkv[0][0].shape: torch.Size([1, 32, 577, 128])
2025-10-27 10:46:47,210 - GPU-0 - INFO -   [Initial Forward] 1 tokens unmasked
2025-10-27 10:46:47,211 - GPU-0 - INFO -   [Cycle 1]
2025-10-27 10:46:47,211 - GPU-0 - DEBUG -     [Latent Recursive] Starting 1 steps of latent thinking
2025-10-27 10:46:47,257 - GPU-0 - DEBUG -       [Latent] Step 1/1
2025-10-27 10:46:47,416 - GPU-0 - DEBUG -       [After Latent Recursive] 1 tokens unmasked
2025-10-27 10:46:47,416 - GPU-0 - INFO -   [Cycle 2]
2025-10-27 10:46:47,416 - GPU-0 - DEBUG -     [Latent Recursive] Starting 1 steps of latent thinking
2025-10-27 10:46:47,462 - GPU-0 - DEBUG -       [Latent] Step 1/1
2025-10-27 10:46:47,621 - GPU-0 - DEBUG -       [After Latent Recursive] 1 tokens unmasked
2025-10-27 10:46:47,621 - GPU-0 - INFO -   [Cycle 3]
2025-10-27 10:46:47,621 - GPU-0 - DEBUG -     [Latent Recursive] Starting 1 steps of latent thinking
2025-10-27 10:46:47,667 - GPU-0 - DEBUG -       [Latent] Step 1/1
2025-10-27 10:46:47,825 - GPU-0 - DEBUG -       [After Latent Recursive] 1 tokens unmasked
2025-10-27 10:46:47,825 - GPU-0 - INFO -   [Cycle 4]
2025-10-27 10:46:47,826 - GPU-0 - DEBUG -     [Latent Recursive] Starting 1 steps of latent thinking
2025-10-27 10:46:47,871 - GPU-0 - DEBUG -       [Latent] Step 1/1
2025-10-27 10:46:48,030 - GPU-0 - DEBUG -       [After Latent Recursive] 1 tokens unmasked
2025-10-27 10:46:48,030 - GPU-0 - INFO -   [Cycle 5]
2025-10-27 10:46:48,030 - GPU-0 - DEBUG -     [Latent Recursive] Starting 1 steps of latent thinking
2025-10-27 10:46:48,076 - GPU-0 - DEBUG -       [Latent] Step 1/1
2025-10-27 10:46:48,234 - GPU-0 - DEBUG -       [After Latent Recursive] 1 tokens unmasked
2025-10-27 10:46:48,234 - GPU-0 - INFO -   [Cycle 6]
2025-10-27 10:46:48,234 - GPU-0 - DEBUG -     [Latent Recursive] Starting 1 steps of latent thinking
2025-10-27 10:46:48,280 - GPU-0 - DEBUG -       [Latent] Step 1/1
2025-10-27 10:46:48,438 - GPU-0 - DEBUG -       [After Latent Recursive] 1 tokens unmasked
2025-10-27 10:46:48,439 - GPU-0 - INFO -   [Cycle 7]
2025-10-27 10:46:48,439 - GPU-0 - DEBUG -     [Latent Recursive] Starting 1 steps of latent thinking
2025-10-27 10:46:48,484 - GPU-0 - DEBUG -       [Latent] Step 1/1
2025-10-27 10:46:48,643 - GPU-0 - DEBUG -       [After Latent Recursive] 1 tokens unmasked
2025-10-27 10:46:48,643 - GPU-0 - INFO -   [Cycle 8]
2025-10-27 10:46:48,643 - GPU-0 - DEBUG -     [Latent Recursive] Starting 1 steps of latent thinking
2025-10-27 10:46:48,689 - GPU-0 - DEBUG -       [Latent] Step 1/1
2025-10-27 10:46:48,847 - GPU-0 - DEBUG -       [After Latent Recursive] 1 tokens unmasked
2025-10-27 10:46:48,848 - GPU-0 - INFO -   [Cycle 9]
2025-10-27 10:46:48,848 - GPU-0 - DEBUG -     [Latent Recursive] Starting 1 steps of latent thinking
2025-10-27 10:46:48,893 - GPU-0 - DEBUG -       [Latent] Step 1/1
2025-10-27 10:46:49,052 - GPU-0 - DEBUG -       [After Latent Recursive] 1 tokens unmasked
2025-10-27 10:46:49,052 - GPU-0 - INFO -   [Cycle 10]
2025-10-27 10:46:49,052 - GPU-0 - DEBUG -     [Latent Recursive] Starting 1 steps of latent thinking
2025-10-27 10:46:49,098 - GPU-0 - DEBUG -       [Latent] Step 1/1
2025-10-27 10:46:49,256 - GPU-0 - DEBUG -       [After Latent Recursive] 1 tokens unmasked
2025-10-27 10:46:49,257 - GPU-0 - INFO -   [Cycle 11]
2025-10-27 10:46:49,257 - GPU-0 - DEBUG -     [Latent Recursive] Starting 1 steps of latent thinking
2025-10-27 10:46:49,302 - GPU-0 - DEBUG -       [Latent] Step 1/1
2025-10-27 10:46:49,460 - GPU-0 - DEBUG -       [After Latent Recursive] 1 tokens unmasked
2025-10-27 10:46:49,461 - GPU-0 - INFO -   [Cycle 12]
2025-10-27 10:46:49,461 - GPU-0 - DEBUG -     [Latent Recursive] Starting 1 steps of latent thinking
2025-10-27 10:46:49,507 - GPU-0 - DEBUG -       [Latent] Step 1/1
2025-10-27 10:46:49,665 - GPU-0 - DEBUG -       [After Latent Recursive] 1 tokens unmasked
2025-10-27 10:46:49,665 - GPU-0 - INFO -   [Cycle 13]
2025-10-27 10:46:49,666 - GPU-0 - DEBUG -     [Latent Recursive] Starting 1 steps of latent thinking
2025-10-27 10:46:49,711 - GPU-0 - DEBUG -       [Latent] Step 1/1
2025-10-27 10:46:49,869 - GPU-0 - DEBUG -       [After Latent Recursive] 1 tokens unmasked
2025-10-27 10:46:49,870 - GPU-0 - INFO -   [Cycle 14]
2025-10-27 10:46:49,870 - GPU-0 - DEBUG -     [Latent Recursive] Starting 1 steps of latent thinking
2025-10-27 10:46:49,916 - GPU-0 - DEBUG -       [Latent] Step 1/1
2025-10-27 10:46:50,074 - GPU-0 - DEBUG -       [After Latent Recursive] 1 tokens unmasked
2025-10-27 10:46:50,074 - GPU-0 - INFO -   [Cycle 15]
2025-10-27 10:46:50,075 - GPU-0 - DEBUG -     [Latent Recursive] Starting 1 steps of latent thinking
2025-10-27 10:46:50,120 - GPU-0 - DEBUG -       [Latent] Step 1/1
2025-10-27 10:46:50,279 - GPU-0 - DEBUG -       [After Latent Recursive] 1 tokens unmasked
2025-10-27 10:46:50,279 - GPU-0 - INFO -   [Cycle 16]
2025-10-27 10:46:50,279 - GPU-0 - DEBUG -     [Latent Recursive] Starting 1 steps of latent thinking
2025-10-27 10:46:50,325 - GPU-0 - DEBUG -       [Latent] Step 1/1
2025-10-27 10:46:50,483 - GPU-0 - DEBUG -       [After Latent Recursive] 1 tokens unmasked
2025-10-27 10:46:50,484 - GPU-0 - INFO -   [Cycle 17]
2025-10-27 10:46:50,484 - GPU-0 - DEBUG -     [Latent Recursive] Starting 1 steps of latent thinking
2025-10-27 10:46:50,530 - GPU-0 - DEBUG -       [Latent] Step 1/1
2025-10-27 10:46:50,688 - GPU-0 - DEBUG -       [After Latent Recursive] 1 tokens unmasked
2025-10-27 10:46:50,688 - GPU-0 - INFO -   [Cycle 18]
2025-10-27 10:46:50,688 - GPU-0 - DEBUG -     [Latent Recursive] Starting 1 steps of latent thinking
2025-10-27 10:46:50,734 - GPU-0 - DEBUG -       [Latent] Step 1/1
2025-10-27 10:46:50,892 - GPU-0 - DEBUG -       [After Latent Recursive] 1 tokens unmasked
2025-10-27 10:46:50,893 - GPU-0 - INFO -   [Cycle 19]
2025-10-27 10:46:50,893 - GPU-0 - DEBUG -     [Latent Recursive] Starting 1 steps of latent thinking
2025-10-27 10:46:50,938 - GPU-0 - DEBUG -       [Latent] Step 1/1
2025-10-27 10:46:51,096 - GPU-0 - DEBUG -       [After Latent Recursive] 1 tokens unmasked
2025-10-27 10:46:51,097 - GPU-0 - INFO -   [Cycle 20]
2025-10-27 10:46:51,097 - GPU-0 - DEBUG -     [Latent Recursive] Starting 1 steps of latent thinking
2025-10-27 10:46:51,143 - GPU-0 - DEBUG -       [Latent] Step 1/1
2025-10-27 10:46:51,301 - GPU-0 - DEBUG -       [After Latent Recursive] 1 tokens unmasked
2025-10-27 10:46:51,301 - GPU-0 - INFO -   [Cycle 21]
2025-10-27 10:46:51,302 - GPU-0 - DEBUG -     [Latent Recursive] Starting 1 steps of latent thinking
2025-10-27 10:46:51,347 - GPU-0 - DEBUG -       [Latent] Step 1/1
2025-10-27 10:46:51,505 - GPU-0 - DEBUG -       [After Latent Recursive] 1 tokens unmasked
2025-10-27 10:46:51,506 - GPU-0 - INFO -   [Cycle 22]
2025-10-27 10:46:51,506 - GPU-0 - DEBUG -     [Latent Recursive] Starting 1 steps of latent thinking
2025-10-27 10:46:51,552 - GPU-0 - DEBUG -       [Latent] Step 1/1
2025-10-27 10:46:51,710 - GPU-0 - DEBUG -       [After Latent Recursive] 1 tokens unmasked
2025-10-27 10:46:51,711 - GPU-0 - INFO -   [Cycle 23]
2025-10-27 10:46:51,711 - GPU-0 - DEBUG -     [Latent Recursive] Starting 1 steps of latent thinking
2025-10-27 10:46:51,756 - GPU-0 - DEBUG -       [Latent] Step 1/1
2025-10-27 10:46:51,914 - GPU-0 - DEBUG -       [After Latent Recursive] 1 tokens unmasked
2025-10-27 10:46:51,915 - GPU-0 - INFO -   [Cycle 24]
2025-10-27 10:46:51,915 - GPU-0 - DEBUG -     [Latent Recursive] Starting 1 steps of latent thinking
2025-10-27 10:46:51,961 - GPU-0 - DEBUG -       [Latent] Step 1/1
2025-10-27 10:46:52,119 - GPU-0 - DEBUG -       [After Latent Recursive] 1 tokens unmasked
2025-10-27 10:46:52,119 - GPU-0 - INFO -   [Cycle 25]
2025-10-27 10:46:52,120 - GPU-0 - DEBUG -     [Latent Recursive] Starting 1 steps of latent thinking
2025-10-27 10:46:52,165 - GPU-0 - DEBUG -       [Latent] Step 1/1
2025-10-27 10:46:52,324 - GPU-0 - DEBUG -       [After Latent Recursive] 1 tokens unmasked
2025-10-27 10:46:52,324 - GPU-0 - INFO -   [Cycle 26]
2025-10-27 10:46:52,324 - GPU-0 - DEBUG -     [Latent Recursive] Starting 1 steps of latent thinking
2025-10-27 10:46:52,370 - GPU-0 - DEBUG -       [Latent] Step 1/1
2025-10-27 10:46:52,528 - GPU-0 - DEBUG -       [After Latent Recursive] 1 tokens unmasked
2025-10-27 10:46:52,529 - GPU-0 - INFO -   [Cycle 27]
2025-10-27 10:46:52,529 - GPU-0 - DEBUG -     [Latent Recursive] Starting 1 steps of latent thinking
2025-10-27 10:46:52,575 - GPU-0 - DEBUG -       [Latent] Step 1/1
2025-10-27 10:46:52,733 - GPU-0 - DEBUG -       [After Latent Recursive] 1 tokens unmasked
2025-10-27 10:46:52,733 - GPU-0 - INFO -   [Cycle 28]
2025-10-27 10:46:52,733 - GPU-0 - DEBUG -     [Latent Recursive] Starting 1 steps of latent thinking
2025-10-27 10:46:52,779 - GPU-0 - DEBUG -       [Latent] Step 1/1
2025-10-27 10:46:52,937 - GPU-0 - DEBUG -       [After Latent Recursive] 1 tokens unmasked
2025-10-27 10:46:52,938 - GPU-0 - INFO -   [Cycle 29]
2025-10-27 10:46:52,938 - GPU-0 - DEBUG -     [Latent Recursive] Starting 1 steps of latent thinking
2025-10-27 10:46:52,983 - GPU-0 - DEBUG -       [Latent] Step 1/1
2025-10-27 10:46:53,142 - GPU-0 - DEBUG -       [After Latent Recursive] 1 tokens unmasked
2025-10-27 10:46:53,142 - GPU-0 - INFO -   [Cycle 30]
2025-10-27 10:46:53,142 - GPU-0 - DEBUG -     [Latent Recursive] Starting 1 steps of latent thinking
2025-10-27 10:46:53,188 - GPU-0 - DEBUG -       [Latent] Step 1/1
2025-10-27 10:46:53,346 - GPU-0 - DEBUG -       [After Latent Recursive] 1 tokens unmasked
2025-10-27 10:46:53,347 - GPU-0 - INFO -   [Cycle 31]
2025-10-27 10:46:53,347 - GPU-0 - DEBUG -     [Latent Recursive] Starting 1 steps of latent thinking
2025-10-27 10:46:53,392 - GPU-0 - DEBUG -       [Latent] Step 1/1
2025-10-27 10:46:53,551 - GPU-0 - DEBUG -       [After Latent Recursive] 1 tokens unmasked
2025-10-27 10:46:53,551 - GPU-0 - INFO - [Block 15/16] Processing tokens 513-545
2025-10-27 10:46:53,551 - GPU-0 - DEBUG - [Block 14] Before forward: use_cache=True, x.shape=torch.Size([1, 577])
2025-10-27 10:46:53,552 - GPU-0 - DEBUG - [Block 14] Model type: LLaDAModelLM
2025-10-27 10:46:53,552 - GPU-0 - DEBUG - [Block 14] Model config use_cache: True
2025-10-27 10:46:53,574 - GPU-0 - DEBUG - [Block 14] After forward: pkv is None? False
2025-10-27 10:46:53,574 - GPU-0 - DEBUG - [Block 14] out type: CausalLMOutputWithPast
2025-10-27 10:46:53,575 - GPU-0 - DEBUG - [Block 14] pkv type: <class 'list'>, len: 32
2025-10-27 10:46:53,575 - GPU-0 - DEBUG - [Block 14] pkv[0] type: <class 'tuple'>, len: 2
2025-10-27 10:46:53,575 - GPU-0 - DEBUG - [Block 14] pkv[0][0].shape: torch.Size([1, 32, 577, 128])
2025-10-27 10:46:53,663 - GPU-0 - INFO -   [Initial Forward] 1 tokens unmasked
2025-10-27 10:46:53,663 - GPU-0 - INFO -   [Cycle 1]
2025-10-27 10:46:53,663 - GPU-0 - DEBUG -     [Latent Recursive] Starting 1 steps of latent thinking
2025-10-27 10:46:53,709 - GPU-0 - DEBUG -       [Latent] Step 1/1
2025-10-27 10:46:53,865 - GPU-0 - DEBUG -       [After Latent Recursive] 1 tokens unmasked
2025-10-27 10:46:53,866 - GPU-0 - INFO -   [Cycle 2]
2025-10-27 10:46:53,866 - GPU-0 - DEBUG -     [Latent Recursive] Starting 1 steps of latent thinking
2025-10-27 10:46:53,912 - GPU-0 - DEBUG -       [Latent] Step 1/1
2025-10-27 10:46:54,068 - GPU-0 - DEBUG -       [After Latent Recursive] 1 tokens unmasked
2025-10-27 10:46:54,068 - GPU-0 - INFO -   [Cycle 3]
2025-10-27 10:46:54,068 - GPU-0 - DEBUG -     [Latent Recursive] Starting 1 steps of latent thinking
2025-10-27 10:46:54,114 - GPU-0 - DEBUG -       [Latent] Step 1/1
2025-10-27 10:46:54,270 - GPU-0 - DEBUG -       [After Latent Recursive] 1 tokens unmasked
2025-10-27 10:46:54,271 - GPU-0 - INFO -   [Cycle 4]
2025-10-27 10:46:54,271 - GPU-0 - DEBUG -     [Latent Recursive] Starting 1 steps of latent thinking
2025-10-27 10:46:54,317 - GPU-0 - DEBUG -       [Latent] Step 1/1
2025-10-27 10:46:54,473 - GPU-0 - DEBUG -       [After Latent Recursive] 1 tokens unmasked
2025-10-27 10:46:54,473 - GPU-0 - INFO -   [Cycle 5]
2025-10-27 10:46:54,473 - GPU-0 - DEBUG -     [Latent Recursive] Starting 1 steps of latent thinking
2025-10-27 10:46:54,519 - GPU-0 - DEBUG -       [Latent] Step 1/1
2025-10-27 10:46:54,675 - GPU-0 - DEBUG -       [After Latent Recursive] 1 tokens unmasked
2025-10-27 10:46:54,675 - GPU-0 - INFO -   [Cycle 6]
2025-10-27 10:46:54,675 - GPU-0 - DEBUG -     [Latent Recursive] Starting 1 steps of latent thinking
2025-10-27 10:46:54,721 - GPU-0 - DEBUG -       [Latent] Step 1/1
2025-10-27 10:46:54,877 - GPU-0 - DEBUG -       [After Latent Recursive] 1 tokens unmasked
2025-10-27 10:46:54,877 - GPU-0 - INFO -   [Cycle 7]
2025-10-27 10:46:54,878 - GPU-0 - DEBUG -     [Latent Recursive] Starting 1 steps of latent thinking
2025-10-27 10:46:54,923 - GPU-0 - DEBUG -       [Latent] Step 1/1
2025-10-27 10:46:55,079 - GPU-0 - DEBUG -       [After Latent Recursive] 1 tokens unmasked
2025-10-27 10:46:55,080 - GPU-0 - INFO -   [Cycle 8]
2025-10-27 10:46:55,080 - GPU-0 - DEBUG -     [Latent Recursive] Starting 1 steps of latent thinking
2025-10-27 10:46:55,126 - GPU-0 - DEBUG -       [Latent] Step 1/1
2025-10-27 10:46:55,282 - GPU-0 - DEBUG -       [After Latent Recursive] 1 tokens unmasked
2025-10-27 10:46:55,282 - GPU-0 - INFO -   [Cycle 9]
2025-10-27 10:46:55,282 - GPU-0 - DEBUG -     [Latent Recursive] Starting 1 steps of latent thinking
2025-10-27 10:46:55,328 - GPU-0 - DEBUG -       [Latent] Step 1/1
2025-10-27 10:46:55,484 - GPU-0 - DEBUG -       [After Latent Recursive] 1 tokens unmasked
2025-10-27 10:46:55,484 - GPU-0 - INFO -   [Cycle 10]
2025-10-27 10:46:55,484 - GPU-0 - DEBUG -     [Latent Recursive] Starting 1 steps of latent thinking
2025-10-27 10:46:55,530 - GPU-0 - DEBUG -       [Latent] Step 1/1
2025-10-27 10:46:55,686 - GPU-0 - DEBUG -       [After Latent Recursive] 1 tokens unmasked
2025-10-27 10:46:55,686 - GPU-0 - INFO -   [Cycle 11]
2025-10-27 10:46:55,687 - GPU-0 - DEBUG -     [Latent Recursive] Starting 1 steps of latent thinking
2025-10-27 10:46:55,732 - GPU-0 - DEBUG -       [Latent] Step 1/1
2025-10-27 10:46:55,888 - GPU-0 - DEBUG -       [After Latent Recursive] 1 tokens unmasked
2025-10-27 10:46:55,888 - GPU-0 - INFO -   [Cycle 12]
2025-10-27 10:46:55,889 - GPU-0 - DEBUG -     [Latent Recursive] Starting 1 steps of latent thinking
2025-10-27 10:46:55,934 - GPU-0 - DEBUG -       [Latent] Step 1/1
2025-10-27 10:46:56,091 - GPU-0 - DEBUG -       [After Latent Recursive] 1 tokens unmasked
2025-10-27 10:46:56,091 - GPU-0 - INFO -   [Cycle 13]
2025-10-27 10:46:56,091 - GPU-0 - DEBUG -     [Latent Recursive] Starting 1 steps of latent thinking
2025-10-27 10:46:56,137 - GPU-0 - DEBUG -       [Latent] Step 1/1
2025-10-27 10:46:56,293 - GPU-0 - DEBUG -       [After Latent Recursive] 1 tokens unmasked
2025-10-27 10:46:56,293 - GPU-0 - INFO -   [Cycle 14]
2025-10-27 10:46:56,293 - GPU-0 - DEBUG -     [Latent Recursive] Starting 1 steps of latent thinking
2025-10-27 10:46:56,339 - GPU-0 - DEBUG -       [Latent] Step 1/1
2025-10-27 10:46:56,495 - GPU-0 - DEBUG -       [After Latent Recursive] 1 tokens unmasked
2025-10-27 10:46:56,495 - GPU-0 - INFO -   [Cycle 15]
2025-10-27 10:46:56,495 - GPU-0 - DEBUG -     [Latent Recursive] Starting 1 steps of latent thinking
2025-10-27 10:46:56,541 - GPU-0 - DEBUG -       [Latent] Step 1/1
2025-10-27 10:46:56,697 - GPU-0 - DEBUG -       [After Latent Recursive] 1 tokens unmasked
2025-10-27 10:46:56,698 - GPU-0 - INFO -   [Cycle 16]
2025-10-27 10:46:56,698 - GPU-0 - DEBUG -     [Latent Recursive] Starting 1 steps of latent thinking
2025-10-27 10:46:56,744 - GPU-0 - DEBUG -       [Latent] Step 1/1
2025-10-27 10:46:56,900 - GPU-0 - DEBUG -       [After Latent Recursive] 1 tokens unmasked
2025-10-27 10:46:56,900 - GPU-0 - INFO -   [Cycle 17]
2025-10-27 10:46:56,901 - GPU-0 - DEBUG -     [Latent Recursive] Starting 1 steps of latent thinking
2025-10-27 10:46:56,947 - GPU-0 - DEBUG -       [Latent] Step 1/1
2025-10-27 10:46:57,103 - GPU-0 - DEBUG -       [After Latent Recursive] 1 tokens unmasked
2025-10-27 10:46:57,103 - GPU-0 - INFO -   [Cycle 18]
2025-10-27 10:46:57,103 - GPU-0 - DEBUG -     [Latent Recursive] Starting 1 steps of latent thinking
2025-10-27 10:46:57,149 - GPU-0 - DEBUG -       [Latent] Step 1/1
2025-10-27 10:46:57,305 - GPU-0 - DEBUG -       [After Latent Recursive] 1 tokens unmasked
2025-10-27 10:46:57,306 - GPU-0 - INFO -   [Cycle 19]
2025-10-27 10:46:57,306 - GPU-0 - DEBUG -     [Latent Recursive] Starting 1 steps of latent thinking
2025-10-27 10:46:57,352 - GPU-0 - DEBUG -       [Latent] Step 1/1
2025-10-27 10:46:57,508 - GPU-0 - DEBUG -       [After Latent Recursive] 1 tokens unmasked
2025-10-27 10:46:57,508 - GPU-0 - INFO -   [Cycle 20]
2025-10-27 10:46:57,508 - GPU-0 - DEBUG -     [Latent Recursive] Starting 1 steps of latent thinking
2025-10-27 10:46:57,554 - GPU-0 - DEBUG -       [Latent] Step 1/1
2025-10-27 10:46:57,711 - GPU-0 - DEBUG -       [After Latent Recursive] 1 tokens unmasked
2025-10-27 10:46:57,711 - GPU-0 - INFO -   [Cycle 21]
2025-10-27 10:46:57,711 - GPU-0 - DEBUG -     [Latent Recursive] Starting 1 steps of latent thinking
2025-10-27 10:46:57,757 - GPU-0 - DEBUG -       [Latent] Step 1/1
2025-10-27 10:46:57,913 - GPU-0 - DEBUG -       [After Latent Recursive] 1 tokens unmasked
2025-10-27 10:46:57,914 - GPU-0 - INFO -   [Cycle 22]
2025-10-27 10:46:57,914 - GPU-0 - DEBUG -     [Latent Recursive] Starting 1 steps of latent thinking
2025-10-27 10:46:57,960 - GPU-0 - DEBUG -       [Latent] Step 1/1
2025-10-27 10:46:58,116 - GPU-0 - DEBUG -       [After Latent Recursive] 1 tokens unmasked
2025-10-27 10:46:58,117 - GPU-0 - INFO -   [Cycle 23]
2025-10-27 10:46:58,117 - GPU-0 - DEBUG -     [Latent Recursive] Starting 1 steps of latent thinking
2025-10-27 10:46:58,163 - GPU-0 - DEBUG -       [Latent] Step 1/1
2025-10-27 10:46:58,319 - GPU-0 - DEBUG -       [After Latent Recursive] 1 tokens unmasked
2025-10-27 10:46:58,319 - GPU-0 - INFO -   [Cycle 24]
2025-10-27 10:46:58,319 - GPU-0 - DEBUG -     [Latent Recursive] Starting 1 steps of latent thinking
2025-10-27 10:46:58,365 - GPU-0 - DEBUG -       [Latent] Step 1/1
2025-10-27 10:46:58,521 - GPU-0 - DEBUG -       [After Latent Recursive] 1 tokens unmasked
2025-10-27 10:46:58,522 - GPU-0 - INFO -   [Cycle 25]
2025-10-27 10:46:58,522 - GPU-0 - DEBUG -     [Latent Recursive] Starting 1 steps of latent thinking
2025-10-27 10:46:58,568 - GPU-0 - DEBUG -       [Latent] Step 1/1
2025-10-27 10:46:58,724 - GPU-0 - DEBUG -       [After Latent Recursive] 1 tokens unmasked
2025-10-27 10:46:58,724 - GPU-0 - INFO -   [Cycle 26]
2025-10-27 10:46:58,725 - GPU-0 - DEBUG -     [Latent Recursive] Starting 1 steps of latent thinking
2025-10-27 10:46:58,770 - GPU-0 - DEBUG -       [Latent] Step 1/1
2025-10-27 10:46:58,927 - GPU-0 - DEBUG -       [After Latent Recursive] 1 tokens unmasked
2025-10-27 10:46:58,927 - GPU-0 - INFO -   [Cycle 27]
2025-10-27 10:46:58,927 - GPU-0 - DEBUG -     [Latent Recursive] Starting 1 steps of latent thinking
2025-10-27 10:46:58,973 - GPU-0 - DEBUG -       [Latent] Step 1/1
2025-10-27 10:46:59,129 - GPU-0 - DEBUG -       [After Latent Recursive] 1 tokens unmasked
2025-10-27 10:46:59,130 - GPU-0 - INFO -   [Cycle 28]
2025-10-27 10:46:59,130 - GPU-0 - DEBUG -     [Latent Recursive] Starting 1 steps of latent thinking
2025-10-27 10:46:59,176 - GPU-0 - DEBUG -       [Latent] Step 1/1
2025-10-27 10:46:59,332 - GPU-0 - DEBUG -       [After Latent Recursive] 1 tokens unmasked
2025-10-27 10:46:59,332 - GPU-0 - INFO -   [Cycle 29]
2025-10-27 10:46:59,332 - GPU-0 - DEBUG -     [Latent Recursive] Starting 1 steps of latent thinking
2025-10-27 10:46:59,378 - GPU-0 - DEBUG -       [Latent] Step 1/1
2025-10-27 10:46:59,534 - GPU-0 - DEBUG -       [After Latent Recursive] 1 tokens unmasked
2025-10-27 10:46:59,535 - GPU-0 - INFO -   [Cycle 30]
2025-10-27 10:46:59,535 - GPU-0 - DEBUG -     [Latent Recursive] Starting 1 steps of latent thinking
2025-10-27 10:46:59,580 - GPU-0 - DEBUG -       [Latent] Step 1/1
2025-10-27 10:46:59,737 - GPU-0 - DEBUG -       [After Latent Recursive] 1 tokens unmasked
2025-10-27 10:46:59,737 - GPU-0 - INFO -   [Cycle 31]
2025-10-27 10:46:59,737 - GPU-0 - DEBUG -     [Latent Recursive] Starting 1 steps of latent thinking
2025-10-27 10:46:59,783 - GPU-0 - DEBUG -       [Latent] Step 1/1
2025-10-27 10:46:59,939 - GPU-0 - DEBUG -       [After Latent Recursive] 1 tokens unmasked
2025-10-27 10:46:59,940 - GPU-0 - INFO - [Block 16/16] Processing tokens 545-577
2025-10-27 10:46:59,940 - GPU-0 - DEBUG - [Block 15] Before forward: use_cache=True, x.shape=torch.Size([1, 577])
2025-10-27 10:46:59,940 - GPU-0 - DEBUG - [Block 15] Model type: LLaDAModelLM
2025-10-27 10:46:59,940 - GPU-0 - DEBUG - [Block 15] Model config use_cache: True
2025-10-27 10:46:59,963 - GPU-0 - DEBUG - [Block 15] After forward: pkv is None? False
2025-10-27 10:46:59,963 - GPU-0 - DEBUG - [Block 15] out type: CausalLMOutputWithPast
2025-10-27 10:46:59,963 - GPU-0 - DEBUG - [Block 15] pkv type: <class 'list'>, len: 32
2025-10-27 10:46:59,963 - GPU-0 - DEBUG - [Block 15] pkv[0] type: <class 'tuple'>, len: 2
2025-10-27 10:46:59,963 - GPU-0 - DEBUG - [Block 15] pkv[0][0].shape: torch.Size([1, 32, 577, 128])
2025-10-27 10:47:00,051 - GPU-0 - INFO -   [Initial Forward] 1 tokens unmasked
2025-10-27 10:47:00,052 - GPU-0 - INFO -   [Cycle 1]
2025-10-27 10:47:00,052 - GPU-0 - DEBUG -     [Latent Recursive] Starting 1 steps of latent thinking
2025-10-27 10:47:00,098 - GPU-0 - DEBUG -       [Latent] Step 1/1
2025-10-27 10:47:00,254 - GPU-0 - DEBUG -       [After Latent Recursive] 1 tokens unmasked
2025-10-27 10:47:00,254 - GPU-0 - INFO -   [Cycle 2]
2025-10-27 10:47:00,254 - GPU-0 - DEBUG -     [Latent Recursive] Starting 1 steps of latent thinking
2025-10-27 10:47:00,300 - GPU-0 - DEBUG -       [Latent] Step 1/1
2025-10-27 10:47:00,455 - GPU-0 - DEBUG -       [After Latent Recursive] 1 tokens unmasked
2025-10-27 10:47:00,456 - GPU-0 - INFO -   [Cycle 3]
2025-10-27 10:47:00,456 - GPU-0 - DEBUG -     [Latent Recursive] Starting 1 steps of latent thinking
2025-10-27 10:47:00,501 - GPU-0 - DEBUG -       [Latent] Step 1/1
2025-10-27 10:47:00,657 - GPU-0 - DEBUG -       [After Latent Recursive] 1 tokens unmasked
2025-10-27 10:47:00,657 - GPU-0 - INFO -   [Cycle 4]
2025-10-27 10:47:00,658 - GPU-0 - DEBUG -     [Latent Recursive] Starting 1 steps of latent thinking
2025-10-27 10:47:00,703 - GPU-0 - DEBUG -       [Latent] Step 1/1
2025-10-27 10:47:00,859 - GPU-0 - DEBUG -       [After Latent Recursive] 1 tokens unmasked
2025-10-27 10:47:00,859 - GPU-0 - INFO -   [Cycle 5]
2025-10-27 10:47:00,859 - GPU-0 - DEBUG -     [Latent Recursive] Starting 1 steps of latent thinking
2025-10-27 10:47:00,905 - GPU-0 - DEBUG -       [Latent] Step 1/1
2025-10-27 10:47:01,060 - GPU-0 - DEBUG -       [After Latent Recursive] 1 tokens unmasked
2025-10-27 10:47:01,061 - GPU-0 - INFO -   [Cycle 6]
2025-10-27 10:47:01,061 - GPU-0 - DEBUG -     [Latent Recursive] Starting 1 steps of latent thinking
2025-10-27 10:47:01,107 - GPU-0 - DEBUG -       [Latent] Step 1/1
2025-10-27 10:47:01,262 - GPU-0 - DEBUG -       [After Latent Recursive] 1 tokens unmasked
2025-10-27 10:47:01,262 - GPU-0 - INFO -   [Cycle 7]
2025-10-27 10:47:01,263 - GPU-0 - DEBUG -     [Latent Recursive] Starting 1 steps of latent thinking
2025-10-27 10:47:01,308 - GPU-0 - DEBUG -       [Latent] Step 1/1
2025-10-27 10:47:01,464 - GPU-0 - DEBUG -       [After Latent Recursive] 1 tokens unmasked
2025-10-27 10:47:01,464 - GPU-0 - INFO -   [Cycle 8]
2025-10-27 10:47:01,464 - GPU-0 - DEBUG -     [Latent Recursive] Starting 1 steps of latent thinking
2025-10-27 10:47:01,510 - GPU-0 - DEBUG -       [Latent] Step 1/1
2025-10-27 10:47:01,665 - GPU-0 - DEBUG -       [After Latent Recursive] 1 tokens unmasked
2025-10-27 10:47:01,666 - GPU-0 - INFO -   [Cycle 9]
2025-10-27 10:47:01,666 - GPU-0 - DEBUG -     [Latent Recursive] Starting 1 steps of latent thinking
2025-10-27 10:47:01,712 - GPU-0 - DEBUG -       [Latent] Step 1/1
2025-10-27 10:47:01,867 - GPU-0 - DEBUG -       [After Latent Recursive] 1 tokens unmasked
2025-10-27 10:47:01,867 - GPU-0 - INFO -   [Cycle 10]
2025-10-27 10:47:01,867 - GPU-0 - DEBUG -     [Latent Recursive] Starting 1 steps of latent thinking
2025-10-27 10:47:01,913 - GPU-0 - DEBUG -       [Latent] Step 1/1
2025-10-27 10:47:02,068 - GPU-0 - DEBUG -       [After Latent Recursive] 1 tokens unmasked
2025-10-27 10:47:02,069 - GPU-0 - INFO -   [Cycle 11]
2025-10-27 10:47:02,069 - GPU-0 - DEBUG -     [Latent Recursive] Starting 1 steps of latent thinking
2025-10-27 10:47:02,114 - GPU-0 - DEBUG -       [Latent] Step 1/1
2025-10-27 10:47:02,270 - GPU-0 - DEBUG -       [After Latent Recursive] 1 tokens unmasked
2025-10-27 10:47:02,270 - GPU-0 - INFO -   [Cycle 12]
2025-10-27 10:47:02,270 - GPU-0 - DEBUG -     [Latent Recursive] Starting 1 steps of latent thinking
2025-10-27 10:47:02,316 - GPU-0 - DEBUG -       [Latent] Step 1/1
2025-10-27 10:47:02,472 - GPU-0 - DEBUG -       [After Latent Recursive] 1 tokens unmasked
2025-10-27 10:47:02,472 - GPU-0 - INFO -   [Cycle 13]
2025-10-27 10:47:02,472 - GPU-0 - DEBUG -     [Latent Recursive] Starting 1 steps of latent thinking
2025-10-27 10:47:02,518 - GPU-0 - DEBUG -       [Latent] Step 1/1
2025-10-27 10:47:02,673 - GPU-0 - DEBUG -       [After Latent Recursive] 1 tokens unmasked
2025-10-27 10:47:02,673 - GPU-0 - INFO -   [Cycle 14]
2025-10-27 10:47:02,674 - GPU-0 - DEBUG -     [Latent Recursive] Starting 1 steps of latent thinking
2025-10-27 10:47:02,719 - GPU-0 - DEBUG -       [Latent] Step 1/1
2025-10-27 10:47:02,875 - GPU-0 - DEBUG -       [After Latent Recursive] 1 tokens unmasked
2025-10-27 10:47:02,875 - GPU-0 - INFO -   [Cycle 15]
2025-10-27 10:47:02,875 - GPU-0 - DEBUG -     [Latent Recursive] Starting 1 steps of latent thinking
2025-10-27 10:47:02,921 - GPU-0 - DEBUG -       [Latent] Step 1/1
2025-10-27 10:47:03,076 - GPU-0 - DEBUG -       [After Latent Recursive] 1 tokens unmasked
2025-10-27 10:47:03,076 - GPU-0 - INFO -   [Cycle 16]
2025-10-27 10:47:03,077 - GPU-0 - DEBUG -     [Latent Recursive] Starting 1 steps of latent thinking
2025-10-27 10:47:03,122 - GPU-0 - DEBUG -       [Latent] Step 1/1
2025-10-27 10:47:03,278 - GPU-0 - DEBUG -       [After Latent Recursive] 1 tokens unmasked
2025-10-27 10:47:03,278 - GPU-0 - INFO -   [Cycle 17]
2025-10-27 10:47:03,279 - GPU-0 - DEBUG -     [Latent Recursive] Starting 1 steps of latent thinking
2025-10-27 10:47:03,324 - GPU-0 - DEBUG -       [Latent] Step 1/1
2025-10-27 10:47:03,480 - GPU-0 - DEBUG -       [After Latent Recursive] 1 tokens unmasked
2025-10-27 10:47:03,480 - GPU-0 - INFO -   [Cycle 18]
2025-10-27 10:47:03,480 - GPU-0 - DEBUG -     [Latent Recursive] Starting 1 steps of latent thinking
2025-10-27 10:47:03,526 - GPU-0 - DEBUG -       [Latent] Step 1/1
2025-10-27 10:47:03,681 - GPU-0 - DEBUG -       [After Latent Recursive] 1 tokens unmasked
2025-10-27 10:47:03,682 - GPU-0 - INFO -   [Cycle 19]
2025-10-27 10:47:03,682 - GPU-0 - DEBUG -     [Latent Recursive] Starting 1 steps of latent thinking
2025-10-27 10:47:03,728 - GPU-0 - DEBUG -       [Latent] Step 1/1
2025-10-27 10:47:03,883 - GPU-0 - DEBUG -       [After Latent Recursive] 1 tokens unmasked
2025-10-27 10:47:03,883 - GPU-0 - INFO -   [Cycle 20]
2025-10-27 10:47:03,884 - GPU-0 - DEBUG -     [Latent Recursive] Starting 1 steps of latent thinking
2025-10-27 10:47:03,929 - GPU-0 - DEBUG -       [Latent] Step 1/1
2025-10-27 10:47:04,085 - GPU-0 - DEBUG -       [After Latent Recursive] 1 tokens unmasked
2025-10-27 10:47:04,085 - GPU-0 - INFO -   [Cycle 21]
2025-10-27 10:47:04,085 - GPU-0 - DEBUG -     [Latent Recursive] Starting 1 steps of latent thinking
2025-10-27 10:47:04,131 - GPU-0 - DEBUG -       [Latent] Step 1/1
2025-10-27 10:47:04,286 - GPU-0 - DEBUG -       [After Latent Recursive] 1 tokens unmasked
2025-10-27 10:47:04,287 - GPU-0 - INFO -   [Cycle 22]
2025-10-27 10:47:04,287 - GPU-0 - DEBUG -     [Latent Recursive] Starting 1 steps of latent thinking
2025-10-27 10:47:04,332 - GPU-0 - DEBUG -       [Latent] Step 1/1
2025-10-27 10:47:04,488 - GPU-0 - DEBUG -       [After Latent Recursive] 1 tokens unmasked
2025-10-27 10:47:04,488 - GPU-0 - INFO -   [Cycle 23]
2025-10-27 10:47:04,489 - GPU-0 - DEBUG -     [Latent Recursive] Starting 1 steps of latent thinking
2025-10-27 10:47:04,534 - GPU-0 - DEBUG -       [Latent] Step 1/1
2025-10-27 10:47:04,690 - GPU-0 - DEBUG -       [After Latent Recursive] 1 tokens unmasked
2025-10-27 10:47:04,691 - GPU-0 - INFO -   [Cycle 24]
2025-10-27 10:47:04,691 - GPU-0 - DEBUG -     [Latent Recursive] Starting 1 steps of latent thinking
2025-10-27 10:47:04,736 - GPU-0 - DEBUG -       [Latent] Step 1/1
2025-10-27 10:47:04,892 - GPU-0 - DEBUG -       [After Latent Recursive] 1 tokens unmasked
2025-10-27 10:47:04,892 - GPU-0 - INFO -   [Cycle 25]
2025-10-27 10:47:04,892 - GPU-0 - DEBUG -     [Latent Recursive] Starting 1 steps of latent thinking
2025-10-27 10:47:04,938 - GPU-0 - DEBUG -       [Latent] Step 1/1
2025-10-27 10:47:05,093 - GPU-0 - DEBUG -       [After Latent Recursive] 1 tokens unmasked
2025-10-27 10:47:05,094 - GPU-0 - INFO -   [Cycle 26]
2025-10-27 10:47:05,094 - GPU-0 - DEBUG -     [Latent Recursive] Starting 1 steps of latent thinking
2025-10-27 10:47:05,140 - GPU-0 - DEBUG -       [Latent] Step 1/1
2025-10-27 10:47:05,295 - GPU-0 - DEBUG -       [After Latent Recursive] 1 tokens unmasked
2025-10-27 10:47:05,295 - GPU-0 - INFO -   [Cycle 27]
2025-10-27 10:47:05,296 - GPU-0 - DEBUG -     [Latent Recursive] Starting 1 steps of latent thinking
2025-10-27 10:47:05,341 - GPU-0 - DEBUG -       [Latent] Step 1/1
2025-10-27 10:47:05,498 - GPU-0 - DEBUG -       [After Latent Recursive] 1 tokens unmasked
2025-10-27 10:47:05,498 - GPU-0 - INFO -   [Cycle 28]
2025-10-27 10:47:05,498 - GPU-0 - DEBUG -     [Latent Recursive] Starting 1 steps of latent thinking
2025-10-27 10:47:05,544 - GPU-0 - DEBUG -       [Latent] Step 1/1
2025-10-27 10:47:05,700 - GPU-0 - DEBUG -       [After Latent Recursive] 1 tokens unmasked
2025-10-27 10:47:05,701 - GPU-0 - INFO -   [Cycle 29]
2025-10-27 10:47:05,701 - GPU-0 - DEBUG -     [Latent Recursive] Starting 1 steps of latent thinking
2025-10-27 10:47:05,746 - GPU-0 - DEBUG -       [Latent] Step 1/1
2025-10-27 10:47:05,903 - GPU-0 - DEBUG -       [After Latent Recursive] 1 tokens unmasked
2025-10-27 10:47:05,903 - GPU-0 - INFO -   [Cycle 30]
2025-10-27 10:47:05,903 - GPU-0 - DEBUG -     [Latent Recursive] Starting 1 steps of latent thinking
2025-10-27 10:47:05,949 - GPU-0 - DEBUG -       [Latent] Step 1/1
2025-10-27 10:47:06,105 - GPU-0 - DEBUG -       [After Latent Recursive] 1 tokens unmasked
2025-10-27 10:47:06,105 - GPU-0 - INFO -   [Cycle 31]
2025-10-27 10:47:06,105 - GPU-0 - DEBUG -     [Latent Recursive] Starting 1 steps of latent thinking
2025-10-27 10:47:06,151 - GPU-0 - DEBUG -       [Latent] Step 1/1
2025-10-27 10:47:06,307 - GPU-0 - DEBUG -       [After Latent Recursive] 1 tokens unmasked
