2025-10-27 10:41:50,552 - GPU-5 - INFO - [GPU 5] Loaded freeze config from metadata.json: freeze_first_half_layers=False, trainable_layer_start_idx=0
2025-10-27 10:41:50,802 - GPU-5 - INFO - === Starting generate_with_prefix_cache ===
2025-10-27 10:41:50,803 - GPU-5 - INFO - use_cache=True, R=1, N=1
2025-10-27 10:41:50,808 - GPU-5 - INFO - [Block 1/16] Processing tokens 65-97
2025-10-27 10:41:50,809 - GPU-5 - DEBUG - [Block 0] Before forward: use_cache=True, x.shape=torch.Size([1, 577])
2025-10-27 10:41:50,809 - GPU-5 - DEBUG - [Block 0] Model type: LLaDAModelLM
2025-10-27 10:41:50,809 - GPU-5 - DEBUG - [Block 0] Model config use_cache: True
2025-10-27 10:41:51,080 - GPU-5 - DEBUG - [Block 0] After forward: pkv is None? False
2025-10-27 10:41:51,080 - GPU-5 - DEBUG - [Block 0] out type: CausalLMOutputWithPast
2025-10-27 10:41:51,080 - GPU-5 - DEBUG - [Block 0] pkv type: <class 'list'>, len: 32
2025-10-27 10:41:51,080 - GPU-5 - DEBUG - [Block 0] pkv[0] type: <class 'tuple'>, len: 2
2025-10-27 10:41:51,080 - GPU-5 - DEBUG - [Block 0] pkv[0][0].shape: torch.Size([1, 32, 577, 128])
2025-10-27 10:41:51,234 - GPU-5 - INFO -   [Initial Forward] 2 tokens unmasked
2025-10-27 10:41:51,234 - GPU-5 - INFO -   [Cycle 1]
2025-10-27 10:41:51,235 - GPU-5 - DEBUG -     [Latent Recursive] Starting 1 steps of latent thinking
2025-10-27 10:41:51,340 - GPU-5 - DEBUG -       [Latent] Step 1/1
2025-10-27 10:41:51,517 - GPU-5 - DEBUG -       [After Latent Recursive] 2 tokens unmasked
2025-10-27 10:41:51,518 - GPU-5 - INFO -   [Cycle 2]
2025-10-27 10:41:51,518 - GPU-5 - DEBUG -     [Latent Recursive] Starting 1 steps of latent thinking
2025-10-27 10:41:51,564 - GPU-5 - DEBUG -       [Latent] Step 1/1
2025-10-27 10:41:51,742 - GPU-5 - DEBUG -       [After Latent Recursive] 2 tokens unmasked
2025-10-27 10:41:51,742 - GPU-5 - INFO -   [Cycle 3]
2025-10-27 10:41:51,742 - GPU-5 - DEBUG -     [Latent Recursive] Starting 1 steps of latent thinking
2025-10-27 10:41:51,788 - GPU-5 - DEBUG -       [Latent] Step 1/1
2025-10-27 10:41:51,965 - GPU-5 - DEBUG -       [After Latent Recursive] 2 tokens unmasked
2025-10-27 10:41:51,965 - GPU-5 - INFO -   [Cycle 4]
2025-10-27 10:41:51,966 - GPU-5 - DEBUG -     [Latent Recursive] Starting 1 steps of latent thinking
2025-10-27 10:41:52,011 - GPU-5 - DEBUG -       [Latent] Step 1/1
2025-10-27 10:41:52,189 - GPU-5 - DEBUG -       [After Latent Recursive] 2 tokens unmasked
2025-10-27 10:41:52,189 - GPU-5 - INFO -   [Cycle 5]
2025-10-27 10:41:52,189 - GPU-5 - DEBUG -     [Latent Recursive] Starting 1 steps of latent thinking
2025-10-27 10:41:52,235 - GPU-5 - DEBUG -       [Latent] Step 1/1
2025-10-27 10:41:52,413 - GPU-5 - DEBUG -       [After Latent Recursive] 2 tokens unmasked
2025-10-27 10:41:52,413 - GPU-5 - INFO -   [Cycle 6]
2025-10-27 10:41:52,413 - GPU-5 - DEBUG -     [Latent Recursive] Starting 1 steps of latent thinking
2025-10-27 10:41:52,459 - GPU-5 - DEBUG -       [Latent] Step 1/1
2025-10-27 10:41:52,636 - GPU-5 - DEBUG -       [After Latent Recursive] 2 tokens unmasked
2025-10-27 10:41:52,637 - GPU-5 - INFO -   [Cycle 7]
2025-10-27 10:41:52,637 - GPU-5 - DEBUG -     [Latent Recursive] Starting 1 steps of latent thinking
2025-10-27 10:41:52,683 - GPU-5 - DEBUG -       [Latent] Step 1/1
2025-10-27 10:41:52,860 - GPU-5 - DEBUG -       [After Latent Recursive] 2 tokens unmasked
2025-10-27 10:41:52,860 - GPU-5 - INFO -   [Cycle 8]
2025-10-27 10:41:52,860 - GPU-5 - DEBUG -     [Latent Recursive] Starting 1 steps of latent thinking
2025-10-27 10:41:52,906 - GPU-5 - DEBUG -       [Latent] Step 1/1
2025-10-27 10:41:53,084 - GPU-5 - DEBUG -       [After Latent Recursive] 2 tokens unmasked
2025-10-27 10:41:53,084 - GPU-5 - INFO -   [Cycle 9]
2025-10-27 10:41:53,085 - GPU-5 - DEBUG -     [Latent Recursive] Starting 1 steps of latent thinking
2025-10-27 10:41:53,131 - GPU-5 - DEBUG -       [Latent] Step 1/1
2025-10-27 10:41:53,308 - GPU-5 - DEBUG -       [After Latent Recursive] 2 tokens unmasked
2025-10-27 10:41:53,308 - GPU-5 - INFO -   [Cycle 10]
2025-10-27 10:41:53,309 - GPU-5 - DEBUG -     [Latent Recursive] Starting 1 steps of latent thinking
2025-10-27 10:41:53,354 - GPU-5 - DEBUG -       [Latent] Step 1/1
2025-10-27 10:41:53,532 - GPU-5 - DEBUG -       [After Latent Recursive] 2 tokens unmasked
2025-10-27 10:41:53,533 - GPU-5 - INFO -   [Cycle 11]
2025-10-27 10:41:53,533 - GPU-5 - DEBUG -     [Latent Recursive] Starting 1 steps of latent thinking
2025-10-27 10:41:53,579 - GPU-5 - DEBUG -       [Latent] Step 1/1
2025-10-27 10:41:53,756 - GPU-5 - DEBUG -       [After Latent Recursive] 2 tokens unmasked
2025-10-27 10:41:53,756 - GPU-5 - INFO -   [Cycle 12]
2025-10-27 10:41:53,757 - GPU-5 - DEBUG -     [Latent Recursive] Starting 1 steps of latent thinking
2025-10-27 10:41:53,802 - GPU-5 - DEBUG -       [Latent] Step 1/1
2025-10-27 10:41:53,980 - GPU-5 - DEBUG -       [After Latent Recursive] 2 tokens unmasked
2025-10-27 10:41:53,980 - GPU-5 - INFO -   [Cycle 13]
2025-10-27 10:41:53,981 - GPU-5 - DEBUG -     [Latent Recursive] Starting 1 steps of latent thinking
2025-10-27 10:41:54,026 - GPU-5 - DEBUG -       [Latent] Step 1/1
2025-10-27 10:41:54,204 - GPU-5 - DEBUG -       [After Latent Recursive] 2 tokens unmasked
2025-10-27 10:41:54,204 - GPU-5 - INFO -   [Cycle 14]
2025-10-27 10:41:54,204 - GPU-5 - DEBUG -     [Latent Recursive] Starting 1 steps of latent thinking
2025-10-27 10:41:54,250 - GPU-5 - DEBUG -       [Latent] Step 1/1
2025-10-27 10:41:54,428 - GPU-5 - DEBUG -       [After Latent Recursive] 2 tokens unmasked
2025-10-27 10:41:54,428 - GPU-5 - INFO -   [Cycle 15]
2025-10-27 10:41:54,429 - GPU-5 - DEBUG -     [Latent Recursive] Starting 1 steps of latent thinking
2025-10-27 10:41:54,475 - GPU-5 - DEBUG -       [Latent] Step 1/1
2025-10-27 10:41:54,652 - GPU-5 - DEBUG -       [After Latent Recursive] 2 tokens unmasked
2025-10-27 10:41:54,653 - GPU-5 - INFO - [Block 2/16] Processing tokens 97-129
2025-10-27 10:41:54,653 - GPU-5 - DEBUG - [Block 1] Before forward: use_cache=True, x.shape=torch.Size([1, 577])
2025-10-27 10:41:54,653 - GPU-5 - DEBUG - [Block 1] Model type: LLaDAModelLM
2025-10-27 10:41:54,653 - GPU-5 - DEBUG - [Block 1] Model config use_cache: True
2025-10-27 10:41:54,676 - GPU-5 - DEBUG - [Block 1] After forward: pkv is None? False
2025-10-27 10:41:54,676 - GPU-5 - DEBUG - [Block 1] out type: CausalLMOutputWithPast
2025-10-27 10:41:54,676 - GPU-5 - DEBUG - [Block 1] pkv type: <class 'list'>, len: 32
2025-10-27 10:41:54,676 - GPU-5 - DEBUG - [Block 1] pkv[0] type: <class 'tuple'>, len: 2
2025-10-27 10:41:54,676 - GPU-5 - DEBUG - [Block 1] pkv[0][0].shape: torch.Size([1, 32, 577, 128])
2025-10-27 10:41:54,765 - GPU-5 - INFO -   [Initial Forward] 2 tokens unmasked
2025-10-27 10:41:54,765 - GPU-5 - INFO -   [Cycle 1]
2025-10-27 10:41:54,766 - GPU-5 - DEBUG -     [Latent Recursive] Starting 1 steps of latent thinking
2025-10-27 10:41:54,811 - GPU-5 - DEBUG -       [Latent] Step 1/1
2025-10-27 10:41:54,988 - GPU-5 - DEBUG -       [After Latent Recursive] 2 tokens unmasked
2025-10-27 10:41:54,989 - GPU-5 - INFO -   [Cycle 2]
2025-10-27 10:41:54,989 - GPU-5 - DEBUG -     [Latent Recursive] Starting 1 steps of latent thinking
2025-10-27 10:41:55,035 - GPU-5 - DEBUG -       [Latent] Step 1/1
2025-10-27 10:41:55,212 - GPU-5 - DEBUG -       [After Latent Recursive] 2 tokens unmasked
2025-10-27 10:41:55,212 - GPU-5 - INFO -   [Cycle 3]
2025-10-27 10:41:55,212 - GPU-5 - DEBUG -     [Latent Recursive] Starting 1 steps of latent thinking
2025-10-27 10:41:55,258 - GPU-5 - DEBUG -       [Latent] Step 1/1
2025-10-27 10:41:55,435 - GPU-5 - DEBUG -       [After Latent Recursive] 2 tokens unmasked
2025-10-27 10:41:55,435 - GPU-5 - INFO -   [Cycle 4]
2025-10-27 10:41:55,436 - GPU-5 - DEBUG -     [Latent Recursive] Starting 1 steps of latent thinking
2025-10-27 10:41:55,482 - GPU-5 - DEBUG -       [Latent] Step 1/1
2025-10-27 10:41:55,659 - GPU-5 - DEBUG -       [After Latent Recursive] 2 tokens unmasked
2025-10-27 10:41:55,659 - GPU-5 - INFO -   [Cycle 5]
2025-10-27 10:41:55,659 - GPU-5 - DEBUG -     [Latent Recursive] Starting 1 steps of latent thinking
2025-10-27 10:41:55,705 - GPU-5 - DEBUG -       [Latent] Step 1/1
2025-10-27 10:41:55,881 - GPU-5 - DEBUG -       [After Latent Recursive] 2 tokens unmasked
2025-10-27 10:41:55,882 - GPU-5 - INFO -   [Cycle 6]
2025-10-27 10:41:55,882 - GPU-5 - DEBUG -     [Latent Recursive] Starting 1 steps of latent thinking
2025-10-27 10:41:55,928 - GPU-5 - DEBUG -       [Latent] Step 1/1
2025-10-27 10:41:56,105 - GPU-5 - DEBUG -       [After Latent Recursive] 2 tokens unmasked
2025-10-27 10:41:56,105 - GPU-5 - INFO -   [Cycle 7]
2025-10-27 10:41:56,105 - GPU-5 - DEBUG -     [Latent Recursive] Starting 1 steps of latent thinking
2025-10-27 10:41:56,151 - GPU-5 - DEBUG -       [Latent] Step 1/1
2025-10-27 10:41:56,328 - GPU-5 - DEBUG -       [After Latent Recursive] 2 tokens unmasked
2025-10-27 10:41:56,328 - GPU-5 - INFO -   [Cycle 8]
2025-10-27 10:41:56,328 - GPU-5 - DEBUG -     [Latent Recursive] Starting 1 steps of latent thinking
2025-10-27 10:41:56,374 - GPU-5 - DEBUG -       [Latent] Step 1/1
2025-10-27 10:41:56,551 - GPU-5 - DEBUG -       [After Latent Recursive] 2 tokens unmasked
2025-10-27 10:41:56,552 - GPU-5 - INFO -   [Cycle 9]
2025-10-27 10:41:56,552 - GPU-5 - DEBUG -     [Latent Recursive] Starting 1 steps of latent thinking
2025-10-27 10:41:56,598 - GPU-5 - DEBUG -       [Latent] Step 1/1
2025-10-27 10:41:56,775 - GPU-5 - DEBUG -       [After Latent Recursive] 2 tokens unmasked
2025-10-27 10:41:56,775 - GPU-5 - INFO -   [Cycle 10]
2025-10-27 10:41:56,775 - GPU-5 - DEBUG -     [Latent Recursive] Starting 1 steps of latent thinking
2025-10-27 10:41:56,821 - GPU-5 - DEBUG -       [Latent] Step 1/1
2025-10-27 10:41:56,998 - GPU-5 - DEBUG -       [After Latent Recursive] 2 tokens unmasked
2025-10-27 10:41:56,998 - GPU-5 - INFO -   [Cycle 11]
2025-10-27 10:41:56,998 - GPU-5 - DEBUG -     [Latent Recursive] Starting 1 steps of latent thinking
2025-10-27 10:41:57,044 - GPU-5 - DEBUG -       [Latent] Step 1/1
2025-10-27 10:41:57,221 - GPU-5 - DEBUG -       [After Latent Recursive] 2 tokens unmasked
2025-10-27 10:41:57,221 - GPU-5 - INFO -   [Cycle 12]
2025-10-27 10:41:57,221 - GPU-5 - DEBUG -     [Latent Recursive] Starting 1 steps of latent thinking
2025-10-27 10:41:57,267 - GPU-5 - DEBUG -       [Latent] Step 1/1
2025-10-27 10:41:57,444 - GPU-5 - DEBUG -       [After Latent Recursive] 2 tokens unmasked
2025-10-27 10:41:57,445 - GPU-5 - INFO -   [Cycle 13]
2025-10-27 10:41:57,445 - GPU-5 - DEBUG -     [Latent Recursive] Starting 1 steps of latent thinking
2025-10-27 10:41:57,491 - GPU-5 - DEBUG -       [Latent] Step 1/1
2025-10-27 10:41:57,668 - GPU-5 - DEBUG -       [After Latent Recursive] 2 tokens unmasked
2025-10-27 10:41:57,668 - GPU-5 - INFO -   [Cycle 14]
2025-10-27 10:41:57,668 - GPU-5 - DEBUG -     [Latent Recursive] Starting 1 steps of latent thinking
2025-10-27 10:41:57,714 - GPU-5 - DEBUG -       [Latent] Step 1/1
2025-10-27 10:41:57,891 - GPU-5 - DEBUG -       [After Latent Recursive] 2 tokens unmasked
2025-10-27 10:41:57,892 - GPU-5 - INFO -   [Cycle 15]
2025-10-27 10:41:57,892 - GPU-5 - DEBUG -     [Latent Recursive] Starting 1 steps of latent thinking
2025-10-27 10:41:57,938 - GPU-5 - DEBUG -       [Latent] Step 1/1
2025-10-27 10:41:58,115 - GPU-5 - DEBUG -       [After Latent Recursive] 2 tokens unmasked
2025-10-27 10:41:58,115 - GPU-5 - INFO - [Block 3/16] Processing tokens 129-161
2025-10-27 10:41:58,115 - GPU-5 - DEBUG - [Block 2] Before forward: use_cache=True, x.shape=torch.Size([1, 577])
2025-10-27 10:41:58,115 - GPU-5 - DEBUG - [Block 2] Model type: LLaDAModelLM
2025-10-27 10:41:58,115 - GPU-5 - DEBUG - [Block 2] Model config use_cache: True
2025-10-27 10:41:58,138 - GPU-5 - DEBUG - [Block 2] After forward: pkv is None? False
2025-10-27 10:41:58,138 - GPU-5 - DEBUG - [Block 2] out type: CausalLMOutputWithPast
2025-10-27 10:41:58,138 - GPU-5 - DEBUG - [Block 2] pkv type: <class 'list'>, len: 32
2025-10-27 10:41:58,138 - GPU-5 - DEBUG - [Block 2] pkv[0] type: <class 'tuple'>, len: 2
2025-10-27 10:41:58,138 - GPU-5 - DEBUG - [Block 2] pkv[0][0].shape: torch.Size([1, 32, 577, 128])
2025-10-27 10:41:58,227 - GPU-5 - INFO -   [Initial Forward] 2 tokens unmasked
2025-10-27 10:41:58,227 - GPU-5 - INFO -   [Cycle 1]
2025-10-27 10:41:58,227 - GPU-5 - DEBUG -     [Latent Recursive] Starting 1 steps of latent thinking
2025-10-27 10:41:58,273 - GPU-5 - DEBUG -       [Latent] Step 1/1
2025-10-27 10:41:58,448 - GPU-5 - DEBUG -       [After Latent Recursive] 2 tokens unmasked
2025-10-27 10:41:58,448 - GPU-5 - INFO -   [Cycle 2]
2025-10-27 10:41:58,448 - GPU-5 - DEBUG -     [Latent Recursive] Starting 1 steps of latent thinking
2025-10-27 10:41:58,494 - GPU-5 - DEBUG -       [Latent] Step 1/1
2025-10-27 10:41:58,668 - GPU-5 - DEBUG -       [After Latent Recursive] 2 tokens unmasked
2025-10-27 10:41:58,669 - GPU-5 - INFO -   [Cycle 3]
2025-10-27 10:41:58,669 - GPU-5 - DEBUG -     [Latent Recursive] Starting 1 steps of latent thinking
2025-10-27 10:41:58,715 - GPU-5 - DEBUG -       [Latent] Step 1/1
2025-10-27 10:41:58,889 - GPU-5 - DEBUG -       [After Latent Recursive] 2 tokens unmasked
2025-10-27 10:41:58,889 - GPU-5 - INFO -   [Cycle 4]
2025-10-27 10:41:58,889 - GPU-5 - DEBUG -     [Latent Recursive] Starting 1 steps of latent thinking
2025-10-27 10:41:58,935 - GPU-5 - DEBUG -       [Latent] Step 1/1
2025-10-27 10:41:59,109 - GPU-5 - DEBUG -       [After Latent Recursive] 2 tokens unmasked
2025-10-27 10:41:59,110 - GPU-5 - INFO -   [Cycle 5]
2025-10-27 10:41:59,110 - GPU-5 - DEBUG -     [Latent Recursive] Starting 1 steps of latent thinking
2025-10-27 10:41:59,156 - GPU-5 - DEBUG -       [Latent] Step 1/1
2025-10-27 10:41:59,330 - GPU-5 - DEBUG -       [After Latent Recursive] 2 tokens unmasked
2025-10-27 10:41:59,330 - GPU-5 - INFO -   [Cycle 6]
2025-10-27 10:41:59,330 - GPU-5 - DEBUG -     [Latent Recursive] Starting 1 steps of latent thinking
2025-10-27 10:41:59,376 - GPU-5 - DEBUG -       [Latent] Step 1/1
2025-10-27 10:41:59,551 - GPU-5 - DEBUG -       [After Latent Recursive] 2 tokens unmasked
2025-10-27 10:41:59,551 - GPU-5 - INFO -   [Cycle 7]
2025-10-27 10:41:59,551 - GPU-5 - DEBUG -     [Latent Recursive] Starting 1 steps of latent thinking
2025-10-27 10:41:59,597 - GPU-5 - DEBUG -       [Latent] Step 1/1
2025-10-27 10:41:59,771 - GPU-5 - DEBUG -       [After Latent Recursive] 2 tokens unmasked
2025-10-27 10:41:59,772 - GPU-5 - INFO -   [Cycle 8]
2025-10-27 10:41:59,772 - GPU-5 - DEBUG -     [Latent Recursive] Starting 1 steps of latent thinking
2025-10-27 10:41:59,818 - GPU-5 - DEBUG -       [Latent] Step 1/1
2025-10-27 10:41:59,992 - GPU-5 - DEBUG -       [After Latent Recursive] 2 tokens unmasked
2025-10-27 10:41:59,993 - GPU-5 - INFO -   [Cycle 9]
2025-10-27 10:41:59,993 - GPU-5 - DEBUG -     [Latent Recursive] Starting 1 steps of latent thinking
2025-10-27 10:42:00,038 - GPU-5 - DEBUG -       [Latent] Step 1/1
2025-10-27 10:42:00,213 - GPU-5 - DEBUG -       [After Latent Recursive] 2 tokens unmasked
2025-10-27 10:42:00,213 - GPU-5 - INFO -   [Cycle 10]
2025-10-27 10:42:00,213 - GPU-5 - DEBUG -     [Latent Recursive] Starting 1 steps of latent thinking
2025-10-27 10:42:00,259 - GPU-5 - DEBUG -       [Latent] Step 1/1
2025-10-27 10:42:00,434 - GPU-5 - DEBUG -       [After Latent Recursive] 2 tokens unmasked
2025-10-27 10:42:00,434 - GPU-5 - INFO -   [Cycle 11]
2025-10-27 10:42:00,434 - GPU-5 - DEBUG -     [Latent Recursive] Starting 1 steps of latent thinking
2025-10-27 10:42:00,480 - GPU-5 - DEBUG -       [Latent] Step 1/1
2025-10-27 10:42:00,655 - GPU-5 - DEBUG -       [After Latent Recursive] 2 tokens unmasked
2025-10-27 10:42:00,655 - GPU-5 - INFO -   [Cycle 12]
2025-10-27 10:42:00,655 - GPU-5 - DEBUG -     [Latent Recursive] Starting 1 steps of latent thinking
2025-10-27 10:42:00,701 - GPU-5 - DEBUG -       [Latent] Step 1/1
2025-10-27 10:42:00,876 - GPU-5 - DEBUG -       [After Latent Recursive] 2 tokens unmasked
2025-10-27 10:42:00,876 - GPU-5 - INFO -   [Cycle 13]
2025-10-27 10:42:00,876 - GPU-5 - DEBUG -     [Latent Recursive] Starting 1 steps of latent thinking
2025-10-27 10:42:00,922 - GPU-5 - DEBUG -       [Latent] Step 1/1
2025-10-27 10:42:01,097 - GPU-5 - DEBUG -       [After Latent Recursive] 2 tokens unmasked
2025-10-27 10:42:01,097 - GPU-5 - INFO -   [Cycle 14]
2025-10-27 10:42:01,098 - GPU-5 - DEBUG -     [Latent Recursive] Starting 1 steps of latent thinking
2025-10-27 10:42:01,143 - GPU-5 - DEBUG -       [Latent] Step 1/1
2025-10-27 10:42:01,318 - GPU-5 - DEBUG -       [After Latent Recursive] 2 tokens unmasked
2025-10-27 10:42:01,319 - GPU-5 - INFO -   [Cycle 15]
2025-10-27 10:42:01,319 - GPU-5 - DEBUG -     [Latent Recursive] Starting 1 steps of latent thinking
2025-10-27 10:42:01,365 - GPU-5 - DEBUG -       [Latent] Step 1/1
2025-10-27 10:42:01,540 - GPU-5 - DEBUG -       [After Latent Recursive] 2 tokens unmasked
2025-10-27 10:42:01,540 - GPU-5 - INFO - [Block 4/16] Processing tokens 161-193
2025-10-27 10:42:01,540 - GPU-5 - DEBUG - [Block 3] Before forward: use_cache=True, x.shape=torch.Size([1, 577])
2025-10-27 10:42:01,540 - GPU-5 - DEBUG - [Block 3] Model type: LLaDAModelLM
2025-10-27 10:42:01,540 - GPU-5 - DEBUG - [Block 3] Model config use_cache: True
2025-10-27 10:42:01,563 - GPU-5 - DEBUG - [Block 3] After forward: pkv is None? False
2025-10-27 10:42:01,563 - GPU-5 - DEBUG - [Block 3] out type: CausalLMOutputWithPast
2025-10-27 10:42:01,563 - GPU-5 - DEBUG - [Block 3] pkv type: <class 'list'>, len: 32
2025-10-27 10:42:01,564 - GPU-5 - DEBUG - [Block 3] pkv[0] type: <class 'tuple'>, len: 2
2025-10-27 10:42:01,564 - GPU-5 - DEBUG - [Block 3] pkv[0][0].shape: torch.Size([1, 32, 577, 128])
2025-10-27 10:42:01,653 - GPU-5 - INFO -   [Initial Forward] 2 tokens unmasked
2025-10-27 10:42:01,653 - GPU-5 - INFO -   [Cycle 1]
2025-10-27 10:42:01,653 - GPU-5 - DEBUG -     [Latent Recursive] Starting 1 steps of latent thinking
2025-10-27 10:42:01,699 - GPU-5 - DEBUG -       [Latent] Step 1/1
2025-10-27 10:42:01,873 - GPU-5 - DEBUG -       [After Latent Recursive] 2 tokens unmasked
2025-10-27 10:42:01,873 - GPU-5 - INFO -   [Cycle 2]
2025-10-27 10:42:01,873 - GPU-5 - DEBUG -     [Latent Recursive] Starting 1 steps of latent thinking
2025-10-27 10:42:01,919 - GPU-5 - DEBUG -       [Latent] Step 1/1
2025-10-27 10:42:02,093 - GPU-5 - DEBUG -       [After Latent Recursive] 2 tokens unmasked
2025-10-27 10:42:02,094 - GPU-5 - INFO -   [Cycle 3]
2025-10-27 10:42:02,094 - GPU-5 - DEBUG -     [Latent Recursive] Starting 1 steps of latent thinking
2025-10-27 10:42:02,140 - GPU-5 - DEBUG -       [Latent] Step 1/1
2025-10-27 10:42:02,314 - GPU-5 - DEBUG -       [After Latent Recursive] 2 tokens unmasked
2025-10-27 10:42:02,314 - GPU-5 - INFO -   [Cycle 4]
2025-10-27 10:42:02,314 - GPU-5 - DEBUG -     [Latent Recursive] Starting 1 steps of latent thinking
2025-10-27 10:42:02,360 - GPU-5 - DEBUG -       [Latent] Step 1/1
2025-10-27 10:42:02,534 - GPU-5 - DEBUG -       [After Latent Recursive] 2 tokens unmasked
2025-10-27 10:42:02,535 - GPU-5 - INFO -   [Cycle 5]
2025-10-27 10:42:02,535 - GPU-5 - DEBUG -     [Latent Recursive] Starting 1 steps of latent thinking
2025-10-27 10:42:02,581 - GPU-5 - DEBUG -       [Latent] Step 1/1
2025-10-27 10:42:02,754 - GPU-5 - DEBUG -       [After Latent Recursive] 2 tokens unmasked
2025-10-27 10:42:02,755 - GPU-5 - INFO -   [Cycle 6]
2025-10-27 10:42:02,755 - GPU-5 - DEBUG -     [Latent Recursive] Starting 1 steps of latent thinking
2025-10-27 10:42:02,801 - GPU-5 - DEBUG -       [Latent] Step 1/1
2025-10-27 10:42:02,975 - GPU-5 - DEBUG -       [After Latent Recursive] 2 tokens unmasked
2025-10-27 10:42:02,975 - GPU-5 - INFO -   [Cycle 7]
2025-10-27 10:42:02,975 - GPU-5 - DEBUG -     [Latent Recursive] Starting 1 steps of latent thinking
2025-10-27 10:42:03,021 - GPU-5 - DEBUG -       [Latent] Step 1/1
2025-10-27 10:42:03,195 - GPU-5 - DEBUG -       [After Latent Recursive] 2 tokens unmasked
2025-10-27 10:42:03,196 - GPU-5 - INFO -   [Cycle 8]
2025-10-27 10:42:03,196 - GPU-5 - DEBUG -     [Latent Recursive] Starting 1 steps of latent thinking
2025-10-27 10:42:03,242 - GPU-5 - DEBUG -       [Latent] Step 1/1
2025-10-27 10:42:03,416 - GPU-5 - DEBUG -       [After Latent Recursive] 2 tokens unmasked
2025-10-27 10:42:03,416 - GPU-5 - INFO -   [Cycle 9]
2025-10-27 10:42:03,416 - GPU-5 - DEBUG -     [Latent Recursive] Starting 1 steps of latent thinking
2025-10-27 10:42:03,462 - GPU-5 - DEBUG -       [Latent] Step 1/1
2025-10-27 10:42:03,636 - GPU-5 - DEBUG -       [After Latent Recursive] 2 tokens unmasked
2025-10-27 10:42:03,637 - GPU-5 - INFO -   [Cycle 10]
2025-10-27 10:42:03,637 - GPU-5 - DEBUG -     [Latent Recursive] Starting 1 steps of latent thinking
2025-10-27 10:42:03,683 - GPU-5 - DEBUG -       [Latent] Step 1/1
2025-10-27 10:42:03,857 - GPU-5 - DEBUG -       [After Latent Recursive] 2 tokens unmasked
2025-10-27 10:42:03,858 - GPU-5 - INFO -   [Cycle 11]
2025-10-27 10:42:03,858 - GPU-5 - DEBUG -     [Latent Recursive] Starting 1 steps of latent thinking
2025-10-27 10:42:03,904 - GPU-5 - DEBUG -       [Latent] Step 1/1
2025-10-27 10:42:04,078 - GPU-5 - DEBUG -       [After Latent Recursive] 2 tokens unmasked
2025-10-27 10:42:04,078 - GPU-5 - INFO -   [Cycle 12]
2025-10-27 10:42:04,078 - GPU-5 - DEBUG -     [Latent Recursive] Starting 1 steps of latent thinking
2025-10-27 10:42:04,124 - GPU-5 - DEBUG -       [Latent] Step 1/1
2025-10-27 10:42:04,298 - GPU-5 - DEBUG -       [After Latent Recursive] 2 tokens unmasked
2025-10-27 10:42:04,299 - GPU-5 - INFO -   [Cycle 13]
2025-10-27 10:42:04,299 - GPU-5 - DEBUG -     [Latent Recursive] Starting 1 steps of latent thinking
2025-10-27 10:42:04,345 - GPU-5 - DEBUG -       [Latent] Step 1/1
2025-10-27 10:42:04,518 - GPU-5 - DEBUG -       [After Latent Recursive] 2 tokens unmasked
2025-10-27 10:42:04,519 - GPU-5 - INFO -   [Cycle 14]
2025-10-27 10:42:04,519 - GPU-5 - DEBUG -     [Latent Recursive] Starting 1 steps of latent thinking
2025-10-27 10:42:04,565 - GPU-5 - DEBUG -       [Latent] Step 1/1
2025-10-27 10:42:04,739 - GPU-5 - DEBUG -       [After Latent Recursive] 2 tokens unmasked
2025-10-27 10:42:04,739 - GPU-5 - INFO -   [Cycle 15]
2025-10-27 10:42:04,740 - GPU-5 - DEBUG -     [Latent Recursive] Starting 1 steps of latent thinking
2025-10-27 10:42:04,785 - GPU-5 - DEBUG -       [Latent] Step 1/1
2025-10-27 10:42:04,959 - GPU-5 - DEBUG -       [After Latent Recursive] 2 tokens unmasked
2025-10-27 10:42:04,960 - GPU-5 - INFO - [Block 5/16] Processing tokens 193-225
2025-10-27 10:42:04,960 - GPU-5 - DEBUG - [Block 4] Before forward: use_cache=True, x.shape=torch.Size([1, 577])
2025-10-27 10:42:04,960 - GPU-5 - DEBUG - [Block 4] Model type: LLaDAModelLM
2025-10-27 10:42:04,960 - GPU-5 - DEBUG - [Block 4] Model config use_cache: True
2025-10-27 10:42:04,983 - GPU-5 - DEBUG - [Block 4] After forward: pkv is None? False
2025-10-27 10:42:04,983 - GPU-5 - DEBUG - [Block 4] out type: CausalLMOutputWithPast
2025-10-27 10:42:04,983 - GPU-5 - DEBUG - [Block 4] pkv type: <class 'list'>, len: 32
2025-10-27 10:42:04,983 - GPU-5 - DEBUG - [Block 4] pkv[0] type: <class 'tuple'>, len: 2
2025-10-27 10:42:04,984 - GPU-5 - DEBUG - [Block 4] pkv[0][0].shape: torch.Size([1, 32, 577, 128])
2025-10-27 10:42:05,072 - GPU-5 - INFO -   [Initial Forward] 2 tokens unmasked
2025-10-27 10:42:05,073 - GPU-5 - INFO -   [Cycle 1]
2025-10-27 10:42:05,073 - GPU-5 - DEBUG -     [Latent Recursive] Starting 1 steps of latent thinking
2025-10-27 10:42:05,119 - GPU-5 - DEBUG -       [Latent] Step 1/1
2025-10-27 10:42:05,291 - GPU-5 - DEBUG -       [After Latent Recursive] 2 tokens unmasked
2025-10-27 10:42:05,291 - GPU-5 - INFO -   [Cycle 2]
2025-10-27 10:42:05,291 - GPU-5 - DEBUG -     [Latent Recursive] Starting 1 steps of latent thinking
2025-10-27 10:42:05,337 - GPU-5 - DEBUG -       [Latent] Step 1/1
2025-10-27 10:42:05,509 - GPU-5 - DEBUG -       [After Latent Recursive] 2 tokens unmasked
2025-10-27 10:42:05,509 - GPU-5 - INFO -   [Cycle 3]
2025-10-27 10:42:05,509 - GPU-5 - DEBUG -     [Latent Recursive] Starting 1 steps of latent thinking
2025-10-27 10:42:05,555 - GPU-5 - DEBUG -       [Latent] Step 1/1
2025-10-27 10:42:05,727 - GPU-5 - DEBUG -       [After Latent Recursive] 2 tokens unmasked
2025-10-27 10:42:05,727 - GPU-5 - INFO -   [Cycle 4]
2025-10-27 10:42:05,727 - GPU-5 - DEBUG -     [Latent Recursive] Starting 1 steps of latent thinking
2025-10-27 10:42:05,773 - GPU-5 - DEBUG -       [Latent] Step 1/1
2025-10-27 10:42:05,945 - GPU-5 - DEBUG -       [After Latent Recursive] 2 tokens unmasked
2025-10-27 10:42:05,946 - GPU-5 - INFO -   [Cycle 5]
2025-10-27 10:42:05,946 - GPU-5 - DEBUG -     [Latent Recursive] Starting 1 steps of latent thinking
2025-10-27 10:42:05,992 - GPU-5 - DEBUG -       [Latent] Step 1/1
2025-10-27 10:42:06,163 - GPU-5 - DEBUG -       [After Latent Recursive] 2 tokens unmasked
2025-10-27 10:42:06,164 - GPU-5 - INFO -   [Cycle 6]
2025-10-27 10:42:06,164 - GPU-5 - DEBUG -     [Latent Recursive] Starting 1 steps of latent thinking
2025-10-27 10:42:06,210 - GPU-5 - DEBUG -       [Latent] Step 1/1
2025-10-27 10:42:06,382 - GPU-5 - DEBUG -       [After Latent Recursive] 2 tokens unmasked
2025-10-27 10:42:06,382 - GPU-5 - INFO -   [Cycle 7]
2025-10-27 10:42:06,383 - GPU-5 - DEBUG -     [Latent Recursive] Starting 1 steps of latent thinking
2025-10-27 10:42:06,428 - GPU-5 - DEBUG -       [Latent] Step 1/1
2025-10-27 10:42:06,600 - GPU-5 - DEBUG -       [After Latent Recursive] 2 tokens unmasked
2025-10-27 10:42:06,600 - GPU-5 - INFO -   [Cycle 8]
2025-10-27 10:42:06,601 - GPU-5 - DEBUG -     [Latent Recursive] Starting 1 steps of latent thinking
2025-10-27 10:42:06,647 - GPU-5 - DEBUG -       [Latent] Step 1/1
2025-10-27 10:42:06,819 - GPU-5 - DEBUG -       [After Latent Recursive] 2 tokens unmasked
2025-10-27 10:42:06,819 - GPU-5 - INFO -   [Cycle 9]
2025-10-27 10:42:06,819 - GPU-5 - DEBUG -     [Latent Recursive] Starting 1 steps of latent thinking
2025-10-27 10:42:06,865 - GPU-5 - DEBUG -       [Latent] Step 1/1
2025-10-27 10:42:07,037 - GPU-5 - DEBUG -       [After Latent Recursive] 2 tokens unmasked
2025-10-27 10:42:07,037 - GPU-5 - INFO -   [Cycle 10]
2025-10-27 10:42:07,038 - GPU-5 - DEBUG -     [Latent Recursive] Starting 1 steps of latent thinking
2025-10-27 10:42:07,084 - GPU-5 - DEBUG -       [Latent] Step 1/1
2025-10-27 10:42:07,255 - GPU-5 - DEBUG -       [After Latent Recursive] 2 tokens unmasked
2025-10-27 10:42:07,256 - GPU-5 - INFO -   [Cycle 11]
2025-10-27 10:42:07,256 - GPU-5 - DEBUG -     [Latent Recursive] Starting 1 steps of latent thinking
2025-10-27 10:42:07,302 - GPU-5 - DEBUG -       [Latent] Step 1/1
2025-10-27 10:42:07,474 - GPU-5 - DEBUG -       [After Latent Recursive] 2 tokens unmasked
2025-10-27 10:42:07,474 - GPU-5 - INFO -   [Cycle 12]
2025-10-27 10:42:07,474 - GPU-5 - DEBUG -     [Latent Recursive] Starting 1 steps of latent thinking
2025-10-27 10:42:07,520 - GPU-5 - DEBUG -       [Latent] Step 1/1
2025-10-27 10:42:07,692 - GPU-5 - DEBUG -       [After Latent Recursive] 2 tokens unmasked
2025-10-27 10:42:07,693 - GPU-5 - INFO -   [Cycle 13]
2025-10-27 10:42:07,693 - GPU-5 - DEBUG -     [Latent Recursive] Starting 1 steps of latent thinking
2025-10-27 10:42:07,739 - GPU-5 - DEBUG -       [Latent] Step 1/1
2025-10-27 10:42:07,911 - GPU-5 - DEBUG -       [After Latent Recursive] 2 tokens unmasked
2025-10-27 10:42:07,911 - GPU-5 - INFO -   [Cycle 14]
2025-10-27 10:42:07,911 - GPU-5 - DEBUG -     [Latent Recursive] Starting 1 steps of latent thinking
2025-10-27 10:42:07,957 - GPU-5 - DEBUG -       [Latent] Step 1/1
2025-10-27 10:42:08,129 - GPU-5 - DEBUG -       [After Latent Recursive] 2 tokens unmasked
2025-10-27 10:42:08,130 - GPU-5 - INFO -   [Cycle 15]
2025-10-27 10:42:08,130 - GPU-5 - DEBUG -     [Latent Recursive] Starting 1 steps of latent thinking
2025-10-27 10:42:08,176 - GPU-5 - DEBUG -       [Latent] Step 1/1
2025-10-27 10:42:08,347 - GPU-5 - DEBUG -       [After Latent Recursive] 2 tokens unmasked
2025-10-27 10:42:08,348 - GPU-5 - INFO - [Block 6/16] Processing tokens 225-257
2025-10-27 10:42:08,348 - GPU-5 - DEBUG - [Block 5] Before forward: use_cache=True, x.shape=torch.Size([1, 577])
2025-10-27 10:42:08,348 - GPU-5 - DEBUG - [Block 5] Model type: LLaDAModelLM
2025-10-27 10:42:08,348 - GPU-5 - DEBUG - [Block 5] Model config use_cache: True
2025-10-27 10:42:08,371 - GPU-5 - DEBUG - [Block 5] After forward: pkv is None? False
2025-10-27 10:42:08,371 - GPU-5 - DEBUG - [Block 5] out type: CausalLMOutputWithPast
2025-10-27 10:42:08,371 - GPU-5 - DEBUG - [Block 5] pkv type: <class 'list'>, len: 32
2025-10-27 10:42:08,371 - GPU-5 - DEBUG - [Block 5] pkv[0] type: <class 'tuple'>, len: 2
2025-10-27 10:42:08,371 - GPU-5 - DEBUG - [Block 5] pkv[0][0].shape: torch.Size([1, 32, 577, 128])
2025-10-27 10:42:08,460 - GPU-5 - INFO -   [Initial Forward] 2 tokens unmasked
2025-10-27 10:42:08,461 - GPU-5 - INFO -   [Cycle 1]
2025-10-27 10:42:08,461 - GPU-5 - DEBUG -     [Latent Recursive] Starting 1 steps of latent thinking
2025-10-27 10:42:08,507 - GPU-5 - DEBUG -       [Latent] Step 1/1
2025-10-27 10:42:08,678 - GPU-5 - DEBUG -       [After Latent Recursive] 2 tokens unmasked
2025-10-27 10:42:08,678 - GPU-5 - INFO -   [Cycle 2]
2025-10-27 10:42:08,678 - GPU-5 - DEBUG -     [Latent Recursive] Starting 1 steps of latent thinking
2025-10-27 10:42:08,724 - GPU-5 - DEBUG -       [Latent] Step 1/1
2025-10-27 10:42:08,895 - GPU-5 - DEBUG -       [After Latent Recursive] 2 tokens unmasked
2025-10-27 10:42:08,896 - GPU-5 - INFO -   [Cycle 3]
2025-10-27 10:42:08,896 - GPU-5 - DEBUG -     [Latent Recursive] Starting 1 steps of latent thinking
2025-10-27 10:42:08,942 - GPU-5 - DEBUG -       [Latent] Step 1/1
2025-10-27 10:42:09,112 - GPU-5 - DEBUG -       [After Latent Recursive] 2 tokens unmasked
2025-10-27 10:42:09,113 - GPU-5 - INFO -   [Cycle 4]
2025-10-27 10:42:09,113 - GPU-5 - DEBUG -     [Latent Recursive] Starting 1 steps of latent thinking
2025-10-27 10:42:09,159 - GPU-5 - DEBUG -       [Latent] Step 1/1
2025-10-27 10:42:09,330 - GPU-5 - DEBUG -       [After Latent Recursive] 2 tokens unmasked
2025-10-27 10:42:09,331 - GPU-5 - INFO -   [Cycle 5]
2025-10-27 10:42:09,331 - GPU-5 - DEBUG -     [Latent Recursive] Starting 1 steps of latent thinking
2025-10-27 10:42:09,377 - GPU-5 - DEBUG -       [Latent] Step 1/1
2025-10-27 10:42:09,548 - GPU-5 - DEBUG -       [After Latent Recursive] 2 tokens unmasked
2025-10-27 10:42:09,548 - GPU-5 - INFO -   [Cycle 6]
2025-10-27 10:42:09,548 - GPU-5 - DEBUG -     [Latent Recursive] Starting 1 steps of latent thinking
2025-10-27 10:42:09,594 - GPU-5 - DEBUG -       [Latent] Step 1/1
2025-10-27 10:42:09,765 - GPU-5 - DEBUG -       [After Latent Recursive] 2 tokens unmasked
2025-10-27 10:42:09,765 - GPU-5 - INFO -   [Cycle 7]
2025-10-27 10:42:09,766 - GPU-5 - DEBUG -     [Latent Recursive] Starting 1 steps of latent thinking
2025-10-27 10:42:09,811 - GPU-5 - DEBUG -       [Latent] Step 1/1
2025-10-27 10:42:09,982 - GPU-5 - DEBUG -       [After Latent Recursive] 2 tokens unmasked
2025-10-27 10:42:09,983 - GPU-5 - INFO -   [Cycle 8]
2025-10-27 10:42:09,983 - GPU-5 - DEBUG -     [Latent Recursive] Starting 1 steps of latent thinking
2025-10-27 10:42:10,029 - GPU-5 - DEBUG -       [Latent] Step 1/1
2025-10-27 10:42:10,200 - GPU-5 - DEBUG -       [After Latent Recursive] 2 tokens unmasked
2025-10-27 10:42:10,200 - GPU-5 - INFO -   [Cycle 9]
2025-10-27 10:42:10,200 - GPU-5 - DEBUG -     [Latent Recursive] Starting 1 steps of latent thinking
2025-10-27 10:42:10,246 - GPU-5 - DEBUG -       [Latent] Step 1/1
2025-10-27 10:42:10,417 - GPU-5 - DEBUG -       [After Latent Recursive] 2 tokens unmasked
2025-10-27 10:42:10,418 - GPU-5 - INFO -   [Cycle 10]
2025-10-27 10:42:10,418 - GPU-5 - DEBUG -     [Latent Recursive] Starting 1 steps of latent thinking
2025-10-27 10:42:10,464 - GPU-5 - DEBUG -       [Latent] Step 1/1
2025-10-27 10:42:10,635 - GPU-5 - DEBUG -       [After Latent Recursive] 2 tokens unmasked
2025-10-27 10:42:10,635 - GPU-5 - INFO -   [Cycle 11]
2025-10-27 10:42:10,635 - GPU-5 - DEBUG -     [Latent Recursive] Starting 1 steps of latent thinking
2025-10-27 10:42:10,681 - GPU-5 - DEBUG -       [Latent] Step 1/1
2025-10-27 10:42:10,852 - GPU-5 - DEBUG -       [After Latent Recursive] 2 tokens unmasked
2025-10-27 10:42:10,852 - GPU-5 - INFO -   [Cycle 12]
2025-10-27 10:42:10,853 - GPU-5 - DEBUG -     [Latent Recursive] Starting 1 steps of latent thinking
2025-10-27 10:42:10,899 - GPU-5 - DEBUG -       [Latent] Step 1/1
2025-10-27 10:42:11,070 - GPU-5 - DEBUG -       [After Latent Recursive] 2 tokens unmasked
2025-10-27 10:42:11,070 - GPU-5 - INFO -   [Cycle 13]
2025-10-27 10:42:11,070 - GPU-5 - DEBUG -     [Latent Recursive] Starting 1 steps of latent thinking
2025-10-27 10:42:11,116 - GPU-5 - DEBUG -       [Latent] Step 1/1
2025-10-27 10:42:11,287 - GPU-5 - DEBUG -       [After Latent Recursive] 2 tokens unmasked
2025-10-27 10:42:11,287 - GPU-5 - INFO -   [Cycle 14]
2025-10-27 10:42:11,287 - GPU-5 - DEBUG -     [Latent Recursive] Starting 1 steps of latent thinking
2025-10-27 10:42:11,333 - GPU-5 - DEBUG -       [Latent] Step 1/1
2025-10-27 10:42:11,505 - GPU-5 - DEBUG -       [After Latent Recursive] 2 tokens unmasked
2025-10-27 10:42:11,505 - GPU-5 - INFO -   [Cycle 15]
2025-10-27 10:42:11,505 - GPU-5 - DEBUG -     [Latent Recursive] Starting 1 steps of latent thinking
2025-10-27 10:42:11,551 - GPU-5 - DEBUG -       [Latent] Step 1/1
2025-10-27 10:42:11,722 - GPU-5 - DEBUG -       [After Latent Recursive] 2 tokens unmasked
2025-10-27 10:42:11,722 - GPU-5 - INFO - [Block 7/16] Processing tokens 257-289
2025-10-27 10:42:11,722 - GPU-5 - DEBUG - [Block 6] Before forward: use_cache=True, x.shape=torch.Size([1, 577])
2025-10-27 10:42:11,722 - GPU-5 - DEBUG - [Block 6] Model type: LLaDAModelLM
2025-10-27 10:42:11,722 - GPU-5 - DEBUG - [Block 6] Model config use_cache: True
2025-10-27 10:42:11,745 - GPU-5 - DEBUG - [Block 6] After forward: pkv is None? False
2025-10-27 10:42:11,745 - GPU-5 - DEBUG - [Block 6] out type: CausalLMOutputWithPast
2025-10-27 10:42:11,745 - GPU-5 - DEBUG - [Block 6] pkv type: <class 'list'>, len: 32
2025-10-27 10:42:11,745 - GPU-5 - DEBUG - [Block 6] pkv[0] type: <class 'tuple'>, len: 2
2025-10-27 10:42:11,746 - GPU-5 - DEBUG - [Block 6] pkv[0][0].shape: torch.Size([1, 32, 577, 128])
2025-10-27 10:42:11,834 - GPU-5 - INFO -   [Initial Forward] 2 tokens unmasked
2025-10-27 10:42:11,835 - GPU-5 - INFO -   [Cycle 1]
2025-10-27 10:42:11,835 - GPU-5 - DEBUG -     [Latent Recursive] Starting 1 steps of latent thinking
2025-10-27 10:42:11,881 - GPU-5 - DEBUG -       [Latent] Step 1/1
2025-10-27 10:42:12,051 - GPU-5 - DEBUG -       [After Latent Recursive] 2 tokens unmasked
2025-10-27 10:42:12,051 - GPU-5 - INFO -   [Cycle 2]
2025-10-27 10:42:12,051 - GPU-5 - DEBUG -     [Latent Recursive] Starting 1 steps of latent thinking
2025-10-27 10:42:12,097 - GPU-5 - DEBUG -       [Latent] Step 1/1
2025-10-27 10:42:12,268 - GPU-5 - DEBUG -       [After Latent Recursive] 2 tokens unmasked
2025-10-27 10:42:12,268 - GPU-5 - INFO -   [Cycle 3]
2025-10-27 10:42:12,268 - GPU-5 - DEBUG -     [Latent Recursive] Starting 1 steps of latent thinking
2025-10-27 10:42:12,314 - GPU-5 - DEBUG -       [Latent] Step 1/1
2025-10-27 10:42:12,484 - GPU-5 - DEBUG -       [After Latent Recursive] 2 tokens unmasked
2025-10-27 10:42:12,484 - GPU-5 - INFO -   [Cycle 4]
2025-10-27 10:42:12,484 - GPU-5 - DEBUG -     [Latent Recursive] Starting 1 steps of latent thinking
2025-10-27 10:42:12,530 - GPU-5 - DEBUG -       [Latent] Step 1/1
2025-10-27 10:42:12,701 - GPU-5 - DEBUG -       [After Latent Recursive] 2 tokens unmasked
2025-10-27 10:42:12,701 - GPU-5 - INFO -   [Cycle 5]
2025-10-27 10:42:12,701 - GPU-5 - DEBUG -     [Latent Recursive] Starting 1 steps of latent thinking
2025-10-27 10:42:12,747 - GPU-5 - DEBUG -       [Latent] Step 1/1
2025-10-27 10:42:12,917 - GPU-5 - DEBUG -       [After Latent Recursive] 2 tokens unmasked
2025-10-27 10:42:12,917 - GPU-5 - INFO -   [Cycle 6]
2025-10-27 10:42:12,917 - GPU-5 - DEBUG -     [Latent Recursive] Starting 1 steps of latent thinking
2025-10-27 10:42:12,963 - GPU-5 - DEBUG -       [Latent] Step 1/1
2025-10-27 10:42:13,134 - GPU-5 - DEBUG -       [After Latent Recursive] 2 tokens unmasked
2025-10-27 10:42:13,134 - GPU-5 - INFO -   [Cycle 7]
2025-10-27 10:42:13,134 - GPU-5 - DEBUG -     [Latent Recursive] Starting 1 steps of latent thinking
2025-10-27 10:42:13,180 - GPU-5 - DEBUG -       [Latent] Step 1/1
2025-10-27 10:42:13,350 - GPU-5 - DEBUG -       [After Latent Recursive] 2 tokens unmasked
2025-10-27 10:42:13,351 - GPU-5 - INFO -   [Cycle 8]
2025-10-27 10:42:13,351 - GPU-5 - DEBUG -     [Latent Recursive] Starting 1 steps of latent thinking
2025-10-27 10:42:13,397 - GPU-5 - DEBUG -       [Latent] Step 1/1
2025-10-27 10:42:13,567 - GPU-5 - DEBUG -       [After Latent Recursive] 2 tokens unmasked
2025-10-27 10:42:13,567 - GPU-5 - INFO -   [Cycle 9]
2025-10-27 10:42:13,567 - GPU-5 - DEBUG -     [Latent Recursive] Starting 1 steps of latent thinking
2025-10-27 10:42:13,613 - GPU-5 - DEBUG -       [Latent] Step 1/1
2025-10-27 10:42:13,783 - GPU-5 - DEBUG -       [After Latent Recursive] 2 tokens unmasked
2025-10-27 10:42:13,784 - GPU-5 - INFO -   [Cycle 10]
2025-10-27 10:42:13,784 - GPU-5 - DEBUG -     [Latent Recursive] Starting 1 steps of latent thinking
2025-10-27 10:42:13,830 - GPU-5 - DEBUG -       [Latent] Step 1/1
2025-10-27 10:42:14,000 - GPU-5 - DEBUG -       [After Latent Recursive] 2 tokens unmasked
2025-10-27 10:42:14,000 - GPU-5 - INFO -   [Cycle 11]
2025-10-27 10:42:14,000 - GPU-5 - DEBUG -     [Latent Recursive] Starting 1 steps of latent thinking
2025-10-27 10:42:14,046 - GPU-5 - DEBUG -       [Latent] Step 1/1
2025-10-27 10:42:14,216 - GPU-5 - DEBUG -       [After Latent Recursive] 2 tokens unmasked
2025-10-27 10:42:14,217 - GPU-5 - INFO -   [Cycle 12]
2025-10-27 10:42:14,217 - GPU-5 - DEBUG -     [Latent Recursive] Starting 1 steps of latent thinking
2025-10-27 10:42:14,263 - GPU-5 - DEBUG -       [Latent] Step 1/1
2025-10-27 10:42:14,433 - GPU-5 - DEBUG -       [After Latent Recursive] 2 tokens unmasked
2025-10-27 10:42:14,433 - GPU-5 - INFO -   [Cycle 13]
2025-10-27 10:42:14,434 - GPU-5 - DEBUG -     [Latent Recursive] Starting 1 steps of latent thinking
2025-10-27 10:42:14,480 - GPU-5 - DEBUG -       [Latent] Step 1/1
2025-10-27 10:42:14,650 - GPU-5 - DEBUG -       [After Latent Recursive] 2 tokens unmasked
2025-10-27 10:42:14,650 - GPU-5 - INFO -   [Cycle 14]
2025-10-27 10:42:14,650 - GPU-5 - DEBUG -     [Latent Recursive] Starting 1 steps of latent thinking
2025-10-27 10:42:14,696 - GPU-5 - DEBUG -       [Latent] Step 1/1
2025-10-27 10:42:14,866 - GPU-5 - DEBUG -       [After Latent Recursive] 2 tokens unmasked
2025-10-27 10:42:14,866 - GPU-5 - INFO -   [Cycle 15]
2025-10-27 10:42:14,867 - GPU-5 - DEBUG -     [Latent Recursive] Starting 1 steps of latent thinking
2025-10-27 10:42:14,912 - GPU-5 - DEBUG -       [Latent] Step 1/1
2025-10-27 10:42:15,083 - GPU-5 - DEBUG -       [After Latent Recursive] 2 tokens unmasked
2025-10-27 10:42:15,083 - GPU-5 - INFO - [Block 8/16] Processing tokens 289-321
2025-10-27 10:42:15,083 - GPU-5 - DEBUG - [Block 7] Before forward: use_cache=True, x.shape=torch.Size([1, 577])
2025-10-27 10:42:15,083 - GPU-5 - DEBUG - [Block 7] Model type: LLaDAModelLM
2025-10-27 10:42:15,083 - GPU-5 - DEBUG - [Block 7] Model config use_cache: True
2025-10-27 10:42:15,106 - GPU-5 - DEBUG - [Block 7] After forward: pkv is None? False
2025-10-27 10:42:15,106 - GPU-5 - DEBUG - [Block 7] out type: CausalLMOutputWithPast
2025-10-27 10:42:15,106 - GPU-5 - DEBUG - [Block 7] pkv type: <class 'list'>, len: 32
2025-10-27 10:42:15,106 - GPU-5 - DEBUG - [Block 7] pkv[0] type: <class 'tuple'>, len: 2
2025-10-27 10:42:15,107 - GPU-5 - DEBUG - [Block 7] pkv[0][0].shape: torch.Size([1, 32, 577, 128])
2025-10-27 10:42:15,195 - GPU-5 - INFO -   [Initial Forward] 2 tokens unmasked
2025-10-27 10:42:15,196 - GPU-5 - INFO -   [Cycle 1]
2025-10-27 10:42:15,196 - GPU-5 - DEBUG -     [Latent Recursive] Starting 1 steps of latent thinking
2025-10-27 10:42:15,242 - GPU-5 - DEBUG -       [Latent] Step 1/1
2025-10-27 10:42:15,410 - GPU-5 - DEBUG -       [After Latent Recursive] 2 tokens unmasked
2025-10-27 10:42:15,410 - GPU-5 - INFO -   [Cycle 2]
2025-10-27 10:42:15,410 - GPU-5 - DEBUG -     [Latent Recursive] Starting 1 steps of latent thinking
2025-10-27 10:42:15,456 - GPU-5 - DEBUG -       [Latent] Step 1/1
2025-10-27 10:42:15,624 - GPU-5 - DEBUG -       [After Latent Recursive] 2 tokens unmasked
2025-10-27 10:42:15,624 - GPU-5 - INFO -   [Cycle 3]
2025-10-27 10:42:15,624 - GPU-5 - DEBUG -     [Latent Recursive] Starting 1 steps of latent thinking
2025-10-27 10:42:15,670 - GPU-5 - DEBUG -       [Latent] Step 1/1
2025-10-27 10:42:15,838 - GPU-5 - DEBUG -       [After Latent Recursive] 2 tokens unmasked
2025-10-27 10:42:15,838 - GPU-5 - INFO -   [Cycle 4]
2025-10-27 10:42:15,839 - GPU-5 - DEBUG -     [Latent Recursive] Starting 1 steps of latent thinking
2025-10-27 10:42:15,884 - GPU-5 - DEBUG -       [Latent] Step 1/1
2025-10-27 10:42:16,052 - GPU-5 - DEBUG -       [After Latent Recursive] 2 tokens unmasked
2025-10-27 10:42:16,053 - GPU-5 - INFO -   [Cycle 5]
2025-10-27 10:42:16,053 - GPU-5 - DEBUG -     [Latent Recursive] Starting 1 steps of latent thinking
2025-10-27 10:42:16,099 - GPU-5 - DEBUG -       [Latent] Step 1/1
2025-10-27 10:42:16,267 - GPU-5 - DEBUG -       [After Latent Recursive] 2 tokens unmasked
2025-10-27 10:42:16,267 - GPU-5 - INFO -   [Cycle 6]
2025-10-27 10:42:16,267 - GPU-5 - DEBUG -     [Latent Recursive] Starting 1 steps of latent thinking
2025-10-27 10:42:16,313 - GPU-5 - DEBUG -       [Latent] Step 1/1
2025-10-27 10:42:16,481 - GPU-5 - DEBUG -       [After Latent Recursive] 2 tokens unmasked
2025-10-27 10:42:16,481 - GPU-5 - INFO -   [Cycle 7]
2025-10-27 10:42:16,481 - GPU-5 - DEBUG -     [Latent Recursive] Starting 1 steps of latent thinking
2025-10-27 10:42:16,527 - GPU-5 - DEBUG -       [Latent] Step 1/1
2025-10-27 10:42:16,695 - GPU-5 - DEBUG -       [After Latent Recursive] 2 tokens unmasked
2025-10-27 10:42:16,695 - GPU-5 - INFO -   [Cycle 8]
2025-10-27 10:42:16,696 - GPU-5 - DEBUG -     [Latent Recursive] Starting 1 steps of latent thinking
2025-10-27 10:42:16,741 - GPU-5 - DEBUG -       [Latent] Step 1/1
2025-10-27 10:42:16,909 - GPU-5 - DEBUG -       [After Latent Recursive] 2 tokens unmasked
2025-10-27 10:42:16,909 - GPU-5 - INFO -   [Cycle 9]
2025-10-27 10:42:16,910 - GPU-5 - DEBUG -     [Latent Recursive] Starting 1 steps of latent thinking
2025-10-27 10:42:16,955 - GPU-5 - DEBUG -       [Latent] Step 1/1
2025-10-27 10:42:17,124 - GPU-5 - DEBUG -       [After Latent Recursive] 2 tokens unmasked
2025-10-27 10:42:17,124 - GPU-5 - INFO -   [Cycle 10]
2025-10-27 10:42:17,124 - GPU-5 - DEBUG -     [Latent Recursive] Starting 1 steps of latent thinking
2025-10-27 10:42:17,170 - GPU-5 - DEBUG -       [Latent] Step 1/1
2025-10-27 10:42:17,337 - GPU-5 - DEBUG -       [After Latent Recursive] 2 tokens unmasked
2025-10-27 10:42:17,338 - GPU-5 - INFO -   [Cycle 11]
2025-10-27 10:42:17,338 - GPU-5 - DEBUG -     [Latent Recursive] Starting 1 steps of latent thinking
2025-10-27 10:42:17,384 - GPU-5 - DEBUG -       [Latent] Step 1/1
2025-10-27 10:42:17,552 - GPU-5 - DEBUG -       [After Latent Recursive] 2 tokens unmasked
2025-10-27 10:42:17,552 - GPU-5 - INFO -   [Cycle 12]
2025-10-27 10:42:17,553 - GPU-5 - DEBUG -     [Latent Recursive] Starting 1 steps of latent thinking
2025-10-27 10:42:17,598 - GPU-5 - DEBUG -       [Latent] Step 1/1
2025-10-27 10:42:17,766 - GPU-5 - DEBUG -       [After Latent Recursive] 2 tokens unmasked
2025-10-27 10:42:17,767 - GPU-5 - INFO -   [Cycle 13]
2025-10-27 10:42:17,767 - GPU-5 - DEBUG -     [Latent Recursive] Starting 1 steps of latent thinking
2025-10-27 10:42:17,813 - GPU-5 - DEBUG -       [Latent] Step 1/1
2025-10-27 10:42:17,981 - GPU-5 - DEBUG -       [After Latent Recursive] 2 tokens unmasked
2025-10-27 10:42:17,981 - GPU-5 - INFO -   [Cycle 14]
2025-10-27 10:42:17,981 - GPU-5 - DEBUG -     [Latent Recursive] Starting 1 steps of latent thinking
2025-10-27 10:42:18,027 - GPU-5 - DEBUG -       [Latent] Step 1/1
2025-10-27 10:42:18,195 - GPU-5 - DEBUG -       [After Latent Recursive] 2 tokens unmasked
2025-10-27 10:42:18,195 - GPU-5 - INFO -   [Cycle 15]
2025-10-27 10:42:18,195 - GPU-5 - DEBUG -     [Latent Recursive] Starting 1 steps of latent thinking
2025-10-27 10:42:18,241 - GPU-5 - DEBUG -       [Latent] Step 1/1
2025-10-27 10:42:18,409 - GPU-5 - DEBUG -       [After Latent Recursive] 2 tokens unmasked
2025-10-27 10:42:18,410 - GPU-5 - INFO - [Block 9/16] Processing tokens 321-353
2025-10-27 10:42:18,410 - GPU-5 - DEBUG - [Block 8] Before forward: use_cache=True, x.shape=torch.Size([1, 577])
2025-10-27 10:42:18,410 - GPU-5 - DEBUG - [Block 8] Model type: LLaDAModelLM
2025-10-27 10:42:18,410 - GPU-5 - DEBUG - [Block 8] Model config use_cache: True
2025-10-27 10:42:18,433 - GPU-5 - DEBUG - [Block 8] After forward: pkv is None? False
2025-10-27 10:42:18,433 - GPU-5 - DEBUG - [Block 8] out type: CausalLMOutputWithPast
2025-10-27 10:42:18,433 - GPU-5 - DEBUG - [Block 8] pkv type: <class 'list'>, len: 32
2025-10-27 10:42:18,433 - GPU-5 - DEBUG - [Block 8] pkv[0] type: <class 'tuple'>, len: 2
2025-10-27 10:42:18,433 - GPU-5 - DEBUG - [Block 8] pkv[0][0].shape: torch.Size([1, 32, 577, 128])
2025-10-27 10:42:18,522 - GPU-5 - INFO -   [Initial Forward] 2 tokens unmasked
2025-10-27 10:42:18,522 - GPU-5 - INFO -   [Cycle 1]
2025-10-27 10:42:18,522 - GPU-5 - DEBUG -     [Latent Recursive] Starting 1 steps of latent thinking
2025-10-27 10:42:18,568 - GPU-5 - DEBUG -       [Latent] Step 1/1
2025-10-27 10:42:18,735 - GPU-5 - DEBUG -       [After Latent Recursive] 2 tokens unmasked
2025-10-27 10:42:18,736 - GPU-5 - INFO -   [Cycle 2]
2025-10-27 10:42:18,736 - GPU-5 - DEBUG -     [Latent Recursive] Starting 1 steps of latent thinking
2025-10-27 10:42:18,781 - GPU-5 - DEBUG -       [Latent] Step 1/1
2025-10-27 10:42:18,948 - GPU-5 - DEBUG -       [After Latent Recursive] 2 tokens unmasked
2025-10-27 10:42:18,948 - GPU-5 - INFO -   [Cycle 3]
2025-10-27 10:42:18,948 - GPU-5 - DEBUG -     [Latent Recursive] Starting 1 steps of latent thinking
2025-10-27 10:42:18,994 - GPU-5 - DEBUG -       [Latent] Step 1/1
2025-10-27 10:42:19,161 - GPU-5 - DEBUG -       [After Latent Recursive] 2 tokens unmasked
2025-10-27 10:42:19,161 - GPU-5 - INFO -   [Cycle 4]
2025-10-27 10:42:19,162 - GPU-5 - DEBUG -     [Latent Recursive] Starting 1 steps of latent thinking
2025-10-27 10:42:19,207 - GPU-5 - DEBUG -       [Latent] Step 1/1
2025-10-27 10:42:19,374 - GPU-5 - DEBUG -       [After Latent Recursive] 2 tokens unmasked
2025-10-27 10:42:19,375 - GPU-5 - INFO -   [Cycle 5]
2025-10-27 10:42:19,375 - GPU-5 - DEBUG -     [Latent Recursive] Starting 1 steps of latent thinking
2025-10-27 10:42:19,421 - GPU-5 - DEBUG -       [Latent] Step 1/1
2025-10-27 10:42:19,587 - GPU-5 - DEBUG -       [After Latent Recursive] 2 tokens unmasked
2025-10-27 10:42:19,588 - GPU-5 - INFO -   [Cycle 6]
2025-10-27 10:42:19,588 - GPU-5 - DEBUG -     [Latent Recursive] Starting 1 steps of latent thinking
2025-10-27 10:42:19,633 - GPU-5 - DEBUG -       [Latent] Step 1/1
2025-10-27 10:42:19,800 - GPU-5 - DEBUG -       [After Latent Recursive] 2 tokens unmasked
2025-10-27 10:42:19,800 - GPU-5 - INFO -   [Cycle 7]
2025-10-27 10:42:19,801 - GPU-5 - DEBUG -     [Latent Recursive] Starting 1 steps of latent thinking
2025-10-27 10:42:19,846 - GPU-5 - DEBUG -       [Latent] Step 1/1
2025-10-27 10:42:20,013 - GPU-5 - DEBUG -       [After Latent Recursive] 2 tokens unmasked
2025-10-27 10:42:20,014 - GPU-5 - INFO -   [Cycle 8]
2025-10-27 10:42:20,014 - GPU-5 - DEBUG -     [Latent Recursive] Starting 1 steps of latent thinking
2025-10-27 10:42:20,060 - GPU-5 - DEBUG -       [Latent] Step 1/1
2025-10-27 10:42:20,226 - GPU-5 - DEBUG -       [After Latent Recursive] 2 tokens unmasked
2025-10-27 10:42:20,226 - GPU-5 - INFO -   [Cycle 9]
2025-10-27 10:42:20,227 - GPU-5 - DEBUG -     [Latent Recursive] Starting 1 steps of latent thinking
2025-10-27 10:42:20,272 - GPU-5 - DEBUG -       [Latent] Step 1/1
2025-10-27 10:42:20,439 - GPU-5 - DEBUG -       [After Latent Recursive] 2 tokens unmasked
2025-10-27 10:42:20,440 - GPU-5 - INFO -   [Cycle 10]
2025-10-27 10:42:20,440 - GPU-5 - DEBUG -     [Latent Recursive] Starting 1 steps of latent thinking
2025-10-27 10:42:20,486 - GPU-5 - DEBUG -       [Latent] Step 1/1
2025-10-27 10:42:20,654 - GPU-5 - DEBUG -       [After Latent Recursive] 2 tokens unmasked
2025-10-27 10:42:20,654 - GPU-5 - INFO -   [Cycle 11]
2025-10-27 10:42:20,654 - GPU-5 - DEBUG -     [Latent Recursive] Starting 1 steps of latent thinking
2025-10-27 10:42:20,700 - GPU-5 - DEBUG -       [Latent] Step 1/1
2025-10-27 10:42:20,870 - GPU-5 - DEBUG -       [After Latent Recursive] 2 tokens unmasked
2025-10-27 10:42:20,870 - GPU-5 - INFO -   [Cycle 12]
2025-10-27 10:42:20,870 - GPU-5 - DEBUG -     [Latent Recursive] Starting 1 steps of latent thinking
2025-10-27 10:42:20,916 - GPU-5 - DEBUG -       [Latent] Step 1/1
2025-10-27 10:42:21,085 - GPU-5 - DEBUG -       [After Latent Recursive] 2 tokens unmasked
2025-10-27 10:42:21,085 - GPU-5 - INFO -   [Cycle 13]
2025-10-27 10:42:21,085 - GPU-5 - DEBUG -     [Latent Recursive] Starting 1 steps of latent thinking
2025-10-27 10:42:21,131 - GPU-5 - DEBUG -       [Latent] Step 1/1
2025-10-27 10:42:21,298 - GPU-5 - DEBUG -       [After Latent Recursive] 2 tokens unmasked
2025-10-27 10:42:21,299 - GPU-5 - INFO -   [Cycle 14]
2025-10-27 10:42:21,299 - GPU-5 - DEBUG -     [Latent Recursive] Starting 1 steps of latent thinking
2025-10-27 10:42:21,345 - GPU-5 - DEBUG -       [Latent] Step 1/1
2025-10-27 10:42:21,514 - GPU-5 - DEBUG -       [After Latent Recursive] 2 tokens unmasked
2025-10-27 10:42:21,515 - GPU-5 - INFO -   [Cycle 15]
2025-10-27 10:42:21,515 - GPU-5 - DEBUG -     [Latent Recursive] Starting 1 steps of latent thinking
2025-10-27 10:42:21,561 - GPU-5 - DEBUG -       [Latent] Step 1/1
2025-10-27 10:42:21,728 - GPU-5 - DEBUG -       [After Latent Recursive] 2 tokens unmasked
2025-10-27 10:42:21,728 - GPU-5 - INFO - [Block 10/16] Processing tokens 353-385
2025-10-27 10:42:21,728 - GPU-5 - DEBUG - [Block 9] Before forward: use_cache=True, x.shape=torch.Size([1, 577])
2025-10-27 10:42:21,728 - GPU-5 - DEBUG - [Block 9] Model type: LLaDAModelLM
2025-10-27 10:42:21,728 - GPU-5 - DEBUG - [Block 9] Model config use_cache: True
2025-10-27 10:42:21,751 - GPU-5 - DEBUG - [Block 9] After forward: pkv is None? False
2025-10-27 10:42:21,751 - GPU-5 - DEBUG - [Block 9] out type: CausalLMOutputWithPast
2025-10-27 10:42:21,751 - GPU-5 - DEBUG - [Block 9] pkv type: <class 'list'>, len: 32
2025-10-27 10:42:21,752 - GPU-5 - DEBUG - [Block 9] pkv[0] type: <class 'tuple'>, len: 2
2025-10-27 10:42:21,752 - GPU-5 - DEBUG - [Block 9] pkv[0][0].shape: torch.Size([1, 32, 577, 128])
2025-10-27 10:42:21,840 - GPU-5 - INFO -   [Initial Forward] 2 tokens unmasked
2025-10-27 10:42:21,840 - GPU-5 - INFO -   [Cycle 1]
2025-10-27 10:42:21,841 - GPU-5 - DEBUG -     [Latent Recursive] Starting 1 steps of latent thinking
2025-10-27 10:42:21,887 - GPU-5 - DEBUG -       [Latent] Step 1/1
2025-10-27 10:42:22,051 - GPU-5 - DEBUG -       [After Latent Recursive] 2 tokens unmasked
2025-10-27 10:42:22,052 - GPU-5 - INFO -   [Cycle 2]
2025-10-27 10:42:22,052 - GPU-5 - DEBUG -     [Latent Recursive] Starting 1 steps of latent thinking
2025-10-27 10:42:22,098 - GPU-5 - DEBUG -       [Latent] Step 1/1
2025-10-27 10:42:22,262 - GPU-5 - DEBUG -       [After Latent Recursive] 2 tokens unmasked
2025-10-27 10:42:22,262 - GPU-5 - INFO -   [Cycle 3]
2025-10-27 10:42:22,263 - GPU-5 - DEBUG -     [Latent Recursive] Starting 1 steps of latent thinking
2025-10-27 10:42:22,308 - GPU-5 - DEBUG -       [Latent] Step 1/1
2025-10-27 10:42:22,473 - GPU-5 - DEBUG -       [After Latent Recursive] 2 tokens unmasked
2025-10-27 10:42:22,473 - GPU-5 - INFO -   [Cycle 4]
2025-10-27 10:42:22,473 - GPU-5 - DEBUG -     [Latent Recursive] Starting 1 steps of latent thinking
2025-10-27 10:42:22,519 - GPU-5 - DEBUG -       [Latent] Step 1/1
2025-10-27 10:42:22,684 - GPU-5 - DEBUG -       [After Latent Recursive] 2 tokens unmasked
2025-10-27 10:42:22,684 - GPU-5 - INFO -   [Cycle 5]
2025-10-27 10:42:22,684 - GPU-5 - DEBUG -     [Latent Recursive] Starting 1 steps of latent thinking
2025-10-27 10:42:22,730 - GPU-5 - DEBUG -       [Latent] Step 1/1
2025-10-27 10:42:22,895 - GPU-5 - DEBUG -       [After Latent Recursive] 2 tokens unmasked
2025-10-27 10:42:22,895 - GPU-5 - INFO -   [Cycle 6]
2025-10-27 10:42:22,895 - GPU-5 - DEBUG -     [Latent Recursive] Starting 1 steps of latent thinking
2025-10-27 10:42:22,941 - GPU-5 - DEBUG -       [Latent] Step 1/1
2025-10-27 10:42:23,106 - GPU-5 - DEBUG -       [After Latent Recursive] 2 tokens unmasked
2025-10-27 10:42:23,106 - GPU-5 - INFO -   [Cycle 7]
2025-10-27 10:42:23,106 - GPU-5 - DEBUG -     [Latent Recursive] Starting 1 steps of latent thinking
2025-10-27 10:42:23,152 - GPU-5 - DEBUG -       [Latent] Step 1/1
2025-10-27 10:42:23,317 - GPU-5 - DEBUG -       [After Latent Recursive] 2 tokens unmasked
2025-10-27 10:42:23,317 - GPU-5 - INFO -   [Cycle 8]
2025-10-27 10:42:23,317 - GPU-5 - DEBUG -     [Latent Recursive] Starting 1 steps of latent thinking
2025-10-27 10:42:23,363 - GPU-5 - DEBUG -       [Latent] Step 1/1
2025-10-27 10:42:23,528 - GPU-5 - DEBUG -       [After Latent Recursive] 2 tokens unmasked
2025-10-27 10:42:23,529 - GPU-5 - INFO -   [Cycle 9]
2025-10-27 10:42:23,529 - GPU-5 - DEBUG -     [Latent Recursive] Starting 1 steps of latent thinking
2025-10-27 10:42:23,575 - GPU-5 - DEBUG -       [Latent] Step 1/1
2025-10-27 10:42:23,739 - GPU-5 - DEBUG -       [After Latent Recursive] 2 tokens unmasked
2025-10-27 10:42:23,740 - GPU-5 - INFO -   [Cycle 10]
2025-10-27 10:42:23,740 - GPU-5 - DEBUG -     [Latent Recursive] Starting 1 steps of latent thinking
2025-10-27 10:42:23,786 - GPU-5 - DEBUG -       [Latent] Step 1/1
2025-10-27 10:42:23,950 - GPU-5 - DEBUG -       [After Latent Recursive] 2 tokens unmasked
2025-10-27 10:42:23,950 - GPU-5 - INFO -   [Cycle 11]
2025-10-27 10:42:23,950 - GPU-5 - DEBUG -     [Latent Recursive] Starting 1 steps of latent thinking
2025-10-27 10:42:23,996 - GPU-5 - DEBUG -       [Latent] Step 1/1
2025-10-27 10:42:24,160 - GPU-5 - DEBUG -       [After Latent Recursive] 2 tokens unmasked
2025-10-27 10:42:24,161 - GPU-5 - INFO -   [Cycle 12]
2025-10-27 10:42:24,161 - GPU-5 - DEBUG -     [Latent Recursive] Starting 1 steps of latent thinking
2025-10-27 10:42:24,207 - GPU-5 - DEBUG -       [Latent] Step 1/1
2025-10-27 10:42:24,371 - GPU-5 - DEBUG -       [After Latent Recursive] 2 tokens unmasked
2025-10-27 10:42:24,371 - GPU-5 - INFO -   [Cycle 13]
2025-10-27 10:42:24,372 - GPU-5 - DEBUG -     [Latent Recursive] Starting 1 steps of latent thinking
2025-10-27 10:42:24,418 - GPU-5 - DEBUG -       [Latent] Step 1/1
2025-10-27 10:42:24,582 - GPU-5 - DEBUG -       [After Latent Recursive] 2 tokens unmasked
2025-10-27 10:42:24,582 - GPU-5 - INFO -   [Cycle 14]
2025-10-27 10:42:24,582 - GPU-5 - DEBUG -     [Latent Recursive] Starting 1 steps of latent thinking
2025-10-27 10:42:24,628 - GPU-5 - DEBUG -       [Latent] Step 1/1
2025-10-27 10:42:24,792 - GPU-5 - DEBUG -       [After Latent Recursive] 2 tokens unmasked
2025-10-27 10:42:24,793 - GPU-5 - INFO -   [Cycle 15]
2025-10-27 10:42:24,793 - GPU-5 - DEBUG -     [Latent Recursive] Starting 1 steps of latent thinking
2025-10-27 10:42:24,838 - GPU-5 - DEBUG -       [Latent] Step 1/1
2025-10-27 10:42:25,003 - GPU-5 - DEBUG -       [After Latent Recursive] 2 tokens unmasked
2025-10-27 10:42:25,003 - GPU-5 - INFO - [Block 11/16] Processing tokens 385-417
2025-10-27 10:42:25,003 - GPU-5 - DEBUG - [Block 10] Before forward: use_cache=True, x.shape=torch.Size([1, 577])
2025-10-27 10:42:25,003 - GPU-5 - DEBUG - [Block 10] Model type: LLaDAModelLM
2025-10-27 10:42:25,003 - GPU-5 - DEBUG - [Block 10] Model config use_cache: True
2025-10-27 10:42:25,026 - GPU-5 - DEBUG - [Block 10] After forward: pkv is None? False
2025-10-27 10:42:25,026 - GPU-5 - DEBUG - [Block 10] out type: CausalLMOutputWithPast
2025-10-27 10:42:25,026 - GPU-5 - DEBUG - [Block 10] pkv type: <class 'list'>, len: 32
2025-10-27 10:42:25,026 - GPU-5 - DEBUG - [Block 10] pkv[0] type: <class 'tuple'>, len: 2
2025-10-27 10:42:25,026 - GPU-5 - DEBUG - [Block 10] pkv[0][0].shape: torch.Size([1, 32, 577, 128])
2025-10-27 10:42:25,115 - GPU-5 - INFO -   [Initial Forward] 2 tokens unmasked
2025-10-27 10:42:25,116 - GPU-5 - INFO -   [Cycle 1]
2025-10-27 10:42:25,116 - GPU-5 - DEBUG -     [Latent Recursive] Starting 1 steps of latent thinking
2025-10-27 10:42:25,162 - GPU-5 - DEBUG -       [Latent] Step 1/1
2025-10-27 10:42:25,325 - GPU-5 - DEBUG -       [After Latent Recursive] 2 tokens unmasked
2025-10-27 10:42:25,326 - GPU-5 - INFO -   [Cycle 2]
2025-10-27 10:42:25,326 - GPU-5 - DEBUG -     [Latent Recursive] Starting 1 steps of latent thinking
2025-10-27 10:42:25,371 - GPU-5 - DEBUG -       [Latent] Step 1/1
2025-10-27 10:42:25,535 - GPU-5 - DEBUG -       [After Latent Recursive] 2 tokens unmasked
2025-10-27 10:42:25,535 - GPU-5 - INFO -   [Cycle 3]
2025-10-27 10:42:25,535 - GPU-5 - DEBUG -     [Latent Recursive] Starting 1 steps of latent thinking
2025-10-27 10:42:25,581 - GPU-5 - DEBUG -       [Latent] Step 1/1
2025-10-27 10:42:25,744 - GPU-5 - DEBUG -       [After Latent Recursive] 2 tokens unmasked
2025-10-27 10:42:25,745 - GPU-5 - INFO -   [Cycle 4]
2025-10-27 10:42:25,745 - GPU-5 - DEBUG -     [Latent Recursive] Starting 1 steps of latent thinking
2025-10-27 10:42:25,791 - GPU-5 - DEBUG -       [Latent] Step 1/1
2025-10-27 10:42:25,954 - GPU-5 - DEBUG -       [After Latent Recursive] 2 tokens unmasked
2025-10-27 10:42:25,954 - GPU-5 - INFO -   [Cycle 5]
2025-10-27 10:42:25,955 - GPU-5 - DEBUG -     [Latent Recursive] Starting 1 steps of latent thinking
2025-10-27 10:42:26,000 - GPU-5 - DEBUG -       [Latent] Step 1/1
2025-10-27 10:42:26,163 - GPU-5 - DEBUG -       [After Latent Recursive] 2 tokens unmasked
2025-10-27 10:42:26,164 - GPU-5 - INFO -   [Cycle 6]
2025-10-27 10:42:26,164 - GPU-5 - DEBUG -     [Latent Recursive] Starting 1 steps of latent thinking
2025-10-27 10:42:26,210 - GPU-5 - DEBUG -       [Latent] Step 1/1
2025-10-27 10:42:26,373 - GPU-5 - DEBUG -       [After Latent Recursive] 2 tokens unmasked
2025-10-27 10:42:26,373 - GPU-5 - INFO -   [Cycle 7]
2025-10-27 10:42:26,373 - GPU-5 - DEBUG -     [Latent Recursive] Starting 1 steps of latent thinking
2025-10-27 10:42:26,419 - GPU-5 - DEBUG -       [Latent] Step 1/1
2025-10-27 10:42:26,582 - GPU-5 - DEBUG -       [After Latent Recursive] 2 tokens unmasked
2025-10-27 10:42:26,583 - GPU-5 - INFO -   [Cycle 8]
2025-10-27 10:42:26,583 - GPU-5 - DEBUG -     [Latent Recursive] Starting 1 steps of latent thinking
2025-10-27 10:42:26,628 - GPU-5 - DEBUG -       [Latent] Step 1/1
2025-10-27 10:42:26,792 - GPU-5 - DEBUG -       [After Latent Recursive] 2 tokens unmasked
2025-10-27 10:42:26,792 - GPU-5 - INFO -   [Cycle 9]
2025-10-27 10:42:26,792 - GPU-5 - DEBUG -     [Latent Recursive] Starting 1 steps of latent thinking
2025-10-27 10:42:26,838 - GPU-5 - DEBUG -       [Latent] Step 1/1
2025-10-27 10:42:27,001 - GPU-5 - DEBUG -       [After Latent Recursive] 2 tokens unmasked
2025-10-27 10:42:27,002 - GPU-5 - INFO -   [Cycle 10]
2025-10-27 10:42:27,002 - GPU-5 - DEBUG -     [Latent Recursive] Starting 1 steps of latent thinking
2025-10-27 10:42:27,047 - GPU-5 - DEBUG -       [Latent] Step 1/1
2025-10-27 10:42:27,211 - GPU-5 - DEBUG -       [After Latent Recursive] 2 tokens unmasked
2025-10-27 10:42:27,211 - GPU-5 - INFO -   [Cycle 11]
2025-10-27 10:42:27,211 - GPU-5 - DEBUG -     [Latent Recursive] Starting 1 steps of latent thinking
2025-10-27 10:42:27,257 - GPU-5 - DEBUG -       [Latent] Step 1/1
2025-10-27 10:42:27,420 - GPU-5 - DEBUG -       [After Latent Recursive] 2 tokens unmasked
2025-10-27 10:42:27,420 - GPU-5 - INFO -   [Cycle 12]
2025-10-27 10:42:27,421 - GPU-5 - DEBUG -     [Latent Recursive] Starting 1 steps of latent thinking
2025-10-27 10:42:27,467 - GPU-5 - DEBUG -       [Latent] Step 1/1
2025-10-27 10:42:27,630 - GPU-5 - DEBUG -       [After Latent Recursive] 2 tokens unmasked
2025-10-27 10:42:27,630 - GPU-5 - INFO -   [Cycle 13]
2025-10-27 10:42:27,631 - GPU-5 - DEBUG -     [Latent Recursive] Starting 1 steps of latent thinking
2025-10-27 10:42:27,676 - GPU-5 - DEBUG -       [Latent] Step 1/1
2025-10-27 10:42:27,839 - GPU-5 - DEBUG -       [After Latent Recursive] 2 tokens unmasked
2025-10-27 10:42:27,840 - GPU-5 - INFO -   [Cycle 14]
2025-10-27 10:42:27,840 - GPU-5 - DEBUG -     [Latent Recursive] Starting 1 steps of latent thinking
2025-10-27 10:42:27,886 - GPU-5 - DEBUG -       [Latent] Step 1/1
2025-10-27 10:42:28,049 - GPU-5 - DEBUG -       [After Latent Recursive] 2 tokens unmasked
2025-10-27 10:42:28,049 - GPU-5 - INFO -   [Cycle 15]
2025-10-27 10:42:28,050 - GPU-5 - DEBUG -     [Latent Recursive] Starting 1 steps of latent thinking
2025-10-27 10:42:28,095 - GPU-5 - DEBUG -       [Latent] Step 1/1
2025-10-27 10:42:28,258 - GPU-5 - DEBUG -       [After Latent Recursive] 2 tokens unmasked
2025-10-27 10:42:28,259 - GPU-5 - INFO - [Block 12/16] Processing tokens 417-449
2025-10-27 10:42:28,259 - GPU-5 - DEBUG - [Block 11] Before forward: use_cache=True, x.shape=torch.Size([1, 577])
2025-10-27 10:42:28,259 - GPU-5 - DEBUG - [Block 11] Model type: LLaDAModelLM
2025-10-27 10:42:28,259 - GPU-5 - DEBUG - [Block 11] Model config use_cache: True
2025-10-27 10:42:28,282 - GPU-5 - DEBUG - [Block 11] After forward: pkv is None? False
2025-10-27 10:42:28,282 - GPU-5 - DEBUG - [Block 11] out type: CausalLMOutputWithPast
2025-10-27 10:42:28,282 - GPU-5 - DEBUG - [Block 11] pkv type: <class 'list'>, len: 32
2025-10-27 10:42:28,283 - GPU-5 - DEBUG - [Block 11] pkv[0] type: <class 'tuple'>, len: 2
2025-10-27 10:42:28,283 - GPU-5 - DEBUG - [Block 11] pkv[0][0].shape: torch.Size([1, 32, 577, 128])
2025-10-27 10:42:28,371 - GPU-5 - INFO -   [Initial Forward] 2 tokens unmasked
2025-10-27 10:42:28,372 - GPU-5 - INFO -   [Cycle 1]
2025-10-27 10:42:28,372 - GPU-5 - DEBUG -     [Latent Recursive] Starting 1 steps of latent thinking
2025-10-27 10:42:28,418 - GPU-5 - DEBUG -       [Latent] Step 1/1
2025-10-27 10:42:28,581 - GPU-5 - DEBUG -       [After Latent Recursive] 2 tokens unmasked
2025-10-27 10:42:28,581 - GPU-5 - INFO -   [Cycle 2]
2025-10-27 10:42:28,581 - GPU-5 - DEBUG -     [Latent Recursive] Starting 1 steps of latent thinking
2025-10-27 10:42:28,627 - GPU-5 - DEBUG -       [Latent] Step 1/1
2025-10-27 10:42:28,790 - GPU-5 - DEBUG -       [After Latent Recursive] 2 tokens unmasked
2025-10-27 10:42:28,790 - GPU-5 - INFO -   [Cycle 3]
2025-10-27 10:42:28,790 - GPU-5 - DEBUG -     [Latent Recursive] Starting 1 steps of latent thinking
2025-10-27 10:42:28,836 - GPU-5 - DEBUG -       [Latent] Step 1/1
2025-10-27 10:42:28,998 - GPU-5 - DEBUG -       [After Latent Recursive] 2 tokens unmasked
2025-10-27 10:42:28,999 - GPU-5 - INFO -   [Cycle 4]
2025-10-27 10:42:28,999 - GPU-5 - DEBUG -     [Latent Recursive] Starting 1 steps of latent thinking
2025-10-27 10:42:29,045 - GPU-5 - DEBUG -       [Latent] Step 1/1
2025-10-27 10:42:29,207 - GPU-5 - DEBUG -       [After Latent Recursive] 2 tokens unmasked
2025-10-27 10:42:29,208 - GPU-5 - INFO -   [Cycle 5]
2025-10-27 10:42:29,208 - GPU-5 - DEBUG -     [Latent Recursive] Starting 1 steps of latent thinking
2025-10-27 10:42:29,254 - GPU-5 - DEBUG -       [Latent] Step 1/1
2025-10-27 10:42:29,416 - GPU-5 - DEBUG -       [After Latent Recursive] 2 tokens unmasked
2025-10-27 10:42:29,416 - GPU-5 - INFO -   [Cycle 6]
2025-10-27 10:42:29,417 - GPU-5 - DEBUG -     [Latent Recursive] Starting 1 steps of latent thinking
2025-10-27 10:42:29,462 - GPU-5 - DEBUG -       [Latent] Step 1/1
2025-10-27 10:42:29,625 - GPU-5 - DEBUG -       [After Latent Recursive] 2 tokens unmasked
2025-10-27 10:42:29,625 - GPU-5 - INFO -   [Cycle 7]
2025-10-27 10:42:29,626 - GPU-5 - DEBUG -     [Latent Recursive] Starting 1 steps of latent thinking
2025-10-27 10:42:29,672 - GPU-5 - DEBUG -       [Latent] Step 1/1
2025-10-27 10:42:29,834 - GPU-5 - DEBUG -       [After Latent Recursive] 2 tokens unmasked
2025-10-27 10:42:29,834 - GPU-5 - INFO -   [Cycle 8]
2025-10-27 10:42:29,834 - GPU-5 - DEBUG -     [Latent Recursive] Starting 1 steps of latent thinking
2025-10-27 10:42:29,880 - GPU-5 - DEBUG -       [Latent] Step 1/1
2025-10-27 10:42:30,043 - GPU-5 - DEBUG -       [After Latent Recursive] 2 tokens unmasked
2025-10-27 10:42:30,043 - GPU-5 - INFO -   [Cycle 9]
2025-10-27 10:42:30,044 - GPU-5 - DEBUG -     [Latent Recursive] Starting 1 steps of latent thinking
2025-10-27 10:42:30,089 - GPU-5 - DEBUG -       [Latent] Step 1/1
2025-10-27 10:42:30,252 - GPU-5 - DEBUG -       [After Latent Recursive] 2 tokens unmasked
2025-10-27 10:42:30,252 - GPU-5 - INFO -   [Cycle 10]
2025-10-27 10:42:30,252 - GPU-5 - DEBUG -     [Latent Recursive] Starting 1 steps of latent thinking
2025-10-27 10:42:30,298 - GPU-5 - DEBUG -       [Latent] Step 1/1
2025-10-27 10:42:30,461 - GPU-5 - DEBUG -       [After Latent Recursive] 2 tokens unmasked
2025-10-27 10:42:30,461 - GPU-5 - INFO -   [Cycle 11]
2025-10-27 10:42:30,461 - GPU-5 - DEBUG -     [Latent Recursive] Starting 1 steps of latent thinking
2025-10-27 10:42:30,507 - GPU-5 - DEBUG -       [Latent] Step 1/1
2025-10-27 10:42:30,670 - GPU-5 - DEBUG -       [After Latent Recursive] 2 tokens unmasked
2025-10-27 10:42:30,670 - GPU-5 - INFO -   [Cycle 12]
2025-10-27 10:42:30,670 - GPU-5 - DEBUG -     [Latent Recursive] Starting 1 steps of latent thinking
2025-10-27 10:42:30,716 - GPU-5 - DEBUG -       [Latent] Step 1/1
2025-10-27 10:42:30,879 - GPU-5 - DEBUG -       [After Latent Recursive] 2 tokens unmasked
2025-10-27 10:42:30,879 - GPU-5 - INFO -   [Cycle 13]
2025-10-27 10:42:30,879 - GPU-5 - DEBUG -     [Latent Recursive] Starting 1 steps of latent thinking
2025-10-27 10:42:30,925 - GPU-5 - DEBUG -       [Latent] Step 1/1
2025-10-27 10:42:31,088 - GPU-5 - DEBUG -       [After Latent Recursive] 2 tokens unmasked
2025-10-27 10:42:31,088 - GPU-5 - INFO -   [Cycle 14]
2025-10-27 10:42:31,088 - GPU-5 - DEBUG -     [Latent Recursive] Starting 1 steps of latent thinking
2025-10-27 10:42:31,134 - GPU-5 - DEBUG -       [Latent] Step 1/1
2025-10-27 10:42:31,297 - GPU-5 - DEBUG -       [After Latent Recursive] 2 tokens unmasked
2025-10-27 10:42:31,297 - GPU-5 - INFO -   [Cycle 15]
2025-10-27 10:42:31,297 - GPU-5 - DEBUG -     [Latent Recursive] Starting 1 steps of latent thinking
2025-10-27 10:42:31,343 - GPU-5 - DEBUG -       [Latent] Step 1/1
2025-10-27 10:42:31,505 - GPU-5 - DEBUG -       [After Latent Recursive] 2 tokens unmasked
2025-10-27 10:42:31,506 - GPU-5 - INFO - [Block 13/16] Processing tokens 449-481
2025-10-27 10:42:31,506 - GPU-5 - DEBUG - [Block 12] Before forward: use_cache=True, x.shape=torch.Size([1, 577])
2025-10-27 10:42:31,506 - GPU-5 - DEBUG - [Block 12] Model type: LLaDAModelLM
2025-10-27 10:42:31,506 - GPU-5 - DEBUG - [Block 12] Model config use_cache: True
2025-10-27 10:42:31,529 - GPU-5 - DEBUG - [Block 12] After forward: pkv is None? False
2025-10-27 10:42:31,529 - GPU-5 - DEBUG - [Block 12] out type: CausalLMOutputWithPast
2025-10-27 10:42:31,529 - GPU-5 - DEBUG - [Block 12] pkv type: <class 'list'>, len: 32
2025-10-27 10:42:31,529 - GPU-5 - DEBUG - [Block 12] pkv[0] type: <class 'tuple'>, len: 2
2025-10-27 10:42:31,529 - GPU-5 - DEBUG - [Block 12] pkv[0][0].shape: torch.Size([1, 32, 577, 128])
2025-10-27 10:42:31,618 - GPU-5 - INFO -   [Initial Forward] 2 tokens unmasked
2025-10-27 10:42:31,618 - GPU-5 - INFO -   [Cycle 1]
2025-10-27 10:42:31,619 - GPU-5 - DEBUG -     [Latent Recursive] Starting 1 steps of latent thinking
2025-10-27 10:42:31,665 - GPU-5 - DEBUG -       [Latent] Step 1/1
2025-10-27 10:42:31,825 - GPU-5 - DEBUG -       [After Latent Recursive] 2 tokens unmasked
2025-10-27 10:42:31,825 - GPU-5 - INFO -   [Cycle 2]
2025-10-27 10:42:31,825 - GPU-5 - DEBUG -     [Latent Recursive] Starting 1 steps of latent thinking
2025-10-27 10:42:31,871 - GPU-5 - DEBUG -       [Latent] Step 1/1
2025-10-27 10:42:32,032 - GPU-5 - DEBUG -       [After Latent Recursive] 2 tokens unmasked
2025-10-27 10:42:32,032 - GPU-5 - INFO -   [Cycle 3]
2025-10-27 10:42:32,032 - GPU-5 - DEBUG -     [Latent Recursive] Starting 1 steps of latent thinking
2025-10-27 10:42:32,078 - GPU-5 - DEBUG -       [Latent] Step 1/1
2025-10-27 10:42:32,239 - GPU-5 - DEBUG -       [After Latent Recursive] 2 tokens unmasked
2025-10-27 10:42:32,239 - GPU-5 - INFO -   [Cycle 4]
2025-10-27 10:42:32,239 - GPU-5 - DEBUG -     [Latent Recursive] Starting 1 steps of latent thinking
2025-10-27 10:42:32,285 - GPU-5 - DEBUG -       [Latent] Step 1/1
2025-10-27 10:42:32,446 - GPU-5 - DEBUG -       [After Latent Recursive] 2 tokens unmasked
2025-10-27 10:42:32,446 - GPU-5 - INFO -   [Cycle 5]
2025-10-27 10:42:32,446 - GPU-5 - DEBUG -     [Latent Recursive] Starting 1 steps of latent thinking
2025-10-27 10:42:32,492 - GPU-5 - DEBUG -       [Latent] Step 1/1
2025-10-27 10:42:32,653 - GPU-5 - DEBUG -       [After Latent Recursive] 2 tokens unmasked
2025-10-27 10:42:32,653 - GPU-5 - INFO -   [Cycle 6]
2025-10-27 10:42:32,653 - GPU-5 - DEBUG -     [Latent Recursive] Starting 1 steps of latent thinking
2025-10-27 10:42:32,699 - GPU-5 - DEBUG -       [Latent] Step 1/1
2025-10-27 10:42:32,860 - GPU-5 - DEBUG -       [After Latent Recursive] 2 tokens unmasked
2025-10-27 10:42:32,860 - GPU-5 - INFO -   [Cycle 7]
2025-10-27 10:42:32,860 - GPU-5 - DEBUG -     [Latent Recursive] Starting 1 steps of latent thinking
2025-10-27 10:42:32,906 - GPU-5 - DEBUG -       [Latent] Step 1/1
2025-10-27 10:42:33,067 - GPU-5 - DEBUG -       [After Latent Recursive] 2 tokens unmasked
2025-10-27 10:42:33,067 - GPU-5 - INFO -   [Cycle 8]
2025-10-27 10:42:33,067 - GPU-5 - DEBUG -     [Latent Recursive] Starting 1 steps of latent thinking
2025-10-27 10:42:33,113 - GPU-5 - DEBUG -       [Latent] Step 1/1
2025-10-27 10:42:33,274 - GPU-5 - DEBUG -       [After Latent Recursive] 2 tokens unmasked
2025-10-27 10:42:33,274 - GPU-5 - INFO -   [Cycle 9]
2025-10-27 10:42:33,274 - GPU-5 - DEBUG -     [Latent Recursive] Starting 1 steps of latent thinking
2025-10-27 10:42:33,320 - GPU-5 - DEBUG -       [Latent] Step 1/1
2025-10-27 10:42:33,480 - GPU-5 - DEBUG -       [After Latent Recursive] 2 tokens unmasked
2025-10-27 10:42:33,481 - GPU-5 - INFO -   [Cycle 10]
2025-10-27 10:42:33,481 - GPU-5 - DEBUG -     [Latent Recursive] Starting 1 steps of latent thinking
2025-10-27 10:42:33,526 - GPU-5 - DEBUG -       [Latent] Step 1/1
2025-10-27 10:42:33,687 - GPU-5 - DEBUG -       [After Latent Recursive] 2 tokens unmasked
2025-10-27 10:42:33,688 - GPU-5 - INFO -   [Cycle 11]
2025-10-27 10:42:33,688 - GPU-5 - DEBUG -     [Latent Recursive] Starting 1 steps of latent thinking
2025-10-27 10:42:33,734 - GPU-5 - DEBUG -       [Latent] Step 1/1
2025-10-27 10:42:33,894 - GPU-5 - DEBUG -       [After Latent Recursive] 2 tokens unmasked
2025-10-27 10:42:33,895 - GPU-5 - INFO -   [Cycle 12]
2025-10-27 10:42:33,895 - GPU-5 - DEBUG -     [Latent Recursive] Starting 1 steps of latent thinking
2025-10-27 10:42:33,941 - GPU-5 - DEBUG -       [Latent] Step 1/1
2025-10-27 10:42:34,102 - GPU-5 - DEBUG -       [After Latent Recursive] 2 tokens unmasked
2025-10-27 10:42:34,102 - GPU-5 - INFO -   [Cycle 13]
2025-10-27 10:42:34,102 - GPU-5 - DEBUG -     [Latent Recursive] Starting 1 steps of latent thinking
2025-10-27 10:42:34,148 - GPU-5 - DEBUG -       [Latent] Step 1/1
2025-10-27 10:42:34,308 - GPU-5 - DEBUG -       [After Latent Recursive] 2 tokens unmasked
2025-10-27 10:42:34,309 - GPU-5 - INFO -   [Cycle 14]
2025-10-27 10:42:34,309 - GPU-5 - DEBUG -     [Latent Recursive] Starting 1 steps of latent thinking
2025-10-27 10:42:34,354 - GPU-5 - DEBUG -       [Latent] Step 1/1
2025-10-27 10:42:34,515 - GPU-5 - DEBUG -       [After Latent Recursive] 2 tokens unmasked
2025-10-27 10:42:34,516 - GPU-5 - INFO -   [Cycle 15]
2025-10-27 10:42:34,516 - GPU-5 - DEBUG -     [Latent Recursive] Starting 1 steps of latent thinking
2025-10-27 10:42:34,561 - GPU-5 - DEBUG -       [Latent] Step 1/1
2025-10-27 10:42:34,722 - GPU-5 - DEBUG -       [After Latent Recursive] 2 tokens unmasked
2025-10-27 10:42:34,722 - GPU-5 - INFO - [Block 14/16] Processing tokens 481-513
2025-10-27 10:42:34,722 - GPU-5 - DEBUG - [Block 13] Before forward: use_cache=True, x.shape=torch.Size([1, 577])
2025-10-27 10:42:34,722 - GPU-5 - DEBUG - [Block 13] Model type: LLaDAModelLM
2025-10-27 10:42:34,722 - GPU-5 - DEBUG - [Block 13] Model config use_cache: True
2025-10-27 10:42:34,745 - GPU-5 - DEBUG - [Block 13] After forward: pkv is None? False
2025-10-27 10:42:34,745 - GPU-5 - DEBUG - [Block 13] out type: CausalLMOutputWithPast
2025-10-27 10:42:34,745 - GPU-5 - DEBUG - [Block 13] pkv type: <class 'list'>, len: 32
2025-10-27 10:42:34,745 - GPU-5 - DEBUG - [Block 13] pkv[0] type: <class 'tuple'>, len: 2
2025-10-27 10:42:34,745 - GPU-5 - DEBUG - [Block 13] pkv[0][0].shape: torch.Size([1, 32, 577, 128])
2025-10-27 10:42:34,834 - GPU-5 - INFO -   [Initial Forward] 2 tokens unmasked
2025-10-27 10:42:34,835 - GPU-5 - INFO -   [Cycle 1]
2025-10-27 10:42:34,835 - GPU-5 - DEBUG -     [Latent Recursive] Starting 1 steps of latent thinking
2025-10-27 10:42:34,881 - GPU-5 - DEBUG -       [Latent] Step 1/1
2025-10-27 10:42:35,040 - GPU-5 - DEBUG -       [After Latent Recursive] 2 tokens unmasked
2025-10-27 10:42:35,041 - GPU-5 - INFO -   [Cycle 2]
2025-10-27 10:42:35,041 - GPU-5 - DEBUG -     [Latent Recursive] Starting 1 steps of latent thinking
2025-10-27 10:42:35,087 - GPU-5 - DEBUG -       [Latent] Step 1/1
2025-10-27 10:42:35,246 - GPU-5 - DEBUG -       [After Latent Recursive] 2 tokens unmasked
2025-10-27 10:42:35,247 - GPU-5 - INFO -   [Cycle 3]
2025-10-27 10:42:35,247 - GPU-5 - DEBUG -     [Latent Recursive] Starting 1 steps of latent thinking
2025-10-27 10:42:35,293 - GPU-5 - DEBUG -       [Latent] Step 1/1
2025-10-27 10:42:35,452 - GPU-5 - DEBUG -       [After Latent Recursive] 2 tokens unmasked
2025-10-27 10:42:35,452 - GPU-5 - INFO -   [Cycle 4]
2025-10-27 10:42:35,453 - GPU-5 - DEBUG -     [Latent Recursive] Starting 1 steps of latent thinking
2025-10-27 10:42:35,498 - GPU-5 - DEBUG -       [Latent] Step 1/1
2025-10-27 10:42:35,658 - GPU-5 - DEBUG -       [After Latent Recursive] 2 tokens unmasked
2025-10-27 10:42:35,658 - GPU-5 - INFO -   [Cycle 5]
2025-10-27 10:42:35,658 - GPU-5 - DEBUG -     [Latent Recursive] Starting 1 steps of latent thinking
2025-10-27 10:42:35,704 - GPU-5 - DEBUG -       [Latent] Step 1/1
2025-10-27 10:42:35,864 - GPU-5 - DEBUG -       [After Latent Recursive] 2 tokens unmasked
2025-10-27 10:42:35,864 - GPU-5 - INFO -   [Cycle 6]
2025-10-27 10:42:35,864 - GPU-5 - DEBUG -     [Latent Recursive] Starting 1 steps of latent thinking
2025-10-27 10:42:35,910 - GPU-5 - DEBUG -       [Latent] Step 1/1
2025-10-27 10:42:36,069 - GPU-5 - DEBUG -       [After Latent Recursive] 2 tokens unmasked
2025-10-27 10:42:36,069 - GPU-5 - INFO -   [Cycle 7]
2025-10-27 10:42:36,070 - GPU-5 - DEBUG -     [Latent Recursive] Starting 1 steps of latent thinking
2025-10-27 10:42:36,115 - GPU-5 - DEBUG -       [Latent] Step 1/1
2025-10-27 10:42:36,275 - GPU-5 - DEBUG -       [After Latent Recursive] 2 tokens unmasked
2025-10-27 10:42:36,275 - GPU-5 - INFO -   [Cycle 8]
2025-10-27 10:42:36,275 - GPU-5 - DEBUG -     [Latent Recursive] Starting 1 steps of latent thinking
2025-10-27 10:42:36,321 - GPU-5 - DEBUG -       [Latent] Step 1/1
2025-10-27 10:42:36,481 - GPU-5 - DEBUG -       [After Latent Recursive] 2 tokens unmasked
2025-10-27 10:42:36,481 - GPU-5 - INFO -   [Cycle 9]
2025-10-27 10:42:36,481 - GPU-5 - DEBUG -     [Latent Recursive] Starting 1 steps of latent thinking
2025-10-27 10:42:36,527 - GPU-5 - DEBUG -       [Latent] Step 1/1
2025-10-27 10:42:36,686 - GPU-5 - DEBUG -       [After Latent Recursive] 2 tokens unmasked
2025-10-27 10:42:36,687 - GPU-5 - INFO -   [Cycle 10]
2025-10-27 10:42:36,687 - GPU-5 - DEBUG -     [Latent Recursive] Starting 1 steps of latent thinking
2025-10-27 10:42:36,733 - GPU-5 - DEBUG -       [Latent] Step 1/1
2025-10-27 10:42:36,892 - GPU-5 - DEBUG -       [After Latent Recursive] 2 tokens unmasked
2025-10-27 10:42:36,892 - GPU-5 - INFO -   [Cycle 11]
2025-10-27 10:42:36,892 - GPU-5 - DEBUG -     [Latent Recursive] Starting 1 steps of latent thinking
2025-10-27 10:42:36,938 - GPU-5 - DEBUG -       [Latent] Step 1/1
2025-10-27 10:42:37,098 - GPU-5 - DEBUG -       [After Latent Recursive] 2 tokens unmasked
2025-10-27 10:42:37,098 - GPU-5 - INFO -   [Cycle 12]
2025-10-27 10:42:37,098 - GPU-5 - DEBUG -     [Latent Recursive] Starting 1 steps of latent thinking
2025-10-27 10:42:37,144 - GPU-5 - DEBUG -       [Latent] Step 1/1
2025-10-27 10:42:37,303 - GPU-5 - DEBUG -       [After Latent Recursive] 2 tokens unmasked
2025-10-27 10:42:37,304 - GPU-5 - INFO -   [Cycle 13]
2025-10-27 10:42:37,304 - GPU-5 - DEBUG -     [Latent Recursive] Starting 1 steps of latent thinking
2025-10-27 10:42:37,350 - GPU-5 - DEBUG -       [Latent] Step 1/1
2025-10-27 10:42:37,509 - GPU-5 - DEBUG -       [After Latent Recursive] 2 tokens unmasked
2025-10-27 10:42:37,509 - GPU-5 - INFO -   [Cycle 14]
2025-10-27 10:42:37,510 - GPU-5 - DEBUG -     [Latent Recursive] Starting 1 steps of latent thinking
2025-10-27 10:42:37,556 - GPU-5 - DEBUG -       [Latent] Step 1/1
2025-10-27 10:42:37,715 - GPU-5 - DEBUG -       [After Latent Recursive] 2 tokens unmasked
2025-10-27 10:42:37,715 - GPU-5 - INFO -   [Cycle 15]
2025-10-27 10:42:37,716 - GPU-5 - DEBUG -     [Latent Recursive] Starting 1 steps of latent thinking
2025-10-27 10:42:37,762 - GPU-5 - DEBUG -       [Latent] Step 1/1
2025-10-27 10:42:37,921 - GPU-5 - DEBUG -       [After Latent Recursive] 2 tokens unmasked
2025-10-27 10:42:37,921 - GPU-5 - INFO - [Block 15/16] Processing tokens 513-545
2025-10-27 10:42:37,921 - GPU-5 - DEBUG - [Block 14] Before forward: use_cache=True, x.shape=torch.Size([1, 577])
2025-10-27 10:42:37,921 - GPU-5 - DEBUG - [Block 14] Model type: LLaDAModelLM
2025-10-27 10:42:37,922 - GPU-5 - DEBUG - [Block 14] Model config use_cache: True
2025-10-27 10:42:37,944 - GPU-5 - DEBUG - [Block 14] After forward: pkv is None? False
2025-10-27 10:42:37,944 - GPU-5 - DEBUG - [Block 14] out type: CausalLMOutputWithPast
2025-10-27 10:42:37,945 - GPU-5 - DEBUG - [Block 14] pkv type: <class 'list'>, len: 32
2025-10-27 10:42:37,945 - GPU-5 - DEBUG - [Block 14] pkv[0] type: <class 'tuple'>, len: 2
2025-10-27 10:42:37,945 - GPU-5 - DEBUG - [Block 14] pkv[0][0].shape: torch.Size([1, 32, 577, 128])
2025-10-27 10:42:38,033 - GPU-5 - INFO -   [Initial Forward] 2 tokens unmasked
2025-10-27 10:42:38,034 - GPU-5 - INFO -   [Cycle 1]
2025-10-27 10:42:38,034 - GPU-5 - DEBUG -     [Latent Recursive] Starting 1 steps of latent thinking
2025-10-27 10:42:38,080 - GPU-5 - DEBUG -       [Latent] Step 1/1
2025-10-27 10:42:38,237 - GPU-5 - DEBUG -       [After Latent Recursive] 2 tokens unmasked
2025-10-27 10:42:38,237 - GPU-5 - INFO -   [Cycle 2]
2025-10-27 10:42:38,238 - GPU-5 - DEBUG -     [Latent Recursive] Starting 1 steps of latent thinking
2025-10-27 10:42:38,284 - GPU-5 - DEBUG -       [Latent] Step 1/1
2025-10-27 10:42:38,440 - GPU-5 - DEBUG -       [After Latent Recursive] 2 tokens unmasked
2025-10-27 10:42:38,441 - GPU-5 - INFO -   [Cycle 3]
2025-10-27 10:42:38,441 - GPU-5 - DEBUG -     [Latent Recursive] Starting 1 steps of latent thinking
2025-10-27 10:42:38,487 - GPU-5 - DEBUG -       [Latent] Step 1/1
2025-10-27 10:42:38,644 - GPU-5 - DEBUG -       [After Latent Recursive] 2 tokens unmasked
2025-10-27 10:42:38,644 - GPU-5 - INFO -   [Cycle 4]
2025-10-27 10:42:38,644 - GPU-5 - DEBUG -     [Latent Recursive] Starting 1 steps of latent thinking
2025-10-27 10:42:38,690 - GPU-5 - DEBUG -       [Latent] Step 1/1
2025-10-27 10:42:38,847 - GPU-5 - DEBUG -       [After Latent Recursive] 2 tokens unmasked
2025-10-27 10:42:38,847 - GPU-5 - INFO -   [Cycle 5]
2025-10-27 10:42:38,848 - GPU-5 - DEBUG -     [Latent Recursive] Starting 1 steps of latent thinking
2025-10-27 10:42:38,893 - GPU-5 - DEBUG -       [Latent] Step 1/1
2025-10-27 10:42:39,050 - GPU-5 - DEBUG -       [After Latent Recursive] 2 tokens unmasked
2025-10-27 10:42:39,051 - GPU-5 - INFO -   [Cycle 6]
2025-10-27 10:42:39,051 - GPU-5 - DEBUG -     [Latent Recursive] Starting 1 steps of latent thinking
2025-10-27 10:42:39,097 - GPU-5 - DEBUG -       [Latent] Step 1/1
2025-10-27 10:42:39,254 - GPU-5 - DEBUG -       [After Latent Recursive] 2 tokens unmasked
2025-10-27 10:42:39,254 - GPU-5 - INFO -   [Cycle 7]
2025-10-27 10:42:39,254 - GPU-5 - DEBUG -     [Latent Recursive] Starting 1 steps of latent thinking
2025-10-27 10:42:39,300 - GPU-5 - DEBUG -       [Latent] Step 1/1
2025-10-27 10:42:39,457 - GPU-5 - DEBUG -       [After Latent Recursive] 2 tokens unmasked
2025-10-27 10:42:39,457 - GPU-5 - INFO -   [Cycle 8]
2025-10-27 10:42:39,457 - GPU-5 - DEBUG -     [Latent Recursive] Starting 1 steps of latent thinking
2025-10-27 10:42:39,503 - GPU-5 - DEBUG -       [Latent] Step 1/1
2025-10-27 10:42:39,660 - GPU-5 - DEBUG -       [After Latent Recursive] 2 tokens unmasked
2025-10-27 10:42:39,661 - GPU-5 - INFO -   [Cycle 9]
2025-10-27 10:42:39,661 - GPU-5 - DEBUG -     [Latent Recursive] Starting 1 steps of latent thinking
2025-10-27 10:42:39,707 - GPU-5 - DEBUG -       [Latent] Step 1/1
2025-10-27 10:42:39,864 - GPU-5 - DEBUG -       [After Latent Recursive] 2 tokens unmasked
2025-10-27 10:42:39,864 - GPU-5 - INFO -   [Cycle 10]
2025-10-27 10:42:39,865 - GPU-5 - DEBUG -     [Latent Recursive] Starting 1 steps of latent thinking
2025-10-27 10:42:39,910 - GPU-5 - DEBUG -       [Latent] Step 1/1
2025-10-27 10:42:40,068 - GPU-5 - DEBUG -       [After Latent Recursive] 2 tokens unmasked
2025-10-27 10:42:40,068 - GPU-5 - INFO -   [Cycle 11]
2025-10-27 10:42:40,068 - GPU-5 - DEBUG -     [Latent Recursive] Starting 1 steps of latent thinking
2025-10-27 10:42:40,114 - GPU-5 - DEBUG -       [Latent] Step 1/1
2025-10-27 10:42:40,272 - GPU-5 - DEBUG -       [After Latent Recursive] 2 tokens unmasked
2025-10-27 10:42:40,272 - GPU-5 - INFO -   [Cycle 12]
2025-10-27 10:42:40,272 - GPU-5 - DEBUG -     [Latent Recursive] Starting 1 steps of latent thinking
2025-10-27 10:42:40,318 - GPU-5 - DEBUG -       [Latent] Step 1/1
2025-10-27 10:42:40,475 - GPU-5 - DEBUG -       [After Latent Recursive] 2 tokens unmasked
2025-10-27 10:42:40,476 - GPU-5 - INFO -   [Cycle 13]
2025-10-27 10:42:40,476 - GPU-5 - DEBUG -     [Latent Recursive] Starting 1 steps of latent thinking
2025-10-27 10:42:40,521 - GPU-5 - DEBUG -       [Latent] Step 1/1
2025-10-27 10:42:40,679 - GPU-5 - DEBUG -       [After Latent Recursive] 2 tokens unmasked
2025-10-27 10:42:40,679 - GPU-5 - INFO -   [Cycle 14]
2025-10-27 10:42:40,679 - GPU-5 - DEBUG -     [Latent Recursive] Starting 1 steps of latent thinking
2025-10-27 10:42:40,725 - GPU-5 - DEBUG -       [Latent] Step 1/1
2025-10-27 10:42:40,882 - GPU-5 - DEBUG -       [After Latent Recursive] 2 tokens unmasked
2025-10-27 10:42:40,883 - GPU-5 - INFO -   [Cycle 15]
2025-10-27 10:42:40,883 - GPU-5 - DEBUG -     [Latent Recursive] Starting 1 steps of latent thinking
2025-10-27 10:42:40,928 - GPU-5 - DEBUG -       [Latent] Step 1/1
2025-10-27 10:42:41,086 - GPU-5 - DEBUG -       [After Latent Recursive] 2 tokens unmasked
2025-10-27 10:42:41,086 - GPU-5 - INFO - [Block 16/16] Processing tokens 545-577
2025-10-27 10:42:41,086 - GPU-5 - DEBUG - [Block 15] Before forward: use_cache=True, x.shape=torch.Size([1, 577])
2025-10-27 10:42:41,086 - GPU-5 - DEBUG - [Block 15] Model type: LLaDAModelLM
2025-10-27 10:42:41,086 - GPU-5 - DEBUG - [Block 15] Model config use_cache: True
2025-10-27 10:42:41,109 - GPU-5 - DEBUG - [Block 15] After forward: pkv is None? False
2025-10-27 10:42:41,109 - GPU-5 - DEBUG - [Block 15] out type: CausalLMOutputWithPast
2025-10-27 10:42:41,109 - GPU-5 - DEBUG - [Block 15] pkv type: <class 'list'>, len: 32
2025-10-27 10:42:41,109 - GPU-5 - DEBUG - [Block 15] pkv[0] type: <class 'tuple'>, len: 2
2025-10-27 10:42:41,110 - GPU-5 - DEBUG - [Block 15] pkv[0][0].shape: torch.Size([1, 32, 577, 128])
2025-10-27 10:42:41,198 - GPU-5 - INFO -   [Initial Forward] 2 tokens unmasked
2025-10-27 10:42:41,199 - GPU-5 - INFO -   [Cycle 1]
2025-10-27 10:42:41,199 - GPU-5 - DEBUG -     [Latent Recursive] Starting 1 steps of latent thinking
2025-10-27 10:42:41,245 - GPU-5 - DEBUG -       [Latent] Step 1/1
2025-10-27 10:42:41,401 - GPU-5 - DEBUG -       [After Latent Recursive] 2 tokens unmasked
2025-10-27 10:42:41,402 - GPU-5 - INFO -   [Cycle 2]
2025-10-27 10:42:41,402 - GPU-5 - DEBUG -     [Latent Recursive] Starting 1 steps of latent thinking
2025-10-27 10:42:41,448 - GPU-5 - DEBUG -       [Latent] Step 1/1
2025-10-27 10:42:41,604 - GPU-5 - DEBUG -       [After Latent Recursive] 2 tokens unmasked
2025-10-27 10:42:41,605 - GPU-5 - INFO -   [Cycle 3]
2025-10-27 10:42:41,605 - GPU-5 - DEBUG -     [Latent Recursive] Starting 1 steps of latent thinking
2025-10-27 10:42:41,650 - GPU-5 - DEBUG -       [Latent] Step 1/1
2025-10-27 10:42:41,807 - GPU-5 - DEBUG -       [After Latent Recursive] 2 tokens unmasked
2025-10-27 10:42:41,807 - GPU-5 - INFO -   [Cycle 4]
2025-10-27 10:42:41,807 - GPU-5 - DEBUG -     [Latent Recursive] Starting 1 steps of latent thinking
2025-10-27 10:42:41,854 - GPU-5 - DEBUG -       [Latent] Step 1/1
2025-10-27 10:42:42,010 - GPU-5 - DEBUG -       [After Latent Recursive] 2 tokens unmasked
2025-10-27 10:42:42,010 - GPU-5 - INFO -   [Cycle 5]
2025-10-27 10:42:42,010 - GPU-5 - DEBUG -     [Latent Recursive] Starting 1 steps of latent thinking
2025-10-27 10:42:42,056 - GPU-5 - DEBUG -       [Latent] Step 1/1
2025-10-27 10:42:42,213 - GPU-5 - DEBUG -       [After Latent Recursive] 2 tokens unmasked
2025-10-27 10:42:42,213 - GPU-5 - INFO -   [Cycle 6]
2025-10-27 10:42:42,213 - GPU-5 - DEBUG -     [Latent Recursive] Starting 1 steps of latent thinking
2025-10-27 10:42:42,259 - GPU-5 - DEBUG -       [Latent] Step 1/1
2025-10-27 10:42:42,415 - GPU-5 - DEBUG -       [After Latent Recursive] 2 tokens unmasked
2025-10-27 10:42:42,416 - GPU-5 - INFO -   [Cycle 7]
2025-10-27 10:42:42,416 - GPU-5 - DEBUG -     [Latent Recursive] Starting 1 steps of latent thinking
2025-10-27 10:42:42,461 - GPU-5 - DEBUG -       [Latent] Step 1/1
2025-10-27 10:42:42,618 - GPU-5 - DEBUG -       [After Latent Recursive] 2 tokens unmasked
2025-10-27 10:42:42,618 - GPU-5 - INFO -   [Cycle 8]
2025-10-27 10:42:42,618 - GPU-5 - DEBUG -     [Latent Recursive] Starting 1 steps of latent thinking
2025-10-27 10:42:42,664 - GPU-5 - DEBUG -       [Latent] Step 1/1
2025-10-27 10:42:42,820 - GPU-5 - DEBUG -       [After Latent Recursive] 2 tokens unmasked
2025-10-27 10:42:42,821 - GPU-5 - INFO -   [Cycle 9]
2025-10-27 10:42:42,821 - GPU-5 - DEBUG -     [Latent Recursive] Starting 1 steps of latent thinking
2025-10-27 10:42:42,867 - GPU-5 - DEBUG -       [Latent] Step 1/1
2025-10-27 10:42:43,023 - GPU-5 - DEBUG -       [After Latent Recursive] 2 tokens unmasked
2025-10-27 10:42:43,024 - GPU-5 - INFO -   [Cycle 10]
2025-10-27 10:42:43,024 - GPU-5 - DEBUG -     [Latent Recursive] Starting 1 steps of latent thinking
2025-10-27 10:42:43,070 - GPU-5 - DEBUG -       [Latent] Step 1/1
2025-10-27 10:42:43,226 - GPU-5 - DEBUG -       [After Latent Recursive] 2 tokens unmasked
2025-10-27 10:42:43,227 - GPU-5 - INFO -   [Cycle 11]
2025-10-27 10:42:43,227 - GPU-5 - DEBUG -     [Latent Recursive] Starting 1 steps of latent thinking
2025-10-27 10:42:43,273 - GPU-5 - DEBUG -       [Latent] Step 1/1
2025-10-27 10:42:43,429 - GPU-5 - DEBUG -       [After Latent Recursive] 2 tokens unmasked
2025-10-27 10:42:43,430 - GPU-5 - INFO -   [Cycle 12]
2025-10-27 10:42:43,430 - GPU-5 - DEBUG -     [Latent Recursive] Starting 1 steps of latent thinking
2025-10-27 10:42:43,476 - GPU-5 - DEBUG -       [Latent] Step 1/1
2025-10-27 10:42:43,632 - GPU-5 - DEBUG -       [After Latent Recursive] 2 tokens unmasked
2025-10-27 10:42:43,632 - GPU-5 - INFO -   [Cycle 13]
2025-10-27 10:42:43,633 - GPU-5 - DEBUG -     [Latent Recursive] Starting 1 steps of latent thinking
2025-10-27 10:42:43,678 - GPU-5 - DEBUG -       [Latent] Step 1/1
2025-10-27 10:42:43,834 - GPU-5 - DEBUG -       [After Latent Recursive] 2 tokens unmasked
2025-10-27 10:42:43,835 - GPU-5 - INFO -   [Cycle 14]
2025-10-27 10:42:43,835 - GPU-5 - DEBUG -     [Latent Recursive] Starting 1 steps of latent thinking
2025-10-27 10:42:43,881 - GPU-5 - DEBUG -       [Latent] Step 1/1
2025-10-27 10:42:44,037 - GPU-5 - DEBUG -       [After Latent Recursive] 2 tokens unmasked
2025-10-27 10:42:44,037 - GPU-5 - INFO -   [Cycle 15]
2025-10-27 10:42:44,037 - GPU-5 - DEBUG -     [Latent Recursive] Starting 1 steps of latent thinking
2025-10-27 10:42:44,083 - GPU-5 - DEBUG -       [Latent] Step 1/1
2025-10-27 10:42:44,239 - GPU-5 - DEBUG -       [After Latent Recursive] 2 tokens unmasked
2025-10-27 10:45:18,299 - GPU-5 - INFO - [GPU 5] Loaded freeze config from metadata.json: freeze_first_half_layers=False, trainable_layer_start_idx=0
2025-10-27 10:45:18,550 - GPU-5 - INFO - === Starting generate_with_prefix_cache ===
2025-10-27 10:45:18,550 - GPU-5 - INFO - use_cache=True, R=1, N=1
2025-10-27 10:45:18,554 - GPU-5 - INFO - [Block 1/16] Processing tokens 62-94
2025-10-27 10:45:18,554 - GPU-5 - DEBUG - [Block 0] Before forward: use_cache=True, x.shape=torch.Size([1, 574])
2025-10-27 10:45:18,554 - GPU-5 - DEBUG - [Block 0] Model type: LLaDAModelLM
2025-10-27 10:45:18,554 - GPU-5 - DEBUG - [Block 0] Model config use_cache: True
2025-10-27 10:45:18,852 - GPU-5 - DEBUG - [Block 0] After forward: pkv is None? False
2025-10-27 10:45:18,852 - GPU-5 - DEBUG - [Block 0] out type: CausalLMOutputWithPast
2025-10-27 10:45:18,852 - GPU-5 - DEBUG - [Block 0] pkv type: <class 'list'>, len: 32
2025-10-27 10:45:18,852 - GPU-5 - DEBUG - [Block 0] pkv[0] type: <class 'tuple'>, len: 2
2025-10-27 10:45:18,852 - GPU-5 - DEBUG - [Block 0] pkv[0][0].shape: torch.Size([1, 32, 574, 128])
2025-10-27 10:45:18,939 - GPU-5 - INFO -   [Initial Forward] 1 tokens unmasked
2025-10-27 10:45:18,940 - GPU-5 - INFO -   [Cycle 1]
2025-10-27 10:45:18,940 - GPU-5 - DEBUG -     [Latent Recursive] Starting 1 steps of latent thinking
2025-10-27 10:45:19,042 - GPU-5 - DEBUG -       [Latent] Step 1/1
2025-10-27 10:45:19,215 - GPU-5 - DEBUG -       [After Latent Recursive] 1 tokens unmasked
2025-10-27 10:45:19,215 - GPU-5 - INFO -   [Cycle 2]
2025-10-27 10:45:19,215 - GPU-5 - DEBUG -     [Latent Recursive] Starting 1 steps of latent thinking
2025-10-27 10:45:19,260 - GPU-5 - DEBUG -       [Latent] Step 1/1
2025-10-27 10:45:19,433 - GPU-5 - DEBUG -       [After Latent Recursive] 1 tokens unmasked
2025-10-27 10:45:19,433 - GPU-5 - INFO -   [Cycle 3]
2025-10-27 10:45:19,433 - GPU-5 - DEBUG -     [Latent Recursive] Starting 1 steps of latent thinking
2025-10-27 10:45:19,478 - GPU-5 - DEBUG -       [Latent] Step 1/1
2025-10-27 10:45:19,651 - GPU-5 - DEBUG -       [After Latent Recursive] 1 tokens unmasked
2025-10-27 10:45:19,651 - GPU-5 - INFO -   [Cycle 4]
2025-10-27 10:45:19,653 - GPU-5 - DEBUG -     [Latent Recursive] Starting 1 steps of latent thinking
2025-10-27 10:45:19,698 - GPU-5 - DEBUG -       [Latent] Step 1/1
2025-10-27 10:45:19,871 - GPU-5 - DEBUG -       [After Latent Recursive] 1 tokens unmasked
2025-10-27 10:45:19,872 - GPU-5 - INFO -   [Cycle 5]
2025-10-27 10:45:19,872 - GPU-5 - DEBUG -     [Latent Recursive] Starting 1 steps of latent thinking
2025-10-27 10:45:19,916 - GPU-5 - DEBUG -       [Latent] Step 1/1
2025-10-27 10:45:20,089 - GPU-5 - DEBUG -       [After Latent Recursive] 1 tokens unmasked
2025-10-27 10:45:20,090 - GPU-5 - INFO -   [Cycle 6]
2025-10-27 10:45:20,090 - GPU-5 - DEBUG -     [Latent Recursive] Starting 1 steps of latent thinking
2025-10-27 10:45:20,134 - GPU-5 - DEBUG -       [Latent] Step 1/1
2025-10-27 10:45:20,307 - GPU-5 - DEBUG -       [After Latent Recursive] 1 tokens unmasked
2025-10-27 10:45:20,308 - GPU-5 - INFO -   [Cycle 7]
2025-10-27 10:45:20,308 - GPU-5 - DEBUG -     [Latent Recursive] Starting 1 steps of latent thinking
2025-10-27 10:45:20,352 - GPU-5 - DEBUG -       [Latent] Step 1/1
2025-10-27 10:45:20,525 - GPU-5 - DEBUG -       [After Latent Recursive] 1 tokens unmasked
2025-10-27 10:45:20,526 - GPU-5 - INFO -   [Cycle 8]
2025-10-27 10:45:20,526 - GPU-5 - DEBUG -     [Latent Recursive] Starting 1 steps of latent thinking
2025-10-27 10:45:20,570 - GPU-5 - DEBUG -       [Latent] Step 1/1
2025-10-27 10:45:20,744 - GPU-5 - DEBUG -       [After Latent Recursive] 1 tokens unmasked
2025-10-27 10:45:20,744 - GPU-5 - INFO -   [Cycle 9]
2025-10-27 10:45:20,744 - GPU-5 - DEBUG -     [Latent Recursive] Starting 1 steps of latent thinking
2025-10-27 10:45:20,789 - GPU-5 - DEBUG -       [Latent] Step 1/1
2025-10-27 10:45:20,963 - GPU-5 - DEBUG -       [After Latent Recursive] 1 tokens unmasked
2025-10-27 10:45:20,963 - GPU-5 - INFO -   [Cycle 10]
2025-10-27 10:45:20,963 - GPU-5 - DEBUG -     [Latent Recursive] Starting 1 steps of latent thinking
2025-10-27 10:45:21,008 - GPU-5 - DEBUG -       [Latent] Step 1/1
2025-10-27 10:45:21,182 - GPU-5 - DEBUG -       [After Latent Recursive] 1 tokens unmasked
2025-10-27 10:45:21,182 - GPU-5 - INFO -   [Cycle 11]
2025-10-27 10:45:21,182 - GPU-5 - DEBUG -     [Latent Recursive] Starting 1 steps of latent thinking
2025-10-27 10:45:21,227 - GPU-5 - DEBUG -       [Latent] Step 1/1
2025-10-27 10:45:21,401 - GPU-5 - DEBUG -       [After Latent Recursive] 1 tokens unmasked
2025-10-27 10:45:21,401 - GPU-5 - INFO -   [Cycle 12]
2025-10-27 10:45:21,401 - GPU-5 - DEBUG -     [Latent Recursive] Starting 1 steps of latent thinking
2025-10-27 10:45:21,446 - GPU-5 - DEBUG -       [Latent] Step 1/1
2025-10-27 10:45:21,619 - GPU-5 - DEBUG -       [After Latent Recursive] 1 tokens unmasked
2025-10-27 10:45:21,620 - GPU-5 - INFO -   [Cycle 13]
2025-10-27 10:45:21,620 - GPU-5 - DEBUG -     [Latent Recursive] Starting 1 steps of latent thinking
2025-10-27 10:45:21,664 - GPU-5 - DEBUG -       [Latent] Step 1/1
2025-10-27 10:45:21,838 - GPU-5 - DEBUG -       [After Latent Recursive] 1 tokens unmasked
2025-10-27 10:45:21,838 - GPU-5 - INFO -   [Cycle 14]
2025-10-27 10:45:21,838 - GPU-5 - DEBUG -     [Latent Recursive] Starting 1 steps of latent thinking
2025-10-27 10:45:21,883 - GPU-5 - DEBUG -       [Latent] Step 1/1
2025-10-27 10:45:22,058 - GPU-5 - DEBUG -       [After Latent Recursive] 1 tokens unmasked
2025-10-27 10:45:22,059 - GPU-5 - INFO -   [Cycle 15]
2025-10-27 10:45:22,059 - GPU-5 - DEBUG -     [Latent Recursive] Starting 1 steps of latent thinking
2025-10-27 10:45:22,104 - GPU-5 - DEBUG -       [Latent] Step 1/1
2025-10-27 10:45:22,280 - GPU-5 - DEBUG -       [After Latent Recursive] 1 tokens unmasked
2025-10-27 10:45:22,280 - GPU-5 - INFO -   [Cycle 16]
2025-10-27 10:45:22,280 - GPU-5 - DEBUG -     [Latent Recursive] Starting 1 steps of latent thinking
2025-10-27 10:45:22,325 - GPU-5 - DEBUG -       [Latent] Step 1/1
2025-10-27 10:45:22,500 - GPU-5 - DEBUG -       [After Latent Recursive] 1 tokens unmasked
2025-10-27 10:45:22,500 - GPU-5 - INFO -   [Cycle 17]
2025-10-27 10:45:22,500 - GPU-5 - DEBUG -     [Latent Recursive] Starting 1 steps of latent thinking
2025-10-27 10:45:22,545 - GPU-5 - DEBUG -       [Latent] Step 1/1
2025-10-27 10:45:22,720 - GPU-5 - DEBUG -       [After Latent Recursive] 1 tokens unmasked
2025-10-27 10:45:22,720 - GPU-5 - INFO -   [Cycle 18]
2025-10-27 10:45:22,720 - GPU-5 - DEBUG -     [Latent Recursive] Starting 1 steps of latent thinking
2025-10-27 10:45:22,765 - GPU-5 - DEBUG -       [Latent] Step 1/1
2025-10-27 10:45:22,942 - GPU-5 - DEBUG -       [After Latent Recursive] 1 tokens unmasked
2025-10-27 10:45:22,942 - GPU-5 - INFO -   [Cycle 19]
2025-10-27 10:45:22,942 - GPU-5 - DEBUG -     [Latent Recursive] Starting 1 steps of latent thinking
2025-10-27 10:45:22,987 - GPU-5 - DEBUG -       [Latent] Step 1/1
2025-10-27 10:45:23,161 - GPU-5 - DEBUG -       [After Latent Recursive] 1 tokens unmasked
2025-10-27 10:45:23,161 - GPU-5 - INFO -   [Cycle 20]
2025-10-27 10:45:23,161 - GPU-5 - DEBUG -     [Latent Recursive] Starting 1 steps of latent thinking
2025-10-27 10:45:23,206 - GPU-5 - DEBUG -       [Latent] Step 1/1
2025-10-27 10:45:23,380 - GPU-5 - DEBUG -       [After Latent Recursive] 1 tokens unmasked
2025-10-27 10:45:23,380 - GPU-5 - INFO -   [Cycle 21]
2025-10-27 10:45:23,380 - GPU-5 - DEBUG -     [Latent Recursive] Starting 1 steps of latent thinking
2025-10-27 10:45:23,425 - GPU-5 - DEBUG -       [Latent] Step 1/1
2025-10-27 10:45:23,599 - GPU-5 - DEBUG -       [After Latent Recursive] 1 tokens unmasked
2025-10-27 10:45:23,599 - GPU-5 - INFO -   [Cycle 22]
2025-10-27 10:45:23,599 - GPU-5 - DEBUG -     [Latent Recursive] Starting 1 steps of latent thinking
2025-10-27 10:45:23,644 - GPU-5 - DEBUG -       [Latent] Step 1/1
2025-10-27 10:45:23,817 - GPU-5 - DEBUG -       [After Latent Recursive] 1 tokens unmasked
2025-10-27 10:45:23,818 - GPU-5 - INFO -   [Cycle 23]
2025-10-27 10:45:23,818 - GPU-5 - DEBUG -     [Latent Recursive] Starting 1 steps of latent thinking
2025-10-27 10:45:23,862 - GPU-5 - DEBUG -       [Latent] Step 1/1
2025-10-27 10:45:24,036 - GPU-5 - DEBUG -       [After Latent Recursive] 1 tokens unmasked
2025-10-27 10:45:24,036 - GPU-5 - INFO -   [Cycle 24]
2025-10-27 10:45:24,037 - GPU-5 - DEBUG -     [Latent Recursive] Starting 1 steps of latent thinking
2025-10-27 10:45:24,081 - GPU-5 - DEBUG -       [Latent] Step 1/1
2025-10-27 10:45:24,255 - GPU-5 - DEBUG -       [After Latent Recursive] 1 tokens unmasked
2025-10-27 10:45:24,255 - GPU-5 - INFO -   [Cycle 25]
2025-10-27 10:45:24,255 - GPU-5 - DEBUG -     [Latent Recursive] Starting 1 steps of latent thinking
2025-10-27 10:45:24,300 - GPU-5 - DEBUG -       [Latent] Step 1/1
2025-10-27 10:45:24,473 - GPU-5 - DEBUG -       [After Latent Recursive] 1 tokens unmasked
2025-10-27 10:45:24,474 - GPU-5 - INFO -   [Cycle 26]
2025-10-27 10:45:24,474 - GPU-5 - DEBUG -     [Latent Recursive] Starting 1 steps of latent thinking
2025-10-27 10:45:24,518 - GPU-5 - DEBUG -       [Latent] Step 1/1
2025-10-27 10:45:24,692 - GPU-5 - DEBUG -       [After Latent Recursive] 1 tokens unmasked
2025-10-27 10:45:24,692 - GPU-5 - INFO -   [Cycle 27]
2025-10-27 10:45:24,692 - GPU-5 - DEBUG -     [Latent Recursive] Starting 1 steps of latent thinking
2025-10-27 10:45:24,737 - GPU-5 - DEBUG -       [Latent] Step 1/1
2025-10-27 10:45:24,911 - GPU-5 - DEBUG -       [After Latent Recursive] 1 tokens unmasked
2025-10-27 10:45:24,911 - GPU-5 - INFO -   [Cycle 28]
2025-10-27 10:45:24,911 - GPU-5 - DEBUG -     [Latent Recursive] Starting 1 steps of latent thinking
2025-10-27 10:45:24,956 - GPU-5 - DEBUG -       [Latent] Step 1/1
2025-10-27 10:45:25,129 - GPU-5 - DEBUG -       [After Latent Recursive] 1 tokens unmasked
2025-10-27 10:45:25,130 - GPU-5 - INFO -   [Cycle 29]
2025-10-27 10:45:25,130 - GPU-5 - DEBUG -     [Latent Recursive] Starting 1 steps of latent thinking
2025-10-27 10:45:25,174 - GPU-5 - DEBUG -       [Latent] Step 1/1
2025-10-27 10:45:25,348 - GPU-5 - DEBUG -       [After Latent Recursive] 1 tokens unmasked
2025-10-27 10:45:25,348 - GPU-5 - INFO -   [Cycle 30]
2025-10-27 10:45:25,349 - GPU-5 - DEBUG -     [Latent Recursive] Starting 1 steps of latent thinking
2025-10-27 10:45:25,393 - GPU-5 - DEBUG -       [Latent] Step 1/1
2025-10-27 10:45:25,567 - GPU-5 - DEBUG -       [After Latent Recursive] 1 tokens unmasked
2025-10-27 10:45:25,568 - GPU-5 - INFO -   [Cycle 31]
2025-10-27 10:45:25,568 - GPU-5 - DEBUG -     [Latent Recursive] Starting 1 steps of latent thinking
2025-10-27 10:45:25,612 - GPU-5 - DEBUG -       [Latent] Step 1/1
2025-10-27 10:45:25,786 - GPU-5 - DEBUG -       [After Latent Recursive] 1 tokens unmasked
2025-10-27 10:45:25,786 - GPU-5 - INFO - [Block 2/16] Processing tokens 94-126
2025-10-27 10:45:25,786 - GPU-5 - DEBUG - [Block 1] Before forward: use_cache=True, x.shape=torch.Size([1, 574])
2025-10-27 10:45:25,786 - GPU-5 - DEBUG - [Block 1] Model type: LLaDAModelLM
2025-10-27 10:45:25,787 - GPU-5 - DEBUG - [Block 1] Model config use_cache: True
2025-10-27 10:45:25,809 - GPU-5 - DEBUG - [Block 1] After forward: pkv is None? False
2025-10-27 10:45:25,809 - GPU-5 - DEBUG - [Block 1] out type: CausalLMOutputWithPast
2025-10-27 10:45:25,809 - GPU-5 - DEBUG - [Block 1] pkv type: <class 'list'>, len: 32
2025-10-27 10:45:25,809 - GPU-5 - DEBUG - [Block 1] pkv[0] type: <class 'tuple'>, len: 2
2025-10-27 10:45:25,809 - GPU-5 - DEBUG - [Block 1] pkv[0][0].shape: torch.Size([1, 32, 574, 128])
2025-10-27 10:45:25,897 - GPU-5 - INFO -   [Initial Forward] 1 tokens unmasked
2025-10-27 10:45:25,897 - GPU-5 - INFO -   [Cycle 1]
2025-10-27 10:45:25,897 - GPU-5 - DEBUG -     [Latent Recursive] Starting 1 steps of latent thinking
2025-10-27 10:45:25,942 - GPU-5 - DEBUG -       [Latent] Step 1/1
2025-10-27 10:45:26,115 - GPU-5 - DEBUG -       [After Latent Recursive] 1 tokens unmasked
2025-10-27 10:45:26,116 - GPU-5 - INFO -   [Cycle 2]
2025-10-27 10:45:26,116 - GPU-5 - DEBUG -     [Latent Recursive] Starting 1 steps of latent thinking
2025-10-27 10:45:26,160 - GPU-5 - DEBUG -       [Latent] Step 1/1
2025-10-27 10:45:26,333 - GPU-5 - DEBUG -       [After Latent Recursive] 1 tokens unmasked
2025-10-27 10:45:26,334 - GPU-5 - INFO -   [Cycle 3]
2025-10-27 10:45:26,334 - GPU-5 - DEBUG -     [Latent Recursive] Starting 1 steps of latent thinking
2025-10-27 10:45:26,378 - GPU-5 - DEBUG -       [Latent] Step 1/1
2025-10-27 10:45:26,552 - GPU-5 - DEBUG -       [After Latent Recursive] 1 tokens unmasked
2025-10-27 10:45:26,552 - GPU-5 - INFO -   [Cycle 4]
2025-10-27 10:45:26,552 - GPU-5 - DEBUG -     [Latent Recursive] Starting 1 steps of latent thinking
2025-10-27 10:45:26,597 - GPU-5 - DEBUG -       [Latent] Step 1/1
2025-10-27 10:45:26,770 - GPU-5 - DEBUG -       [After Latent Recursive] 1 tokens unmasked
2025-10-27 10:45:26,770 - GPU-5 - INFO -   [Cycle 5]
2025-10-27 10:45:26,770 - GPU-5 - DEBUG -     [Latent Recursive] Starting 1 steps of latent thinking
2025-10-27 10:45:26,815 - GPU-5 - DEBUG -       [Latent] Step 1/1
2025-10-27 10:45:26,988 - GPU-5 - DEBUG -       [After Latent Recursive] 1 tokens unmasked
2025-10-27 10:45:26,989 - GPU-5 - INFO -   [Cycle 6]
2025-10-27 10:45:26,989 - GPU-5 - DEBUG -     [Latent Recursive] Starting 1 steps of latent thinking
2025-10-27 10:45:27,033 - GPU-5 - DEBUG -       [Latent] Step 1/1
2025-10-27 10:45:27,206 - GPU-5 - DEBUG -       [After Latent Recursive] 1 tokens unmasked
2025-10-27 10:45:27,207 - GPU-5 - INFO -   [Cycle 7]
2025-10-27 10:45:27,207 - GPU-5 - DEBUG -     [Latent Recursive] Starting 1 steps of latent thinking
2025-10-27 10:45:27,251 - GPU-5 - DEBUG -       [Latent] Step 1/1
2025-10-27 10:45:27,424 - GPU-5 - DEBUG -       [After Latent Recursive] 1 tokens unmasked
2025-10-27 10:45:27,425 - GPU-5 - INFO -   [Cycle 8]
2025-10-27 10:45:27,425 - GPU-5 - DEBUG -     [Latent Recursive] Starting 1 steps of latent thinking
2025-10-27 10:45:27,470 - GPU-5 - DEBUG -       [Latent] Step 1/1
2025-10-27 10:45:27,643 - GPU-5 - DEBUG -       [After Latent Recursive] 1 tokens unmasked
2025-10-27 10:45:27,643 - GPU-5 - INFO -   [Cycle 9]
2025-10-27 10:45:27,643 - GPU-5 - DEBUG -     [Latent Recursive] Starting 1 steps of latent thinking
2025-10-27 10:45:27,688 - GPU-5 - DEBUG -       [Latent] Step 1/1
2025-10-27 10:45:27,861 - GPU-5 - DEBUG -       [After Latent Recursive] 1 tokens unmasked
2025-10-27 10:45:27,861 - GPU-5 - INFO -   [Cycle 10]
2025-10-27 10:45:27,861 - GPU-5 - DEBUG -     [Latent Recursive] Starting 1 steps of latent thinking
2025-10-27 10:45:27,906 - GPU-5 - DEBUG -       [Latent] Step 1/1
2025-10-27 10:45:28,079 - GPU-5 - DEBUG -       [After Latent Recursive] 1 tokens unmasked
2025-10-27 10:45:28,079 - GPU-5 - INFO -   [Cycle 11]
2025-10-27 10:45:28,079 - GPU-5 - DEBUG -     [Latent Recursive] Starting 1 steps of latent thinking
2025-10-27 10:45:28,124 - GPU-5 - DEBUG -       [Latent] Step 1/1
2025-10-27 10:45:28,297 - GPU-5 - DEBUG -       [After Latent Recursive] 1 tokens unmasked
2025-10-27 10:45:28,297 - GPU-5 - INFO -   [Cycle 12]
2025-10-27 10:45:28,297 - GPU-5 - DEBUG -     [Latent Recursive] Starting 1 steps of latent thinking
2025-10-27 10:45:28,342 - GPU-5 - DEBUG -       [Latent] Step 1/1
2025-10-27 10:45:28,515 - GPU-5 - DEBUG -       [After Latent Recursive] 1 tokens unmasked
2025-10-27 10:45:28,516 - GPU-5 - INFO -   [Cycle 13]
2025-10-27 10:45:28,516 - GPU-5 - DEBUG -     [Latent Recursive] Starting 1 steps of latent thinking
2025-10-27 10:45:28,560 - GPU-5 - DEBUG -       [Latent] Step 1/1
2025-10-27 10:45:28,733 - GPU-5 - DEBUG -       [After Latent Recursive] 1 tokens unmasked
2025-10-27 10:45:28,734 - GPU-5 - INFO -   [Cycle 14]
2025-10-27 10:45:28,734 - GPU-5 - DEBUG -     [Latent Recursive] Starting 1 steps of latent thinking
2025-10-27 10:45:28,779 - GPU-5 - DEBUG -       [Latent] Step 1/1
2025-10-27 10:45:28,952 - GPU-5 - DEBUG -       [After Latent Recursive] 1 tokens unmasked
2025-10-27 10:45:28,952 - GPU-5 - INFO -   [Cycle 15]
2025-10-27 10:45:28,952 - GPU-5 - DEBUG -     [Latent Recursive] Starting 1 steps of latent thinking
2025-10-27 10:45:28,997 - GPU-5 - DEBUG -       [Latent] Step 1/1
2025-10-27 10:45:29,170 - GPU-5 - DEBUG -       [After Latent Recursive] 1 tokens unmasked
2025-10-27 10:45:29,170 - GPU-5 - INFO -   [Cycle 16]
2025-10-27 10:45:29,170 - GPU-5 - DEBUG -     [Latent Recursive] Starting 1 steps of latent thinking
2025-10-27 10:45:29,215 - GPU-5 - DEBUG -       [Latent] Step 1/1
2025-10-27 10:45:29,388 - GPU-5 - DEBUG -       [After Latent Recursive] 1 tokens unmasked
2025-10-27 10:45:29,388 - GPU-5 - INFO -   [Cycle 17]
2025-10-27 10:45:29,389 - GPU-5 - DEBUG -     [Latent Recursive] Starting 1 steps of latent thinking
2025-10-27 10:45:29,433 - GPU-5 - DEBUG -       [Latent] Step 1/1
2025-10-27 10:45:29,606 - GPU-5 - DEBUG -       [After Latent Recursive] 1 tokens unmasked
2025-10-27 10:45:29,606 - GPU-5 - INFO -   [Cycle 18]
2025-10-27 10:45:29,606 - GPU-5 - DEBUG -     [Latent Recursive] Starting 1 steps of latent thinking
2025-10-27 10:45:29,651 - GPU-5 - DEBUG -       [Latent] Step 1/1
2025-10-27 10:45:29,824 - GPU-5 - DEBUG -       [After Latent Recursive] 1 tokens unmasked
2025-10-27 10:45:29,825 - GPU-5 - INFO -   [Cycle 19]
2025-10-27 10:45:29,825 - GPU-5 - DEBUG -     [Latent Recursive] Starting 1 steps of latent thinking
2025-10-27 10:45:29,870 - GPU-5 - DEBUG -       [Latent] Step 1/1
2025-10-27 10:45:30,043 - GPU-5 - DEBUG -       [After Latent Recursive] 1 tokens unmasked
2025-10-27 10:45:30,043 - GPU-5 - INFO -   [Cycle 20]
2025-10-27 10:45:30,043 - GPU-5 - DEBUG -     [Latent Recursive] Starting 1 steps of latent thinking
2025-10-27 10:45:30,088 - GPU-5 - DEBUG -       [Latent] Step 1/1
2025-10-27 10:45:30,261 - GPU-5 - DEBUG -       [After Latent Recursive] 1 tokens unmasked
2025-10-27 10:45:30,262 - GPU-5 - INFO -   [Cycle 21]
2025-10-27 10:45:30,262 - GPU-5 - DEBUG -     [Latent Recursive] Starting 1 steps of latent thinking
2025-10-27 10:45:30,307 - GPU-5 - DEBUG -       [Latent] Step 1/1
2025-10-27 10:45:30,480 - GPU-5 - DEBUG -       [After Latent Recursive] 1 tokens unmasked
2025-10-27 10:45:30,480 - GPU-5 - INFO -   [Cycle 22]
2025-10-27 10:45:30,480 - GPU-5 - DEBUG -     [Latent Recursive] Starting 1 steps of latent thinking
2025-10-27 10:45:30,525 - GPU-5 - DEBUG -       [Latent] Step 1/1
2025-10-27 10:45:30,698 - GPU-5 - DEBUG -       [After Latent Recursive] 1 tokens unmasked
2025-10-27 10:45:30,698 - GPU-5 - INFO -   [Cycle 23]
2025-10-27 10:45:30,699 - GPU-5 - DEBUG -     [Latent Recursive] Starting 1 steps of latent thinking
2025-10-27 10:45:30,743 - GPU-5 - DEBUG -       [Latent] Step 1/1
2025-10-27 10:45:30,917 - GPU-5 - DEBUG -       [After Latent Recursive] 1 tokens unmasked
2025-10-27 10:45:30,917 - GPU-5 - INFO -   [Cycle 24]
2025-10-27 10:45:30,917 - GPU-5 - DEBUG -     [Latent Recursive] Starting 1 steps of latent thinking
2025-10-27 10:45:30,962 - GPU-5 - DEBUG -       [Latent] Step 1/1
2025-10-27 10:45:31,135 - GPU-5 - DEBUG -       [After Latent Recursive] 1 tokens unmasked
2025-10-27 10:45:31,135 - GPU-5 - INFO -   [Cycle 25]
2025-10-27 10:45:31,136 - GPU-5 - DEBUG -     [Latent Recursive] Starting 1 steps of latent thinking
2025-10-27 10:45:31,180 - GPU-5 - DEBUG -       [Latent] Step 1/1
2025-10-27 10:45:31,353 - GPU-5 - DEBUG -       [After Latent Recursive] 1 tokens unmasked
2025-10-27 10:45:31,354 - GPU-5 - INFO -   [Cycle 26]
2025-10-27 10:45:31,354 - GPU-5 - DEBUG -     [Latent Recursive] Starting 1 steps of latent thinking
2025-10-27 10:45:31,398 - GPU-5 - DEBUG -       [Latent] Step 1/1
2025-10-27 10:45:31,571 - GPU-5 - DEBUG -       [After Latent Recursive] 1 tokens unmasked
2025-10-27 10:45:31,571 - GPU-5 - INFO -   [Cycle 27]
2025-10-27 10:45:31,571 - GPU-5 - DEBUG -     [Latent Recursive] Starting 1 steps of latent thinking
2025-10-27 10:45:31,616 - GPU-5 - DEBUG -       [Latent] Step 1/1
2025-10-27 10:45:31,789 - GPU-5 - DEBUG -       [After Latent Recursive] 1 tokens unmasked
2025-10-27 10:45:31,789 - GPU-5 - INFO -   [Cycle 28]
2025-10-27 10:45:31,789 - GPU-5 - DEBUG -     [Latent Recursive] Starting 1 steps of latent thinking
2025-10-27 10:45:31,834 - GPU-5 - DEBUG -       [Latent] Step 1/1
2025-10-27 10:45:32,007 - GPU-5 - DEBUG -       [After Latent Recursive] 1 tokens unmasked
2025-10-27 10:45:32,007 - GPU-5 - INFO -   [Cycle 29]
2025-10-27 10:45:32,008 - GPU-5 - DEBUG -     [Latent Recursive] Starting 1 steps of latent thinking
2025-10-27 10:45:32,052 - GPU-5 - DEBUG -       [Latent] Step 1/1
2025-10-27 10:45:32,226 - GPU-5 - DEBUG -       [After Latent Recursive] 1 tokens unmasked
2025-10-27 10:45:32,226 - GPU-5 - INFO -   [Cycle 30]
2025-10-27 10:45:32,226 - GPU-5 - DEBUG -     [Latent Recursive] Starting 1 steps of latent thinking
2025-10-27 10:45:32,271 - GPU-5 - DEBUG -       [Latent] Step 1/1
2025-10-27 10:45:32,444 - GPU-5 - DEBUG -       [After Latent Recursive] 1 tokens unmasked
2025-10-27 10:45:32,444 - GPU-5 - INFO -   [Cycle 31]
2025-10-27 10:45:32,444 - GPU-5 - DEBUG -     [Latent Recursive] Starting 1 steps of latent thinking
2025-10-27 10:45:32,489 - GPU-5 - DEBUG -       [Latent] Step 1/1
2025-10-27 10:45:32,662 - GPU-5 - DEBUG -       [After Latent Recursive] 1 tokens unmasked
2025-10-27 10:45:32,662 - GPU-5 - INFO - [Block 3/16] Processing tokens 126-158
2025-10-27 10:45:32,663 - GPU-5 - DEBUG - [Block 2] Before forward: use_cache=True, x.shape=torch.Size([1, 574])
2025-10-27 10:45:32,663 - GPU-5 - DEBUG - [Block 2] Model type: LLaDAModelLM
2025-10-27 10:45:32,663 - GPU-5 - DEBUG - [Block 2] Model config use_cache: True
2025-10-27 10:45:32,685 - GPU-5 - DEBUG - [Block 2] After forward: pkv is None? False
2025-10-27 10:45:32,685 - GPU-5 - DEBUG - [Block 2] out type: CausalLMOutputWithPast
2025-10-27 10:45:32,686 - GPU-5 - DEBUG - [Block 2] pkv type: <class 'list'>, len: 32
2025-10-27 10:45:32,686 - GPU-5 - DEBUG - [Block 2] pkv[0] type: <class 'tuple'>, len: 2
2025-10-27 10:45:32,686 - GPU-5 - DEBUG - [Block 2] pkv[0][0].shape: torch.Size([1, 32, 574, 128])
2025-10-27 10:45:32,773 - GPU-5 - INFO -   [Initial Forward] 1 tokens unmasked
2025-10-27 10:45:32,774 - GPU-5 - INFO -   [Cycle 1]
2025-10-27 10:45:32,774 - GPU-5 - DEBUG -     [Latent Recursive] Starting 1 steps of latent thinking
2025-10-27 10:45:32,818 - GPU-5 - DEBUG -       [Latent] Step 1/1
2025-10-27 10:45:32,989 - GPU-5 - DEBUG -       [After Latent Recursive] 1 tokens unmasked
2025-10-27 10:45:32,990 - GPU-5 - INFO -   [Cycle 2]
2025-10-27 10:45:32,990 - GPU-5 - DEBUG -     [Latent Recursive] Starting 1 steps of latent thinking
2025-10-27 10:45:33,035 - GPU-5 - DEBUG -       [Latent] Step 1/1
2025-10-27 10:45:33,206 - GPU-5 - DEBUG -       [After Latent Recursive] 1 tokens unmasked
2025-10-27 10:45:33,206 - GPU-5 - INFO -   [Cycle 3]
2025-10-27 10:45:33,206 - GPU-5 - DEBUG -     [Latent Recursive] Starting 1 steps of latent thinking
2025-10-27 10:45:33,251 - GPU-5 - DEBUG -       [Latent] Step 1/1
2025-10-27 10:45:33,421 - GPU-5 - DEBUG -       [After Latent Recursive] 1 tokens unmasked
2025-10-27 10:45:33,422 - GPU-5 - INFO -   [Cycle 4]
2025-10-27 10:45:33,422 - GPU-5 - DEBUG -     [Latent Recursive] Starting 1 steps of latent thinking
2025-10-27 10:45:33,466 - GPU-5 - DEBUG -       [Latent] Step 1/1
2025-10-27 10:45:33,638 - GPU-5 - DEBUG -       [After Latent Recursive] 1 tokens unmasked
2025-10-27 10:45:33,638 - GPU-5 - INFO -   [Cycle 5]
2025-10-27 10:45:33,638 - GPU-5 - DEBUG -     [Latent Recursive] Starting 1 steps of latent thinking
2025-10-27 10:45:33,683 - GPU-5 - DEBUG -       [Latent] Step 1/1
2025-10-27 10:45:33,853 - GPU-5 - DEBUG -       [After Latent Recursive] 1 tokens unmasked
2025-10-27 10:45:33,854 - GPU-5 - INFO -   [Cycle 6]
2025-10-27 10:45:33,854 - GPU-5 - DEBUG -     [Latent Recursive] Starting 1 steps of latent thinking
2025-10-27 10:45:33,899 - GPU-5 - DEBUG -       [Latent] Step 1/1
2025-10-27 10:45:34,069 - GPU-5 - DEBUG -       [After Latent Recursive] 1 tokens unmasked
2025-10-27 10:45:34,070 - GPU-5 - INFO -   [Cycle 7]
2025-10-27 10:45:34,070 - GPU-5 - DEBUG -     [Latent Recursive] Starting 1 steps of latent thinking
2025-10-27 10:45:34,115 - GPU-5 - DEBUG -       [Latent] Step 1/1
2025-10-27 10:45:34,286 - GPU-5 - DEBUG -       [After Latent Recursive] 1 tokens unmasked
2025-10-27 10:45:34,286 - GPU-5 - INFO -   [Cycle 8]
2025-10-27 10:45:34,286 - GPU-5 - DEBUG -     [Latent Recursive] Starting 1 steps of latent thinking
2025-10-27 10:45:34,331 - GPU-5 - DEBUG -       [Latent] Step 1/1
2025-10-27 10:45:34,502 - GPU-5 - DEBUG -       [After Latent Recursive] 1 tokens unmasked
2025-10-27 10:45:34,502 - GPU-5 - INFO -   [Cycle 9]
2025-10-27 10:45:34,502 - GPU-5 - DEBUG -     [Latent Recursive] Starting 1 steps of latent thinking
2025-10-27 10:45:34,547 - GPU-5 - DEBUG -       [Latent] Step 1/1
2025-10-27 10:45:34,718 - GPU-5 - DEBUG -       [After Latent Recursive] 1 tokens unmasked
2025-10-27 10:45:34,718 - GPU-5 - INFO -   [Cycle 10]
2025-10-27 10:45:34,719 - GPU-5 - DEBUG -     [Latent Recursive] Starting 1 steps of latent thinking
2025-10-27 10:45:34,763 - GPU-5 - DEBUG -       [Latent] Step 1/1
2025-10-27 10:45:34,934 - GPU-5 - DEBUG -       [After Latent Recursive] 1 tokens unmasked
2025-10-27 10:45:34,934 - GPU-5 - INFO -   [Cycle 11]
2025-10-27 10:45:34,935 - GPU-5 - DEBUG -     [Latent Recursive] Starting 1 steps of latent thinking
2025-10-27 10:45:34,979 - GPU-5 - DEBUG -       [Latent] Step 1/1
2025-10-27 10:45:35,150 - GPU-5 - DEBUG -       [After Latent Recursive] 1 tokens unmasked
2025-10-27 10:45:35,150 - GPU-5 - INFO -   [Cycle 12]
2025-10-27 10:45:35,150 - GPU-5 - DEBUG -     [Latent Recursive] Starting 1 steps of latent thinking
2025-10-27 10:45:35,195 - GPU-5 - DEBUG -       [Latent] Step 1/1
2025-10-27 10:45:35,366 - GPU-5 - DEBUG -       [After Latent Recursive] 1 tokens unmasked
2025-10-27 10:45:35,366 - GPU-5 - INFO -   [Cycle 13]
2025-10-27 10:45:35,367 - GPU-5 - DEBUG -     [Latent Recursive] Starting 1 steps of latent thinking
2025-10-27 10:45:35,411 - GPU-5 - DEBUG -       [Latent] Step 1/1
2025-10-27 10:45:35,582 - GPU-5 - DEBUG -       [After Latent Recursive] 1 tokens unmasked
2025-10-27 10:45:35,583 - GPU-5 - INFO -   [Cycle 14]
2025-10-27 10:45:35,583 - GPU-5 - DEBUG -     [Latent Recursive] Starting 1 steps of latent thinking
2025-10-27 10:45:35,627 - GPU-5 - DEBUG -       [Latent] Step 1/1
2025-10-27 10:45:35,798 - GPU-5 - DEBUG -       [After Latent Recursive] 1 tokens unmasked
2025-10-27 10:45:35,799 - GPU-5 - INFO -   [Cycle 15]
2025-10-27 10:45:35,799 - GPU-5 - DEBUG -     [Latent Recursive] Starting 1 steps of latent thinking
2025-10-27 10:45:35,843 - GPU-5 - DEBUG -       [Latent] Step 1/1
2025-10-27 10:45:36,014 - GPU-5 - DEBUG -       [After Latent Recursive] 1 tokens unmasked
2025-10-27 10:45:36,015 - GPU-5 - INFO -   [Cycle 16]
2025-10-27 10:45:36,015 - GPU-5 - DEBUG -     [Latent Recursive] Starting 1 steps of latent thinking
2025-10-27 10:45:36,060 - GPU-5 - DEBUG -       [Latent] Step 1/1
2025-10-27 10:45:36,230 - GPU-5 - DEBUG -       [After Latent Recursive] 1 tokens unmasked
2025-10-27 10:45:36,231 - GPU-5 - INFO -   [Cycle 17]
2025-10-27 10:45:36,231 - GPU-5 - DEBUG -     [Latent Recursive] Starting 1 steps of latent thinking
2025-10-27 10:45:36,276 - GPU-5 - DEBUG -       [Latent] Step 1/1
2025-10-27 10:45:36,447 - GPU-5 - DEBUG -       [After Latent Recursive] 1 tokens unmasked
2025-10-27 10:45:36,447 - GPU-5 - INFO -   [Cycle 18]
2025-10-27 10:45:36,447 - GPU-5 - DEBUG -     [Latent Recursive] Starting 1 steps of latent thinking
2025-10-27 10:45:36,492 - GPU-5 - DEBUG -       [Latent] Step 1/1
2025-10-27 10:45:36,663 - GPU-5 - DEBUG -       [After Latent Recursive] 1 tokens unmasked
2025-10-27 10:45:36,663 - GPU-5 - INFO -   [Cycle 19]
2025-10-27 10:45:36,663 - GPU-5 - DEBUG -     [Latent Recursive] Starting 1 steps of latent thinking
2025-10-27 10:45:36,708 - GPU-5 - DEBUG -       [Latent] Step 1/1
2025-10-27 10:45:36,879 - GPU-5 - DEBUG -       [After Latent Recursive] 1 tokens unmasked
2025-10-27 10:45:36,879 - GPU-5 - INFO -   [Cycle 20]
2025-10-27 10:45:36,879 - GPU-5 - DEBUG -     [Latent Recursive] Starting 1 steps of latent thinking
2025-10-27 10:45:36,924 - GPU-5 - DEBUG -       [Latent] Step 1/1
2025-10-27 10:45:37,095 - GPU-5 - DEBUG -       [After Latent Recursive] 1 tokens unmasked
2025-10-27 10:45:37,095 - GPU-5 - INFO -   [Cycle 21]
2025-10-27 10:45:37,095 - GPU-5 - DEBUG -     [Latent Recursive] Starting 1 steps of latent thinking
2025-10-27 10:45:37,140 - GPU-5 - DEBUG -       [Latent] Step 1/1
2025-10-27 10:45:37,311 - GPU-5 - DEBUG -       [After Latent Recursive] 1 tokens unmasked
2025-10-27 10:45:37,311 - GPU-5 - INFO -   [Cycle 22]
2025-10-27 10:45:37,311 - GPU-5 - DEBUG -     [Latent Recursive] Starting 1 steps of latent thinking
2025-10-27 10:45:37,356 - GPU-5 - DEBUG -       [Latent] Step 1/1
2025-10-27 10:45:37,527 - GPU-5 - DEBUG -       [After Latent Recursive] 1 tokens unmasked
2025-10-27 10:45:37,527 - GPU-5 - INFO -   [Cycle 23]
2025-10-27 10:45:37,527 - GPU-5 - DEBUG -     [Latent Recursive] Starting 1 steps of latent thinking
2025-10-27 10:45:37,572 - GPU-5 - DEBUG -       [Latent] Step 1/1
2025-10-27 10:45:37,743 - GPU-5 - DEBUG -       [After Latent Recursive] 1 tokens unmasked
2025-10-27 10:45:37,743 - GPU-5 - INFO -   [Cycle 24]
2025-10-27 10:45:37,743 - GPU-5 - DEBUG -     [Latent Recursive] Starting 1 steps of latent thinking
2025-10-27 10:45:37,788 - GPU-5 - DEBUG -       [Latent] Step 1/1
2025-10-27 10:45:37,959 - GPU-5 - DEBUG -       [After Latent Recursive] 1 tokens unmasked
2025-10-27 10:45:37,959 - GPU-5 - INFO -   [Cycle 25]
2025-10-27 10:45:37,959 - GPU-5 - DEBUG -     [Latent Recursive] Starting 1 steps of latent thinking
2025-10-27 10:45:38,004 - GPU-5 - DEBUG -       [Latent] Step 1/1
2025-10-27 10:45:38,176 - GPU-5 - DEBUG -       [After Latent Recursive] 1 tokens unmasked
2025-10-27 10:45:38,176 - GPU-5 - INFO -   [Cycle 26]
2025-10-27 10:45:38,176 - GPU-5 - DEBUG -     [Latent Recursive] Starting 1 steps of latent thinking
2025-10-27 10:45:38,221 - GPU-5 - DEBUG -       [Latent] Step 1/1
2025-10-27 10:45:38,392 - GPU-5 - DEBUG -       [After Latent Recursive] 1 tokens unmasked
2025-10-27 10:45:38,392 - GPU-5 - INFO -   [Cycle 27]
2025-10-27 10:45:38,392 - GPU-5 - DEBUG -     [Latent Recursive] Starting 1 steps of latent thinking
2025-10-27 10:45:38,437 - GPU-5 - DEBUG -       [Latent] Step 1/1
2025-10-27 10:45:38,608 - GPU-5 - DEBUG -       [After Latent Recursive] 1 tokens unmasked
2025-10-27 10:45:38,608 - GPU-5 - INFO -   [Cycle 28]
2025-10-27 10:45:38,608 - GPU-5 - DEBUG -     [Latent Recursive] Starting 1 steps of latent thinking
2025-10-27 10:45:38,653 - GPU-5 - DEBUG -       [Latent] Step 1/1
2025-10-27 10:45:38,824 - GPU-5 - DEBUG -       [After Latent Recursive] 1 tokens unmasked
2025-10-27 10:45:38,824 - GPU-5 - INFO -   [Cycle 29]
2025-10-27 10:45:38,824 - GPU-5 - DEBUG -     [Latent Recursive] Starting 1 steps of latent thinking
2025-10-27 10:45:38,869 - GPU-5 - DEBUG -       [Latent] Step 1/1
2025-10-27 10:45:39,040 - GPU-5 - DEBUG -       [After Latent Recursive] 1 tokens unmasked
2025-10-27 10:45:39,041 - GPU-5 - INFO -   [Cycle 30]
2025-10-27 10:45:39,041 - GPU-5 - DEBUG -     [Latent Recursive] Starting 1 steps of latent thinking
2025-10-27 10:45:39,085 - GPU-5 - DEBUG -       [Latent] Step 1/1
2025-10-27 10:45:39,256 - GPU-5 - DEBUG -       [After Latent Recursive] 1 tokens unmasked
2025-10-27 10:45:39,257 - GPU-5 - INFO -   [Cycle 31]
2025-10-27 10:45:39,257 - GPU-5 - DEBUG -     [Latent Recursive] Starting 1 steps of latent thinking
2025-10-27 10:45:39,302 - GPU-5 - DEBUG -       [Latent] Step 1/1
2025-10-27 10:45:39,473 - GPU-5 - DEBUG -       [After Latent Recursive] 1 tokens unmasked
2025-10-27 10:45:39,473 - GPU-5 - INFO - [Block 4/16] Processing tokens 158-190
2025-10-27 10:45:39,473 - GPU-5 - DEBUG - [Block 3] Before forward: use_cache=True, x.shape=torch.Size([1, 574])
2025-10-27 10:45:39,474 - GPU-5 - DEBUG - [Block 3] Model type: LLaDAModelLM
2025-10-27 10:45:39,474 - GPU-5 - DEBUG - [Block 3] Model config use_cache: True
2025-10-27 10:45:39,496 - GPU-5 - DEBUG - [Block 3] After forward: pkv is None? False
2025-10-27 10:45:39,496 - GPU-5 - DEBUG - [Block 3] out type: CausalLMOutputWithPast
2025-10-27 10:45:39,496 - GPU-5 - DEBUG - [Block 3] pkv type: <class 'list'>, len: 32
2025-10-27 10:45:39,496 - GPU-5 - DEBUG - [Block 3] pkv[0] type: <class 'tuple'>, len: 2
2025-10-27 10:45:39,496 - GPU-5 - DEBUG - [Block 3] pkv[0][0].shape: torch.Size([1, 32, 574, 128])
2025-10-27 10:45:39,584 - GPU-5 - INFO -   [Initial Forward] 1 tokens unmasked
2025-10-27 10:45:39,584 - GPU-5 - INFO -   [Cycle 1]
2025-10-27 10:45:39,584 - GPU-5 - DEBUG -     [Latent Recursive] Starting 1 steps of latent thinking
2025-10-27 10:45:39,630 - GPU-5 - DEBUG -       [Latent] Step 1/1
2025-10-27 10:45:39,800 - GPU-5 - DEBUG -       [After Latent Recursive] 1 tokens unmasked
2025-10-27 10:45:39,800 - GPU-5 - INFO -   [Cycle 2]
2025-10-27 10:45:39,800 - GPU-5 - DEBUG -     [Latent Recursive] Starting 1 steps of latent thinking
2025-10-27 10:45:39,845 - GPU-5 - DEBUG -       [Latent] Step 1/1
2025-10-27 10:45:40,015 - GPU-5 - DEBUG -       [After Latent Recursive] 1 tokens unmasked
2025-10-27 10:45:40,016 - GPU-5 - INFO -   [Cycle 3]
2025-10-27 10:45:40,016 - GPU-5 - DEBUG -     [Latent Recursive] Starting 1 steps of latent thinking
2025-10-27 10:45:40,061 - GPU-5 - DEBUG -       [Latent] Step 1/1
2025-10-27 10:45:40,231 - GPU-5 - DEBUG -       [After Latent Recursive] 1 tokens unmasked
2025-10-27 10:45:40,231 - GPU-5 - INFO -   [Cycle 4]
2025-10-27 10:45:40,232 - GPU-5 - DEBUG -     [Latent Recursive] Starting 1 steps of latent thinking
2025-10-27 10:45:40,277 - GPU-5 - DEBUG -       [Latent] Step 1/1
2025-10-27 10:45:40,447 - GPU-5 - DEBUG -       [After Latent Recursive] 1 tokens unmasked
2025-10-27 10:45:40,447 - GPU-5 - INFO -   [Cycle 5]
2025-10-27 10:45:40,447 - GPU-5 - DEBUG -     [Latent Recursive] Starting 1 steps of latent thinking
2025-10-27 10:45:40,492 - GPU-5 - DEBUG -       [Latent] Step 1/1
2025-10-27 10:45:40,662 - GPU-5 - DEBUG -       [After Latent Recursive] 1 tokens unmasked
2025-10-27 10:45:40,663 - GPU-5 - INFO -   [Cycle 6]
2025-10-27 10:45:40,663 - GPU-5 - DEBUG -     [Latent Recursive] Starting 1 steps of latent thinking
2025-10-27 10:45:40,708 - GPU-5 - DEBUG -       [Latent] Step 1/1
2025-10-27 10:45:40,878 - GPU-5 - DEBUG -       [After Latent Recursive] 1 tokens unmasked
2025-10-27 10:45:40,878 - GPU-5 - INFO -   [Cycle 7]
2025-10-27 10:45:40,878 - GPU-5 - DEBUG -     [Latent Recursive] Starting 1 steps of latent thinking
2025-10-27 10:45:40,923 - GPU-5 - DEBUG -       [Latent] Step 1/1
2025-10-27 10:45:41,093 - GPU-5 - DEBUG -       [After Latent Recursive] 1 tokens unmasked
2025-10-27 10:45:41,093 - GPU-5 - INFO -   [Cycle 8]
2025-10-27 10:45:41,093 - GPU-5 - DEBUG -     [Latent Recursive] Starting 1 steps of latent thinking
2025-10-27 10:45:41,138 - GPU-5 - DEBUG -       [Latent] Step 1/1
2025-10-27 10:45:41,309 - GPU-5 - DEBUG -       [After Latent Recursive] 1 tokens unmasked
2025-10-27 10:45:41,309 - GPU-5 - INFO -   [Cycle 9]
2025-10-27 10:45:41,310 - GPU-5 - DEBUG -     [Latent Recursive] Starting 1 steps of latent thinking
2025-10-27 10:45:41,354 - GPU-5 - DEBUG -       [Latent] Step 1/1
2025-10-27 10:45:41,524 - GPU-5 - DEBUG -       [After Latent Recursive] 1 tokens unmasked
2025-10-27 10:45:41,525 - GPU-5 - INFO -   [Cycle 10]
2025-10-27 10:45:41,525 - GPU-5 - DEBUG -     [Latent Recursive] Starting 1 steps of latent thinking
2025-10-27 10:45:41,569 - GPU-5 - DEBUG -       [Latent] Step 1/1
2025-10-27 10:45:41,740 - GPU-5 - DEBUG -       [After Latent Recursive] 1 tokens unmasked
2025-10-27 10:45:41,740 - GPU-5 - INFO -   [Cycle 11]
2025-10-27 10:45:41,740 - GPU-5 - DEBUG -     [Latent Recursive] Starting 1 steps of latent thinking
2025-10-27 10:45:41,785 - GPU-5 - DEBUG -       [Latent] Step 1/1
2025-10-27 10:45:41,955 - GPU-5 - DEBUG -       [After Latent Recursive] 1 tokens unmasked
2025-10-27 10:45:41,955 - GPU-5 - INFO -   [Cycle 12]
2025-10-27 10:45:41,955 - GPU-5 - DEBUG -     [Latent Recursive] Starting 1 steps of latent thinking
2025-10-27 10:45:42,000 - GPU-5 - DEBUG -       [Latent] Step 1/1
2025-10-27 10:45:42,171 - GPU-5 - DEBUG -       [After Latent Recursive] 1 tokens unmasked
2025-10-27 10:45:42,171 - GPU-5 - INFO -   [Cycle 13]
2025-10-27 10:45:42,171 - GPU-5 - DEBUG -     [Latent Recursive] Starting 1 steps of latent thinking
2025-10-27 10:45:42,216 - GPU-5 - DEBUG -       [Latent] Step 1/1
2025-10-27 10:45:42,386 - GPU-5 - DEBUG -       [After Latent Recursive] 1 tokens unmasked
2025-10-27 10:45:42,387 - GPU-5 - INFO -   [Cycle 14]
2025-10-27 10:45:42,387 - GPU-5 - DEBUG -     [Latent Recursive] Starting 1 steps of latent thinking
2025-10-27 10:45:42,432 - GPU-5 - DEBUG -       [Latent] Step 1/1
2025-10-27 10:45:42,601 - GPU-5 - DEBUG -       [After Latent Recursive] 1 tokens unmasked
2025-10-27 10:45:42,602 - GPU-5 - INFO -   [Cycle 15]
2025-10-27 10:45:42,602 - GPU-5 - DEBUG -     [Latent Recursive] Starting 1 steps of latent thinking
2025-10-27 10:45:42,647 - GPU-5 - DEBUG -       [Latent] Step 1/1
2025-10-27 10:45:42,817 - GPU-5 - DEBUG -       [After Latent Recursive] 1 tokens unmasked
2025-10-27 10:45:42,817 - GPU-5 - INFO -   [Cycle 16]
2025-10-27 10:45:42,817 - GPU-5 - DEBUG -     [Latent Recursive] Starting 1 steps of latent thinking
2025-10-27 10:45:42,862 - GPU-5 - DEBUG -       [Latent] Step 1/1
2025-10-27 10:45:43,032 - GPU-5 - DEBUG -       [After Latent Recursive] 1 tokens unmasked
2025-10-27 10:45:43,032 - GPU-5 - INFO -   [Cycle 17]
2025-10-27 10:45:43,032 - GPU-5 - DEBUG -     [Latent Recursive] Starting 1 steps of latent thinking
2025-10-27 10:45:43,077 - GPU-5 - DEBUG -       [Latent] Step 1/1
2025-10-27 10:45:43,247 - GPU-5 - DEBUG -       [After Latent Recursive] 1 tokens unmasked
2025-10-27 10:45:43,247 - GPU-5 - INFO -   [Cycle 18]
2025-10-27 10:45:43,247 - GPU-5 - DEBUG -     [Latent Recursive] Starting 1 steps of latent thinking
2025-10-27 10:45:43,292 - GPU-5 - DEBUG -       [Latent] Step 1/1
2025-10-27 10:45:43,462 - GPU-5 - DEBUG -       [After Latent Recursive] 1 tokens unmasked
2025-10-27 10:45:43,463 - GPU-5 - INFO -   [Cycle 19]
2025-10-27 10:45:43,463 - GPU-5 - DEBUG -     [Latent Recursive] Starting 1 steps of latent thinking
2025-10-27 10:45:43,508 - GPU-5 - DEBUG -       [Latent] Step 1/1
2025-10-27 10:45:43,677 - GPU-5 - DEBUG -       [After Latent Recursive] 1 tokens unmasked
2025-10-27 10:45:43,678 - GPU-5 - INFO -   [Cycle 20]
2025-10-27 10:45:43,678 - GPU-5 - DEBUG -     [Latent Recursive] Starting 1 steps of latent thinking
2025-10-27 10:45:43,723 - GPU-5 - DEBUG -       [Latent] Step 1/1
2025-10-27 10:45:43,893 - GPU-5 - DEBUG -       [After Latent Recursive] 1 tokens unmasked
2025-10-27 10:45:43,893 - GPU-5 - INFO -   [Cycle 21]
2025-10-27 10:45:43,893 - GPU-5 - DEBUG -     [Latent Recursive] Starting 1 steps of latent thinking
2025-10-27 10:45:43,938 - GPU-5 - DEBUG -       [Latent] Step 1/1
2025-10-27 10:45:44,108 - GPU-5 - DEBUG -       [After Latent Recursive] 1 tokens unmasked
2025-10-27 10:45:44,108 - GPU-5 - INFO -   [Cycle 22]
2025-10-27 10:45:44,108 - GPU-5 - DEBUG -     [Latent Recursive] Starting 1 steps of latent thinking
2025-10-27 10:45:44,153 - GPU-5 - DEBUG -       [Latent] Step 1/1
2025-10-27 10:45:44,323 - GPU-5 - DEBUG -       [After Latent Recursive] 1 tokens unmasked
2025-10-27 10:45:44,324 - GPU-5 - INFO -   [Cycle 23]
2025-10-27 10:45:44,324 - GPU-5 - DEBUG -     [Latent Recursive] Starting 1 steps of latent thinking
2025-10-27 10:45:44,368 - GPU-5 - DEBUG -       [Latent] Step 1/1
2025-10-27 10:45:44,539 - GPU-5 - DEBUG -       [After Latent Recursive] 1 tokens unmasked
2025-10-27 10:45:44,540 - GPU-5 - INFO -   [Cycle 24]
2025-10-27 10:45:44,540 - GPU-5 - DEBUG -     [Latent Recursive] Starting 1 steps of latent thinking
2025-10-27 10:45:44,585 - GPU-5 - DEBUG -       [Latent] Step 1/1
2025-10-27 10:45:44,755 - GPU-5 - DEBUG -       [After Latent Recursive] 1 tokens unmasked
2025-10-27 10:45:44,756 - GPU-5 - INFO -   [Cycle 25]
2025-10-27 10:45:44,756 - GPU-5 - DEBUG -     [Latent Recursive] Starting 1 steps of latent thinking
2025-10-27 10:45:44,801 - GPU-5 - DEBUG -       [Latent] Step 1/1
2025-10-27 10:45:44,971 - GPU-5 - DEBUG -       [After Latent Recursive] 1 tokens unmasked
2025-10-27 10:45:44,971 - GPU-5 - INFO -   [Cycle 26]
2025-10-27 10:45:44,971 - GPU-5 - DEBUG -     [Latent Recursive] Starting 1 steps of latent thinking
2025-10-27 10:45:45,016 - GPU-5 - DEBUG -       [Latent] Step 1/1
2025-10-27 10:45:45,186 - GPU-5 - DEBUG -       [After Latent Recursive] 1 tokens unmasked
2025-10-27 10:45:45,187 - GPU-5 - INFO -   [Cycle 27]
2025-10-27 10:45:45,187 - GPU-5 - DEBUG -     [Latent Recursive] Starting 1 steps of latent thinking
2025-10-27 10:45:45,232 - GPU-5 - DEBUG -       [Latent] Step 1/1
2025-10-27 10:45:45,402 - GPU-5 - DEBUG -       [After Latent Recursive] 1 tokens unmasked
2025-10-27 10:45:45,402 - GPU-5 - INFO -   [Cycle 28]
2025-10-27 10:45:45,402 - GPU-5 - DEBUG -     [Latent Recursive] Starting 1 steps of latent thinking
2025-10-27 10:45:45,447 - GPU-5 - DEBUG -       [Latent] Step 1/1
2025-10-27 10:45:45,617 - GPU-5 - DEBUG -       [After Latent Recursive] 1 tokens unmasked
2025-10-27 10:45:45,617 - GPU-5 - INFO -   [Cycle 29]
2025-10-27 10:45:45,617 - GPU-5 - DEBUG -     [Latent Recursive] Starting 1 steps of latent thinking
2025-10-27 10:45:45,662 - GPU-5 - DEBUG -       [Latent] Step 1/1
2025-10-27 10:45:45,833 - GPU-5 - DEBUG -       [After Latent Recursive] 1 tokens unmasked
2025-10-27 10:45:45,833 - GPU-5 - INFO -   [Cycle 30]
2025-10-27 10:45:45,833 - GPU-5 - DEBUG -     [Latent Recursive] Starting 1 steps of latent thinking
2025-10-27 10:45:45,878 - GPU-5 - DEBUG -       [Latent] Step 1/1
2025-10-27 10:45:46,048 - GPU-5 - DEBUG -       [After Latent Recursive] 1 tokens unmasked
2025-10-27 10:45:46,049 - GPU-5 - INFO -   [Cycle 31]
2025-10-27 10:45:46,049 - GPU-5 - DEBUG -     [Latent Recursive] Starting 1 steps of latent thinking
2025-10-27 10:45:46,094 - GPU-5 - DEBUG -       [Latent] Step 1/1
2025-10-27 10:45:46,263 - GPU-5 - DEBUG -       [After Latent Recursive] 1 tokens unmasked
2025-10-27 10:45:46,264 - GPU-5 - INFO - [Block 5/16] Processing tokens 190-222
2025-10-27 10:45:46,264 - GPU-5 - DEBUG - [Block 4] Before forward: use_cache=True, x.shape=torch.Size([1, 574])
2025-10-27 10:45:46,264 - GPU-5 - DEBUG - [Block 4] Model type: LLaDAModelLM
2025-10-27 10:45:46,265 - GPU-5 - DEBUG - [Block 4] Model config use_cache: True
2025-10-27 10:45:46,287 - GPU-5 - DEBUG - [Block 4] After forward: pkv is None? False
2025-10-27 10:45:46,287 - GPU-5 - DEBUG - [Block 4] out type: CausalLMOutputWithPast
2025-10-27 10:45:46,287 - GPU-5 - DEBUG - [Block 4] pkv type: <class 'list'>, len: 32
2025-10-27 10:45:46,287 - GPU-5 - DEBUG - [Block 4] pkv[0] type: <class 'tuple'>, len: 2
2025-10-27 10:45:46,288 - GPU-5 - DEBUG - [Block 4] pkv[0][0].shape: torch.Size([1, 32, 574, 128])
2025-10-27 10:45:46,375 - GPU-5 - INFO -   [Initial Forward] 1 tokens unmasked
2025-10-27 10:45:46,375 - GPU-5 - INFO -   [Cycle 1]
2025-10-27 10:45:46,376 - GPU-5 - DEBUG -     [Latent Recursive] Starting 1 steps of latent thinking
2025-10-27 10:45:46,420 - GPU-5 - DEBUG -       [Latent] Step 1/1
2025-10-27 10:45:46,588 - GPU-5 - DEBUG -       [After Latent Recursive] 1 tokens unmasked
2025-10-27 10:45:46,589 - GPU-5 - INFO -   [Cycle 2]
2025-10-27 10:45:46,589 - GPU-5 - DEBUG -     [Latent Recursive] Starting 1 steps of latent thinking
2025-10-27 10:45:46,634 - GPU-5 - DEBUG -       [Latent] Step 1/1
2025-10-27 10:45:46,802 - GPU-5 - DEBUG -       [After Latent Recursive] 1 tokens unmasked
2025-10-27 10:45:46,802 - GPU-5 - INFO -   [Cycle 3]
2025-10-27 10:45:46,802 - GPU-5 - DEBUG -     [Latent Recursive] Starting 1 steps of latent thinking
2025-10-27 10:45:46,847 - GPU-5 - DEBUG -       [Latent] Step 1/1
2025-10-27 10:45:47,014 - GPU-5 - DEBUG -       [After Latent Recursive] 1 tokens unmasked
2025-10-27 10:45:47,015 - GPU-5 - INFO -   [Cycle 4]
2025-10-27 10:45:47,015 - GPU-5 - DEBUG -     [Latent Recursive] Starting 1 steps of latent thinking
2025-10-27 10:45:47,059 - GPU-5 - DEBUG -       [Latent] Step 1/1
2025-10-27 10:45:47,227 - GPU-5 - DEBUG -       [After Latent Recursive] 1 tokens unmasked
2025-10-27 10:45:47,228 - GPU-5 - INFO -   [Cycle 5]
2025-10-27 10:45:47,228 - GPU-5 - DEBUG -     [Latent Recursive] Starting 1 steps of latent thinking
2025-10-27 10:45:47,273 - GPU-5 - DEBUG -       [Latent] Step 1/1
2025-10-27 10:45:47,441 - GPU-5 - DEBUG -       [After Latent Recursive] 1 tokens unmasked
2025-10-27 10:45:47,441 - GPU-5 - INFO -   [Cycle 6]
2025-10-27 10:45:47,441 - GPU-5 - DEBUG -     [Latent Recursive] Starting 1 steps of latent thinking
2025-10-27 10:45:47,486 - GPU-5 - DEBUG -       [Latent] Step 1/1
2025-10-27 10:45:47,654 - GPU-5 - DEBUG -       [After Latent Recursive] 1 tokens unmasked
2025-10-27 10:45:47,654 - GPU-5 - INFO -   [Cycle 7]
2025-10-27 10:45:47,654 - GPU-5 - DEBUG -     [Latent Recursive] Starting 1 steps of latent thinking
2025-10-27 10:45:47,699 - GPU-5 - DEBUG -       [Latent] Step 1/1
2025-10-27 10:45:47,867 - GPU-5 - DEBUG -       [After Latent Recursive] 1 tokens unmasked
2025-10-27 10:45:47,867 - GPU-5 - INFO -   [Cycle 8]
2025-10-27 10:45:47,867 - GPU-5 - DEBUG -     [Latent Recursive] Starting 1 steps of latent thinking
2025-10-27 10:45:47,912 - GPU-5 - DEBUG -       [Latent] Step 1/1
2025-10-27 10:45:48,080 - GPU-5 - DEBUG -       [After Latent Recursive] 1 tokens unmasked
2025-10-27 10:45:48,080 - GPU-5 - INFO -   [Cycle 9]
2025-10-27 10:45:48,080 - GPU-5 - DEBUG -     [Latent Recursive] Starting 1 steps of latent thinking
2025-10-27 10:45:48,125 - GPU-5 - DEBUG -       [Latent] Step 1/1
2025-10-27 10:45:48,293 - GPU-5 - DEBUG -       [After Latent Recursive] 1 tokens unmasked
2025-10-27 10:45:48,294 - GPU-5 - INFO -   [Cycle 10]
2025-10-27 10:45:48,294 - GPU-5 - DEBUG -     [Latent Recursive] Starting 1 steps of latent thinking
2025-10-27 10:45:48,339 - GPU-5 - DEBUG -       [Latent] Step 1/1
2025-10-27 10:45:48,507 - GPU-5 - DEBUG -       [After Latent Recursive] 1 tokens unmasked
2025-10-27 10:45:48,507 - GPU-5 - INFO -   [Cycle 11]
2025-10-27 10:45:48,507 - GPU-5 - DEBUG -     [Latent Recursive] Starting 1 steps of latent thinking
2025-10-27 10:45:48,552 - GPU-5 - DEBUG -       [Latent] Step 1/1
2025-10-27 10:45:48,720 - GPU-5 - DEBUG -       [After Latent Recursive] 1 tokens unmasked
2025-10-27 10:45:48,720 - GPU-5 - INFO -   [Cycle 12]
2025-10-27 10:45:48,721 - GPU-5 - DEBUG -     [Latent Recursive] Starting 1 steps of latent thinking
2025-10-27 10:45:48,765 - GPU-5 - DEBUG -       [Latent] Step 1/1
2025-10-27 10:45:48,933 - GPU-5 - DEBUG -       [After Latent Recursive] 1 tokens unmasked
2025-10-27 10:45:48,934 - GPU-5 - INFO -   [Cycle 13]
2025-10-27 10:45:48,934 - GPU-5 - DEBUG -     [Latent Recursive] Starting 1 steps of latent thinking
2025-10-27 10:45:48,979 - GPU-5 - DEBUG -       [Latent] Step 1/1
2025-10-27 10:45:49,146 - GPU-5 - DEBUG -       [After Latent Recursive] 1 tokens unmasked
2025-10-27 10:45:49,147 - GPU-5 - INFO -   [Cycle 14]
2025-10-27 10:45:49,147 - GPU-5 - DEBUG -     [Latent Recursive] Starting 1 steps of latent thinking
2025-10-27 10:45:49,192 - GPU-5 - DEBUG -       [Latent] Step 1/1
2025-10-27 10:45:49,360 - GPU-5 - DEBUG -       [After Latent Recursive] 1 tokens unmasked
2025-10-27 10:45:49,360 - GPU-5 - INFO -   [Cycle 15]
2025-10-27 10:45:49,360 - GPU-5 - DEBUG -     [Latent Recursive] Starting 1 steps of latent thinking
2025-10-27 10:45:49,405 - GPU-5 - DEBUG -       [Latent] Step 1/1
2025-10-27 10:45:49,573 - GPU-5 - DEBUG -       [After Latent Recursive] 1 tokens unmasked
2025-10-27 10:45:49,573 - GPU-5 - INFO -   [Cycle 16]
2025-10-27 10:45:49,573 - GPU-5 - DEBUG -     [Latent Recursive] Starting 1 steps of latent thinking
2025-10-27 10:45:49,618 - GPU-5 - DEBUG -       [Latent] Step 1/1
2025-10-27 10:45:49,785 - GPU-5 - DEBUG -       [After Latent Recursive] 1 tokens unmasked
2025-10-27 10:45:49,786 - GPU-5 - INFO -   [Cycle 17]
2025-10-27 10:45:49,786 - GPU-5 - DEBUG -     [Latent Recursive] Starting 1 steps of latent thinking
2025-10-27 10:45:49,831 - GPU-5 - DEBUG -       [Latent] Step 1/1
2025-10-27 10:45:49,998 - GPU-5 - DEBUG -       [After Latent Recursive] 1 tokens unmasked
2025-10-27 10:45:49,999 - GPU-5 - INFO -   [Cycle 18]
2025-10-27 10:45:49,999 - GPU-5 - DEBUG -     [Latent Recursive] Starting 1 steps of latent thinking
2025-10-27 10:45:50,044 - GPU-5 - DEBUG -       [Latent] Step 1/1
2025-10-27 10:45:50,211 - GPU-5 - DEBUG -       [After Latent Recursive] 1 tokens unmasked
2025-10-27 10:45:50,212 - GPU-5 - INFO -   [Cycle 19]
2025-10-27 10:45:50,212 - GPU-5 - DEBUG -     [Latent Recursive] Starting 1 steps of latent thinking
2025-10-27 10:45:50,257 - GPU-5 - DEBUG -       [Latent] Step 1/1
2025-10-27 10:45:50,424 - GPU-5 - DEBUG -       [After Latent Recursive] 1 tokens unmasked
2025-10-27 10:45:50,425 - GPU-5 - INFO -   [Cycle 20]
2025-10-27 10:45:50,425 - GPU-5 - DEBUG -     [Latent Recursive] Starting 1 steps of latent thinking
2025-10-27 10:45:50,470 - GPU-5 - DEBUG -       [Latent] Step 1/1
2025-10-27 10:45:50,637 - GPU-5 - DEBUG -       [After Latent Recursive] 1 tokens unmasked
2025-10-27 10:45:50,637 - GPU-5 - INFO -   [Cycle 21]
2025-10-27 10:45:50,638 - GPU-5 - DEBUG -     [Latent Recursive] Starting 1 steps of latent thinking
2025-10-27 10:45:50,682 - GPU-5 - DEBUG -       [Latent] Step 1/1
2025-10-27 10:45:50,850 - GPU-5 - DEBUG -       [After Latent Recursive] 1 tokens unmasked
2025-10-27 10:45:50,850 - GPU-5 - INFO -   [Cycle 22]
2025-10-27 10:45:50,850 - GPU-5 - DEBUG -     [Latent Recursive] Starting 1 steps of latent thinking
2025-10-27 10:45:50,895 - GPU-5 - DEBUG -       [Latent] Step 1/1
2025-10-27 10:45:51,063 - GPU-5 - DEBUG -       [After Latent Recursive] 1 tokens unmasked
2025-10-27 10:45:51,063 - GPU-5 - INFO -   [Cycle 23]
2025-10-27 10:45:51,063 - GPU-5 - DEBUG -     [Latent Recursive] Starting 1 steps of latent thinking
2025-10-27 10:45:51,108 - GPU-5 - DEBUG -       [Latent] Step 1/1
2025-10-27 10:45:51,277 - GPU-5 - DEBUG -       [After Latent Recursive] 1 tokens unmasked
2025-10-27 10:45:51,277 - GPU-5 - INFO -   [Cycle 24]
2025-10-27 10:45:51,277 - GPU-5 - DEBUG -     [Latent Recursive] Starting 1 steps of latent thinking
2025-10-27 10:45:51,322 - GPU-5 - DEBUG -       [Latent] Step 1/1
2025-10-27 10:45:51,490 - GPU-5 - DEBUG -       [After Latent Recursive] 1 tokens unmasked
2025-10-27 10:45:51,491 - GPU-5 - INFO -   [Cycle 25]
2025-10-27 10:45:51,491 - GPU-5 - DEBUG -     [Latent Recursive] Starting 1 steps of latent thinking
2025-10-27 10:45:51,536 - GPU-5 - DEBUG -       [Latent] Step 1/1
2025-10-27 10:45:51,703 - GPU-5 - DEBUG -       [After Latent Recursive] 1 tokens unmasked
2025-10-27 10:45:51,704 - GPU-5 - INFO -   [Cycle 26]
2025-10-27 10:45:51,704 - GPU-5 - DEBUG -     [Latent Recursive] Starting 1 steps of latent thinking
2025-10-27 10:45:51,749 - GPU-5 - DEBUG -       [Latent] Step 1/1
2025-10-27 10:45:51,916 - GPU-5 - DEBUG -       [After Latent Recursive] 1 tokens unmasked
2025-10-27 10:45:51,917 - GPU-5 - INFO -   [Cycle 27]
2025-10-27 10:45:51,917 - GPU-5 - DEBUG -     [Latent Recursive] Starting 1 steps of latent thinking
2025-10-27 10:45:51,962 - GPU-5 - DEBUG -       [Latent] Step 1/1
2025-10-27 10:45:52,130 - GPU-5 - DEBUG -       [After Latent Recursive] 1 tokens unmasked
2025-10-27 10:45:52,130 - GPU-5 - INFO -   [Cycle 28]
2025-10-27 10:45:52,131 - GPU-5 - DEBUG -     [Latent Recursive] Starting 1 steps of latent thinking
2025-10-27 10:45:52,175 - GPU-5 - DEBUG -       [Latent] Step 1/1
2025-10-27 10:45:52,344 - GPU-5 - DEBUG -       [After Latent Recursive] 1 tokens unmasked
2025-10-27 10:45:52,344 - GPU-5 - INFO -   [Cycle 29]
2025-10-27 10:45:52,344 - GPU-5 - DEBUG -     [Latent Recursive] Starting 1 steps of latent thinking
2025-10-27 10:45:52,389 - GPU-5 - DEBUG -       [Latent] Step 1/1
2025-10-27 10:45:52,556 - GPU-5 - DEBUG -       [After Latent Recursive] 1 tokens unmasked
2025-10-27 10:45:52,557 - GPU-5 - INFO -   [Cycle 30]
2025-10-27 10:45:52,557 - GPU-5 - DEBUG -     [Latent Recursive] Starting 1 steps of latent thinking
2025-10-27 10:45:52,602 - GPU-5 - DEBUG -       [Latent] Step 1/1
2025-10-27 10:45:52,770 - GPU-5 - DEBUG -       [After Latent Recursive] 1 tokens unmasked
2025-10-27 10:45:52,770 - GPU-5 - INFO -   [Cycle 31]
2025-10-27 10:45:52,770 - GPU-5 - DEBUG -     [Latent Recursive] Starting 1 steps of latent thinking
2025-10-27 10:45:52,815 - GPU-5 - DEBUG -       [Latent] Step 1/1
2025-10-27 10:45:52,983 - GPU-5 - DEBUG -       [After Latent Recursive] 1 tokens unmasked
2025-10-27 10:45:52,983 - GPU-5 - INFO - [Block 6/16] Processing tokens 222-254
2025-10-27 10:45:52,983 - GPU-5 - DEBUG - [Block 5] Before forward: use_cache=True, x.shape=torch.Size([1, 574])
2025-10-27 10:45:52,983 - GPU-5 - DEBUG - [Block 5] Model type: LLaDAModelLM
2025-10-27 10:45:52,984 - GPU-5 - DEBUG - [Block 5] Model config use_cache: True
2025-10-27 10:45:53,006 - GPU-5 - DEBUG - [Block 5] After forward: pkv is None? False
2025-10-27 10:45:53,006 - GPU-5 - DEBUG - [Block 5] out type: CausalLMOutputWithPast
2025-10-27 10:45:53,006 - GPU-5 - DEBUG - [Block 5] pkv type: <class 'list'>, len: 32
2025-10-27 10:45:53,006 - GPU-5 - DEBUG - [Block 5] pkv[0] type: <class 'tuple'>, len: 2
2025-10-27 10:45:53,006 - GPU-5 - DEBUG - [Block 5] pkv[0][0].shape: torch.Size([1, 32, 574, 128])
2025-10-27 10:45:53,094 - GPU-5 - INFO -   [Initial Forward] 1 tokens unmasked
2025-10-27 10:45:53,094 - GPU-5 - INFO -   [Cycle 1]
2025-10-27 10:45:53,094 - GPU-5 - DEBUG -     [Latent Recursive] Starting 1 steps of latent thinking
2025-10-27 10:45:53,139 - GPU-5 - DEBUG -       [Latent] Step 1/1
2025-10-27 10:45:53,306 - GPU-5 - DEBUG -       [After Latent Recursive] 1 tokens unmasked
2025-10-27 10:45:53,307 - GPU-5 - INFO -   [Cycle 2]
2025-10-27 10:45:53,307 - GPU-5 - DEBUG -     [Latent Recursive] Starting 1 steps of latent thinking
2025-10-27 10:45:53,352 - GPU-5 - DEBUG -       [Latent] Step 1/1
2025-10-27 10:45:53,518 - GPU-5 - DEBUG -       [After Latent Recursive] 1 tokens unmasked
2025-10-27 10:45:53,518 - GPU-5 - INFO -   [Cycle 3]
2025-10-27 10:45:53,519 - GPU-5 - DEBUG -     [Latent Recursive] Starting 1 steps of latent thinking
2025-10-27 10:45:53,563 - GPU-5 - DEBUG -       [Latent] Step 1/1
2025-10-27 10:45:53,730 - GPU-5 - DEBUG -       [After Latent Recursive] 1 tokens unmasked
2025-10-27 10:45:53,730 - GPU-5 - INFO -   [Cycle 4]
2025-10-27 10:45:53,730 - GPU-5 - DEBUG -     [Latent Recursive] Starting 1 steps of latent thinking
2025-10-27 10:45:53,775 - GPU-5 - DEBUG -       [Latent] Step 1/1
2025-10-27 10:45:53,942 - GPU-5 - DEBUG -       [After Latent Recursive] 1 tokens unmasked
2025-10-27 10:45:53,943 - GPU-5 - INFO -   [Cycle 5]
2025-10-27 10:45:53,943 - GPU-5 - DEBUG -     [Latent Recursive] Starting 1 steps of latent thinking
2025-10-27 10:45:53,987 - GPU-5 - DEBUG -       [Latent] Step 1/1
2025-10-27 10:45:54,154 - GPU-5 - DEBUG -       [After Latent Recursive] 1 tokens unmasked
2025-10-27 10:45:54,155 - GPU-5 - INFO -   [Cycle 6]
2025-10-27 10:45:54,155 - GPU-5 - DEBUG -     [Latent Recursive] Starting 1 steps of latent thinking
2025-10-27 10:45:54,200 - GPU-5 - DEBUG -       [Latent] Step 1/1
2025-10-27 10:45:54,366 - GPU-5 - DEBUG -       [After Latent Recursive] 1 tokens unmasked
2025-10-27 10:45:54,367 - GPU-5 - INFO -   [Cycle 7]
2025-10-27 10:45:54,367 - GPU-5 - DEBUG -     [Latent Recursive] Starting 1 steps of latent thinking
2025-10-27 10:45:54,411 - GPU-5 - DEBUG -       [Latent] Step 1/1
2025-10-27 10:45:54,579 - GPU-5 - DEBUG -       [After Latent Recursive] 1 tokens unmasked
2025-10-27 10:45:54,579 - GPU-5 - INFO -   [Cycle 8]
2025-10-27 10:45:54,579 - GPU-5 - DEBUG -     [Latent Recursive] Starting 1 steps of latent thinking
2025-10-27 10:45:54,624 - GPU-5 - DEBUG -       [Latent] Step 1/1
2025-10-27 10:45:54,791 - GPU-5 - DEBUG -       [After Latent Recursive] 1 tokens unmasked
2025-10-27 10:45:54,791 - GPU-5 - INFO -   [Cycle 9]
2025-10-27 10:45:54,792 - GPU-5 - DEBUG -     [Latent Recursive] Starting 1 steps of latent thinking
2025-10-27 10:45:54,836 - GPU-5 - DEBUG -       [Latent] Step 1/1
2025-10-27 10:45:55,003 - GPU-5 - DEBUG -       [After Latent Recursive] 1 tokens unmasked
2025-10-27 10:45:55,004 - GPU-5 - INFO -   [Cycle 10]
2025-10-27 10:45:55,004 - GPU-5 - DEBUG -     [Latent Recursive] Starting 1 steps of latent thinking
2025-10-27 10:45:55,048 - GPU-5 - DEBUG -       [Latent] Step 1/1
2025-10-27 10:45:55,215 - GPU-5 - DEBUG -       [After Latent Recursive] 1 tokens unmasked
2025-10-27 10:45:55,215 - GPU-5 - INFO -   [Cycle 11]
2025-10-27 10:45:55,215 - GPU-5 - DEBUG -     [Latent Recursive] Starting 1 steps of latent thinking
2025-10-27 10:45:55,260 - GPU-5 - DEBUG -       [Latent] Step 1/1
2025-10-27 10:45:55,427 - GPU-5 - DEBUG -       [After Latent Recursive] 1 tokens unmasked
2025-10-27 10:45:55,428 - GPU-5 - INFO -   [Cycle 12]
2025-10-27 10:45:55,428 - GPU-5 - DEBUG -     [Latent Recursive] Starting 1 steps of latent thinking
2025-10-27 10:45:55,472 - GPU-5 - DEBUG -       [Latent] Step 1/1
2025-10-27 10:45:55,640 - GPU-5 - DEBUG -       [After Latent Recursive] 1 tokens unmasked
2025-10-27 10:45:55,640 - GPU-5 - INFO -   [Cycle 13]
2025-10-27 10:45:55,640 - GPU-5 - DEBUG -     [Latent Recursive] Starting 1 steps of latent thinking
2025-10-27 10:45:55,685 - GPU-5 - DEBUG -       [Latent] Step 1/1
2025-10-27 10:45:55,852 - GPU-5 - DEBUG -       [After Latent Recursive] 1 tokens unmasked
2025-10-27 10:45:55,852 - GPU-5 - INFO -   [Cycle 14]
2025-10-27 10:45:55,853 - GPU-5 - DEBUG -     [Latent Recursive] Starting 1 steps of latent thinking
2025-10-27 10:45:55,898 - GPU-5 - DEBUG -       [Latent] Step 1/1
2025-10-27 10:45:56,065 - GPU-5 - DEBUG -       [After Latent Recursive] 1 tokens unmasked
2025-10-27 10:45:56,065 - GPU-5 - INFO -   [Cycle 15]
2025-10-27 10:45:56,065 - GPU-5 - DEBUG -     [Latent Recursive] Starting 1 steps of latent thinking
2025-10-27 10:45:56,110 - GPU-5 - DEBUG -       [Latent] Step 1/1
2025-10-27 10:45:56,277 - GPU-5 - DEBUG -       [After Latent Recursive] 1 tokens unmasked
2025-10-27 10:45:56,277 - GPU-5 - INFO -   [Cycle 16]
2025-10-27 10:45:56,277 - GPU-5 - DEBUG -     [Latent Recursive] Starting 1 steps of latent thinking
2025-10-27 10:45:56,322 - GPU-5 - DEBUG -       [Latent] Step 1/1
2025-10-27 10:45:56,489 - GPU-5 - DEBUG -       [After Latent Recursive] 1 tokens unmasked
2025-10-27 10:45:56,489 - GPU-5 - INFO -   [Cycle 17]
2025-10-27 10:45:56,489 - GPU-5 - DEBUG -     [Latent Recursive] Starting 1 steps of latent thinking
2025-10-27 10:45:56,534 - GPU-5 - DEBUG -       [Latent] Step 1/1
2025-10-27 10:45:56,701 - GPU-5 - DEBUG -       [After Latent Recursive] 1 tokens unmasked
2025-10-27 10:45:56,701 - GPU-5 - INFO -   [Cycle 18]
2025-10-27 10:45:56,701 - GPU-5 - DEBUG -     [Latent Recursive] Starting 1 steps of latent thinking
2025-10-27 10:45:56,746 - GPU-5 - DEBUG -       [Latent] Step 1/1
2025-10-27 10:45:56,913 - GPU-5 - DEBUG -       [After Latent Recursive] 1 tokens unmasked
2025-10-27 10:45:56,913 - GPU-5 - INFO -   [Cycle 19]
2025-10-27 10:45:56,914 - GPU-5 - DEBUG -     [Latent Recursive] Starting 1 steps of latent thinking
2025-10-27 10:45:56,959 - GPU-5 - DEBUG -       [Latent] Step 1/1
2025-10-27 10:45:57,125 - GPU-5 - DEBUG -       [After Latent Recursive] 1 tokens unmasked
2025-10-27 10:45:57,125 - GPU-5 - INFO -   [Cycle 20]
2025-10-27 10:45:57,126 - GPU-5 - DEBUG -     [Latent Recursive] Starting 1 steps of latent thinking
2025-10-27 10:45:57,170 - GPU-5 - DEBUG -       [Latent] Step 1/1
2025-10-27 10:45:57,337 - GPU-5 - DEBUG -       [After Latent Recursive] 1 tokens unmasked
2025-10-27 10:45:57,338 - GPU-5 - INFO -   [Cycle 21]
2025-10-27 10:45:57,338 - GPU-5 - DEBUG -     [Latent Recursive] Starting 1 steps of latent thinking
2025-10-27 10:45:57,383 - GPU-5 - DEBUG -       [Latent] Step 1/1
2025-10-27 10:45:57,549 - GPU-5 - DEBUG -       [After Latent Recursive] 1 tokens unmasked
2025-10-27 10:45:57,549 - GPU-5 - INFO -   [Cycle 22]
2025-10-27 10:45:57,550 - GPU-5 - DEBUG -     [Latent Recursive] Starting 1 steps of latent thinking
2025-10-27 10:45:57,595 - GPU-5 - DEBUG -       [Latent] Step 1/1
2025-10-27 10:45:57,761 - GPU-5 - DEBUG -       [After Latent Recursive] 1 tokens unmasked
2025-10-27 10:45:57,762 - GPU-5 - INFO -   [Cycle 23]
2025-10-27 10:45:57,762 - GPU-5 - DEBUG -     [Latent Recursive] Starting 1 steps of latent thinking
2025-10-27 10:45:57,807 - GPU-5 - DEBUG -       [Latent] Step 1/1
2025-10-27 10:45:57,973 - GPU-5 - DEBUG -       [After Latent Recursive] 1 tokens unmasked
2025-10-27 10:45:57,974 - GPU-5 - INFO -   [Cycle 24]
2025-10-27 10:45:57,974 - GPU-5 - DEBUG -     [Latent Recursive] Starting 1 steps of latent thinking
2025-10-27 10:45:58,019 - GPU-5 - DEBUG -       [Latent] Step 1/1
2025-10-27 10:45:58,185 - GPU-5 - DEBUG -       [After Latent Recursive] 1 tokens unmasked
2025-10-27 10:45:58,186 - GPU-5 - INFO -   [Cycle 25]
2025-10-27 10:45:58,186 - GPU-5 - DEBUG -     [Latent Recursive] Starting 1 steps of latent thinking
2025-10-27 10:45:58,231 - GPU-5 - DEBUG -       [Latent] Step 1/1
2025-10-27 10:45:58,398 - GPU-5 - DEBUG -       [After Latent Recursive] 1 tokens unmasked
2025-10-27 10:45:58,398 - GPU-5 - INFO -   [Cycle 26]
2025-10-27 10:45:58,398 - GPU-5 - DEBUG -     [Latent Recursive] Starting 1 steps of latent thinking
2025-10-27 10:45:58,443 - GPU-5 - DEBUG -       [Latent] Step 1/1
2025-10-27 10:45:58,610 - GPU-5 - DEBUG -       [After Latent Recursive] 1 tokens unmasked
2025-10-27 10:45:58,610 - GPU-5 - INFO -   [Cycle 27]
2025-10-27 10:45:58,610 - GPU-5 - DEBUG -     [Latent Recursive] Starting 1 steps of latent thinking
2025-10-27 10:45:58,655 - GPU-5 - DEBUG -       [Latent] Step 1/1
2025-10-27 10:45:58,822 - GPU-5 - DEBUG -       [After Latent Recursive] 1 tokens unmasked
2025-10-27 10:45:58,822 - GPU-5 - INFO -   [Cycle 28]
2025-10-27 10:45:58,822 - GPU-5 - DEBUG -     [Latent Recursive] Starting 1 steps of latent thinking
2025-10-27 10:45:58,867 - GPU-5 - DEBUG -       [Latent] Step 1/1
2025-10-27 10:45:59,034 - GPU-5 - DEBUG -       [After Latent Recursive] 1 tokens unmasked
2025-10-27 10:45:59,034 - GPU-5 - INFO -   [Cycle 29]
2025-10-27 10:45:59,034 - GPU-5 - DEBUG -     [Latent Recursive] Starting 1 steps of latent thinking
2025-10-27 10:45:59,079 - GPU-5 - DEBUG -       [Latent] Step 1/1
2025-10-27 10:45:59,246 - GPU-5 - DEBUG -       [After Latent Recursive] 1 tokens unmasked
2025-10-27 10:45:59,246 - GPU-5 - INFO -   [Cycle 30]
2025-10-27 10:45:59,246 - GPU-5 - DEBUG -     [Latent Recursive] Starting 1 steps of latent thinking
2025-10-27 10:45:59,291 - GPU-5 - DEBUG -       [Latent] Step 1/1
2025-10-27 10:45:59,457 - GPU-5 - DEBUG -       [After Latent Recursive] 1 tokens unmasked
2025-10-27 10:45:59,458 - GPU-5 - INFO -   [Cycle 31]
2025-10-27 10:45:59,458 - GPU-5 - DEBUG -     [Latent Recursive] Starting 1 steps of latent thinking
2025-10-27 10:45:59,502 - GPU-5 - DEBUG -       [Latent] Step 1/1
2025-10-27 10:45:59,669 - GPU-5 - DEBUG -       [After Latent Recursive] 1 tokens unmasked
2025-10-27 10:45:59,670 - GPU-5 - INFO - [Block 7/16] Processing tokens 254-286
2025-10-27 10:45:59,670 - GPU-5 - DEBUG - [Block 6] Before forward: use_cache=True, x.shape=torch.Size([1, 574])
2025-10-27 10:45:59,670 - GPU-5 - DEBUG - [Block 6] Model type: LLaDAModelLM
2025-10-27 10:45:59,670 - GPU-5 - DEBUG - [Block 6] Model config use_cache: True
2025-10-27 10:45:59,693 - GPU-5 - DEBUG - [Block 6] After forward: pkv is None? False
2025-10-27 10:45:59,693 - GPU-5 - DEBUG - [Block 6] out type: CausalLMOutputWithPast
2025-10-27 10:45:59,693 - GPU-5 - DEBUG - [Block 6] pkv type: <class 'list'>, len: 32
2025-10-27 10:45:59,693 - GPU-5 - DEBUG - [Block 6] pkv[0] type: <class 'tuple'>, len: 2
2025-10-27 10:45:59,693 - GPU-5 - DEBUG - [Block 6] pkv[0][0].shape: torch.Size([1, 32, 574, 128])
2025-10-27 10:45:59,780 - GPU-5 - INFO -   [Initial Forward] 1 tokens unmasked
2025-10-27 10:45:59,781 - GPU-5 - INFO -   [Cycle 1]
2025-10-27 10:45:59,781 - GPU-5 - DEBUG -     [Latent Recursive] Starting 1 steps of latent thinking
2025-10-27 10:45:59,826 - GPU-5 - DEBUG -       [Latent] Step 1/1
2025-10-27 10:45:59,992 - GPU-5 - DEBUG -       [After Latent Recursive] 1 tokens unmasked
2025-10-27 10:45:59,992 - GPU-5 - INFO -   [Cycle 2]
2025-10-27 10:45:59,993 - GPU-5 - DEBUG -     [Latent Recursive] Starting 1 steps of latent thinking
2025-10-27 10:46:00,037 - GPU-5 - DEBUG -       [Latent] Step 1/1
2025-10-27 10:46:00,203 - GPU-5 - DEBUG -       [After Latent Recursive] 1 tokens unmasked
2025-10-27 10:46:00,204 - GPU-5 - INFO -   [Cycle 3]
2025-10-27 10:46:00,204 - GPU-5 - DEBUG -     [Latent Recursive] Starting 1 steps of latent thinking
2025-10-27 10:46:00,249 - GPU-5 - DEBUG -       [Latent] Step 1/1
2025-10-27 10:46:00,415 - GPU-5 - DEBUG -       [After Latent Recursive] 1 tokens unmasked
2025-10-27 10:46:00,415 - GPU-5 - INFO -   [Cycle 4]
2025-10-27 10:46:00,415 - GPU-5 - DEBUG -     [Latent Recursive] Starting 1 steps of latent thinking
2025-10-27 10:46:00,460 - GPU-5 - DEBUG -       [Latent] Step 1/1
2025-10-27 10:46:00,626 - GPU-5 - DEBUG -       [After Latent Recursive] 1 tokens unmasked
2025-10-27 10:46:00,626 - GPU-5 - INFO -   [Cycle 5]
2025-10-27 10:46:00,626 - GPU-5 - DEBUG -     [Latent Recursive] Starting 1 steps of latent thinking
2025-10-27 10:46:00,671 - GPU-5 - DEBUG -       [Latent] Step 1/1
2025-10-27 10:46:00,837 - GPU-5 - DEBUG -       [After Latent Recursive] 1 tokens unmasked
2025-10-27 10:46:00,837 - GPU-5 - INFO -   [Cycle 6]
2025-10-27 10:46:00,837 - GPU-5 - DEBUG -     [Latent Recursive] Starting 1 steps of latent thinking
2025-10-27 10:46:00,882 - GPU-5 - DEBUG -       [Latent] Step 1/1
2025-10-27 10:46:01,048 - GPU-5 - DEBUG -       [After Latent Recursive] 1 tokens unmasked
2025-10-27 10:46:01,048 - GPU-5 - INFO -   [Cycle 7]
2025-10-27 10:46:01,048 - GPU-5 - DEBUG -     [Latent Recursive] Starting 1 steps of latent thinking
2025-10-27 10:46:01,093 - GPU-5 - DEBUG -       [Latent] Step 1/1
2025-10-27 10:46:01,261 - GPU-5 - DEBUG -       [After Latent Recursive] 1 tokens unmasked
2025-10-27 10:46:01,262 - GPU-5 - INFO -   [Cycle 8]
2025-10-27 10:46:01,262 - GPU-5 - DEBUG -     [Latent Recursive] Starting 1 steps of latent thinking
2025-10-27 10:46:01,307 - GPU-5 - DEBUG -       [Latent] Step 1/1
2025-10-27 10:46:01,473 - GPU-5 - DEBUG -       [After Latent Recursive] 1 tokens unmasked
2025-10-27 10:46:01,474 - GPU-5 - INFO -   [Cycle 9]
2025-10-27 10:46:01,474 - GPU-5 - DEBUG -     [Latent Recursive] Starting 1 steps of latent thinking
2025-10-27 10:46:01,519 - GPU-5 - DEBUG -       [Latent] Step 1/1
2025-10-27 10:46:01,684 - GPU-5 - DEBUG -       [After Latent Recursive] 1 tokens unmasked
2025-10-27 10:46:01,685 - GPU-5 - INFO -   [Cycle 10]
2025-10-27 10:46:01,685 - GPU-5 - DEBUG -     [Latent Recursive] Starting 1 steps of latent thinking
2025-10-27 10:46:01,730 - GPU-5 - DEBUG -       [Latent] Step 1/1
2025-10-27 10:46:01,896 - GPU-5 - DEBUG -       [After Latent Recursive] 1 tokens unmasked
2025-10-27 10:46:01,896 - GPU-5 - INFO -   [Cycle 11]
2025-10-27 10:46:01,896 - GPU-5 - DEBUG -     [Latent Recursive] Starting 1 steps of latent thinking
2025-10-27 10:46:01,941 - GPU-5 - DEBUG -       [Latent] Step 1/1
2025-10-27 10:46:02,107 - GPU-5 - DEBUG -       [After Latent Recursive] 1 tokens unmasked
2025-10-27 10:46:02,107 - GPU-5 - INFO -   [Cycle 12]
2025-10-27 10:46:02,107 - GPU-5 - DEBUG -     [Latent Recursive] Starting 1 steps of latent thinking
2025-10-27 10:46:02,152 - GPU-5 - DEBUG -       [Latent] Step 1/1
2025-10-27 10:46:02,317 - GPU-5 - DEBUG -       [After Latent Recursive] 1 tokens unmasked
2025-10-27 10:46:02,318 - GPU-5 - INFO -   [Cycle 13]
2025-10-27 10:46:02,318 - GPU-5 - DEBUG -     [Latent Recursive] Starting 1 steps of latent thinking
2025-10-27 10:46:02,363 - GPU-5 - DEBUG -       [Latent] Step 1/1
2025-10-27 10:46:02,529 - GPU-5 - DEBUG -       [After Latent Recursive] 1 tokens unmasked
2025-10-27 10:46:02,529 - GPU-5 - INFO -   [Cycle 14]
2025-10-27 10:46:02,530 - GPU-5 - DEBUG -     [Latent Recursive] Starting 1 steps of latent thinking
2025-10-27 10:46:02,575 - GPU-5 - DEBUG -       [Latent] Step 1/1
2025-10-27 10:46:02,740 - GPU-5 - DEBUG -       [After Latent Recursive] 1 tokens unmasked
2025-10-27 10:46:02,741 - GPU-5 - INFO -   [Cycle 15]
2025-10-27 10:46:02,741 - GPU-5 - DEBUG -     [Latent Recursive] Starting 1 steps of latent thinking
2025-10-27 10:46:02,786 - GPU-5 - DEBUG -       [Latent] Step 1/1
2025-10-27 10:46:02,951 - GPU-5 - DEBUG -       [After Latent Recursive] 1 tokens unmasked
2025-10-27 10:46:02,952 - GPU-5 - INFO -   [Cycle 16]
2025-10-27 10:46:02,952 - GPU-5 - DEBUG -     [Latent Recursive] Starting 1 steps of latent thinking
2025-10-27 10:46:02,996 - GPU-5 - DEBUG -       [Latent] Step 1/1
2025-10-27 10:46:03,162 - GPU-5 - DEBUG -       [After Latent Recursive] 1 tokens unmasked
2025-10-27 10:46:03,163 - GPU-5 - INFO -   [Cycle 17]
2025-10-27 10:46:03,163 - GPU-5 - DEBUG -     [Latent Recursive] Starting 1 steps of latent thinking
2025-10-27 10:46:03,208 - GPU-5 - DEBUG -       [Latent] Step 1/1
2025-10-27 10:46:03,373 - GPU-5 - DEBUG -       [After Latent Recursive] 1 tokens unmasked
2025-10-27 10:46:03,374 - GPU-5 - INFO -   [Cycle 18]
2025-10-27 10:46:03,374 - GPU-5 - DEBUG -     [Latent Recursive] Starting 1 steps of latent thinking
2025-10-27 10:46:03,419 - GPU-5 - DEBUG -       [Latent] Step 1/1
2025-10-27 10:46:03,584 - GPU-5 - DEBUG -       [After Latent Recursive] 1 tokens unmasked
2025-10-27 10:46:03,585 - GPU-5 - INFO -   [Cycle 19]
2025-10-27 10:46:03,585 - GPU-5 - DEBUG -     [Latent Recursive] Starting 1 steps of latent thinking
2025-10-27 10:46:03,630 - GPU-5 - DEBUG -       [Latent] Step 1/1
2025-10-27 10:46:03,795 - GPU-5 - DEBUG -       [After Latent Recursive] 1 tokens unmasked
2025-10-27 10:46:03,796 - GPU-5 - INFO -   [Cycle 20]
2025-10-27 10:46:03,796 - GPU-5 - DEBUG -     [Latent Recursive] Starting 1 steps of latent thinking
2025-10-27 10:46:03,841 - GPU-5 - DEBUG -       [Latent] Step 1/1
2025-10-27 10:46:04,007 - GPU-5 - DEBUG -       [After Latent Recursive] 1 tokens unmasked
2025-10-27 10:46:04,007 - GPU-5 - INFO -   [Cycle 21]
2025-10-27 10:46:04,007 - GPU-5 - DEBUG -     [Latent Recursive] Starting 1 steps of latent thinking
2025-10-27 10:46:04,052 - GPU-5 - DEBUG -       [Latent] Step 1/1
2025-10-27 10:46:04,218 - GPU-5 - DEBUG -       [After Latent Recursive] 1 tokens unmasked
2025-10-27 10:46:04,218 - GPU-5 - INFO -   [Cycle 22]
2025-10-27 10:46:04,218 - GPU-5 - DEBUG -     [Latent Recursive] Starting 1 steps of latent thinking
2025-10-27 10:46:04,263 - GPU-5 - DEBUG -       [Latent] Step 1/1
2025-10-27 10:46:04,429 - GPU-5 - DEBUG -       [After Latent Recursive] 1 tokens unmasked
2025-10-27 10:46:04,429 - GPU-5 - INFO -   [Cycle 23]
2025-10-27 10:46:04,429 - GPU-5 - DEBUG -     [Latent Recursive] Starting 1 steps of latent thinking
2025-10-27 10:46:04,474 - GPU-5 - DEBUG -       [Latent] Step 1/1
2025-10-27 10:46:04,640 - GPU-5 - DEBUG -       [After Latent Recursive] 1 tokens unmasked
2025-10-27 10:46:04,640 - GPU-5 - INFO -   [Cycle 24]
2025-10-27 10:46:04,640 - GPU-5 - DEBUG -     [Latent Recursive] Starting 1 steps of latent thinking
2025-10-27 10:46:04,685 - GPU-5 - DEBUG -       [Latent] Step 1/1
2025-10-27 10:46:04,851 - GPU-5 - DEBUG -       [After Latent Recursive] 1 tokens unmasked
2025-10-27 10:46:04,851 - GPU-5 - INFO -   [Cycle 25]
2025-10-27 10:46:04,852 - GPU-5 - DEBUG -     [Latent Recursive] Starting 1 steps of latent thinking
2025-10-27 10:46:04,896 - GPU-5 - DEBUG -       [Latent] Step 1/1
2025-10-27 10:46:05,063 - GPU-5 - DEBUG -       [After Latent Recursive] 1 tokens unmasked
2025-10-27 10:46:05,064 - GPU-5 - INFO -   [Cycle 26]
2025-10-27 10:46:05,064 - GPU-5 - DEBUG -     [Latent Recursive] Starting 1 steps of latent thinking
2025-10-27 10:46:05,109 - GPU-5 - DEBUG -       [Latent] Step 1/1
2025-10-27 10:46:05,275 - GPU-5 - DEBUG -       [After Latent Recursive] 1 tokens unmasked
2025-10-27 10:46:05,275 - GPU-5 - INFO -   [Cycle 27]
2025-10-27 10:46:05,275 - GPU-5 - DEBUG -     [Latent Recursive] Starting 1 steps of latent thinking
2025-10-27 10:46:05,320 - GPU-5 - DEBUG -       [Latent] Step 1/1
2025-10-27 10:46:05,486 - GPU-5 - DEBUG -       [After Latent Recursive] 1 tokens unmasked
2025-10-27 10:46:05,486 - GPU-5 - INFO -   [Cycle 28]
2025-10-27 10:46:05,486 - GPU-5 - DEBUG -     [Latent Recursive] Starting 1 steps of latent thinking
2025-10-27 10:46:05,531 - GPU-5 - DEBUG -       [Latent] Step 1/1
2025-10-27 10:46:05,697 - GPU-5 - DEBUG -       [After Latent Recursive] 1 tokens unmasked
2025-10-27 10:46:05,697 - GPU-5 - INFO -   [Cycle 29]
2025-10-27 10:46:05,697 - GPU-5 - DEBUG -     [Latent Recursive] Starting 1 steps of latent thinking
2025-10-27 10:46:05,742 - GPU-5 - DEBUG -       [Latent] Step 1/1
2025-10-27 10:46:05,908 - GPU-5 - DEBUG -       [After Latent Recursive] 1 tokens unmasked
2025-10-27 10:46:05,908 - GPU-5 - INFO -   [Cycle 30]
2025-10-27 10:46:05,908 - GPU-5 - DEBUG -     [Latent Recursive] Starting 1 steps of latent thinking
2025-10-27 10:46:05,953 - GPU-5 - DEBUG -       [Latent] Step 1/1
2025-10-27 10:46:06,119 - GPU-5 - DEBUG -       [After Latent Recursive] 1 tokens unmasked
2025-10-27 10:46:06,120 - GPU-5 - INFO -   [Cycle 31]
2025-10-27 10:46:06,120 - GPU-5 - DEBUG -     [Latent Recursive] Starting 1 steps of latent thinking
2025-10-27 10:46:06,165 - GPU-5 - DEBUG -       [Latent] Step 1/1
2025-10-27 10:46:06,332 - GPU-5 - DEBUG -       [After Latent Recursive] 1 tokens unmasked
2025-10-27 10:46:06,332 - GPU-5 - INFO - [Block 8/16] Processing tokens 286-318
2025-10-27 10:46:06,332 - GPU-5 - DEBUG - [Block 7] Before forward: use_cache=True, x.shape=torch.Size([1, 574])
2025-10-27 10:46:06,332 - GPU-5 - DEBUG - [Block 7] Model type: LLaDAModelLM
2025-10-27 10:46:06,333 - GPU-5 - DEBUG - [Block 7] Model config use_cache: True
2025-10-27 10:46:06,355 - GPU-5 - DEBUG - [Block 7] After forward: pkv is None? False
2025-10-27 10:46:06,355 - GPU-5 - DEBUG - [Block 7] out type: CausalLMOutputWithPast
2025-10-27 10:46:06,355 - GPU-5 - DEBUG - [Block 7] pkv type: <class 'list'>, len: 32
2025-10-27 10:46:06,355 - GPU-5 - DEBUG - [Block 7] pkv[0] type: <class 'tuple'>, len: 2
2025-10-27 10:46:06,356 - GPU-5 - DEBUG - [Block 7] pkv[0][0].shape: torch.Size([1, 32, 574, 128])
2025-10-27 10:46:06,443 - GPU-5 - INFO -   [Initial Forward] 1 tokens unmasked
2025-10-27 10:46:06,443 - GPU-5 - INFO -   [Cycle 1]
2025-10-27 10:46:06,443 - GPU-5 - DEBUG -     [Latent Recursive] Starting 1 steps of latent thinking
2025-10-27 10:46:06,488 - GPU-5 - DEBUG -       [Latent] Step 1/1
2025-10-27 10:46:06,652 - GPU-5 - DEBUG -       [After Latent Recursive] 1 tokens unmasked
2025-10-27 10:46:06,652 - GPU-5 - INFO -   [Cycle 2]
2025-10-27 10:46:06,652 - GPU-5 - DEBUG -     [Latent Recursive] Starting 1 steps of latent thinking
2025-10-27 10:46:06,697 - GPU-5 - DEBUG -       [Latent] Step 1/1
2025-10-27 10:46:06,861 - GPU-5 - DEBUG -       [After Latent Recursive] 1 tokens unmasked
2025-10-27 10:46:06,861 - GPU-5 - INFO -   [Cycle 3]
2025-10-27 10:46:06,861 - GPU-5 - DEBUG -     [Latent Recursive] Starting 1 steps of latent thinking
2025-10-27 10:46:06,906 - GPU-5 - DEBUG -       [Latent] Step 1/1
2025-10-27 10:46:07,069 - GPU-5 - DEBUG -       [After Latent Recursive] 1 tokens unmasked
2025-10-27 10:46:07,070 - GPU-5 - INFO -   [Cycle 4]
2025-10-27 10:46:07,070 - GPU-5 - DEBUG -     [Latent Recursive] Starting 1 steps of latent thinking
2025-10-27 10:46:07,115 - GPU-5 - DEBUG -       [Latent] Step 1/1
2025-10-27 10:46:07,279 - GPU-5 - DEBUG -       [After Latent Recursive] 1 tokens unmasked
2025-10-27 10:46:07,279 - GPU-5 - INFO -   [Cycle 5]
2025-10-27 10:46:07,280 - GPU-5 - DEBUG -     [Latent Recursive] Starting 1 steps of latent thinking
2025-10-27 10:46:07,324 - GPU-5 - DEBUG -       [Latent] Step 1/1
2025-10-27 10:46:07,488 - GPU-5 - DEBUG -       [After Latent Recursive] 1 tokens unmasked
2025-10-27 10:46:07,489 - GPU-5 - INFO -   [Cycle 6]
2025-10-27 10:46:07,489 - GPU-5 - DEBUG -     [Latent Recursive] Starting 1 steps of latent thinking
2025-10-27 10:46:07,533 - GPU-5 - DEBUG -       [Latent] Step 1/1
2025-10-27 10:46:07,697 - GPU-5 - DEBUG -       [After Latent Recursive] 1 tokens unmasked
2025-10-27 10:46:07,697 - GPU-5 - INFO -   [Cycle 7]
2025-10-27 10:46:07,697 - GPU-5 - DEBUG -     [Latent Recursive] Starting 1 steps of latent thinking
2025-10-27 10:46:07,742 - GPU-5 - DEBUG -       [Latent] Step 1/1
2025-10-27 10:46:07,905 - GPU-5 - DEBUG -       [After Latent Recursive] 1 tokens unmasked
2025-10-27 10:46:07,906 - GPU-5 - INFO -   [Cycle 8]
2025-10-27 10:46:07,906 - GPU-5 - DEBUG -     [Latent Recursive] Starting 1 steps of latent thinking
2025-10-27 10:46:07,951 - GPU-5 - DEBUG -       [Latent] Step 1/1
2025-10-27 10:46:08,114 - GPU-5 - DEBUG -       [After Latent Recursive] 1 tokens unmasked
2025-10-27 10:46:08,115 - GPU-5 - INFO -   [Cycle 9]
2025-10-27 10:46:08,115 - GPU-5 - DEBUG -     [Latent Recursive] Starting 1 steps of latent thinking
2025-10-27 10:46:08,160 - GPU-5 - DEBUG -       [Latent] Step 1/1
2025-10-27 10:46:08,323 - GPU-5 - DEBUG -       [After Latent Recursive] 1 tokens unmasked
2025-10-27 10:46:08,324 - GPU-5 - INFO -   [Cycle 10]
2025-10-27 10:46:08,324 - GPU-5 - DEBUG -     [Latent Recursive] Starting 1 steps of latent thinking
2025-10-27 10:46:08,369 - GPU-5 - DEBUG -       [Latent] Step 1/1
2025-10-27 10:46:08,532 - GPU-5 - DEBUG -       [After Latent Recursive] 1 tokens unmasked
2025-10-27 10:46:08,533 - GPU-5 - INFO -   [Cycle 11]
2025-10-27 10:46:08,533 - GPU-5 - DEBUG -     [Latent Recursive] Starting 1 steps of latent thinking
2025-10-27 10:46:08,577 - GPU-5 - DEBUG -       [Latent] Step 1/1
2025-10-27 10:46:08,741 - GPU-5 - DEBUG -       [After Latent Recursive] 1 tokens unmasked
2025-10-27 10:46:08,742 - GPU-5 - INFO -   [Cycle 12]
2025-10-27 10:46:08,742 - GPU-5 - DEBUG -     [Latent Recursive] Starting 1 steps of latent thinking
2025-10-27 10:46:08,786 - GPU-5 - DEBUG -       [Latent] Step 1/1
2025-10-27 10:46:08,950 - GPU-5 - DEBUG -       [After Latent Recursive] 1 tokens unmasked
2025-10-27 10:46:08,950 - GPU-5 - INFO -   [Cycle 13]
2025-10-27 10:46:08,950 - GPU-5 - DEBUG -     [Latent Recursive] Starting 1 steps of latent thinking
2025-10-27 10:46:08,995 - GPU-5 - DEBUG -       [Latent] Step 1/1
2025-10-27 10:46:09,159 - GPU-5 - DEBUG -       [After Latent Recursive] 1 tokens unmasked
2025-10-27 10:46:09,159 - GPU-5 - INFO -   [Cycle 14]
2025-10-27 10:46:09,159 - GPU-5 - DEBUG -     [Latent Recursive] Starting 1 steps of latent thinking
2025-10-27 10:46:09,204 - GPU-5 - DEBUG -       [Latent] Step 1/1
2025-10-27 10:46:09,367 - GPU-5 - DEBUG -       [After Latent Recursive] 1 tokens unmasked
2025-10-27 10:46:09,368 - GPU-5 - INFO -   [Cycle 15]
2025-10-27 10:46:09,368 - GPU-5 - DEBUG -     [Latent Recursive] Starting 1 steps of latent thinking
2025-10-27 10:46:09,413 - GPU-5 - DEBUG -       [Latent] Step 1/1
2025-10-27 10:46:09,576 - GPU-5 - DEBUG -       [After Latent Recursive] 1 tokens unmasked
2025-10-27 10:46:09,577 - GPU-5 - INFO -   [Cycle 16]
2025-10-27 10:46:09,577 - GPU-5 - DEBUG -     [Latent Recursive] Starting 1 steps of latent thinking
2025-10-27 10:46:09,622 - GPU-5 - DEBUG -       [Latent] Step 1/1
2025-10-27 10:46:09,785 - GPU-5 - DEBUG -       [After Latent Recursive] 1 tokens unmasked
2025-10-27 10:46:09,786 - GPU-5 - INFO -   [Cycle 17]
2025-10-27 10:46:09,786 - GPU-5 - DEBUG -     [Latent Recursive] Starting 1 steps of latent thinking
2025-10-27 10:46:09,831 - GPU-5 - DEBUG -       [Latent] Step 1/1
2025-10-27 10:46:09,995 - GPU-5 - DEBUG -       [After Latent Recursive] 1 tokens unmasked
2025-10-27 10:46:09,995 - GPU-5 - INFO -   [Cycle 18]
2025-10-27 10:46:09,995 - GPU-5 - DEBUG -     [Latent Recursive] Starting 1 steps of latent thinking
2025-10-27 10:46:10,040 - GPU-5 - DEBUG -       [Latent] Step 1/1
2025-10-27 10:46:10,203 - GPU-5 - DEBUG -       [After Latent Recursive] 1 tokens unmasked
2025-10-27 10:46:10,204 - GPU-5 - INFO -   [Cycle 19]
2025-10-27 10:46:10,204 - GPU-5 - DEBUG -     [Latent Recursive] Starting 1 steps of latent thinking
2025-10-27 10:46:10,249 - GPU-5 - DEBUG -       [Latent] Step 1/1
2025-10-27 10:46:10,412 - GPU-5 - DEBUG -       [After Latent Recursive] 1 tokens unmasked
2025-10-27 10:46:10,413 - GPU-5 - INFO -   [Cycle 20]
2025-10-27 10:46:10,413 - GPU-5 - DEBUG -     [Latent Recursive] Starting 1 steps of latent thinking
2025-10-27 10:46:10,457 - GPU-5 - DEBUG -       [Latent] Step 1/1
2025-10-27 10:46:10,621 - GPU-5 - DEBUG -       [After Latent Recursive] 1 tokens unmasked
2025-10-27 10:46:10,621 - GPU-5 - INFO -   [Cycle 21]
2025-10-27 10:46:10,621 - GPU-5 - DEBUG -     [Latent Recursive] Starting 1 steps of latent thinking
2025-10-27 10:46:10,666 - GPU-5 - DEBUG -       [Latent] Step 1/1
2025-10-27 10:46:10,829 - GPU-5 - DEBUG -       [After Latent Recursive] 1 tokens unmasked
2025-10-27 10:46:10,830 - GPU-5 - INFO -   [Cycle 22]
2025-10-27 10:46:10,830 - GPU-5 - DEBUG -     [Latent Recursive] Starting 1 steps of latent thinking
2025-10-27 10:46:10,875 - GPU-5 - DEBUG -       [Latent] Step 1/1
2025-10-27 10:46:11,038 - GPU-5 - DEBUG -       [After Latent Recursive] 1 tokens unmasked
2025-10-27 10:46:11,039 - GPU-5 - INFO -   [Cycle 23]
2025-10-27 10:46:11,039 - GPU-5 - DEBUG -     [Latent Recursive] Starting 1 steps of latent thinking
2025-10-27 10:46:11,084 - GPU-5 - DEBUG -       [Latent] Step 1/1
2025-10-27 10:46:11,247 - GPU-5 - DEBUG -       [After Latent Recursive] 1 tokens unmasked
2025-10-27 10:46:11,247 - GPU-5 - INFO -   [Cycle 24]
2025-10-27 10:46:11,248 - GPU-5 - DEBUG -     [Latent Recursive] Starting 1 steps of latent thinking
2025-10-27 10:46:11,292 - GPU-5 - DEBUG -       [Latent] Step 1/1
2025-10-27 10:46:11,456 - GPU-5 - DEBUG -       [After Latent Recursive] 1 tokens unmasked
2025-10-27 10:46:11,456 - GPU-5 - INFO -   [Cycle 25]
2025-10-27 10:46:11,456 - GPU-5 - DEBUG -     [Latent Recursive] Starting 1 steps of latent thinking
2025-10-27 10:46:11,501 - GPU-5 - DEBUG -       [Latent] Step 1/1
2025-10-27 10:46:11,665 - GPU-5 - DEBUG -       [After Latent Recursive] 1 tokens unmasked
2025-10-27 10:46:11,665 - GPU-5 - INFO -   [Cycle 26]
2025-10-27 10:46:11,665 - GPU-5 - DEBUG -     [Latent Recursive] Starting 1 steps of latent thinking
2025-10-27 10:46:11,710 - GPU-5 - DEBUG -       [Latent] Step 1/1
2025-10-27 10:46:11,873 - GPU-5 - DEBUG -       [After Latent Recursive] 1 tokens unmasked
2025-10-27 10:46:11,874 - GPU-5 - INFO -   [Cycle 27]
2025-10-27 10:46:11,874 - GPU-5 - DEBUG -     [Latent Recursive] Starting 1 steps of latent thinking
2025-10-27 10:46:11,919 - GPU-5 - DEBUG -       [Latent] Step 1/1
2025-10-27 10:46:12,082 - GPU-5 - DEBUG -       [After Latent Recursive] 1 tokens unmasked
2025-10-27 10:46:12,083 - GPU-5 - INFO -   [Cycle 28]
2025-10-27 10:46:12,083 - GPU-5 - DEBUG -     [Latent Recursive] Starting 1 steps of latent thinking
2025-10-27 10:46:12,128 - GPU-5 - DEBUG -       [Latent] Step 1/1
2025-10-27 10:46:12,291 - GPU-5 - DEBUG -       [After Latent Recursive] 1 tokens unmasked
2025-10-27 10:46:12,292 - GPU-5 - INFO -   [Cycle 29]
2025-10-27 10:46:12,292 - GPU-5 - DEBUG -     [Latent Recursive] Starting 1 steps of latent thinking
2025-10-27 10:46:12,336 - GPU-5 - DEBUG -       [Latent] Step 1/1
2025-10-27 10:46:12,500 - GPU-5 - DEBUG -       [After Latent Recursive] 1 tokens unmasked
2025-10-27 10:46:12,501 - GPU-5 - INFO -   [Cycle 30]
2025-10-27 10:46:12,501 - GPU-5 - DEBUG -     [Latent Recursive] Starting 1 steps of latent thinking
2025-10-27 10:46:12,546 - GPU-5 - DEBUG -       [Latent] Step 1/1
2025-10-27 10:46:12,710 - GPU-5 - DEBUG -       [After Latent Recursive] 1 tokens unmasked
2025-10-27 10:46:12,710 - GPU-5 - INFO -   [Cycle 31]
2025-10-27 10:46:12,711 - GPU-5 - DEBUG -     [Latent Recursive] Starting 1 steps of latent thinking
2025-10-27 10:46:12,755 - GPU-5 - DEBUG -       [Latent] Step 1/1
2025-10-27 10:46:12,919 - GPU-5 - DEBUG -       [After Latent Recursive] 1 tokens unmasked
2025-10-27 10:46:12,920 - GPU-5 - INFO - [Block 9/16] Processing tokens 318-350
2025-10-27 10:46:12,920 - GPU-5 - DEBUG - [Block 8] Before forward: use_cache=True, x.shape=torch.Size([1, 574])
2025-10-27 10:46:12,920 - GPU-5 - DEBUG - [Block 8] Model type: LLaDAModelLM
2025-10-27 10:46:12,920 - GPU-5 - DEBUG - [Block 8] Model config use_cache: True
2025-10-27 10:46:12,942 - GPU-5 - DEBUG - [Block 8] After forward: pkv is None? False
2025-10-27 10:46:12,942 - GPU-5 - DEBUG - [Block 8] out type: CausalLMOutputWithPast
2025-10-27 10:46:12,943 - GPU-5 - DEBUG - [Block 8] pkv type: <class 'list'>, len: 32
2025-10-27 10:46:12,943 - GPU-5 - DEBUG - [Block 8] pkv[0] type: <class 'tuple'>, len: 2
2025-10-27 10:46:12,943 - GPU-5 - DEBUG - [Block 8] pkv[0][0].shape: torch.Size([1, 32, 574, 128])
2025-10-27 10:46:13,030 - GPU-5 - INFO -   [Initial Forward] 1 tokens unmasked
2025-10-27 10:46:13,031 - GPU-5 - INFO -   [Cycle 1]
2025-10-27 10:46:13,031 - GPU-5 - DEBUG -     [Latent Recursive] Starting 1 steps of latent thinking
2025-10-27 10:46:13,076 - GPU-5 - DEBUG -       [Latent] Step 1/1
2025-10-27 10:46:13,239 - GPU-5 - DEBUG -       [After Latent Recursive] 1 tokens unmasked
2025-10-27 10:46:13,239 - GPU-5 - INFO -   [Cycle 2]
2025-10-27 10:46:13,239 - GPU-5 - DEBUG -     [Latent Recursive] Starting 1 steps of latent thinking
2025-10-27 10:46:13,284 - GPU-5 - DEBUG -       [Latent] Step 1/1
2025-10-27 10:46:13,447 - GPU-5 - DEBUG -       [After Latent Recursive] 1 tokens unmasked
2025-10-27 10:46:13,447 - GPU-5 - INFO -   [Cycle 3]
2025-10-27 10:46:13,447 - GPU-5 - DEBUG -     [Latent Recursive] Starting 1 steps of latent thinking
2025-10-27 10:46:13,492 - GPU-5 - DEBUG -       [Latent] Step 1/1
2025-10-27 10:46:13,655 - GPU-5 - DEBUG -       [After Latent Recursive] 1 tokens unmasked
2025-10-27 10:46:13,655 - GPU-5 - INFO -   [Cycle 4]
2025-10-27 10:46:13,656 - GPU-5 - DEBUG -     [Latent Recursive] Starting 1 steps of latent thinking
2025-10-27 10:46:13,700 - GPU-5 - DEBUG -       [Latent] Step 1/1
2025-10-27 10:46:13,863 - GPU-5 - DEBUG -       [After Latent Recursive] 1 tokens unmasked
2025-10-27 10:46:13,863 - GPU-5 - INFO -   [Cycle 5]
2025-10-27 10:46:13,864 - GPU-5 - DEBUG -     [Latent Recursive] Starting 1 steps of latent thinking
2025-10-27 10:46:13,908 - GPU-5 - DEBUG -       [Latent] Step 1/1
2025-10-27 10:46:14,071 - GPU-5 - DEBUG -       [After Latent Recursive] 1 tokens unmasked
2025-10-27 10:46:14,071 - GPU-5 - INFO -   [Cycle 6]
2025-10-27 10:46:14,072 - GPU-5 - DEBUG -     [Latent Recursive] Starting 1 steps of latent thinking
2025-10-27 10:46:14,117 - GPU-5 - DEBUG -       [Latent] Step 1/1
2025-10-27 10:46:14,280 - GPU-5 - DEBUG -       [After Latent Recursive] 1 tokens unmasked
2025-10-27 10:46:14,280 - GPU-5 - INFO -   [Cycle 7]
2025-10-27 10:46:14,280 - GPU-5 - DEBUG -     [Latent Recursive] Starting 1 steps of latent thinking
2025-10-27 10:46:14,325 - GPU-5 - DEBUG -       [Latent] Step 1/1
2025-10-27 10:46:14,488 - GPU-5 - DEBUG -       [After Latent Recursive] 1 tokens unmasked
2025-10-27 10:46:14,488 - GPU-5 - INFO -   [Cycle 8]
2025-10-27 10:46:14,488 - GPU-5 - DEBUG -     [Latent Recursive] Starting 1 steps of latent thinking
2025-10-27 10:46:14,533 - GPU-5 - DEBUG -       [Latent] Step 1/1
2025-10-27 10:46:14,696 - GPU-5 - DEBUG -       [After Latent Recursive] 1 tokens unmasked
2025-10-27 10:46:14,696 - GPU-5 - INFO -   [Cycle 9]
2025-10-27 10:46:14,696 - GPU-5 - DEBUG -     [Latent Recursive] Starting 1 steps of latent thinking
2025-10-27 10:46:14,741 - GPU-5 - DEBUG -       [Latent] Step 1/1
2025-10-27 10:46:14,904 - GPU-5 - DEBUG -       [After Latent Recursive] 1 tokens unmasked
2025-10-27 10:46:14,904 - GPU-5 - INFO -   [Cycle 10]
2025-10-27 10:46:14,904 - GPU-5 - DEBUG -     [Latent Recursive] Starting 1 steps of latent thinking
2025-10-27 10:46:14,949 - GPU-5 - DEBUG -       [Latent] Step 1/1
2025-10-27 10:46:15,112 - GPU-5 - DEBUG -       [After Latent Recursive] 1 tokens unmasked
2025-10-27 10:46:15,113 - GPU-5 - INFO -   [Cycle 11]
2025-10-27 10:46:15,113 - GPU-5 - DEBUG -     [Latent Recursive] Starting 1 steps of latent thinking
2025-10-27 10:46:15,158 - GPU-5 - DEBUG -       [Latent] Step 1/1
2025-10-27 10:46:15,321 - GPU-5 - DEBUG -       [After Latent Recursive] 1 tokens unmasked
2025-10-27 10:46:15,321 - GPU-5 - INFO -   [Cycle 12]
2025-10-27 10:46:15,321 - GPU-5 - DEBUG -     [Latent Recursive] Starting 1 steps of latent thinking
2025-10-27 10:46:15,366 - GPU-5 - DEBUG -       [Latent] Step 1/1
2025-10-27 10:46:15,529 - GPU-5 - DEBUG -       [After Latent Recursive] 1 tokens unmasked
2025-10-27 10:46:15,529 - GPU-5 - INFO -   [Cycle 13]
2025-10-27 10:46:15,529 - GPU-5 - DEBUG -     [Latent Recursive] Starting 1 steps of latent thinking
2025-10-27 10:46:15,574 - GPU-5 - DEBUG -       [Latent] Step 1/1
2025-10-27 10:46:15,737 - GPU-5 - DEBUG -       [After Latent Recursive] 1 tokens unmasked
2025-10-27 10:46:15,738 - GPU-5 - INFO -   [Cycle 14]
2025-10-27 10:46:15,738 - GPU-5 - DEBUG -     [Latent Recursive] Starting 1 steps of latent thinking
2025-10-27 10:46:15,782 - GPU-5 - DEBUG -       [Latent] Step 1/1
2025-10-27 10:46:15,945 - GPU-5 - DEBUG -       [After Latent Recursive] 1 tokens unmasked
2025-10-27 10:46:15,946 - GPU-5 - INFO -   [Cycle 15]
2025-10-27 10:46:15,946 - GPU-5 - DEBUG -     [Latent Recursive] Starting 1 steps of latent thinking
2025-10-27 10:46:15,990 - GPU-5 - DEBUG -       [Latent] Step 1/1
2025-10-27 10:46:16,153 - GPU-5 - DEBUG -       [After Latent Recursive] 1 tokens unmasked
2025-10-27 10:46:16,153 - GPU-5 - INFO -   [Cycle 16]
2025-10-27 10:46:16,153 - GPU-5 - DEBUG -     [Latent Recursive] Starting 1 steps of latent thinking
2025-10-27 10:46:16,198 - GPU-5 - DEBUG -       [Latent] Step 1/1
2025-10-27 10:46:16,361 - GPU-5 - DEBUG -       [After Latent Recursive] 1 tokens unmasked
2025-10-27 10:46:16,362 - GPU-5 - INFO -   [Cycle 17]
2025-10-27 10:46:16,362 - GPU-5 - DEBUG -     [Latent Recursive] Starting 1 steps of latent thinking
2025-10-27 10:46:16,406 - GPU-5 - DEBUG -       [Latent] Step 1/1
2025-10-27 10:46:16,569 - GPU-5 - DEBUG -       [After Latent Recursive] 1 tokens unmasked
2025-10-27 10:46:16,569 - GPU-5 - INFO -   [Cycle 18]
2025-10-27 10:46:16,569 - GPU-5 - DEBUG -     [Latent Recursive] Starting 1 steps of latent thinking
2025-10-27 10:46:16,614 - GPU-5 - DEBUG -       [Latent] Step 1/1
2025-10-27 10:46:16,777 - GPU-5 - DEBUG -       [After Latent Recursive] 1 tokens unmasked
2025-10-27 10:46:16,777 - GPU-5 - INFO -   [Cycle 19]
2025-10-27 10:46:16,777 - GPU-5 - DEBUG -     [Latent Recursive] Starting 1 steps of latent thinking
2025-10-27 10:46:16,822 - GPU-5 - DEBUG -       [Latent] Step 1/1
2025-10-27 10:46:16,985 - GPU-5 - DEBUG -       [After Latent Recursive] 1 tokens unmasked
2025-10-27 10:46:16,985 - GPU-5 - INFO -   [Cycle 20]
2025-10-27 10:46:16,985 - GPU-5 - DEBUG -     [Latent Recursive] Starting 1 steps of latent thinking
2025-10-27 10:46:17,030 - GPU-5 - DEBUG -       [Latent] Step 1/1
2025-10-27 10:46:17,193 - GPU-5 - DEBUG -       [After Latent Recursive] 1 tokens unmasked
2025-10-27 10:46:17,194 - GPU-5 - INFO -   [Cycle 21]
2025-10-27 10:46:17,194 - GPU-5 - DEBUG -     [Latent Recursive] Starting 1 steps of latent thinking
2025-10-27 10:46:17,239 - GPU-5 - DEBUG -       [Latent] Step 1/1
2025-10-27 10:46:17,401 - GPU-5 - DEBUG -       [After Latent Recursive] 1 tokens unmasked
2025-10-27 10:46:17,402 - GPU-5 - INFO -   [Cycle 22]
2025-10-27 10:46:17,402 - GPU-5 - DEBUG -     [Latent Recursive] Starting 1 steps of latent thinking
2025-10-27 10:46:17,447 - GPU-5 - DEBUG -       [Latent] Step 1/1
2025-10-27 10:46:17,609 - GPU-5 - DEBUG -       [After Latent Recursive] 1 tokens unmasked
2025-10-27 10:46:17,610 - GPU-5 - INFO -   [Cycle 23]
2025-10-27 10:46:17,610 - GPU-5 - DEBUG -     [Latent Recursive] Starting 1 steps of latent thinking
2025-10-27 10:46:17,655 - GPU-5 - DEBUG -       [Latent] Step 1/1
2025-10-27 10:46:17,817 - GPU-5 - DEBUG -       [After Latent Recursive] 1 tokens unmasked
2025-10-27 10:46:17,818 - GPU-5 - INFO -   [Cycle 24]
2025-10-27 10:46:17,818 - GPU-5 - DEBUG -     [Latent Recursive] Starting 1 steps of latent thinking
2025-10-27 10:46:17,863 - GPU-5 - DEBUG -       [Latent] Step 1/1
2025-10-27 10:46:18,025 - GPU-5 - DEBUG -       [After Latent Recursive] 1 tokens unmasked
2025-10-27 10:46:18,026 - GPU-5 - INFO -   [Cycle 25]
2025-10-27 10:46:18,026 - GPU-5 - DEBUG -     [Latent Recursive] Starting 1 steps of latent thinking
2025-10-27 10:46:18,071 - GPU-5 - DEBUG -       [Latent] Step 1/1
2025-10-27 10:46:18,234 - GPU-5 - DEBUG -       [After Latent Recursive] 1 tokens unmasked
2025-10-27 10:46:18,234 - GPU-5 - INFO -   [Cycle 26]
2025-10-27 10:46:18,234 - GPU-5 - DEBUG -     [Latent Recursive] Starting 1 steps of latent thinking
2025-10-27 10:46:18,279 - GPU-5 - DEBUG -       [Latent] Step 1/1
2025-10-27 10:46:18,441 - GPU-5 - DEBUG -       [After Latent Recursive] 1 tokens unmasked
2025-10-27 10:46:18,442 - GPU-5 - INFO -   [Cycle 27]
2025-10-27 10:46:18,442 - GPU-5 - DEBUG -     [Latent Recursive] Starting 1 steps of latent thinking
2025-10-27 10:46:18,487 - GPU-5 - DEBUG -       [Latent] Step 1/1
2025-10-27 10:46:18,649 - GPU-5 - DEBUG -       [After Latent Recursive] 1 tokens unmasked
2025-10-27 10:46:18,650 - GPU-5 - INFO -   [Cycle 28]
2025-10-27 10:46:18,650 - GPU-5 - DEBUG -     [Latent Recursive] Starting 1 steps of latent thinking
2025-10-27 10:46:18,694 - GPU-5 - DEBUG -       [Latent] Step 1/1
2025-10-27 10:46:18,857 - GPU-5 - DEBUG -       [After Latent Recursive] 1 tokens unmasked
2025-10-27 10:46:18,857 - GPU-5 - INFO -   [Cycle 29]
2025-10-27 10:46:18,858 - GPU-5 - DEBUG -     [Latent Recursive] Starting 1 steps of latent thinking
2025-10-27 10:46:18,902 - GPU-5 - DEBUG -       [Latent] Step 1/1
2025-10-27 10:46:19,065 - GPU-5 - DEBUG -       [After Latent Recursive] 1 tokens unmasked
2025-10-27 10:46:19,066 - GPU-5 - INFO -   [Cycle 30]
2025-10-27 10:46:19,066 - GPU-5 - DEBUG -     [Latent Recursive] Starting 1 steps of latent thinking
2025-10-27 10:46:19,110 - GPU-5 - DEBUG -       [Latent] Step 1/1
2025-10-27 10:46:19,273 - GPU-5 - DEBUG -       [After Latent Recursive] 1 tokens unmasked
2025-10-27 10:46:19,273 - GPU-5 - INFO -   [Cycle 31]
2025-10-27 10:46:19,273 - GPU-5 - DEBUG -     [Latent Recursive] Starting 1 steps of latent thinking
2025-10-27 10:46:19,318 - GPU-5 - DEBUG -       [Latent] Step 1/1
2025-10-27 10:46:19,481 - GPU-5 - DEBUG -       [After Latent Recursive] 1 tokens unmasked
2025-10-27 10:46:19,481 - GPU-5 - INFO - [Block 10/16] Processing tokens 350-382
2025-10-27 10:46:19,481 - GPU-5 - DEBUG - [Block 9] Before forward: use_cache=True, x.shape=torch.Size([1, 574])
2025-10-27 10:46:19,482 - GPU-5 - DEBUG - [Block 9] Model type: LLaDAModelLM
2025-10-27 10:46:19,482 - GPU-5 - DEBUG - [Block 9] Model config use_cache: True
2025-10-27 10:46:19,504 - GPU-5 - DEBUG - [Block 9] After forward: pkv is None? False
2025-10-27 10:46:19,505 - GPU-5 - DEBUG - [Block 9] out type: CausalLMOutputWithPast
2025-10-27 10:46:19,505 - GPU-5 - DEBUG - [Block 9] pkv type: <class 'list'>, len: 32
2025-10-27 10:46:19,505 - GPU-5 - DEBUG - [Block 9] pkv[0] type: <class 'tuple'>, len: 2
2025-10-27 10:46:19,505 - GPU-5 - DEBUG - [Block 9] pkv[0][0].shape: torch.Size([1, 32, 574, 128])
2025-10-27 10:46:19,593 - GPU-5 - INFO -   [Initial Forward] 1 tokens unmasked
2025-10-27 10:46:19,593 - GPU-5 - INFO -   [Cycle 1]
2025-10-27 10:46:19,593 - GPU-5 - DEBUG -     [Latent Recursive] Starting 1 steps of latent thinking
2025-10-27 10:46:19,638 - GPU-5 - DEBUG -       [Latent] Step 1/1
2025-10-27 10:46:19,798 - GPU-5 - DEBUG -       [After Latent Recursive] 1 tokens unmasked
2025-10-27 10:46:19,799 - GPU-5 - INFO -   [Cycle 2]
2025-10-27 10:46:19,799 - GPU-5 - DEBUG -     [Latent Recursive] Starting 1 steps of latent thinking
2025-10-27 10:46:19,844 - GPU-5 - DEBUG -       [Latent] Step 1/1
2025-10-27 10:46:20,004 - GPU-5 - DEBUG -       [After Latent Recursive] 1 tokens unmasked
2025-10-27 10:46:20,005 - GPU-5 - INFO -   [Cycle 3]
2025-10-27 10:46:20,005 - GPU-5 - DEBUG -     [Latent Recursive] Starting 1 steps of latent thinking
2025-10-27 10:46:20,049 - GPU-5 - DEBUG -       [Latent] Step 1/1
2025-10-27 10:46:20,209 - GPU-5 - DEBUG -       [After Latent Recursive] 1 tokens unmasked
2025-10-27 10:46:20,210 - GPU-5 - INFO -   [Cycle 4]
2025-10-27 10:46:20,210 - GPU-5 - DEBUG -     [Latent Recursive] Starting 1 steps of latent thinking
2025-10-27 10:46:20,254 - GPU-5 - DEBUG -       [Latent] Step 1/1
2025-10-27 10:46:20,415 - GPU-5 - DEBUG -       [After Latent Recursive] 1 tokens unmasked
2025-10-27 10:46:20,415 - GPU-5 - INFO -   [Cycle 5]
2025-10-27 10:46:20,416 - GPU-5 - DEBUG -     [Latent Recursive] Starting 1 steps of latent thinking
2025-10-27 10:46:20,460 - GPU-5 - DEBUG -       [Latent] Step 1/1
2025-10-27 10:46:20,620 - GPU-5 - DEBUG -       [After Latent Recursive] 1 tokens unmasked
2025-10-27 10:46:20,621 - GPU-5 - INFO -   [Cycle 6]
2025-10-27 10:46:20,621 - GPU-5 - DEBUG -     [Latent Recursive] Starting 1 steps of latent thinking
2025-10-27 10:46:20,665 - GPU-5 - DEBUG -       [Latent] Step 1/1
2025-10-27 10:46:20,826 - GPU-5 - DEBUG -       [After Latent Recursive] 1 tokens unmasked
2025-10-27 10:46:20,826 - GPU-5 - INFO -   [Cycle 7]
2025-10-27 10:46:20,827 - GPU-5 - DEBUG -     [Latent Recursive] Starting 1 steps of latent thinking
2025-10-27 10:46:20,871 - GPU-5 - DEBUG -       [Latent] Step 1/1
2025-10-27 10:46:21,031 - GPU-5 - DEBUG -       [After Latent Recursive] 1 tokens unmasked
2025-10-27 10:46:21,031 - GPU-5 - INFO -   [Cycle 8]
2025-10-27 10:46:21,032 - GPU-5 - DEBUG -     [Latent Recursive] Starting 1 steps of latent thinking
2025-10-27 10:46:21,076 - GPU-5 - DEBUG -       [Latent] Step 1/1
2025-10-27 10:46:21,237 - GPU-5 - DEBUG -       [After Latent Recursive] 1 tokens unmasked
2025-10-27 10:46:21,237 - GPU-5 - INFO -   [Cycle 9]
2025-10-27 10:46:21,237 - GPU-5 - DEBUG -     [Latent Recursive] Starting 1 steps of latent thinking
2025-10-27 10:46:21,282 - GPU-5 - DEBUG -       [Latent] Step 1/1
2025-10-27 10:46:21,442 - GPU-5 - DEBUG -       [After Latent Recursive] 1 tokens unmasked
2025-10-27 10:46:21,443 - GPU-5 - INFO -   [Cycle 10]
2025-10-27 10:46:21,443 - GPU-5 - DEBUG -     [Latent Recursive] Starting 1 steps of latent thinking
2025-10-27 10:46:21,488 - GPU-5 - DEBUG -       [Latent] Step 1/1
2025-10-27 10:46:21,648 - GPU-5 - DEBUG -       [After Latent Recursive] 1 tokens unmasked
2025-10-27 10:46:21,648 - GPU-5 - INFO -   [Cycle 11]
2025-10-27 10:46:21,649 - GPU-5 - DEBUG -     [Latent Recursive] Starting 1 steps of latent thinking
2025-10-27 10:46:21,693 - GPU-5 - DEBUG -       [Latent] Step 1/1
2025-10-27 10:46:21,853 - GPU-5 - DEBUG -       [After Latent Recursive] 1 tokens unmasked
2025-10-27 10:46:21,854 - GPU-5 - INFO -   [Cycle 12]
2025-10-27 10:46:21,854 - GPU-5 - DEBUG -     [Latent Recursive] Starting 1 steps of latent thinking
2025-10-27 10:46:21,899 - GPU-5 - DEBUG -       [Latent] Step 1/1
2025-10-27 10:46:22,060 - GPU-5 - DEBUG -       [After Latent Recursive] 1 tokens unmasked
2025-10-27 10:46:22,060 - GPU-5 - INFO -   [Cycle 13]
2025-10-27 10:46:22,060 - GPU-5 - DEBUG -     [Latent Recursive] Starting 1 steps of latent thinking
2025-10-27 10:46:22,105 - GPU-5 - DEBUG -       [Latent] Step 1/1
2025-10-27 10:46:22,268 - GPU-5 - DEBUG -       [After Latent Recursive] 1 tokens unmasked
2025-10-27 10:46:22,268 - GPU-5 - INFO -   [Cycle 14]
2025-10-27 10:46:22,268 - GPU-5 - DEBUG -     [Latent Recursive] Starting 1 steps of latent thinking
2025-10-27 10:46:22,313 - GPU-5 - DEBUG -       [Latent] Step 1/1
2025-10-27 10:46:22,475 - GPU-5 - DEBUG -       [After Latent Recursive] 1 tokens unmasked
2025-10-27 10:46:22,475 - GPU-5 - INFO -   [Cycle 15]
2025-10-27 10:46:22,475 - GPU-5 - DEBUG -     [Latent Recursive] Starting 1 steps of latent thinking
2025-10-27 10:46:22,520 - GPU-5 - DEBUG -       [Latent] Step 1/1
2025-10-27 10:46:22,684 - GPU-5 - DEBUG -       [After Latent Recursive] 1 tokens unmasked
2025-10-27 10:46:22,684 - GPU-5 - INFO -   [Cycle 16]
2025-10-27 10:46:22,684 - GPU-5 - DEBUG -     [Latent Recursive] Starting 1 steps of latent thinking
2025-10-27 10:46:22,729 - GPU-5 - DEBUG -       [Latent] Step 1/1
2025-10-27 10:46:22,893 - GPU-5 - DEBUG -       [After Latent Recursive] 1 tokens unmasked
2025-10-27 10:46:22,893 - GPU-5 - INFO -   [Cycle 17]
2025-10-27 10:46:22,893 - GPU-5 - DEBUG -     [Latent Recursive] Starting 1 steps of latent thinking
2025-10-27 10:46:22,938 - GPU-5 - DEBUG -       [Latent] Step 1/1
2025-10-27 10:46:23,099 - GPU-5 - DEBUG -       [After Latent Recursive] 1 tokens unmasked
2025-10-27 10:46:23,099 - GPU-5 - INFO -   [Cycle 18]
2025-10-27 10:46:23,099 - GPU-5 - DEBUG -     [Latent Recursive] Starting 1 steps of latent thinking
2025-10-27 10:46:23,144 - GPU-5 - DEBUG -       [Latent] Step 1/1
2025-10-27 10:46:23,304 - GPU-5 - DEBUG -       [After Latent Recursive] 1 tokens unmasked
2025-10-27 10:46:23,305 - GPU-5 - INFO -   [Cycle 19]
2025-10-27 10:46:23,305 - GPU-5 - DEBUG -     [Latent Recursive] Starting 1 steps of latent thinking
2025-10-27 10:46:23,349 - GPU-5 - DEBUG -       [Latent] Step 1/1
2025-10-27 10:46:23,510 - GPU-5 - DEBUG -       [After Latent Recursive] 1 tokens unmasked
2025-10-27 10:46:23,510 - GPU-5 - INFO -   [Cycle 20]
2025-10-27 10:46:23,510 - GPU-5 - DEBUG -     [Latent Recursive] Starting 1 steps of latent thinking
2025-10-27 10:46:23,555 - GPU-5 - DEBUG -       [Latent] Step 1/1
2025-10-27 10:46:23,715 - GPU-5 - DEBUG -       [After Latent Recursive] 1 tokens unmasked
2025-10-27 10:46:23,716 - GPU-5 - INFO -   [Cycle 21]
2025-10-27 10:46:23,716 - GPU-5 - DEBUG -     [Latent Recursive] Starting 1 steps of latent thinking
2025-10-27 10:46:23,760 - GPU-5 - DEBUG -       [Latent] Step 1/1
2025-10-27 10:46:23,921 - GPU-5 - DEBUG -       [After Latent Recursive] 1 tokens unmasked
2025-10-27 10:46:23,921 - GPU-5 - INFO -   [Cycle 22]
2025-10-27 10:46:23,921 - GPU-5 - DEBUG -     [Latent Recursive] Starting 1 steps of latent thinking
2025-10-27 10:46:23,966 - GPU-5 - DEBUG -       [Latent] Step 1/1
2025-10-27 10:46:24,126 - GPU-5 - DEBUG -       [After Latent Recursive] 1 tokens unmasked
2025-10-27 10:46:24,127 - GPU-5 - INFO -   [Cycle 23]
2025-10-27 10:46:24,127 - GPU-5 - DEBUG -     [Latent Recursive] Starting 1 steps of latent thinking
2025-10-27 10:46:24,171 - GPU-5 - DEBUG -       [Latent] Step 1/1
2025-10-27 10:46:24,331 - GPU-5 - DEBUG -       [After Latent Recursive] 1 tokens unmasked
2025-10-27 10:46:24,332 - GPU-5 - INFO -   [Cycle 24]
2025-10-27 10:46:24,332 - GPU-5 - DEBUG -     [Latent Recursive] Starting 1 steps of latent thinking
2025-10-27 10:46:24,376 - GPU-5 - DEBUG -       [Latent] Step 1/1
2025-10-27 10:46:24,537 - GPU-5 - DEBUG -       [After Latent Recursive] 1 tokens unmasked
2025-10-27 10:46:24,537 - GPU-5 - INFO -   [Cycle 25]
2025-10-27 10:46:24,538 - GPU-5 - DEBUG -     [Latent Recursive] Starting 1 steps of latent thinking
2025-10-27 10:46:24,582 - GPU-5 - DEBUG -       [Latent] Step 1/1
2025-10-27 10:46:24,742 - GPU-5 - DEBUG -       [After Latent Recursive] 1 tokens unmasked
2025-10-27 10:46:24,743 - GPU-5 - INFO -   [Cycle 26]
2025-10-27 10:46:24,743 - GPU-5 - DEBUG -     [Latent Recursive] Starting 1 steps of latent thinking
2025-10-27 10:46:24,787 - GPU-5 - DEBUG -       [Latent] Step 1/1
2025-10-27 10:46:24,948 - GPU-5 - DEBUG -       [After Latent Recursive] 1 tokens unmasked
2025-10-27 10:46:24,948 - GPU-5 - INFO -   [Cycle 27]
2025-10-27 10:46:24,948 - GPU-5 - DEBUG -     [Latent Recursive] Starting 1 steps of latent thinking
2025-10-27 10:46:24,993 - GPU-5 - DEBUG -       [Latent] Step 1/1
2025-10-27 10:46:25,153 - GPU-5 - DEBUG -       [After Latent Recursive] 1 tokens unmasked
2025-10-27 10:46:25,153 - GPU-5 - INFO -   [Cycle 28]
2025-10-27 10:46:25,153 - GPU-5 - DEBUG -     [Latent Recursive] Starting 1 steps of latent thinking
2025-10-27 10:46:25,198 - GPU-5 - DEBUG -       [Latent] Step 1/1
2025-10-27 10:46:25,358 - GPU-5 - DEBUG -       [After Latent Recursive] 1 tokens unmasked
2025-10-27 10:46:25,359 - GPU-5 - INFO -   [Cycle 29]
2025-10-27 10:46:25,359 - GPU-5 - DEBUG -     [Latent Recursive] Starting 1 steps of latent thinking
2025-10-27 10:46:25,403 - GPU-5 - DEBUG -       [Latent] Step 1/1
2025-10-27 10:46:25,563 - GPU-5 - DEBUG -       [After Latent Recursive] 1 tokens unmasked
2025-10-27 10:46:25,564 - GPU-5 - INFO -   [Cycle 30]
2025-10-27 10:46:25,564 - GPU-5 - DEBUG -     [Latent Recursive] Starting 1 steps of latent thinking
2025-10-27 10:46:25,609 - GPU-5 - DEBUG -       [Latent] Step 1/1
2025-10-27 10:46:25,769 - GPU-5 - DEBUG -       [After Latent Recursive] 1 tokens unmasked
2025-10-27 10:46:25,769 - GPU-5 - INFO -   [Cycle 31]
2025-10-27 10:46:25,769 - GPU-5 - DEBUG -     [Latent Recursive] Starting 1 steps of latent thinking
2025-10-27 10:46:25,814 - GPU-5 - DEBUG -       [Latent] Step 1/1
2025-10-27 10:46:25,974 - GPU-5 - DEBUG -       [After Latent Recursive] 1 tokens unmasked
2025-10-27 10:46:25,975 - GPU-5 - INFO - [Block 11/16] Processing tokens 382-414
2025-10-27 10:46:25,975 - GPU-5 - DEBUG - [Block 10] Before forward: use_cache=True, x.shape=torch.Size([1, 574])
2025-10-27 10:46:25,975 - GPU-5 - DEBUG - [Block 10] Model type: LLaDAModelLM
2025-10-27 10:46:25,975 - GPU-5 - DEBUG - [Block 10] Model config use_cache: True
2025-10-27 10:46:25,997 - GPU-5 - DEBUG - [Block 10] After forward: pkv is None? False
2025-10-27 10:46:25,998 - GPU-5 - DEBUG - [Block 10] out type: CausalLMOutputWithPast
2025-10-27 10:46:25,998 - GPU-5 - DEBUG - [Block 10] pkv type: <class 'list'>, len: 32
2025-10-27 10:46:25,998 - GPU-5 - DEBUG - [Block 10] pkv[0] type: <class 'tuple'>, len: 2
2025-10-27 10:46:25,998 - GPU-5 - DEBUG - [Block 10] pkv[0][0].shape: torch.Size([1, 32, 574, 128])
2025-10-27 10:46:26,085 - GPU-5 - INFO -   [Initial Forward] 1 tokens unmasked
2025-10-27 10:46:26,085 - GPU-5 - INFO -   [Cycle 1]
2025-10-27 10:46:26,086 - GPU-5 - DEBUG -     [Latent Recursive] Starting 1 steps of latent thinking
2025-10-27 10:46:26,131 - GPU-5 - DEBUG -       [Latent] Step 1/1
2025-10-27 10:46:26,290 - GPU-5 - DEBUG -       [After Latent Recursive] 1 tokens unmasked
2025-10-27 10:46:26,291 - GPU-5 - INFO -   [Cycle 2]
2025-10-27 10:46:26,291 - GPU-5 - DEBUG -     [Latent Recursive] Starting 1 steps of latent thinking
2025-10-27 10:46:26,336 - GPU-5 - DEBUG -       [Latent] Step 1/1
2025-10-27 10:46:26,495 - GPU-5 - DEBUG -       [After Latent Recursive] 1 tokens unmasked
2025-10-27 10:46:26,495 - GPU-5 - INFO -   [Cycle 3]
2025-10-27 10:46:26,496 - GPU-5 - DEBUG -     [Latent Recursive] Starting 1 steps of latent thinking
2025-10-27 10:46:26,540 - GPU-5 - DEBUG -       [Latent] Step 1/1
2025-10-27 10:46:26,699 - GPU-5 - DEBUG -       [After Latent Recursive] 1 tokens unmasked
2025-10-27 10:46:26,699 - GPU-5 - INFO -   [Cycle 4]
2025-10-27 10:46:26,700 - GPU-5 - DEBUG -     [Latent Recursive] Starting 1 steps of latent thinking
2025-10-27 10:46:26,744 - GPU-5 - DEBUG -       [Latent] Step 1/1
2025-10-27 10:46:26,903 - GPU-5 - DEBUG -       [After Latent Recursive] 1 tokens unmasked
2025-10-27 10:46:26,903 - GPU-5 - INFO -   [Cycle 5]
2025-10-27 10:46:26,903 - GPU-5 - DEBUG -     [Latent Recursive] Starting 1 steps of latent thinking
2025-10-27 10:46:26,948 - GPU-5 - DEBUG -       [Latent] Step 1/1
2025-10-27 10:46:27,107 - GPU-5 - DEBUG -       [After Latent Recursive] 1 tokens unmasked
2025-10-27 10:46:27,107 - GPU-5 - INFO -   [Cycle 6]
2025-10-27 10:46:27,108 - GPU-5 - DEBUG -     [Latent Recursive] Starting 1 steps of latent thinking
2025-10-27 10:46:27,152 - GPU-5 - DEBUG -       [Latent] Step 1/1
2025-10-27 10:46:27,311 - GPU-5 - DEBUG -       [After Latent Recursive] 1 tokens unmasked
2025-10-27 10:46:27,311 - GPU-5 - INFO -   [Cycle 7]
2025-10-27 10:46:27,311 - GPU-5 - DEBUG -     [Latent Recursive] Starting 1 steps of latent thinking
2025-10-27 10:46:27,355 - GPU-5 - DEBUG -       [Latent] Step 1/1
2025-10-27 10:46:27,514 - GPU-5 - DEBUG -       [After Latent Recursive] 1 tokens unmasked
2025-10-27 10:46:27,514 - GPU-5 - INFO -   [Cycle 8]
2025-10-27 10:46:27,514 - GPU-5 - DEBUG -     [Latent Recursive] Starting 1 steps of latent thinking
2025-10-27 10:46:27,558 - GPU-5 - DEBUG -       [Latent] Step 1/1
2025-10-27 10:46:27,717 - GPU-5 - DEBUG -       [After Latent Recursive] 1 tokens unmasked
2025-10-27 10:46:27,717 - GPU-5 - INFO -   [Cycle 9]
2025-10-27 10:46:27,718 - GPU-5 - DEBUG -     [Latent Recursive] Starting 1 steps of latent thinking
2025-10-27 10:46:27,762 - GPU-5 - DEBUG -       [Latent] Step 1/1
2025-10-27 10:46:27,920 - GPU-5 - DEBUG -       [After Latent Recursive] 1 tokens unmasked
2025-10-27 10:46:27,920 - GPU-5 - INFO -   [Cycle 10]
2025-10-27 10:46:27,921 - GPU-5 - DEBUG -     [Latent Recursive] Starting 1 steps of latent thinking
2025-10-27 10:46:27,965 - GPU-5 - DEBUG -       [Latent] Step 1/1
2025-10-27 10:46:28,124 - GPU-5 - DEBUG -       [After Latent Recursive] 1 tokens unmasked
2025-10-27 10:46:28,124 - GPU-5 - INFO -   [Cycle 11]
2025-10-27 10:46:28,124 - GPU-5 - DEBUG -     [Latent Recursive] Starting 1 steps of latent thinking
2025-10-27 10:46:28,168 - GPU-5 - DEBUG -       [Latent] Step 1/1
2025-10-27 10:46:28,327 - GPU-5 - DEBUG -       [After Latent Recursive] 1 tokens unmasked
2025-10-27 10:46:28,328 - GPU-5 - INFO -   [Cycle 12]
2025-10-27 10:46:28,328 - GPU-5 - DEBUG -     [Latent Recursive] Starting 1 steps of latent thinking
2025-10-27 10:46:28,372 - GPU-5 - DEBUG -       [Latent] Step 1/1
2025-10-27 10:46:28,531 - GPU-5 - DEBUG -       [After Latent Recursive] 1 tokens unmasked
2025-10-27 10:46:28,531 - GPU-5 - INFO -   [Cycle 13]
2025-10-27 10:46:28,531 - GPU-5 - DEBUG -     [Latent Recursive] Starting 1 steps of latent thinking
2025-10-27 10:46:28,576 - GPU-5 - DEBUG -       [Latent] Step 1/1
2025-10-27 10:46:28,734 - GPU-5 - DEBUG -       [After Latent Recursive] 1 tokens unmasked
2025-10-27 10:46:28,734 - GPU-5 - INFO -   [Cycle 14]
2025-10-27 10:46:28,734 - GPU-5 - DEBUG -     [Latent Recursive] Starting 1 steps of latent thinking
2025-10-27 10:46:28,779 - GPU-5 - DEBUG -       [Latent] Step 1/1
2025-10-27 10:46:28,937 - GPU-5 - DEBUG -       [After Latent Recursive] 1 tokens unmasked
2025-10-27 10:46:28,938 - GPU-5 - INFO -   [Cycle 15]
2025-10-27 10:46:28,938 - GPU-5 - DEBUG -     [Latent Recursive] Starting 1 steps of latent thinking
2025-10-27 10:46:28,982 - GPU-5 - DEBUG -       [Latent] Step 1/1
2025-10-27 10:46:29,141 - GPU-5 - DEBUG -       [After Latent Recursive] 1 tokens unmasked
2025-10-27 10:46:29,141 - GPU-5 - INFO -   [Cycle 16]
2025-10-27 10:46:29,141 - GPU-5 - DEBUG -     [Latent Recursive] Starting 1 steps of latent thinking
2025-10-27 10:46:29,186 - GPU-5 - DEBUG -       [Latent] Step 1/1
2025-10-27 10:46:29,344 - GPU-5 - DEBUG -       [After Latent Recursive] 1 tokens unmasked
2025-10-27 10:46:29,345 - GPU-5 - INFO -   [Cycle 17]
2025-10-27 10:46:29,345 - GPU-5 - DEBUG -     [Latent Recursive] Starting 1 steps of latent thinking
2025-10-27 10:46:29,389 - GPU-5 - DEBUG -       [Latent] Step 1/1
2025-10-27 10:46:29,548 - GPU-5 - DEBUG -       [After Latent Recursive] 1 tokens unmasked
2025-10-27 10:46:29,548 - GPU-5 - INFO -   [Cycle 18]
2025-10-27 10:46:29,548 - GPU-5 - DEBUG -     [Latent Recursive] Starting 1 steps of latent thinking
2025-10-27 10:46:29,593 - GPU-5 - DEBUG -       [Latent] Step 1/1
2025-10-27 10:46:29,751 - GPU-5 - DEBUG -       [After Latent Recursive] 1 tokens unmasked
2025-10-27 10:46:29,751 - GPU-5 - INFO -   [Cycle 19]
2025-10-27 10:46:29,751 - GPU-5 - DEBUG -     [Latent Recursive] Starting 1 steps of latent thinking
2025-10-27 10:46:29,796 - GPU-5 - DEBUG -       [Latent] Step 1/1
2025-10-27 10:46:29,954 - GPU-5 - DEBUG -       [After Latent Recursive] 1 tokens unmasked
2025-10-27 10:46:29,954 - GPU-5 - INFO -   [Cycle 20]
2025-10-27 10:46:29,954 - GPU-5 - DEBUG -     [Latent Recursive] Starting 1 steps of latent thinking
2025-10-27 10:46:29,999 - GPU-5 - DEBUG -       [Latent] Step 1/1
2025-10-27 10:46:30,157 - GPU-5 - DEBUG -       [After Latent Recursive] 1 tokens unmasked
2025-10-27 10:46:30,158 - GPU-5 - INFO -   [Cycle 21]
2025-10-27 10:46:30,158 - GPU-5 - DEBUG -     [Latent Recursive] Starting 1 steps of latent thinking
2025-10-27 10:46:30,203 - GPU-5 - DEBUG -       [Latent] Step 1/1
2025-10-27 10:46:30,361 - GPU-5 - DEBUG -       [After Latent Recursive] 1 tokens unmasked
2025-10-27 10:46:30,361 - GPU-5 - INFO -   [Cycle 22]
2025-10-27 10:46:30,362 - GPU-5 - DEBUG -     [Latent Recursive] Starting 1 steps of latent thinking
2025-10-27 10:46:30,406 - GPU-5 - DEBUG -       [Latent] Step 1/1
2025-10-27 10:46:30,565 - GPU-5 - DEBUG -       [After Latent Recursive] 1 tokens unmasked
2025-10-27 10:46:30,565 - GPU-5 - INFO -   [Cycle 23]
2025-10-27 10:46:30,565 - GPU-5 - DEBUG -     [Latent Recursive] Starting 1 steps of latent thinking
2025-10-27 10:46:30,609 - GPU-5 - DEBUG -       [Latent] Step 1/1
2025-10-27 10:46:30,768 - GPU-5 - DEBUG -       [After Latent Recursive] 1 tokens unmasked
2025-10-27 10:46:30,768 - GPU-5 - INFO -   [Cycle 24]
2025-10-27 10:46:30,768 - GPU-5 - DEBUG -     [Latent Recursive] Starting 1 steps of latent thinking
2025-10-27 10:46:30,813 - GPU-5 - DEBUG -       [Latent] Step 1/1
2025-10-27 10:46:30,971 - GPU-5 - DEBUG -       [After Latent Recursive] 1 tokens unmasked
2025-10-27 10:46:30,972 - GPU-5 - INFO -   [Cycle 25]
2025-10-27 10:46:30,972 - GPU-5 - DEBUG -     [Latent Recursive] Starting 1 steps of latent thinking
2025-10-27 10:46:31,016 - GPU-5 - DEBUG -       [Latent] Step 1/1
2025-10-27 10:46:31,175 - GPU-5 - DEBUG -       [After Latent Recursive] 1 tokens unmasked
2025-10-27 10:46:31,175 - GPU-5 - INFO -   [Cycle 26]
2025-10-27 10:46:31,175 - GPU-5 - DEBUG -     [Latent Recursive] Starting 1 steps of latent thinking
2025-10-27 10:46:31,220 - GPU-5 - DEBUG -       [Latent] Step 1/1
2025-10-27 10:46:31,378 - GPU-5 - DEBUG -       [After Latent Recursive] 1 tokens unmasked
2025-10-27 10:46:31,378 - GPU-5 - INFO -   [Cycle 27]
2025-10-27 10:46:31,378 - GPU-5 - DEBUG -     [Latent Recursive] Starting 1 steps of latent thinking
2025-10-27 10:46:31,423 - GPU-5 - DEBUG -       [Latent] Step 1/1
2025-10-27 10:46:31,581 - GPU-5 - DEBUG -       [After Latent Recursive] 1 tokens unmasked
2025-10-27 10:46:31,582 - GPU-5 - INFO -   [Cycle 28]
2025-10-27 10:46:31,582 - GPU-5 - DEBUG -     [Latent Recursive] Starting 1 steps of latent thinking
2025-10-27 10:46:31,626 - GPU-5 - DEBUG -       [Latent] Step 1/1
2025-10-27 10:46:31,785 - GPU-5 - DEBUG -       [After Latent Recursive] 1 tokens unmasked
2025-10-27 10:46:31,785 - GPU-5 - INFO -   [Cycle 29]
2025-10-27 10:46:31,785 - GPU-5 - DEBUG -     [Latent Recursive] Starting 1 steps of latent thinking
2025-10-27 10:46:31,830 - GPU-5 - DEBUG -       [Latent] Step 1/1
2025-10-27 10:46:31,988 - GPU-5 - DEBUG -       [After Latent Recursive] 1 tokens unmasked
2025-10-27 10:46:31,989 - GPU-5 - INFO -   [Cycle 30]
2025-10-27 10:46:31,989 - GPU-5 - DEBUG -     [Latent Recursive] Starting 1 steps of latent thinking
2025-10-27 10:46:32,034 - GPU-5 - DEBUG -       [Latent] Step 1/1
2025-10-27 10:46:32,192 - GPU-5 - DEBUG -       [After Latent Recursive] 1 tokens unmasked
2025-10-27 10:46:32,192 - GPU-5 - INFO -   [Cycle 31]
2025-10-27 10:46:32,192 - GPU-5 - DEBUG -     [Latent Recursive] Starting 1 steps of latent thinking
2025-10-27 10:46:32,237 - GPU-5 - DEBUG -       [Latent] Step 1/1
2025-10-27 10:46:32,395 - GPU-5 - DEBUG -       [After Latent Recursive] 1 tokens unmasked
2025-10-27 10:46:32,396 - GPU-5 - INFO - [Block 12/16] Processing tokens 414-446
2025-10-27 10:46:32,396 - GPU-5 - DEBUG - [Block 11] Before forward: use_cache=True, x.shape=torch.Size([1, 574])
2025-10-27 10:46:32,396 - GPU-5 - DEBUG - [Block 11] Model type: LLaDAModelLM
2025-10-27 10:46:32,396 - GPU-5 - DEBUG - [Block 11] Model config use_cache: True
2025-10-27 10:46:32,418 - GPU-5 - DEBUG - [Block 11] After forward: pkv is None? False
2025-10-27 10:46:32,418 - GPU-5 - DEBUG - [Block 11] out type: CausalLMOutputWithPast
2025-10-27 10:46:32,418 - GPU-5 - DEBUG - [Block 11] pkv type: <class 'list'>, len: 32
2025-10-27 10:46:32,418 - GPU-5 - DEBUG - [Block 11] pkv[0] type: <class 'tuple'>, len: 2
2025-10-27 10:46:32,418 - GPU-5 - DEBUG - [Block 11] pkv[0][0].shape: torch.Size([1, 32, 574, 128])
2025-10-27 10:46:32,505 - GPU-5 - INFO -   [Initial Forward] 1 tokens unmasked
2025-10-27 10:46:32,506 - GPU-5 - INFO -   [Cycle 1]
2025-10-27 10:46:32,506 - GPU-5 - DEBUG -     [Latent Recursive] Starting 1 steps of latent thinking
2025-10-27 10:46:32,550 - GPU-5 - DEBUG -       [Latent] Step 1/1
2025-10-27 10:46:32,708 - GPU-5 - DEBUG -       [After Latent Recursive] 1 tokens unmasked
2025-10-27 10:46:32,709 - GPU-5 - INFO -   [Cycle 2]
2025-10-27 10:46:32,709 - GPU-5 - DEBUG -     [Latent Recursive] Starting 1 steps of latent thinking
2025-10-27 10:46:32,753 - GPU-5 - DEBUG -       [Latent] Step 1/1
2025-10-27 10:46:32,910 - GPU-5 - DEBUG -       [After Latent Recursive] 1 tokens unmasked
2025-10-27 10:46:32,911 - GPU-5 - INFO -   [Cycle 3]
2025-10-27 10:46:32,911 - GPU-5 - DEBUG -     [Latent Recursive] Starting 1 steps of latent thinking
2025-10-27 10:46:32,955 - GPU-5 - DEBUG -       [Latent] Step 1/1
2025-10-27 10:46:33,113 - GPU-5 - DEBUG -       [After Latent Recursive] 1 tokens unmasked
2025-10-27 10:46:33,113 - GPU-5 - INFO -   [Cycle 4]
2025-10-27 10:46:33,114 - GPU-5 - DEBUG -     [Latent Recursive] Starting 1 steps of latent thinking
2025-10-27 10:46:33,158 - GPU-5 - DEBUG -       [Latent] Step 1/1
2025-10-27 10:46:33,316 - GPU-5 - DEBUG -       [After Latent Recursive] 1 tokens unmasked
2025-10-27 10:46:33,316 - GPU-5 - INFO -   [Cycle 5]
2025-10-27 10:46:33,316 - GPU-5 - DEBUG -     [Latent Recursive] Starting 1 steps of latent thinking
2025-10-27 10:46:33,361 - GPU-5 - DEBUG -       [Latent] Step 1/1
2025-10-27 10:46:33,518 - GPU-5 - DEBUG -       [After Latent Recursive] 1 tokens unmasked
2025-10-27 10:46:33,519 - GPU-5 - INFO -   [Cycle 6]
2025-10-27 10:46:33,519 - GPU-5 - DEBUG -     [Latent Recursive] Starting 1 steps of latent thinking
2025-10-27 10:46:33,563 - GPU-5 - DEBUG -       [Latent] Step 1/1
2025-10-27 10:46:33,720 - GPU-5 - DEBUG -       [After Latent Recursive] 1 tokens unmasked
2025-10-27 10:46:33,721 - GPU-5 - INFO -   [Cycle 7]
2025-10-27 10:46:33,721 - GPU-5 - DEBUG -     [Latent Recursive] Starting 1 steps of latent thinking
2025-10-27 10:46:33,766 - GPU-5 - DEBUG -       [Latent] Step 1/1
2025-10-27 10:46:33,923 - GPU-5 - DEBUG -       [After Latent Recursive] 1 tokens unmasked
2025-10-27 10:46:33,924 - GPU-5 - INFO -   [Cycle 8]
2025-10-27 10:46:33,924 - GPU-5 - DEBUG -     [Latent Recursive] Starting 1 steps of latent thinking
2025-10-27 10:46:33,968 - GPU-5 - DEBUG -       [Latent] Step 1/1
2025-10-27 10:46:34,126 - GPU-5 - DEBUG -       [After Latent Recursive] 1 tokens unmasked
2025-10-27 10:46:34,126 - GPU-5 - INFO -   [Cycle 9]
2025-10-27 10:46:34,126 - GPU-5 - DEBUG -     [Latent Recursive] Starting 1 steps of latent thinking
2025-10-27 10:46:34,171 - GPU-5 - DEBUG -       [Latent] Step 1/1
2025-10-27 10:46:34,329 - GPU-5 - DEBUG -       [After Latent Recursive] 1 tokens unmasked
2025-10-27 10:46:34,329 - GPU-5 - INFO -   [Cycle 10]
2025-10-27 10:46:34,329 - GPU-5 - DEBUG -     [Latent Recursive] Starting 1 steps of latent thinking
2025-10-27 10:46:34,374 - GPU-5 - DEBUG -       [Latent] Step 1/1
2025-10-27 10:46:34,531 - GPU-5 - DEBUG -       [After Latent Recursive] 1 tokens unmasked
2025-10-27 10:46:34,531 - GPU-5 - INFO -   [Cycle 11]
2025-10-27 10:46:34,532 - GPU-5 - DEBUG -     [Latent Recursive] Starting 1 steps of latent thinking
2025-10-27 10:46:34,576 - GPU-5 - DEBUG -       [Latent] Step 1/1
2025-10-27 10:46:34,734 - GPU-5 - DEBUG -       [After Latent Recursive] 1 tokens unmasked
2025-10-27 10:46:34,734 - GPU-5 - INFO -   [Cycle 12]
2025-10-27 10:46:34,734 - GPU-5 - DEBUG -     [Latent Recursive] Starting 1 steps of latent thinking
2025-10-27 10:46:34,779 - GPU-5 - DEBUG -       [Latent] Step 1/1
2025-10-27 10:46:34,936 - GPU-5 - DEBUG -       [After Latent Recursive] 1 tokens unmasked
2025-10-27 10:46:34,936 - GPU-5 - INFO -   [Cycle 13]
2025-10-27 10:46:34,937 - GPU-5 - DEBUG -     [Latent Recursive] Starting 1 steps of latent thinking
2025-10-27 10:46:34,981 - GPU-5 - DEBUG -       [Latent] Step 1/1
2025-10-27 10:46:35,139 - GPU-5 - DEBUG -       [After Latent Recursive] 1 tokens unmasked
2025-10-27 10:46:35,139 - GPU-5 - INFO -   [Cycle 14]
2025-10-27 10:46:35,139 - GPU-5 - DEBUG -     [Latent Recursive] Starting 1 steps of latent thinking
2025-10-27 10:46:35,184 - GPU-5 - DEBUG -       [Latent] Step 1/1
2025-10-27 10:46:35,341 - GPU-5 - DEBUG -       [After Latent Recursive] 1 tokens unmasked
2025-10-27 10:46:35,342 - GPU-5 - INFO -   [Cycle 15]
2025-10-27 10:46:35,342 - GPU-5 - DEBUG -     [Latent Recursive] Starting 1 steps of latent thinking
2025-10-27 10:46:35,386 - GPU-5 - DEBUG -       [Latent] Step 1/1
2025-10-27 10:46:35,544 - GPU-5 - DEBUG -       [After Latent Recursive] 1 tokens unmasked
2025-10-27 10:46:35,544 - GPU-5 - INFO -   [Cycle 16]
2025-10-27 10:46:35,544 - GPU-5 - DEBUG -     [Latent Recursive] Starting 1 steps of latent thinking
2025-10-27 10:46:35,589 - GPU-5 - DEBUG -       [Latent] Step 1/1
2025-10-27 10:46:35,746 - GPU-5 - DEBUG -       [After Latent Recursive] 1 tokens unmasked
2025-10-27 10:46:35,747 - GPU-5 - INFO -   [Cycle 17]
2025-10-27 10:46:35,747 - GPU-5 - DEBUG -     [Latent Recursive] Starting 1 steps of latent thinking
2025-10-27 10:46:35,791 - GPU-5 - DEBUG -       [Latent] Step 1/1
2025-10-27 10:46:35,949 - GPU-5 - DEBUG -       [After Latent Recursive] 1 tokens unmasked
2025-10-27 10:46:35,949 - GPU-5 - INFO -   [Cycle 18]
2025-10-27 10:46:35,949 - GPU-5 - DEBUG -     [Latent Recursive] Starting 1 steps of latent thinking
2025-10-27 10:46:35,994 - GPU-5 - DEBUG -       [Latent] Step 1/1
2025-10-27 10:46:36,151 - GPU-5 - DEBUG -       [After Latent Recursive] 1 tokens unmasked
2025-10-27 10:46:36,151 - GPU-5 - INFO -   [Cycle 19]
2025-10-27 10:46:36,152 - GPU-5 - DEBUG -     [Latent Recursive] Starting 1 steps of latent thinking
2025-10-27 10:46:36,196 - GPU-5 - DEBUG -       [Latent] Step 1/1
2025-10-27 10:46:36,354 - GPU-5 - DEBUG -       [After Latent Recursive] 1 tokens unmasked
2025-10-27 10:46:36,354 - GPU-5 - INFO -   [Cycle 20]
2025-10-27 10:46:36,355 - GPU-5 - DEBUG -     [Latent Recursive] Starting 1 steps of latent thinking
2025-10-27 10:46:36,399 - GPU-5 - DEBUG -       [Latent] Step 1/1
2025-10-27 10:46:36,557 - GPU-5 - DEBUG -       [After Latent Recursive] 1 tokens unmasked
2025-10-27 10:46:36,557 - GPU-5 - INFO -   [Cycle 21]
2025-10-27 10:46:36,557 - GPU-5 - DEBUG -     [Latent Recursive] Starting 1 steps of latent thinking
2025-10-27 10:46:36,602 - GPU-5 - DEBUG -       [Latent] Step 1/1
2025-10-27 10:46:36,759 - GPU-5 - DEBUG -       [After Latent Recursive] 1 tokens unmasked
2025-10-27 10:46:36,760 - GPU-5 - INFO -   [Cycle 22]
2025-10-27 10:46:36,760 - GPU-5 - DEBUG -     [Latent Recursive] Starting 1 steps of latent thinking
2025-10-27 10:46:36,804 - GPU-5 - DEBUG -       [Latent] Step 1/1
2025-10-27 10:46:36,962 - GPU-5 - DEBUG -       [After Latent Recursive] 1 tokens unmasked
2025-10-27 10:46:36,962 - GPU-5 - INFO -   [Cycle 23]
2025-10-27 10:46:36,963 - GPU-5 - DEBUG -     [Latent Recursive] Starting 1 steps of latent thinking
2025-10-27 10:46:37,007 - GPU-5 - DEBUG -       [Latent] Step 1/1
2025-10-27 10:46:37,165 - GPU-5 - DEBUG -       [After Latent Recursive] 1 tokens unmasked
2025-10-27 10:46:37,165 - GPU-5 - INFO -   [Cycle 24]
2025-10-27 10:46:37,165 - GPU-5 - DEBUG -     [Latent Recursive] Starting 1 steps of latent thinking
2025-10-27 10:46:37,210 - GPU-5 - DEBUG -       [Latent] Step 1/1
2025-10-27 10:46:37,367 - GPU-5 - DEBUG -       [After Latent Recursive] 1 tokens unmasked
2025-10-27 10:46:37,368 - GPU-5 - INFO -   [Cycle 25]
2025-10-27 10:46:37,368 - GPU-5 - DEBUG -     [Latent Recursive] Starting 1 steps of latent thinking
2025-10-27 10:46:37,413 - GPU-5 - DEBUG -       [Latent] Step 1/1
2025-10-27 10:46:37,570 - GPU-5 - DEBUG -       [After Latent Recursive] 1 tokens unmasked
2025-10-27 10:46:37,570 - GPU-5 - INFO -   [Cycle 26]
2025-10-27 10:46:37,571 - GPU-5 - DEBUG -     [Latent Recursive] Starting 1 steps of latent thinking
2025-10-27 10:46:37,615 - GPU-5 - DEBUG -       [Latent] Step 1/1
2025-10-27 10:46:37,773 - GPU-5 - DEBUG -       [After Latent Recursive] 1 tokens unmasked
2025-10-27 10:46:37,773 - GPU-5 - INFO -   [Cycle 27]
2025-10-27 10:46:37,773 - GPU-5 - DEBUG -     [Latent Recursive] Starting 1 steps of latent thinking
2025-10-27 10:46:37,818 - GPU-5 - DEBUG -       [Latent] Step 1/1
2025-10-27 10:46:37,975 - GPU-5 - DEBUG -       [After Latent Recursive] 1 tokens unmasked
2025-10-27 10:46:37,976 - GPU-5 - INFO -   [Cycle 28]
2025-10-27 10:46:37,976 - GPU-5 - DEBUG -     [Latent Recursive] Starting 1 steps of latent thinking
2025-10-27 10:46:38,020 - GPU-5 - DEBUG -       [Latent] Step 1/1
2025-10-27 10:46:38,178 - GPU-5 - DEBUG -       [After Latent Recursive] 1 tokens unmasked
2025-10-27 10:46:38,178 - GPU-5 - INFO -   [Cycle 29]
2025-10-27 10:46:38,178 - GPU-5 - DEBUG -     [Latent Recursive] Starting 1 steps of latent thinking
2025-10-27 10:46:38,223 - GPU-5 - DEBUG -       [Latent] Step 1/1
2025-10-27 10:46:38,380 - GPU-5 - DEBUG -       [After Latent Recursive] 1 tokens unmasked
2025-10-27 10:46:38,381 - GPU-5 - INFO -   [Cycle 30]
2025-10-27 10:46:38,381 - GPU-5 - DEBUG -     [Latent Recursive] Starting 1 steps of latent thinking
2025-10-27 10:46:38,425 - GPU-5 - DEBUG -       [Latent] Step 1/1
2025-10-27 10:46:38,583 - GPU-5 - DEBUG -       [After Latent Recursive] 1 tokens unmasked
2025-10-27 10:46:38,583 - GPU-5 - INFO -   [Cycle 31]
2025-10-27 10:46:38,583 - GPU-5 - DEBUG -     [Latent Recursive] Starting 1 steps of latent thinking
2025-10-27 10:46:38,627 - GPU-5 - DEBUG -       [Latent] Step 1/1
2025-10-27 10:46:38,785 - GPU-5 - DEBUG -       [After Latent Recursive] 1 tokens unmasked
2025-10-27 10:46:38,785 - GPU-5 - INFO - [Block 13/16] Processing tokens 446-478
2025-10-27 10:46:38,786 - GPU-5 - DEBUG - [Block 12] Before forward: use_cache=True, x.shape=torch.Size([1, 574])
2025-10-27 10:46:38,786 - GPU-5 - DEBUG - [Block 12] Model type: LLaDAModelLM
2025-10-27 10:46:38,786 - GPU-5 - DEBUG - [Block 12] Model config use_cache: True
2025-10-27 10:46:38,808 - GPU-5 - DEBUG - [Block 12] After forward: pkv is None? False
2025-10-27 10:46:38,808 - GPU-5 - DEBUG - [Block 12] out type: CausalLMOutputWithPast
2025-10-27 10:46:38,808 - GPU-5 - DEBUG - [Block 12] pkv type: <class 'list'>, len: 32
2025-10-27 10:46:38,808 - GPU-5 - DEBUG - [Block 12] pkv[0] type: <class 'tuple'>, len: 2
2025-10-27 10:46:38,808 - GPU-5 - DEBUG - [Block 12] pkv[0][0].shape: torch.Size([1, 32, 574, 128])
2025-10-27 10:46:38,895 - GPU-5 - INFO -   [Initial Forward] 1 tokens unmasked
2025-10-27 10:46:38,896 - GPU-5 - INFO -   [Cycle 1]
2025-10-27 10:46:38,896 - GPU-5 - DEBUG -     [Latent Recursive] Starting 1 steps of latent thinking
2025-10-27 10:46:38,940 - GPU-5 - DEBUG -       [Latent] Step 1/1
2025-10-27 10:46:39,096 - GPU-5 - DEBUG -       [After Latent Recursive] 1 tokens unmasked
2025-10-27 10:46:39,096 - GPU-5 - INFO -   [Cycle 2]
2025-10-27 10:46:39,096 - GPU-5 - DEBUG -     [Latent Recursive] Starting 1 steps of latent thinking
2025-10-27 10:46:39,141 - GPU-5 - DEBUG -       [Latent] Step 1/1
2025-10-27 10:46:39,296 - GPU-5 - DEBUG -       [After Latent Recursive] 1 tokens unmasked
2025-10-27 10:46:39,296 - GPU-5 - INFO -   [Cycle 3]
2025-10-27 10:46:39,296 - GPU-5 - DEBUG -     [Latent Recursive] Starting 1 steps of latent thinking
2025-10-27 10:46:39,341 - GPU-5 - DEBUG -       [Latent] Step 1/1
2025-10-27 10:46:39,496 - GPU-5 - DEBUG -       [After Latent Recursive] 1 tokens unmasked
2025-10-27 10:46:39,496 - GPU-5 - INFO -   [Cycle 4]
2025-10-27 10:46:39,496 - GPU-5 - DEBUG -     [Latent Recursive] Starting 1 steps of latent thinking
2025-10-27 10:46:39,541 - GPU-5 - DEBUG -       [Latent] Step 1/1
2025-10-27 10:46:39,696 - GPU-5 - DEBUG -       [After Latent Recursive] 1 tokens unmasked
2025-10-27 10:46:39,697 - GPU-5 - INFO -   [Cycle 5]
2025-10-27 10:46:39,697 - GPU-5 - DEBUG -     [Latent Recursive] Starting 1 steps of latent thinking
2025-10-27 10:46:39,742 - GPU-5 - DEBUG -       [Latent] Step 1/1
2025-10-27 10:46:39,897 - GPU-5 - DEBUG -       [After Latent Recursive] 1 tokens unmasked
2025-10-27 10:46:39,897 - GPU-5 - INFO -   [Cycle 6]
2025-10-27 10:46:39,897 - GPU-5 - DEBUG -     [Latent Recursive] Starting 1 steps of latent thinking
2025-10-27 10:46:39,942 - GPU-5 - DEBUG -       [Latent] Step 1/1
2025-10-27 10:46:40,097 - GPU-5 - DEBUG -       [After Latent Recursive] 1 tokens unmasked
2025-10-27 10:46:40,097 - GPU-5 - INFO -   [Cycle 7]
2025-10-27 10:46:40,097 - GPU-5 - DEBUG -     [Latent Recursive] Starting 1 steps of latent thinking
2025-10-27 10:46:40,142 - GPU-5 - DEBUG -       [Latent] Step 1/1
2025-10-27 10:46:40,297 - GPU-5 - DEBUG -       [After Latent Recursive] 1 tokens unmasked
2025-10-27 10:46:40,297 - GPU-5 - INFO -   [Cycle 8]
2025-10-27 10:46:40,297 - GPU-5 - DEBUG -     [Latent Recursive] Starting 1 steps of latent thinking
2025-10-27 10:46:40,342 - GPU-5 - DEBUG -       [Latent] Step 1/1
2025-10-27 10:46:40,497 - GPU-5 - DEBUG -       [After Latent Recursive] 1 tokens unmasked
2025-10-27 10:46:40,497 - GPU-5 - INFO -   [Cycle 9]
2025-10-27 10:46:40,498 - GPU-5 - DEBUG -     [Latent Recursive] Starting 1 steps of latent thinking
2025-10-27 10:46:40,542 - GPU-5 - DEBUG -       [Latent] Step 1/1
2025-10-27 10:46:40,697 - GPU-5 - DEBUG -       [After Latent Recursive] 1 tokens unmasked
2025-10-27 10:46:40,698 - GPU-5 - INFO -   [Cycle 10]
2025-10-27 10:46:40,698 - GPU-5 - DEBUG -     [Latent Recursive] Starting 1 steps of latent thinking
2025-10-27 10:46:40,743 - GPU-5 - DEBUG -       [Latent] Step 1/1
2025-10-27 10:46:40,898 - GPU-5 - DEBUG -       [After Latent Recursive] 1 tokens unmasked
2025-10-27 10:46:40,898 - GPU-5 - INFO -   [Cycle 11]
2025-10-27 10:46:40,898 - GPU-5 - DEBUG -     [Latent Recursive] Starting 1 steps of latent thinking
2025-10-27 10:46:40,943 - GPU-5 - DEBUG -       [Latent] Step 1/1
2025-10-27 10:46:41,098 - GPU-5 - DEBUG -       [After Latent Recursive] 1 tokens unmasked
2025-10-27 10:46:41,098 - GPU-5 - INFO -   [Cycle 12]
2025-10-27 10:46:41,099 - GPU-5 - DEBUG -     [Latent Recursive] Starting 1 steps of latent thinking
2025-10-27 10:46:41,143 - GPU-5 - DEBUG -       [Latent] Step 1/1
2025-10-27 10:46:41,299 - GPU-5 - DEBUG -       [After Latent Recursive] 1 tokens unmasked
2025-10-27 10:46:41,299 - GPU-5 - INFO -   [Cycle 13]
2025-10-27 10:46:41,299 - GPU-5 - DEBUG -     [Latent Recursive] Starting 1 steps of latent thinking
2025-10-27 10:46:41,344 - GPU-5 - DEBUG -       [Latent] Step 1/1
2025-10-27 10:46:41,499 - GPU-5 - DEBUG -       [After Latent Recursive] 1 tokens unmasked
2025-10-27 10:46:41,499 - GPU-5 - INFO -   [Cycle 14]
2025-10-27 10:46:41,499 - GPU-5 - DEBUG -     [Latent Recursive] Starting 1 steps of latent thinking
2025-10-27 10:46:41,544 - GPU-5 - DEBUG -       [Latent] Step 1/1
2025-10-27 10:46:41,699 - GPU-5 - DEBUG -       [After Latent Recursive] 1 tokens unmasked
2025-10-27 10:46:41,699 - GPU-5 - INFO -   [Cycle 15]
2025-10-27 10:46:41,699 - GPU-5 - DEBUG -     [Latent Recursive] Starting 1 steps of latent thinking
2025-10-27 10:46:41,744 - GPU-5 - DEBUG -       [Latent] Step 1/1
2025-10-27 10:46:41,899 - GPU-5 - DEBUG -       [After Latent Recursive] 1 tokens unmasked
2025-10-27 10:46:41,900 - GPU-5 - INFO -   [Cycle 16]
2025-10-27 10:46:41,900 - GPU-5 - DEBUG -     [Latent Recursive] Starting 1 steps of latent thinking
2025-10-27 10:46:41,944 - GPU-5 - DEBUG -       [Latent] Step 1/1
2025-10-27 10:46:42,099 - GPU-5 - DEBUG -       [After Latent Recursive] 1 tokens unmasked
2025-10-27 10:46:42,100 - GPU-5 - INFO -   [Cycle 17]
2025-10-27 10:46:42,100 - GPU-5 - DEBUG -     [Latent Recursive] Starting 1 steps of latent thinking
2025-10-27 10:46:42,144 - GPU-5 - DEBUG -       [Latent] Step 1/1
2025-10-27 10:46:42,300 - GPU-5 - DEBUG -       [After Latent Recursive] 1 tokens unmasked
2025-10-27 10:46:42,300 - GPU-5 - INFO -   [Cycle 18]
2025-10-27 10:46:42,300 - GPU-5 - DEBUG -     [Latent Recursive] Starting 1 steps of latent thinking
2025-10-27 10:46:42,345 - GPU-5 - DEBUG -       [Latent] Step 1/1
2025-10-27 10:46:42,500 - GPU-5 - DEBUG -       [After Latent Recursive] 1 tokens unmasked
2025-10-27 10:46:42,500 - GPU-5 - INFO -   [Cycle 19]
2025-10-27 10:46:42,500 - GPU-5 - DEBUG -     [Latent Recursive] Starting 1 steps of latent thinking
2025-10-27 10:46:42,545 - GPU-5 - DEBUG -       [Latent] Step 1/1
2025-10-27 10:46:42,700 - GPU-5 - DEBUG -       [After Latent Recursive] 1 tokens unmasked
2025-10-27 10:46:42,700 - GPU-5 - INFO -   [Cycle 20]
2025-10-27 10:46:42,701 - GPU-5 - DEBUG -     [Latent Recursive] Starting 1 steps of latent thinking
2025-10-27 10:46:42,745 - GPU-5 - DEBUG -       [Latent] Step 1/1
2025-10-27 10:46:42,901 - GPU-5 - DEBUG -       [After Latent Recursive] 1 tokens unmasked
2025-10-27 10:46:42,901 - GPU-5 - INFO -   [Cycle 21]
2025-10-27 10:46:42,902 - GPU-5 - DEBUG -     [Latent Recursive] Starting 1 steps of latent thinking
2025-10-27 10:46:42,946 - GPU-5 - DEBUG -       [Latent] Step 1/1
2025-10-27 10:46:43,101 - GPU-5 - DEBUG -       [After Latent Recursive] 1 tokens unmasked
2025-10-27 10:46:43,102 - GPU-5 - INFO -   [Cycle 22]
2025-10-27 10:46:43,102 - GPU-5 - DEBUG -     [Latent Recursive] Starting 1 steps of latent thinking
2025-10-27 10:46:43,146 - GPU-5 - DEBUG -       [Latent] Step 1/1
2025-10-27 10:46:43,302 - GPU-5 - DEBUG -       [After Latent Recursive] 1 tokens unmasked
2025-10-27 10:46:43,302 - GPU-5 - INFO -   [Cycle 23]
2025-10-27 10:46:43,303 - GPU-5 - DEBUG -     [Latent Recursive] Starting 1 steps of latent thinking
2025-10-27 10:46:43,347 - GPU-5 - DEBUG -       [Latent] Step 1/1
2025-10-27 10:46:43,502 - GPU-5 - DEBUG -       [After Latent Recursive] 1 tokens unmasked
2025-10-27 10:46:43,503 - GPU-5 - INFO -   [Cycle 24]
2025-10-27 10:46:43,503 - GPU-5 - DEBUG -     [Latent Recursive] Starting 1 steps of latent thinking
2025-10-27 10:46:43,547 - GPU-5 - DEBUG -       [Latent] Step 1/1
2025-10-27 10:46:43,703 - GPU-5 - DEBUG -       [After Latent Recursive] 1 tokens unmasked
2025-10-27 10:46:43,704 - GPU-5 - INFO -   [Cycle 25]
2025-10-27 10:46:43,704 - GPU-5 - DEBUG -     [Latent Recursive] Starting 1 steps of latent thinking
2025-10-27 10:46:43,748 - GPU-5 - DEBUG -       [Latent] Step 1/1
2025-10-27 10:46:43,904 - GPU-5 - DEBUG -       [After Latent Recursive] 1 tokens unmasked
2025-10-27 10:46:43,904 - GPU-5 - INFO -   [Cycle 26]
2025-10-27 10:46:43,904 - GPU-5 - DEBUG -     [Latent Recursive] Starting 1 steps of latent thinking
2025-10-27 10:46:43,949 - GPU-5 - DEBUG -       [Latent] Step 1/1
2025-10-27 10:46:44,104 - GPU-5 - DEBUG -       [After Latent Recursive] 1 tokens unmasked
2025-10-27 10:46:44,104 - GPU-5 - INFO -   [Cycle 27]
2025-10-27 10:46:44,105 - GPU-5 - DEBUG -     [Latent Recursive] Starting 1 steps of latent thinking
2025-10-27 10:46:44,149 - GPU-5 - DEBUG -       [Latent] Step 1/1
2025-10-27 10:46:44,305 - GPU-5 - DEBUG -       [After Latent Recursive] 1 tokens unmasked
2025-10-27 10:46:44,305 - GPU-5 - INFO -   [Cycle 28]
2025-10-27 10:46:44,305 - GPU-5 - DEBUG -     [Latent Recursive] Starting 1 steps of latent thinking
2025-10-27 10:46:44,350 - GPU-5 - DEBUG -       [Latent] Step 1/1
2025-10-27 10:46:44,505 - GPU-5 - DEBUG -       [After Latent Recursive] 1 tokens unmasked
2025-10-27 10:46:44,505 - GPU-5 - INFO -   [Cycle 29]
2025-10-27 10:46:44,506 - GPU-5 - DEBUG -     [Latent Recursive] Starting 1 steps of latent thinking
2025-10-27 10:46:44,550 - GPU-5 - DEBUG -       [Latent] Step 1/1
2025-10-27 10:46:44,706 - GPU-5 - DEBUG -       [After Latent Recursive] 1 tokens unmasked
2025-10-27 10:46:44,706 - GPU-5 - INFO -   [Cycle 30]
2025-10-27 10:46:44,706 - GPU-5 - DEBUG -     [Latent Recursive] Starting 1 steps of latent thinking
2025-10-27 10:46:44,751 - GPU-5 - DEBUG -       [Latent] Step 1/1
2025-10-27 10:46:44,906 - GPU-5 - DEBUG -       [After Latent Recursive] 1 tokens unmasked
2025-10-27 10:46:44,906 - GPU-5 - INFO -   [Cycle 31]
2025-10-27 10:46:44,907 - GPU-5 - DEBUG -     [Latent Recursive] Starting 1 steps of latent thinking
2025-10-27 10:46:44,951 - GPU-5 - DEBUG -       [Latent] Step 1/1
2025-10-27 10:46:45,107 - GPU-5 - DEBUG -       [After Latent Recursive] 1 tokens unmasked
2025-10-27 10:46:45,107 - GPU-5 - INFO - [Block 14/16] Processing tokens 478-510
2025-10-27 10:46:45,107 - GPU-5 - DEBUG - [Block 13] Before forward: use_cache=True, x.shape=torch.Size([1, 574])
2025-10-27 10:46:45,107 - GPU-5 - DEBUG - [Block 13] Model type: LLaDAModelLM
2025-10-27 10:46:45,108 - GPU-5 - DEBUG - [Block 13] Model config use_cache: True
2025-10-27 10:46:45,130 - GPU-5 - DEBUG - [Block 13] After forward: pkv is None? False
2025-10-27 10:46:45,130 - GPU-5 - DEBUG - [Block 13] out type: CausalLMOutputWithPast
2025-10-27 10:46:45,130 - GPU-5 - DEBUG - [Block 13] pkv type: <class 'list'>, len: 32
2025-10-27 10:46:45,130 - GPU-5 - DEBUG - [Block 13] pkv[0] type: <class 'tuple'>, len: 2
2025-10-27 10:46:45,130 - GPU-5 - DEBUG - [Block 13] pkv[0][0].shape: torch.Size([1, 32, 574, 128])
2025-10-27 10:46:45,217 - GPU-5 - INFO -   [Initial Forward] 1 tokens unmasked
2025-10-27 10:46:45,218 - GPU-5 - INFO -   [Cycle 1]
2025-10-27 10:46:45,218 - GPU-5 - DEBUG -     [Latent Recursive] Starting 1 steps of latent thinking
2025-10-27 10:46:45,262 - GPU-5 - DEBUG -       [Latent] Step 1/1
2025-10-27 10:46:45,417 - GPU-5 - DEBUG -       [After Latent Recursive] 1 tokens unmasked
2025-10-27 10:46:45,418 - GPU-5 - INFO -   [Cycle 2]
2025-10-27 10:46:45,418 - GPU-5 - DEBUG -     [Latent Recursive] Starting 1 steps of latent thinking
2025-10-27 10:46:45,462 - GPU-5 - DEBUG -       [Latent] Step 1/1
2025-10-27 10:46:45,617 - GPU-5 - DEBUG -       [After Latent Recursive] 1 tokens unmasked
2025-10-27 10:46:45,617 - GPU-5 - INFO -   [Cycle 3]
2025-10-27 10:46:45,617 - GPU-5 - DEBUG -     [Latent Recursive] Starting 1 steps of latent thinking
2025-10-27 10:46:45,662 - GPU-5 - DEBUG -       [Latent] Step 1/1
2025-10-27 10:46:45,817 - GPU-5 - DEBUG -       [After Latent Recursive] 1 tokens unmasked
2025-10-27 10:46:45,817 - GPU-5 - INFO -   [Cycle 4]
2025-10-27 10:46:45,817 - GPU-5 - DEBUG -     [Latent Recursive] Starting 1 steps of latent thinking
2025-10-27 10:46:45,862 - GPU-5 - DEBUG -       [Latent] Step 1/1
2025-10-27 10:46:46,016 - GPU-5 - DEBUG -       [After Latent Recursive] 1 tokens unmasked
2025-10-27 10:46:46,017 - GPU-5 - INFO -   [Cycle 5]
2025-10-27 10:46:46,017 - GPU-5 - DEBUG -     [Latent Recursive] Starting 1 steps of latent thinking
2025-10-27 10:46:46,061 - GPU-5 - DEBUG -       [Latent] Step 1/1
2025-10-27 10:46:46,216 - GPU-5 - DEBUG -       [After Latent Recursive] 1 tokens unmasked
2025-10-27 10:46:46,216 - GPU-5 - INFO -   [Cycle 6]
2025-10-27 10:46:46,217 - GPU-5 - DEBUG -     [Latent Recursive] Starting 1 steps of latent thinking
2025-10-27 10:46:46,261 - GPU-5 - DEBUG -       [Latent] Step 1/1
2025-10-27 10:46:46,416 - GPU-5 - DEBUG -       [After Latent Recursive] 1 tokens unmasked
2025-10-27 10:46:46,416 - GPU-5 - INFO -   [Cycle 7]
2025-10-27 10:46:46,416 - GPU-5 - DEBUG -     [Latent Recursive] Starting 1 steps of latent thinking
2025-10-27 10:46:46,460 - GPU-5 - DEBUG -       [Latent] Step 1/1
2025-10-27 10:46:46,615 - GPU-5 - DEBUG -       [After Latent Recursive] 1 tokens unmasked
2025-10-27 10:46:46,616 - GPU-5 - INFO -   [Cycle 8]
2025-10-27 10:46:46,616 - GPU-5 - DEBUG -     [Latent Recursive] Starting 1 steps of latent thinking
2025-10-27 10:46:46,660 - GPU-5 - DEBUG -       [Latent] Step 1/1
2025-10-27 10:46:46,815 - GPU-5 - DEBUG -       [After Latent Recursive] 1 tokens unmasked
2025-10-27 10:46:46,816 - GPU-5 - INFO -   [Cycle 9]
2025-10-27 10:46:46,816 - GPU-5 - DEBUG -     [Latent Recursive] Starting 1 steps of latent thinking
2025-10-27 10:46:46,860 - GPU-5 - DEBUG -       [Latent] Step 1/1
2025-10-27 10:46:47,015 - GPU-5 - DEBUG -       [After Latent Recursive] 1 tokens unmasked
2025-10-27 10:46:47,015 - GPU-5 - INFO -   [Cycle 10]
2025-10-27 10:46:47,016 - GPU-5 - DEBUG -     [Latent Recursive] Starting 1 steps of latent thinking
2025-10-27 10:46:47,060 - GPU-5 - DEBUG -       [Latent] Step 1/1
2025-10-27 10:46:47,215 - GPU-5 - DEBUG -       [After Latent Recursive] 1 tokens unmasked
2025-10-27 10:46:47,215 - GPU-5 - INFO -   [Cycle 11]
2025-10-27 10:46:47,216 - GPU-5 - DEBUG -     [Latent Recursive] Starting 1 steps of latent thinking
2025-10-27 10:46:47,260 - GPU-5 - DEBUG -       [Latent] Step 1/1
2025-10-27 10:46:47,415 - GPU-5 - DEBUG -       [After Latent Recursive] 1 tokens unmasked
2025-10-27 10:46:47,415 - GPU-5 - INFO -   [Cycle 12]
2025-10-27 10:46:47,415 - GPU-5 - DEBUG -     [Latent Recursive] Starting 1 steps of latent thinking
2025-10-27 10:46:47,460 - GPU-5 - DEBUG -       [Latent] Step 1/1
2025-10-27 10:46:47,615 - GPU-5 - DEBUG -       [After Latent Recursive] 1 tokens unmasked
2025-10-27 10:46:47,615 - GPU-5 - INFO -   [Cycle 13]
2025-10-27 10:46:47,615 - GPU-5 - DEBUG -     [Latent Recursive] Starting 1 steps of latent thinking
2025-10-27 10:46:47,660 - GPU-5 - DEBUG -       [Latent] Step 1/1
2025-10-27 10:46:47,814 - GPU-5 - DEBUG -       [After Latent Recursive] 1 tokens unmasked
2025-10-27 10:46:47,815 - GPU-5 - INFO -   [Cycle 14]
2025-10-27 10:46:47,815 - GPU-5 - DEBUG -     [Latent Recursive] Starting 1 steps of latent thinking
2025-10-27 10:46:47,859 - GPU-5 - DEBUG -       [Latent] Step 1/1
2025-10-27 10:46:48,014 - GPU-5 - DEBUG -       [After Latent Recursive] 1 tokens unmasked
2025-10-27 10:46:48,014 - GPU-5 - INFO -   [Cycle 15]
2025-10-27 10:46:48,014 - GPU-5 - DEBUG -     [Latent Recursive] Starting 1 steps of latent thinking
2025-10-27 10:46:48,058 - GPU-5 - DEBUG -       [Latent] Step 1/1
2025-10-27 10:46:48,213 - GPU-5 - DEBUG -       [After Latent Recursive] 1 tokens unmasked
2025-10-27 10:46:48,213 - GPU-5 - INFO -   [Cycle 16]
2025-10-27 10:46:48,213 - GPU-5 - DEBUG -     [Latent Recursive] Starting 1 steps of latent thinking
2025-10-27 10:46:48,258 - GPU-5 - DEBUG -       [Latent] Step 1/1
2025-10-27 10:46:48,412 - GPU-5 - DEBUG -       [After Latent Recursive] 1 tokens unmasked
2025-10-27 10:46:48,413 - GPU-5 - INFO -   [Cycle 17]
2025-10-27 10:46:48,413 - GPU-5 - DEBUG -     [Latent Recursive] Starting 1 steps of latent thinking
2025-10-27 10:46:48,457 - GPU-5 - DEBUG -       [Latent] Step 1/1
2025-10-27 10:46:48,612 - GPU-5 - DEBUG -       [After Latent Recursive] 1 tokens unmasked
2025-10-27 10:46:48,612 - GPU-5 - INFO -   [Cycle 18]
2025-10-27 10:46:48,612 - GPU-5 - DEBUG -     [Latent Recursive] Starting 1 steps of latent thinking
2025-10-27 10:46:48,657 - GPU-5 - DEBUG -       [Latent] Step 1/1
2025-10-27 10:46:48,811 - GPU-5 - DEBUG -       [After Latent Recursive] 1 tokens unmasked
2025-10-27 10:46:48,811 - GPU-5 - INFO -   [Cycle 19]
2025-10-27 10:46:48,811 - GPU-5 - DEBUG -     [Latent Recursive] Starting 1 steps of latent thinking
2025-10-27 10:46:48,856 - GPU-5 - DEBUG -       [Latent] Step 1/1
2025-10-27 10:46:49,011 - GPU-5 - DEBUG -       [After Latent Recursive] 1 tokens unmasked
2025-10-27 10:46:49,011 - GPU-5 - INFO -   [Cycle 20]
2025-10-27 10:46:49,011 - GPU-5 - DEBUG -     [Latent Recursive] Starting 1 steps of latent thinking
2025-10-27 10:46:49,055 - GPU-5 - DEBUG -       [Latent] Step 1/1
2025-10-27 10:46:49,210 - GPU-5 - DEBUG -       [After Latent Recursive] 1 tokens unmasked
2025-10-27 10:46:49,211 - GPU-5 - INFO -   [Cycle 21]
2025-10-27 10:46:49,211 - GPU-5 - DEBUG -     [Latent Recursive] Starting 1 steps of latent thinking
2025-10-27 10:46:49,255 - GPU-5 - DEBUG -       [Latent] Step 1/1
2025-10-27 10:46:49,410 - GPU-5 - DEBUG -       [After Latent Recursive] 1 tokens unmasked
2025-10-27 10:46:49,410 - GPU-5 - INFO -   [Cycle 22]
2025-10-27 10:46:49,411 - GPU-5 - DEBUG -     [Latent Recursive] Starting 1 steps of latent thinking
2025-10-27 10:46:49,455 - GPU-5 - DEBUG -       [Latent] Step 1/1
2025-10-27 10:46:49,610 - GPU-5 - DEBUG -       [After Latent Recursive] 1 tokens unmasked
2025-10-27 10:46:49,610 - GPU-5 - INFO -   [Cycle 23]
2025-10-27 10:46:49,611 - GPU-5 - DEBUG -     [Latent Recursive] Starting 1 steps of latent thinking
2025-10-27 10:46:49,655 - GPU-5 - DEBUG -       [Latent] Step 1/1
2025-10-27 10:46:49,810 - GPU-5 - DEBUG -       [After Latent Recursive] 1 tokens unmasked
2025-10-27 10:46:49,810 - GPU-5 - INFO -   [Cycle 24]
2025-10-27 10:46:49,810 - GPU-5 - DEBUG -     [Latent Recursive] Starting 1 steps of latent thinking
2025-10-27 10:46:49,855 - GPU-5 - DEBUG -       [Latent] Step 1/1
2025-10-27 10:46:50,009 - GPU-5 - DEBUG -       [After Latent Recursive] 1 tokens unmasked
2025-10-27 10:46:50,010 - GPU-5 - INFO -   [Cycle 25]
2025-10-27 10:46:50,010 - GPU-5 - DEBUG -     [Latent Recursive] Starting 1 steps of latent thinking
2025-10-27 10:46:50,054 - GPU-5 - DEBUG -       [Latent] Step 1/1
2025-10-27 10:46:50,209 - GPU-5 - DEBUG -       [After Latent Recursive] 1 tokens unmasked
2025-10-27 10:46:50,209 - GPU-5 - INFO -   [Cycle 26]
2025-10-27 10:46:50,209 - GPU-5 - DEBUG -     [Latent Recursive] Starting 1 steps of latent thinking
2025-10-27 10:46:50,254 - GPU-5 - DEBUG -       [Latent] Step 1/1
2025-10-27 10:46:50,408 - GPU-5 - DEBUG -       [After Latent Recursive] 1 tokens unmasked
2025-10-27 10:46:50,408 - GPU-5 - INFO -   [Cycle 27]
2025-10-27 10:46:50,409 - GPU-5 - DEBUG -     [Latent Recursive] Starting 1 steps of latent thinking
2025-10-27 10:46:50,453 - GPU-5 - DEBUG -       [Latent] Step 1/1
2025-10-27 10:46:50,607 - GPU-5 - DEBUG -       [After Latent Recursive] 1 tokens unmasked
2025-10-27 10:46:50,608 - GPU-5 - INFO -   [Cycle 28]
2025-10-27 10:46:50,608 - GPU-5 - DEBUG -     [Latent Recursive] Starting 1 steps of latent thinking
2025-10-27 10:46:50,652 - GPU-5 - DEBUG -       [Latent] Step 1/1
2025-10-27 10:46:50,807 - GPU-5 - DEBUG -       [After Latent Recursive] 1 tokens unmasked
2025-10-27 10:46:50,807 - GPU-5 - INFO -   [Cycle 29]
2025-10-27 10:46:50,807 - GPU-5 - DEBUG -     [Latent Recursive] Starting 1 steps of latent thinking
2025-10-27 10:46:50,852 - GPU-5 - DEBUG -       [Latent] Step 1/1
2025-10-27 10:46:51,006 - GPU-5 - DEBUG -       [After Latent Recursive] 1 tokens unmasked
2025-10-27 10:46:51,006 - GPU-5 - INFO -   [Cycle 30]
2025-10-27 10:46:51,007 - GPU-5 - DEBUG -     [Latent Recursive] Starting 1 steps of latent thinking
2025-10-27 10:46:51,051 - GPU-5 - DEBUG -       [Latent] Step 1/1
2025-10-27 10:46:51,205 - GPU-5 - DEBUG -       [After Latent Recursive] 1 tokens unmasked
2025-10-27 10:46:51,206 - GPU-5 - INFO -   [Cycle 31]
2025-10-27 10:46:51,206 - GPU-5 - DEBUG -     [Latent Recursive] Starting 1 steps of latent thinking
2025-10-27 10:46:51,250 - GPU-5 - DEBUG -       [Latent] Step 1/1
2025-10-27 10:46:51,405 - GPU-5 - DEBUG -       [After Latent Recursive] 1 tokens unmasked
2025-10-27 10:46:51,405 - GPU-5 - INFO - [Block 15/16] Processing tokens 510-542
2025-10-27 10:46:51,405 - GPU-5 - DEBUG - [Block 14] Before forward: use_cache=True, x.shape=torch.Size([1, 574])
2025-10-27 10:46:51,405 - GPU-5 - DEBUG - [Block 14] Model type: LLaDAModelLM
2025-10-27 10:46:51,405 - GPU-5 - DEBUG - [Block 14] Model config use_cache: True
2025-10-27 10:46:51,428 - GPU-5 - DEBUG - [Block 14] After forward: pkv is None? False
2025-10-27 10:46:51,428 - GPU-5 - DEBUG - [Block 14] out type: CausalLMOutputWithPast
2025-10-27 10:46:51,428 - GPU-5 - DEBUG - [Block 14] pkv type: <class 'list'>, len: 32
2025-10-27 10:46:51,428 - GPU-5 - DEBUG - [Block 14] pkv[0] type: <class 'tuple'>, len: 2
2025-10-27 10:46:51,428 - GPU-5 - DEBUG - [Block 14] pkv[0][0].shape: torch.Size([1, 32, 574, 128])
2025-10-27 10:46:51,515 - GPU-5 - INFO -   [Initial Forward] 1 tokens unmasked
2025-10-27 10:46:51,516 - GPU-5 - INFO -   [Cycle 1]
2025-10-27 10:46:51,516 - GPU-5 - DEBUG -     [Latent Recursive] Starting 1 steps of latent thinking
2025-10-27 10:46:51,560 - GPU-5 - DEBUG -       [Latent] Step 1/1
2025-10-27 10:46:51,712 - GPU-5 - DEBUG -       [After Latent Recursive] 1 tokens unmasked
2025-10-27 10:46:51,713 - GPU-5 - INFO -   [Cycle 2]
2025-10-27 10:46:51,713 - GPU-5 - DEBUG -     [Latent Recursive] Starting 1 steps of latent thinking
2025-10-27 10:46:51,757 - GPU-5 - DEBUG -       [Latent] Step 1/1
2025-10-27 10:46:51,910 - GPU-5 - DEBUG -       [After Latent Recursive] 1 tokens unmasked
2025-10-27 10:46:51,910 - GPU-5 - INFO -   [Cycle 3]
2025-10-27 10:46:51,910 - GPU-5 - DEBUG -     [Latent Recursive] Starting 1 steps of latent thinking
2025-10-27 10:46:51,955 - GPU-5 - DEBUG -       [Latent] Step 1/1
2025-10-27 10:46:52,107 - GPU-5 - DEBUG -       [After Latent Recursive] 1 tokens unmasked
2025-10-27 10:46:52,107 - GPU-5 - INFO -   [Cycle 4]
2025-10-27 10:46:52,107 - GPU-5 - DEBUG -     [Latent Recursive] Starting 1 steps of latent thinking
2025-10-27 10:46:52,152 - GPU-5 - DEBUG -       [Latent] Step 1/1
2025-10-27 10:46:52,304 - GPU-5 - DEBUG -       [After Latent Recursive] 1 tokens unmasked
2025-10-27 10:46:52,305 - GPU-5 - INFO -   [Cycle 5]
2025-10-27 10:46:52,305 - GPU-5 - DEBUG -     [Latent Recursive] Starting 1 steps of latent thinking
2025-10-27 10:46:52,350 - GPU-5 - DEBUG -       [Latent] Step 1/1
2025-10-27 10:46:52,502 - GPU-5 - DEBUG -       [After Latent Recursive] 1 tokens unmasked
2025-10-27 10:46:52,502 - GPU-5 - INFO -   [Cycle 6]
2025-10-27 10:46:52,502 - GPU-5 - DEBUG -     [Latent Recursive] Starting 1 steps of latent thinking
2025-10-27 10:46:52,547 - GPU-5 - DEBUG -       [Latent] Step 1/1
2025-10-27 10:46:52,700 - GPU-5 - DEBUG -       [After Latent Recursive] 1 tokens unmasked
2025-10-27 10:46:52,700 - GPU-5 - INFO -   [Cycle 7]
2025-10-27 10:46:52,700 - GPU-5 - DEBUG -     [Latent Recursive] Starting 1 steps of latent thinking
2025-10-27 10:46:52,745 - GPU-5 - DEBUG -       [Latent] Step 1/1
2025-10-27 10:46:52,897 - GPU-5 - DEBUG -       [After Latent Recursive] 1 tokens unmasked
2025-10-27 10:46:52,897 - GPU-5 - INFO -   [Cycle 8]
2025-10-27 10:46:52,897 - GPU-5 - DEBUG -     [Latent Recursive] Starting 1 steps of latent thinking
2025-10-27 10:46:52,942 - GPU-5 - DEBUG -       [Latent] Step 1/1
2025-10-27 10:46:53,094 - GPU-5 - DEBUG -       [After Latent Recursive] 1 tokens unmasked
2025-10-27 10:46:53,094 - GPU-5 - INFO -   [Cycle 9]
2025-10-27 10:46:53,095 - GPU-5 - DEBUG -     [Latent Recursive] Starting 1 steps of latent thinking
2025-10-27 10:46:53,139 - GPU-5 - DEBUG -       [Latent] Step 1/1
2025-10-27 10:46:53,292 - GPU-5 - DEBUG -       [After Latent Recursive] 1 tokens unmasked
2025-10-27 10:46:53,292 - GPU-5 - INFO -   [Cycle 10]
2025-10-27 10:46:53,292 - GPU-5 - DEBUG -     [Latent Recursive] Starting 1 steps of latent thinking
2025-10-27 10:46:53,336 - GPU-5 - DEBUG -       [Latent] Step 1/1
2025-10-27 10:46:53,489 - GPU-5 - DEBUG -       [After Latent Recursive] 1 tokens unmasked
2025-10-27 10:46:53,489 - GPU-5 - INFO -   [Cycle 11]
2025-10-27 10:46:53,489 - GPU-5 - DEBUG -     [Latent Recursive] Starting 1 steps of latent thinking
2025-10-27 10:46:53,533 - GPU-5 - DEBUG -       [Latent] Step 1/1
2025-10-27 10:46:53,686 - GPU-5 - DEBUG -       [After Latent Recursive] 1 tokens unmasked
2025-10-27 10:46:53,686 - GPU-5 - INFO -   [Cycle 12]
2025-10-27 10:46:53,686 - GPU-5 - DEBUG -     [Latent Recursive] Starting 1 steps of latent thinking
2025-10-27 10:46:53,731 - GPU-5 - DEBUG -       [Latent] Step 1/1
2025-10-27 10:46:53,883 - GPU-5 - DEBUG -       [After Latent Recursive] 1 tokens unmasked
2025-10-27 10:46:53,883 - GPU-5 - INFO -   [Cycle 13]
2025-10-27 10:46:53,883 - GPU-5 - DEBUG -     [Latent Recursive] Starting 1 steps of latent thinking
2025-10-27 10:46:53,928 - GPU-5 - DEBUG -       [Latent] Step 1/1
2025-10-27 10:46:54,080 - GPU-5 - DEBUG -       [After Latent Recursive] 1 tokens unmasked
2025-10-27 10:46:54,080 - GPU-5 - INFO -   [Cycle 14]
2025-10-27 10:46:54,080 - GPU-5 - DEBUG -     [Latent Recursive] Starting 1 steps of latent thinking
2025-10-27 10:46:54,125 - GPU-5 - DEBUG -       [Latent] Step 1/1
2025-10-27 10:46:54,277 - GPU-5 - DEBUG -       [After Latent Recursive] 1 tokens unmasked
2025-10-27 10:46:54,277 - GPU-5 - INFO -   [Cycle 15]
2025-10-27 10:46:54,278 - GPU-5 - DEBUG -     [Latent Recursive] Starting 1 steps of latent thinking
2025-10-27 10:46:54,322 - GPU-5 - DEBUG -       [Latent] Step 1/1
2025-10-27 10:46:54,474 - GPU-5 - DEBUG -       [After Latent Recursive] 1 tokens unmasked
2025-10-27 10:46:54,474 - GPU-5 - INFO -   [Cycle 16]
2025-10-27 10:46:54,475 - GPU-5 - DEBUG -     [Latent Recursive] Starting 1 steps of latent thinking
2025-10-27 10:46:54,519 - GPU-5 - DEBUG -       [Latent] Step 1/1
2025-10-27 10:46:54,672 - GPU-5 - DEBUG -       [After Latent Recursive] 1 tokens unmasked
2025-10-27 10:46:54,672 - GPU-5 - INFO -   [Cycle 17]
2025-10-27 10:46:54,672 - GPU-5 - DEBUG -     [Latent Recursive] Starting 1 steps of latent thinking
2025-10-27 10:46:54,717 - GPU-5 - DEBUG -       [Latent] Step 1/1
2025-10-27 10:46:54,869 - GPU-5 - DEBUG -       [After Latent Recursive] 1 tokens unmasked
2025-10-27 10:46:54,869 - GPU-5 - INFO -   [Cycle 18]
2025-10-27 10:46:54,869 - GPU-5 - DEBUG -     [Latent Recursive] Starting 1 steps of latent thinking
2025-10-27 10:46:54,914 - GPU-5 - DEBUG -       [Latent] Step 1/1
2025-10-27 10:46:55,067 - GPU-5 - DEBUG -       [After Latent Recursive] 1 tokens unmasked
2025-10-27 10:46:55,067 - GPU-5 - INFO -   [Cycle 19]
2025-10-27 10:46:55,067 - GPU-5 - DEBUG -     [Latent Recursive] Starting 1 steps of latent thinking
2025-10-27 10:46:55,112 - GPU-5 - DEBUG -       [Latent] Step 1/1
2025-10-27 10:46:55,264 - GPU-5 - DEBUG -       [After Latent Recursive] 1 tokens unmasked
2025-10-27 10:46:55,264 - GPU-5 - INFO -   [Cycle 20]
2025-10-27 10:46:55,265 - GPU-5 - DEBUG -     [Latent Recursive] Starting 1 steps of latent thinking
2025-10-27 10:46:55,309 - GPU-5 - DEBUG -       [Latent] Step 1/1
2025-10-27 10:46:55,461 - GPU-5 - DEBUG -       [After Latent Recursive] 1 tokens unmasked
2025-10-27 10:46:55,462 - GPU-5 - INFO -   [Cycle 21]
2025-10-27 10:46:55,462 - GPU-5 - DEBUG -     [Latent Recursive] Starting 1 steps of latent thinking
2025-10-27 10:46:55,506 - GPU-5 - DEBUG -       [Latent] Step 1/1
2025-10-27 10:46:55,659 - GPU-5 - DEBUG -       [After Latent Recursive] 1 tokens unmasked
2025-10-27 10:46:55,659 - GPU-5 - INFO -   [Cycle 22]
2025-10-27 10:46:55,659 - GPU-5 - DEBUG -     [Latent Recursive] Starting 1 steps of latent thinking
2025-10-27 10:46:55,704 - GPU-5 - DEBUG -       [Latent] Step 1/1
2025-10-27 10:46:55,856 - GPU-5 - DEBUG -       [After Latent Recursive] 1 tokens unmasked
2025-10-27 10:46:55,856 - GPU-5 - INFO -   [Cycle 23]
2025-10-27 10:46:55,856 - GPU-5 - DEBUG -     [Latent Recursive] Starting 1 steps of latent thinking
2025-10-27 10:46:55,901 - GPU-5 - DEBUG -       [Latent] Step 1/1
2025-10-27 10:46:56,053 - GPU-5 - DEBUG -       [After Latent Recursive] 1 tokens unmasked
2025-10-27 10:46:56,053 - GPU-5 - INFO -   [Cycle 24]
2025-10-27 10:46:56,053 - GPU-5 - DEBUG -     [Latent Recursive] Starting 1 steps of latent thinking
2025-10-27 10:46:56,098 - GPU-5 - DEBUG -       [Latent] Step 1/1
2025-10-27 10:46:56,251 - GPU-5 - DEBUG -       [After Latent Recursive] 1 tokens unmasked
2025-10-27 10:46:56,251 - GPU-5 - INFO -   [Cycle 25]
2025-10-27 10:46:56,251 - GPU-5 - DEBUG -     [Latent Recursive] Starting 1 steps of latent thinking
2025-10-27 10:46:56,296 - GPU-5 - DEBUG -       [Latent] Step 1/1
2025-10-27 10:46:56,448 - GPU-5 - DEBUG -       [After Latent Recursive] 1 tokens unmasked
2025-10-27 10:46:56,449 - GPU-5 - INFO -   [Cycle 26]
2025-10-27 10:46:56,449 - GPU-5 - DEBUG -     [Latent Recursive] Starting 1 steps of latent thinking
2025-10-27 10:46:56,493 - GPU-5 - DEBUG -       [Latent] Step 1/1
2025-10-27 10:46:56,646 - GPU-5 - DEBUG -       [After Latent Recursive] 1 tokens unmasked
2025-10-27 10:46:56,646 - GPU-5 - INFO -   [Cycle 27]
2025-10-27 10:46:56,646 - GPU-5 - DEBUG -     [Latent Recursive] Starting 1 steps of latent thinking
2025-10-27 10:46:56,691 - GPU-5 - DEBUG -       [Latent] Step 1/1
2025-10-27 10:46:56,843 - GPU-5 - DEBUG -       [After Latent Recursive] 1 tokens unmasked
2025-10-27 10:46:56,843 - GPU-5 - INFO -   [Cycle 28]
2025-10-27 10:46:56,843 - GPU-5 - DEBUG -     [Latent Recursive] Starting 1 steps of latent thinking
2025-10-27 10:46:56,888 - GPU-5 - DEBUG -       [Latent] Step 1/1
2025-10-27 10:46:57,040 - GPU-5 - DEBUG -       [After Latent Recursive] 1 tokens unmasked
2025-10-27 10:46:57,040 - GPU-5 - INFO -   [Cycle 29]
2025-10-27 10:46:57,040 - GPU-5 - DEBUG -     [Latent Recursive] Starting 1 steps of latent thinking
2025-10-27 10:46:57,085 - GPU-5 - DEBUG -       [Latent] Step 1/1
2025-10-27 10:46:57,237 - GPU-5 - DEBUG -       [After Latent Recursive] 1 tokens unmasked
2025-10-27 10:46:57,237 - GPU-5 - INFO -   [Cycle 30]
2025-10-27 10:46:57,237 - GPU-5 - DEBUG -     [Latent Recursive] Starting 1 steps of latent thinking
2025-10-27 10:46:57,282 - GPU-5 - DEBUG -       [Latent] Step 1/1
2025-10-27 10:46:57,435 - GPU-5 - DEBUG -       [After Latent Recursive] 1 tokens unmasked
2025-10-27 10:46:57,435 - GPU-5 - INFO -   [Cycle 31]
2025-10-27 10:46:57,435 - GPU-5 - DEBUG -     [Latent Recursive] Starting 1 steps of latent thinking
2025-10-27 10:46:57,479 - GPU-5 - DEBUG -       [Latent] Step 1/1
2025-10-27 10:46:57,632 - GPU-5 - DEBUG -       [After Latent Recursive] 1 tokens unmasked
2025-10-27 10:46:57,632 - GPU-5 - INFO - [Block 16/16] Processing tokens 542-574
2025-10-27 10:46:57,632 - GPU-5 - DEBUG - [Block 15] Before forward: use_cache=True, x.shape=torch.Size([1, 574])
2025-10-27 10:46:57,632 - GPU-5 - DEBUG - [Block 15] Model type: LLaDAModelLM
2025-10-27 10:46:57,632 - GPU-5 - DEBUG - [Block 15] Model config use_cache: True
2025-10-27 10:46:57,655 - GPU-5 - DEBUG - [Block 15] After forward: pkv is None? False
2025-10-27 10:46:57,655 - GPU-5 - DEBUG - [Block 15] out type: CausalLMOutputWithPast
2025-10-27 10:46:57,655 - GPU-5 - DEBUG - [Block 15] pkv type: <class 'list'>, len: 32
2025-10-27 10:46:57,655 - GPU-5 - DEBUG - [Block 15] pkv[0] type: <class 'tuple'>, len: 2
2025-10-27 10:46:57,655 - GPU-5 - DEBUG - [Block 15] pkv[0][0].shape: torch.Size([1, 32, 574, 128])
2025-10-27 10:46:57,742 - GPU-5 - INFO -   [Initial Forward] 1 tokens unmasked
2025-10-27 10:46:57,743 - GPU-5 - INFO -   [Cycle 1]
2025-10-27 10:46:57,743 - GPU-5 - DEBUG -     [Latent Recursive] Starting 1 steps of latent thinking
2025-10-27 10:46:57,787 - GPU-5 - DEBUG -       [Latent] Step 1/1
2025-10-27 10:46:57,939 - GPU-5 - DEBUG -       [After Latent Recursive] 1 tokens unmasked
2025-10-27 10:46:57,939 - GPU-5 - INFO -   [Cycle 2]
2025-10-27 10:46:57,940 - GPU-5 - DEBUG -     [Latent Recursive] Starting 1 steps of latent thinking
2025-10-27 10:46:57,984 - GPU-5 - DEBUG -       [Latent] Step 1/1
2025-10-27 10:46:58,135 - GPU-5 - DEBUG -       [After Latent Recursive] 1 tokens unmasked
2025-10-27 10:46:58,136 - GPU-5 - INFO -   [Cycle 3]
2025-10-27 10:46:58,136 - GPU-5 - DEBUG -     [Latent Recursive] Starting 1 steps of latent thinking
2025-10-27 10:46:58,180 - GPU-5 - DEBUG -       [Latent] Step 1/1
2025-10-27 10:46:58,332 - GPU-5 - DEBUG -       [After Latent Recursive] 1 tokens unmasked
2025-10-27 10:46:58,332 - GPU-5 - INFO -   [Cycle 4]
2025-10-27 10:46:58,332 - GPU-5 - DEBUG -     [Latent Recursive] Starting 1 steps of latent thinking
2025-10-27 10:46:58,377 - GPU-5 - DEBUG -       [Latent] Step 1/1
2025-10-27 10:46:58,528 - GPU-5 - DEBUG -       [After Latent Recursive] 1 tokens unmasked
2025-10-27 10:46:58,528 - GPU-5 - INFO -   [Cycle 5]
2025-10-27 10:46:58,529 - GPU-5 - DEBUG -     [Latent Recursive] Starting 1 steps of latent thinking
2025-10-27 10:46:58,573 - GPU-5 - DEBUG -       [Latent] Step 1/1
2025-10-27 10:46:58,724 - GPU-5 - DEBUG -       [After Latent Recursive] 1 tokens unmasked
2025-10-27 10:46:58,725 - GPU-5 - INFO -   [Cycle 6]
2025-10-27 10:46:58,725 - GPU-5 - DEBUG -     [Latent Recursive] Starting 1 steps of latent thinking
2025-10-27 10:46:58,769 - GPU-5 - DEBUG -       [Latent] Step 1/1
2025-10-27 10:46:58,920 - GPU-5 - DEBUG -       [After Latent Recursive] 1 tokens unmasked
2025-10-27 10:46:58,921 - GPU-5 - INFO -   [Cycle 7]
2025-10-27 10:46:58,921 - GPU-5 - DEBUG -     [Latent Recursive] Starting 1 steps of latent thinking
2025-10-27 10:46:58,965 - GPU-5 - DEBUG -       [Latent] Step 1/1
2025-10-27 10:46:59,117 - GPU-5 - DEBUG -       [After Latent Recursive] 1 tokens unmasked
2025-10-27 10:46:59,117 - GPU-5 - INFO -   [Cycle 8]
2025-10-27 10:46:59,117 - GPU-5 - DEBUG -     [Latent Recursive] Starting 1 steps of latent thinking
2025-10-27 10:46:59,161 - GPU-5 - DEBUG -       [Latent] Step 1/1
2025-10-27 10:46:59,313 - GPU-5 - DEBUG -       [After Latent Recursive] 1 tokens unmasked
2025-10-27 10:46:59,313 - GPU-5 - INFO -   [Cycle 9]
2025-10-27 10:46:59,313 - GPU-5 - DEBUG -     [Latent Recursive] Starting 1 steps of latent thinking
2025-10-27 10:46:59,358 - GPU-5 - DEBUG -       [Latent] Step 1/1
2025-10-27 10:46:59,509 - GPU-5 - DEBUG -       [After Latent Recursive] 1 tokens unmasked
2025-10-27 10:46:59,509 - GPU-5 - INFO -   [Cycle 10]
2025-10-27 10:46:59,509 - GPU-5 - DEBUG -     [Latent Recursive] Starting 1 steps of latent thinking
2025-10-27 10:46:59,554 - GPU-5 - DEBUG -       [Latent] Step 1/1
2025-10-27 10:46:59,705 - GPU-5 - DEBUG -       [After Latent Recursive] 1 tokens unmasked
2025-10-27 10:46:59,705 - GPU-5 - INFO -   [Cycle 11]
2025-10-27 10:46:59,705 - GPU-5 - DEBUG -     [Latent Recursive] Starting 1 steps of latent thinking
2025-10-27 10:46:59,750 - GPU-5 - DEBUG -       [Latent] Step 1/1
2025-10-27 10:46:59,901 - GPU-5 - DEBUG -       [After Latent Recursive] 1 tokens unmasked
2025-10-27 10:46:59,901 - GPU-5 - INFO -   [Cycle 12]
2025-10-27 10:46:59,902 - GPU-5 - DEBUG -     [Latent Recursive] Starting 1 steps of latent thinking
2025-10-27 10:46:59,946 - GPU-5 - DEBUG -       [Latent] Step 1/1
2025-10-27 10:47:00,097 - GPU-5 - DEBUG -       [After Latent Recursive] 1 tokens unmasked
2025-10-27 10:47:00,098 - GPU-5 - INFO -   [Cycle 13]
2025-10-27 10:47:00,098 - GPU-5 - DEBUG -     [Latent Recursive] Starting 1 steps of latent thinking
2025-10-27 10:47:00,142 - GPU-5 - DEBUG -       [Latent] Step 1/1
2025-10-27 10:47:00,294 - GPU-5 - DEBUG -       [After Latent Recursive] 1 tokens unmasked
2025-10-27 10:47:00,294 - GPU-5 - INFO -   [Cycle 14]
2025-10-27 10:47:00,294 - GPU-5 - DEBUG -     [Latent Recursive] Starting 1 steps of latent thinking
2025-10-27 10:47:00,338 - GPU-5 - DEBUG -       [Latent] Step 1/1
2025-10-27 10:47:00,490 - GPU-5 - DEBUG -       [After Latent Recursive] 1 tokens unmasked
2025-10-27 10:47:00,490 - GPU-5 - INFO -   [Cycle 15]
2025-10-27 10:47:00,490 - GPU-5 - DEBUG -     [Latent Recursive] Starting 1 steps of latent thinking
2025-10-27 10:47:00,534 - GPU-5 - DEBUG -       [Latent] Step 1/1
2025-10-27 10:47:00,685 - GPU-5 - DEBUG -       [After Latent Recursive] 1 tokens unmasked
2025-10-27 10:47:00,686 - GPU-5 - INFO -   [Cycle 16]
2025-10-27 10:47:00,686 - GPU-5 - DEBUG -     [Latent Recursive] Starting 1 steps of latent thinking
2025-10-27 10:47:00,730 - GPU-5 - DEBUG -       [Latent] Step 1/1
2025-10-27 10:47:00,882 - GPU-5 - DEBUG -       [After Latent Recursive] 1 tokens unmasked
2025-10-27 10:47:00,882 - GPU-5 - INFO -   [Cycle 17]
2025-10-27 10:47:00,882 - GPU-5 - DEBUG -     [Latent Recursive] Starting 1 steps of latent thinking
2025-10-27 10:47:00,927 - GPU-5 - DEBUG -       [Latent] Step 1/1
2025-10-27 10:47:01,078 - GPU-5 - DEBUG -       [After Latent Recursive] 1 tokens unmasked
2025-10-27 10:47:01,078 - GPU-5 - INFO -   [Cycle 18]
2025-10-27 10:47:01,078 - GPU-5 - DEBUG -     [Latent Recursive] Starting 1 steps of latent thinking
2025-10-27 10:47:01,123 - GPU-5 - DEBUG -       [Latent] Step 1/1
2025-10-27 10:47:01,274 - GPU-5 - DEBUG -       [After Latent Recursive] 1 tokens unmasked
2025-10-27 10:47:01,275 - GPU-5 - INFO -   [Cycle 19]
2025-10-27 10:47:01,275 - GPU-5 - DEBUG -     [Latent Recursive] Starting 1 steps of latent thinking
2025-10-27 10:47:01,319 - GPU-5 - DEBUG -       [Latent] Step 1/1
2025-10-27 10:47:01,471 - GPU-5 - DEBUG -       [After Latent Recursive] 1 tokens unmasked
2025-10-27 10:47:01,471 - GPU-5 - INFO -   [Cycle 20]
2025-10-27 10:47:01,471 - GPU-5 - DEBUG -     [Latent Recursive] Starting 1 steps of latent thinking
2025-10-27 10:47:01,516 - GPU-5 - DEBUG -       [Latent] Step 1/1
2025-10-27 10:47:01,667 - GPU-5 - DEBUG -       [After Latent Recursive] 1 tokens unmasked
2025-10-27 10:47:01,668 - GPU-5 - INFO -   [Cycle 21]
2025-10-27 10:47:01,668 - GPU-5 - DEBUG -     [Latent Recursive] Starting 1 steps of latent thinking
2025-10-27 10:47:01,712 - GPU-5 - DEBUG -       [Latent] Step 1/1
2025-10-27 10:47:01,863 - GPU-5 - DEBUG -       [After Latent Recursive] 1 tokens unmasked
2025-10-27 10:47:01,863 - GPU-5 - INFO -   [Cycle 22]
2025-10-27 10:47:01,864 - GPU-5 - DEBUG -     [Latent Recursive] Starting 1 steps of latent thinking
2025-10-27 10:47:01,908 - GPU-5 - DEBUG -       [Latent] Step 1/1
2025-10-27 10:47:02,059 - GPU-5 - DEBUG -       [After Latent Recursive] 1 tokens unmasked
2025-10-27 10:47:02,060 - GPU-5 - INFO -   [Cycle 23]
2025-10-27 10:47:02,060 - GPU-5 - DEBUG -     [Latent Recursive] Starting 1 steps of latent thinking
2025-10-27 10:47:02,105 - GPU-5 - DEBUG -       [Latent] Step 1/1
2025-10-27 10:47:02,256 - GPU-5 - DEBUG -       [After Latent Recursive] 1 tokens unmasked
2025-10-27 10:47:02,256 - GPU-5 - INFO -   [Cycle 24]
2025-10-27 10:47:02,256 - GPU-5 - DEBUG -     [Latent Recursive] Starting 1 steps of latent thinking
2025-10-27 10:47:02,301 - GPU-5 - DEBUG -       [Latent] Step 1/1
2025-10-27 10:47:02,452 - GPU-5 - DEBUG -       [After Latent Recursive] 1 tokens unmasked
2025-10-27 10:47:02,452 - GPU-5 - INFO -   [Cycle 25]
2025-10-27 10:47:02,452 - GPU-5 - DEBUG -     [Latent Recursive] Starting 1 steps of latent thinking
2025-10-27 10:47:02,497 - GPU-5 - DEBUG -       [Latent] Step 1/1
2025-10-27 10:47:02,649 - GPU-5 - DEBUG -       [After Latent Recursive] 1 tokens unmasked
2025-10-27 10:47:02,649 - GPU-5 - INFO -   [Cycle 26]
2025-10-27 10:47:02,650 - GPU-5 - DEBUG -     [Latent Recursive] Starting 1 steps of latent thinking
2025-10-27 10:47:02,694 - GPU-5 - DEBUG -       [Latent] Step 1/1
2025-10-27 10:47:02,846 - GPU-5 - DEBUG -       [After Latent Recursive] 1 tokens unmasked
2025-10-27 10:47:02,846 - GPU-5 - INFO -   [Cycle 27]
2025-10-27 10:47:02,847 - GPU-5 - DEBUG -     [Latent Recursive] Starting 1 steps of latent thinking
2025-10-27 10:47:02,891 - GPU-5 - DEBUG -       [Latent] Step 1/1
2025-10-27 10:47:03,043 - GPU-5 - DEBUG -       [After Latent Recursive] 1 tokens unmasked
2025-10-27 10:47:03,043 - GPU-5 - INFO -   [Cycle 28]
2025-10-27 10:47:03,043 - GPU-5 - DEBUG -     [Latent Recursive] Starting 1 steps of latent thinking
2025-10-27 10:47:03,088 - GPU-5 - DEBUG -       [Latent] Step 1/1
2025-10-27 10:47:03,240 - GPU-5 - DEBUG -       [After Latent Recursive] 1 tokens unmasked
2025-10-27 10:47:03,240 - GPU-5 - INFO -   [Cycle 29]
2025-10-27 10:47:03,241 - GPU-5 - DEBUG -     [Latent Recursive] Starting 1 steps of latent thinking
2025-10-27 10:47:03,285 - GPU-5 - DEBUG -       [Latent] Step 1/1
2025-10-27 10:47:03,437 - GPU-5 - DEBUG -       [After Latent Recursive] 1 tokens unmasked
2025-10-27 10:47:03,437 - GPU-5 - INFO -   [Cycle 30]
2025-10-27 10:47:03,438 - GPU-5 - DEBUG -     [Latent Recursive] Starting 1 steps of latent thinking
2025-10-27 10:47:03,482 - GPU-5 - DEBUG -       [Latent] Step 1/1
2025-10-27 10:47:03,634 - GPU-5 - DEBUG -       [After Latent Recursive] 1 tokens unmasked
2025-10-27 10:47:03,635 - GPU-5 - INFO -   [Cycle 31]
2025-10-27 10:47:03,635 - GPU-5 - DEBUG -     [Latent Recursive] Starting 1 steps of latent thinking
2025-10-27 10:47:03,679 - GPU-5 - DEBUG -       [Latent] Step 1/1
2025-10-27 10:47:03,831 - GPU-5 - DEBUG -       [After Latent Recursive] 1 tokens unmasked
