2025-10-27 10:41:50,451 - GPU-1 - INFO - [GPU 1] Loaded freeze config from metadata.json: freeze_first_half_layers=False, trainable_layer_start_idx=0
2025-10-27 10:41:50,693 - GPU-1 - INFO - === Starting generate_with_prefix_cache ===
2025-10-27 10:41:50,693 - GPU-1 - INFO - use_cache=True, R=1, N=1
2025-10-27 10:41:50,698 - GPU-1 - INFO - [Block 1/16] Processing tokens 124-156
2025-10-27 10:41:50,698 - GPU-1 - DEBUG - [Block 0] Before forward: use_cache=True, x.shape=torch.Size([1, 636])
2025-10-27 10:41:50,698 - GPU-1 - DEBUG - [Block 0] Model type: LLaDAModelLM
2025-10-27 10:41:50,698 - GPU-1 - DEBUG - [Block 0] Model config use_cache: True
2025-10-27 10:41:51,011 - GPU-1 - DEBUG - [Block 0] After forward: pkv is None? False
2025-10-27 10:41:51,011 - GPU-1 - DEBUG - [Block 0] out type: CausalLMOutputWithPast
2025-10-27 10:41:51,011 - GPU-1 - DEBUG - [Block 0] pkv type: <class 'list'>, len: 32
2025-10-27 10:41:51,011 - GPU-1 - DEBUG - [Block 0] pkv[0] type: <class 'tuple'>, len: 2
2025-10-27 10:41:51,011 - GPU-1 - DEBUG - [Block 0] pkv[0][0].shape: torch.Size([1, 32, 636, 128])
2025-10-27 10:41:51,122 - GPU-1 - INFO -   [Initial Forward] 2 tokens unmasked
2025-10-27 10:41:51,123 - GPU-1 - INFO -   [Cycle 1]
2025-10-27 10:41:51,123 - GPU-1 - DEBUG -     [Latent Recursive] Starting 1 steps of latent thinking
2025-10-27 10:41:51,232 - GPU-1 - DEBUG -       [Latent] Step 1/1
2025-10-27 10:41:51,419 - GPU-1 - DEBUG -       [After Latent Recursive] 2 tokens unmasked
2025-10-27 10:41:51,420 - GPU-1 - INFO -   [Cycle 2]
2025-10-27 10:41:51,420 - GPU-1 - DEBUG -     [Latent Recursive] Starting 1 steps of latent thinking
2025-10-27 10:41:51,468 - GPU-1 - DEBUG -       [Latent] Step 1/1
2025-10-27 10:41:51,656 - GPU-1 - DEBUG -       [After Latent Recursive] 2 tokens unmasked
2025-10-27 10:41:51,656 - GPU-1 - INFO -   [Cycle 3]
2025-10-27 10:41:51,656 - GPU-1 - DEBUG -     [Latent Recursive] Starting 1 steps of latent thinking
2025-10-27 10:41:51,705 - GPU-1 - DEBUG -       [Latent] Step 1/1
2025-10-27 10:41:51,892 - GPU-1 - DEBUG -       [After Latent Recursive] 2 tokens unmasked
2025-10-27 10:41:51,892 - GPU-1 - INFO -   [Cycle 4]
2025-10-27 10:41:51,892 - GPU-1 - DEBUG -     [Latent Recursive] Starting 1 steps of latent thinking
2025-10-27 10:41:51,941 - GPU-1 - DEBUG -       [Latent] Step 1/1
2025-10-27 10:41:52,128 - GPU-1 - DEBUG -       [After Latent Recursive] 2 tokens unmasked
2025-10-27 10:41:52,128 - GPU-1 - INFO -   [Cycle 5]
2025-10-27 10:41:52,128 - GPU-1 - DEBUG -     [Latent Recursive] Starting 1 steps of latent thinking
2025-10-27 10:41:52,177 - GPU-1 - DEBUG -       [Latent] Step 1/1
2025-10-27 10:41:52,364 - GPU-1 - DEBUG -       [After Latent Recursive] 2 tokens unmasked
2025-10-27 10:41:52,364 - GPU-1 - INFO -   [Cycle 6]
2025-10-27 10:41:52,365 - GPU-1 - DEBUG -     [Latent Recursive] Starting 1 steps of latent thinking
2025-10-27 10:41:52,413 - GPU-1 - DEBUG -       [Latent] Step 1/1
2025-10-27 10:41:52,600 - GPU-1 - DEBUG -       [After Latent Recursive] 2 tokens unmasked
2025-10-27 10:41:52,601 - GPU-1 - INFO -   [Cycle 7]
2025-10-27 10:41:52,601 - GPU-1 - DEBUG -     [Latent Recursive] Starting 1 steps of latent thinking
2025-10-27 10:41:52,649 - GPU-1 - DEBUG -       [Latent] Step 1/1
2025-10-27 10:41:52,836 - GPU-1 - DEBUG -       [After Latent Recursive] 2 tokens unmasked
2025-10-27 10:41:52,837 - GPU-1 - INFO -   [Cycle 8]
2025-10-27 10:41:52,837 - GPU-1 - DEBUG -     [Latent Recursive] Starting 1 steps of latent thinking
2025-10-27 10:41:52,885 - GPU-1 - DEBUG -       [Latent] Step 1/1
2025-10-27 10:41:53,071 - GPU-1 - DEBUG -       [After Latent Recursive] 2 tokens unmasked
2025-10-27 10:41:53,072 - GPU-1 - INFO -   [Cycle 9]
2025-10-27 10:41:53,072 - GPU-1 - DEBUG -     [Latent Recursive] Starting 1 steps of latent thinking
2025-10-27 10:41:53,121 - GPU-1 - DEBUG -       [Latent] Step 1/1
2025-10-27 10:41:53,307 - GPU-1 - DEBUG -       [After Latent Recursive] 2 tokens unmasked
2025-10-27 10:41:53,308 - GPU-1 - INFO -   [Cycle 10]
2025-10-27 10:41:53,308 - GPU-1 - DEBUG -     [Latent Recursive] Starting 1 steps of latent thinking
2025-10-27 10:41:53,356 - GPU-1 - DEBUG -       [Latent] Step 1/1
2025-10-27 10:41:53,542 - GPU-1 - DEBUG -       [After Latent Recursive] 2 tokens unmasked
2025-10-27 10:41:53,543 - GPU-1 - INFO -   [Cycle 11]
2025-10-27 10:41:53,543 - GPU-1 - DEBUG -     [Latent Recursive] Starting 1 steps of latent thinking
2025-10-27 10:41:53,591 - GPU-1 - DEBUG -       [Latent] Step 1/1
2025-10-27 10:41:53,778 - GPU-1 - DEBUG -       [After Latent Recursive] 2 tokens unmasked
2025-10-27 10:41:53,778 - GPU-1 - INFO -   [Cycle 12]
2025-10-27 10:41:53,778 - GPU-1 - DEBUG -     [Latent Recursive] Starting 1 steps of latent thinking
2025-10-27 10:41:53,827 - GPU-1 - DEBUG -       [Latent] Step 1/1
2025-10-27 10:41:54,013 - GPU-1 - DEBUG -       [After Latent Recursive] 2 tokens unmasked
2025-10-27 10:41:54,013 - GPU-1 - INFO -   [Cycle 13]
2025-10-27 10:41:54,014 - GPU-1 - DEBUG -     [Latent Recursive] Starting 1 steps of latent thinking
2025-10-27 10:41:54,062 - GPU-1 - DEBUG -       [Latent] Step 1/1
2025-10-27 10:41:54,248 - GPU-1 - DEBUG -       [After Latent Recursive] 2 tokens unmasked
2025-10-27 10:41:54,249 - GPU-1 - INFO -   [Cycle 14]
2025-10-27 10:41:54,249 - GPU-1 - DEBUG -     [Latent Recursive] Starting 1 steps of latent thinking
2025-10-27 10:41:54,297 - GPU-1 - DEBUG -       [Latent] Step 1/1
2025-10-27 10:41:54,484 - GPU-1 - DEBUG -       [After Latent Recursive] 2 tokens unmasked
2025-10-27 10:41:54,484 - GPU-1 - INFO -   [Cycle 15]
2025-10-27 10:41:54,484 - GPU-1 - DEBUG -     [Latent Recursive] Starting 1 steps of latent thinking
2025-10-27 10:41:54,533 - GPU-1 - DEBUG -       [Latent] Step 1/1
2025-10-27 10:41:54,719 - GPU-1 - DEBUG -       [After Latent Recursive] 2 tokens unmasked
2025-10-27 10:41:54,719 - GPU-1 - INFO - [Block 2/16] Processing tokens 156-188
2025-10-27 10:41:54,720 - GPU-1 - DEBUG - [Block 1] Before forward: use_cache=True, x.shape=torch.Size([1, 636])
2025-10-27 10:41:54,720 - GPU-1 - DEBUG - [Block 1] Model type: LLaDAModelLM
2025-10-27 10:41:54,720 - GPU-1 - DEBUG - [Block 1] Model config use_cache: True
2025-10-27 10:41:54,744 - GPU-1 - DEBUG - [Block 1] After forward: pkv is None? False
2025-10-27 10:41:54,744 - GPU-1 - DEBUG - [Block 1] out type: CausalLMOutputWithPast
2025-10-27 10:41:54,744 - GPU-1 - DEBUG - [Block 1] pkv type: <class 'list'>, len: 32
2025-10-27 10:41:54,744 - GPU-1 - DEBUG - [Block 1] pkv[0] type: <class 'tuple'>, len: 2
2025-10-27 10:41:54,744 - GPU-1 - DEBUG - [Block 1] pkv[0][0].shape: torch.Size([1, 32, 636, 128])
2025-10-27 10:41:54,838 - GPU-1 - INFO -   [Initial Forward] 2 tokens unmasked
2025-10-27 10:41:54,839 - GPU-1 - INFO -   [Cycle 1]
2025-10-27 10:41:54,839 - GPU-1 - DEBUG -     [Latent Recursive] Starting 1 steps of latent thinking
2025-10-27 10:41:54,888 - GPU-1 - DEBUG -       [Latent] Step 1/1
2025-10-27 10:41:55,074 - GPU-1 - DEBUG -       [After Latent Recursive] 2 tokens unmasked
2025-10-27 10:41:55,074 - GPU-1 - INFO -   [Cycle 2]
2025-10-27 10:41:55,075 - GPU-1 - DEBUG -     [Latent Recursive] Starting 1 steps of latent thinking
2025-10-27 10:41:55,123 - GPU-1 - DEBUG -       [Latent] Step 1/1
2025-10-27 10:41:55,309 - GPU-1 - DEBUG -       [After Latent Recursive] 2 tokens unmasked
2025-10-27 10:41:55,309 - GPU-1 - INFO -   [Cycle 3]
2025-10-27 10:41:55,309 - GPU-1 - DEBUG -     [Latent Recursive] Starting 1 steps of latent thinking
2025-10-27 10:41:55,358 - GPU-1 - DEBUG -       [Latent] Step 1/1
2025-10-27 10:41:55,544 - GPU-1 - DEBUG -       [After Latent Recursive] 2 tokens unmasked
2025-10-27 10:41:55,544 - GPU-1 - INFO -   [Cycle 4]
2025-10-27 10:41:55,544 - GPU-1 - DEBUG -     [Latent Recursive] Starting 1 steps of latent thinking
2025-10-27 10:41:55,593 - GPU-1 - DEBUG -       [Latent] Step 1/1
2025-10-27 10:41:55,779 - GPU-1 - DEBUG -       [After Latent Recursive] 2 tokens unmasked
2025-10-27 10:41:55,779 - GPU-1 - INFO -   [Cycle 5]
2025-10-27 10:41:55,779 - GPU-1 - DEBUG -     [Latent Recursive] Starting 1 steps of latent thinking
2025-10-27 10:41:55,827 - GPU-1 - DEBUG -       [Latent] Step 1/1
2025-10-27 10:41:56,013 - GPU-1 - DEBUG -       [After Latent Recursive] 2 tokens unmasked
2025-10-27 10:41:56,014 - GPU-1 - INFO -   [Cycle 6]
2025-10-27 10:41:56,014 - GPU-1 - DEBUG -     [Latent Recursive] Starting 1 steps of latent thinking
2025-10-27 10:41:56,062 - GPU-1 - DEBUG -       [Latent] Step 1/1
2025-10-27 10:41:56,248 - GPU-1 - DEBUG -       [After Latent Recursive] 2 tokens unmasked
2025-10-27 10:41:56,248 - GPU-1 - INFO -   [Cycle 7]
2025-10-27 10:41:56,248 - GPU-1 - DEBUG -     [Latent Recursive] Starting 1 steps of latent thinking
2025-10-27 10:41:56,297 - GPU-1 - DEBUG -       [Latent] Step 1/1
2025-10-27 10:41:56,483 - GPU-1 - DEBUG -       [After Latent Recursive] 2 tokens unmasked
2025-10-27 10:41:56,483 - GPU-1 - INFO -   [Cycle 8]
2025-10-27 10:41:56,483 - GPU-1 - DEBUG -     [Latent Recursive] Starting 1 steps of latent thinking
2025-10-27 10:41:56,532 - GPU-1 - DEBUG -       [Latent] Step 1/1
2025-10-27 10:41:56,717 - GPU-1 - DEBUG -       [After Latent Recursive] 2 tokens unmasked
2025-10-27 10:41:56,717 - GPU-1 - INFO -   [Cycle 9]
2025-10-27 10:41:56,718 - GPU-1 - DEBUG -     [Latent Recursive] Starting 1 steps of latent thinking
2025-10-27 10:41:56,766 - GPU-1 - DEBUG -       [Latent] Step 1/1
2025-10-27 10:41:56,952 - GPU-1 - DEBUG -       [After Latent Recursive] 2 tokens unmasked
2025-10-27 10:41:56,952 - GPU-1 - INFO -   [Cycle 10]
2025-10-27 10:41:56,952 - GPU-1 - DEBUG -     [Latent Recursive] Starting 1 steps of latent thinking
2025-10-27 10:41:57,001 - GPU-1 - DEBUG -       [Latent] Step 1/1
2025-10-27 10:41:57,186 - GPU-1 - DEBUG -       [After Latent Recursive] 2 tokens unmasked
2025-10-27 10:41:57,187 - GPU-1 - INFO -   [Cycle 11]
2025-10-27 10:41:57,187 - GPU-1 - DEBUG -     [Latent Recursive] Starting 1 steps of latent thinking
2025-10-27 10:41:57,235 - GPU-1 - DEBUG -       [Latent] Step 1/1
2025-10-27 10:41:57,421 - GPU-1 - DEBUG -       [After Latent Recursive] 2 tokens unmasked
2025-10-27 10:41:57,422 - GPU-1 - INFO -   [Cycle 12]
2025-10-27 10:41:57,422 - GPU-1 - DEBUG -     [Latent Recursive] Starting 1 steps of latent thinking
2025-10-27 10:41:57,470 - GPU-1 - DEBUG -       [Latent] Step 1/1
2025-10-27 10:41:57,656 - GPU-1 - DEBUG -       [After Latent Recursive] 2 tokens unmasked
2025-10-27 10:41:57,656 - GPU-1 - INFO -   [Cycle 13]
2025-10-27 10:41:57,656 - GPU-1 - DEBUG -     [Latent Recursive] Starting 1 steps of latent thinking
2025-10-27 10:41:57,705 - GPU-1 - DEBUG -       [Latent] Step 1/1
2025-10-27 10:41:57,890 - GPU-1 - DEBUG -       [After Latent Recursive] 2 tokens unmasked
2025-10-27 10:41:57,891 - GPU-1 - INFO -   [Cycle 14]
2025-10-27 10:41:57,891 - GPU-1 - DEBUG -     [Latent Recursive] Starting 1 steps of latent thinking
2025-10-27 10:41:57,940 - GPU-1 - DEBUG -       [Latent] Step 1/1
2025-10-27 10:41:58,125 - GPU-1 - DEBUG -       [After Latent Recursive] 2 tokens unmasked
2025-10-27 10:41:58,126 - GPU-1 - INFO -   [Cycle 15]
2025-10-27 10:41:58,126 - GPU-1 - DEBUG -     [Latent Recursive] Starting 1 steps of latent thinking
2025-10-27 10:41:58,174 - GPU-1 - DEBUG -       [Latent] Step 1/1
2025-10-27 10:41:58,360 - GPU-1 - DEBUG -       [After Latent Recursive] 2 tokens unmasked
2025-10-27 10:41:58,361 - GPU-1 - INFO - [Block 3/16] Processing tokens 188-220
2025-10-27 10:41:58,361 - GPU-1 - DEBUG - [Block 2] Before forward: use_cache=True, x.shape=torch.Size([1, 636])
2025-10-27 10:41:58,361 - GPU-1 - DEBUG - [Block 2] Model type: LLaDAModelLM
2025-10-27 10:41:58,361 - GPU-1 - DEBUG - [Block 2] Model config use_cache: True
2025-10-27 10:41:58,385 - GPU-1 - DEBUG - [Block 2] After forward: pkv is None? False
2025-10-27 10:41:58,385 - GPU-1 - DEBUG - [Block 2] out type: CausalLMOutputWithPast
2025-10-27 10:41:58,385 - GPU-1 - DEBUG - [Block 2] pkv type: <class 'list'>, len: 32
2025-10-27 10:41:58,385 - GPU-1 - DEBUG - [Block 2] pkv[0] type: <class 'tuple'>, len: 2
2025-10-27 10:41:58,385 - GPU-1 - DEBUG - [Block 2] pkv[0][0].shape: torch.Size([1, 32, 636, 128])
2025-10-27 10:41:58,480 - GPU-1 - INFO -   [Initial Forward] 2 tokens unmasked
2025-10-27 10:41:58,480 - GPU-1 - INFO -   [Cycle 1]
2025-10-27 10:41:58,480 - GPU-1 - DEBUG -     [Latent Recursive] Starting 1 steps of latent thinking
2025-10-27 10:41:58,529 - GPU-1 - DEBUG -       [Latent] Step 1/1
2025-10-27 10:41:58,712 - GPU-1 - DEBUG -       [After Latent Recursive] 2 tokens unmasked
2025-10-27 10:41:58,712 - GPU-1 - INFO -   [Cycle 2]
2025-10-27 10:41:58,712 - GPU-1 - DEBUG -     [Latent Recursive] Starting 1 steps of latent thinking
2025-10-27 10:41:58,761 - GPU-1 - DEBUG -       [Latent] Step 1/1
2025-10-27 10:41:58,944 - GPU-1 - DEBUG -       [After Latent Recursive] 2 tokens unmasked
2025-10-27 10:41:58,945 - GPU-1 - INFO -   [Cycle 3]
2025-10-27 10:41:58,945 - GPU-1 - DEBUG -     [Latent Recursive] Starting 1 steps of latent thinking
2025-10-27 10:41:58,993 - GPU-1 - DEBUG -       [Latent] Step 1/1
2025-10-27 10:41:59,176 - GPU-1 - DEBUG -       [After Latent Recursive] 2 tokens unmasked
2025-10-27 10:41:59,177 - GPU-1 - INFO -   [Cycle 4]
2025-10-27 10:41:59,177 - GPU-1 - DEBUG -     [Latent Recursive] Starting 1 steps of latent thinking
2025-10-27 10:41:59,225 - GPU-1 - DEBUG -       [Latent] Step 1/1
2025-10-27 10:41:59,409 - GPU-1 - DEBUG -       [After Latent Recursive] 2 tokens unmasked
2025-10-27 10:41:59,409 - GPU-1 - INFO -   [Cycle 5]
2025-10-27 10:41:59,409 - GPU-1 - DEBUG -     [Latent Recursive] Starting 1 steps of latent thinking
2025-10-27 10:41:59,458 - GPU-1 - DEBUG -       [Latent] Step 1/1
2025-10-27 10:41:59,641 - GPU-1 - DEBUG -       [After Latent Recursive] 2 tokens unmasked
2025-10-27 10:41:59,641 - GPU-1 - INFO -   [Cycle 6]
2025-10-27 10:41:59,641 - GPU-1 - DEBUG -     [Latent Recursive] Starting 1 steps of latent thinking
2025-10-27 10:41:59,690 - GPU-1 - DEBUG -       [Latent] Step 1/1
2025-10-27 10:41:59,873 - GPU-1 - DEBUG -       [After Latent Recursive] 2 tokens unmasked
2025-10-27 10:41:59,873 - GPU-1 - INFO -   [Cycle 7]
2025-10-27 10:41:59,874 - GPU-1 - DEBUG -     [Latent Recursive] Starting 1 steps of latent thinking
2025-10-27 10:41:59,922 - GPU-1 - DEBUG -       [Latent] Step 1/1
2025-10-27 10:42:00,105 - GPU-1 - DEBUG -       [After Latent Recursive] 2 tokens unmasked
2025-10-27 10:42:00,106 - GPU-1 - INFO -   [Cycle 8]
2025-10-27 10:42:00,106 - GPU-1 - DEBUG -     [Latent Recursive] Starting 1 steps of latent thinking
2025-10-27 10:42:00,154 - GPU-1 - DEBUG -       [Latent] Step 1/1
2025-10-27 10:42:00,337 - GPU-1 - DEBUG -       [After Latent Recursive] 2 tokens unmasked
2025-10-27 10:42:00,338 - GPU-1 - INFO -   [Cycle 9]
2025-10-27 10:42:00,338 - GPU-1 - DEBUG -     [Latent Recursive] Starting 1 steps of latent thinking
2025-10-27 10:42:00,386 - GPU-1 - DEBUG -       [Latent] Step 1/1
2025-10-27 10:42:00,570 - GPU-1 - DEBUG -       [After Latent Recursive] 2 tokens unmasked
2025-10-27 10:42:00,570 - GPU-1 - INFO -   [Cycle 10]
2025-10-27 10:42:00,570 - GPU-1 - DEBUG -     [Latent Recursive] Starting 1 steps of latent thinking
2025-10-27 10:42:00,619 - GPU-1 - DEBUG -       [Latent] Step 1/1
2025-10-27 10:42:00,802 - GPU-1 - DEBUG -       [After Latent Recursive] 2 tokens unmasked
2025-10-27 10:42:00,802 - GPU-1 - INFO -   [Cycle 11]
2025-10-27 10:42:00,802 - GPU-1 - DEBUG -     [Latent Recursive] Starting 1 steps of latent thinking
2025-10-27 10:42:00,851 - GPU-1 - DEBUG -       [Latent] Step 1/1
2025-10-27 10:42:01,034 - GPU-1 - DEBUG -       [After Latent Recursive] 2 tokens unmasked
2025-10-27 10:42:01,034 - GPU-1 - INFO -   [Cycle 12]
2025-10-27 10:42:01,034 - GPU-1 - DEBUG -     [Latent Recursive] Starting 1 steps of latent thinking
2025-10-27 10:42:01,083 - GPU-1 - DEBUG -       [Latent] Step 1/1
2025-10-27 10:42:01,266 - GPU-1 - DEBUG -       [After Latent Recursive] 2 tokens unmasked
2025-10-27 10:42:01,266 - GPU-1 - INFO -   [Cycle 13]
2025-10-27 10:42:01,266 - GPU-1 - DEBUG -     [Latent Recursive] Starting 1 steps of latent thinking
2025-10-27 10:42:01,315 - GPU-1 - DEBUG -       [Latent] Step 1/1
2025-10-27 10:42:01,498 - GPU-1 - DEBUG -       [After Latent Recursive] 2 tokens unmasked
2025-10-27 10:42:01,498 - GPU-1 - INFO -   [Cycle 14]
2025-10-27 10:42:01,498 - GPU-1 - DEBUG -     [Latent Recursive] Starting 1 steps of latent thinking
2025-10-27 10:42:01,546 - GPU-1 - DEBUG -       [Latent] Step 1/1
2025-10-27 10:42:01,729 - GPU-1 - DEBUG -       [After Latent Recursive] 2 tokens unmasked
2025-10-27 10:42:01,730 - GPU-1 - INFO -   [Cycle 15]
2025-10-27 10:42:01,730 - GPU-1 - DEBUG -     [Latent Recursive] Starting 1 steps of latent thinking
2025-10-27 10:42:01,778 - GPU-1 - DEBUG -       [Latent] Step 1/1
2025-10-27 10:42:01,961 - GPU-1 - DEBUG -       [After Latent Recursive] 2 tokens unmasked
2025-10-27 10:42:01,962 - GPU-1 - INFO - [Block 4/16] Processing tokens 220-252
2025-10-27 10:42:01,962 - GPU-1 - DEBUG - [Block 3] Before forward: use_cache=True, x.shape=torch.Size([1, 636])
2025-10-27 10:42:01,962 - GPU-1 - DEBUG - [Block 3] Model type: LLaDAModelLM
2025-10-27 10:42:01,962 - GPU-1 - DEBUG - [Block 3] Model config use_cache: True
2025-10-27 10:42:01,986 - GPU-1 - DEBUG - [Block 3] After forward: pkv is None? False
2025-10-27 10:42:01,986 - GPU-1 - DEBUG - [Block 3] out type: CausalLMOutputWithPast
2025-10-27 10:42:01,986 - GPU-1 - DEBUG - [Block 3] pkv type: <class 'list'>, len: 32
2025-10-27 10:42:01,986 - GPU-1 - DEBUG - [Block 3] pkv[0] type: <class 'tuple'>, len: 2
2025-10-27 10:42:01,986 - GPU-1 - DEBUG - [Block 3] pkv[0][0].shape: torch.Size([1, 32, 636, 128])
2025-10-27 10:42:02,080 - GPU-1 - INFO -   [Initial Forward] 2 tokens unmasked
2025-10-27 10:42:02,081 - GPU-1 - INFO -   [Cycle 1]
2025-10-27 10:42:02,081 - GPU-1 - DEBUG -     [Latent Recursive] Starting 1 steps of latent thinking
2025-10-27 10:42:02,130 - GPU-1 - DEBUG -       [Latent] Step 1/1
2025-10-27 10:42:02,312 - GPU-1 - DEBUG -       [After Latent Recursive] 2 tokens unmasked
2025-10-27 10:42:02,312 - GPU-1 - INFO -   [Cycle 2]
2025-10-27 10:42:02,312 - GPU-1 - DEBUG -     [Latent Recursive] Starting 1 steps of latent thinking
2025-10-27 10:42:02,361 - GPU-1 - DEBUG -       [Latent] Step 1/1
2025-10-27 10:42:02,543 - GPU-1 - DEBUG -       [After Latent Recursive] 2 tokens unmasked
2025-10-27 10:42:02,543 - GPU-1 - INFO -   [Cycle 3]
2025-10-27 10:42:02,543 - GPU-1 - DEBUG -     [Latent Recursive] Starting 1 steps of latent thinking
2025-10-27 10:42:02,592 - GPU-1 - DEBUG -       [Latent] Step 1/1
2025-10-27 10:42:02,774 - GPU-1 - DEBUG -       [After Latent Recursive] 2 tokens unmasked
2025-10-27 10:42:02,774 - GPU-1 - INFO -   [Cycle 4]
2025-10-27 10:42:02,774 - GPU-1 - DEBUG -     [Latent Recursive] Starting 1 steps of latent thinking
2025-10-27 10:42:02,823 - GPU-1 - DEBUG -       [Latent] Step 1/1
2025-10-27 10:42:03,005 - GPU-1 - DEBUG -       [After Latent Recursive] 2 tokens unmasked
2025-10-27 10:42:03,005 - GPU-1 - INFO -   [Cycle 5]
2025-10-27 10:42:03,005 - GPU-1 - DEBUG -     [Latent Recursive] Starting 1 steps of latent thinking
2025-10-27 10:42:03,054 - GPU-1 - DEBUG -       [Latent] Step 1/1
2025-10-27 10:42:03,236 - GPU-1 - DEBUG -       [After Latent Recursive] 2 tokens unmasked
2025-10-27 10:42:03,237 - GPU-1 - INFO -   [Cycle 6]
2025-10-27 10:42:03,237 - GPU-1 - DEBUG -     [Latent Recursive] Starting 1 steps of latent thinking
2025-10-27 10:42:03,285 - GPU-1 - DEBUG -       [Latent] Step 1/1
2025-10-27 10:42:03,467 - GPU-1 - DEBUG -       [After Latent Recursive] 2 tokens unmasked
2025-10-27 10:42:03,468 - GPU-1 - INFO -   [Cycle 7]
2025-10-27 10:42:03,468 - GPU-1 - DEBUG -     [Latent Recursive] Starting 1 steps of latent thinking
2025-10-27 10:42:03,516 - GPU-1 - DEBUG -       [Latent] Step 1/1
2025-10-27 10:42:03,698 - GPU-1 - DEBUG -       [After Latent Recursive] 2 tokens unmasked
2025-10-27 10:42:03,698 - GPU-1 - INFO -   [Cycle 8]
2025-10-27 10:42:03,699 - GPU-1 - DEBUG -     [Latent Recursive] Starting 1 steps of latent thinking
2025-10-27 10:42:03,747 - GPU-1 - DEBUG -       [Latent] Step 1/1
2025-10-27 10:42:03,929 - GPU-1 - DEBUG -       [After Latent Recursive] 2 tokens unmasked
2025-10-27 10:42:03,929 - GPU-1 - INFO -   [Cycle 9]
2025-10-27 10:42:03,929 - GPU-1 - DEBUG -     [Latent Recursive] Starting 1 steps of latent thinking
2025-10-27 10:42:03,978 - GPU-1 - DEBUG -       [Latent] Step 1/1
2025-10-27 10:42:04,160 - GPU-1 - DEBUG -       [After Latent Recursive] 2 tokens unmasked
2025-10-27 10:42:04,160 - GPU-1 - INFO -   [Cycle 10]
2025-10-27 10:42:04,160 - GPU-1 - DEBUG -     [Latent Recursive] Starting 1 steps of latent thinking
2025-10-27 10:42:04,209 - GPU-1 - DEBUG -       [Latent] Step 1/1
2025-10-27 10:42:04,391 - GPU-1 - DEBUG -       [After Latent Recursive] 2 tokens unmasked
2025-10-27 10:42:04,391 - GPU-1 - INFO -   [Cycle 11]
2025-10-27 10:42:04,391 - GPU-1 - DEBUG -     [Latent Recursive] Starting 1 steps of latent thinking
2025-10-27 10:42:04,440 - GPU-1 - DEBUG -       [Latent] Step 1/1
2025-10-27 10:42:04,622 - GPU-1 - DEBUG -       [After Latent Recursive] 2 tokens unmasked
2025-10-27 10:42:04,622 - GPU-1 - INFO -   [Cycle 12]
2025-10-27 10:42:04,622 - GPU-1 - DEBUG -     [Latent Recursive] Starting 1 steps of latent thinking
2025-10-27 10:42:04,671 - GPU-1 - DEBUG -       [Latent] Step 1/1
2025-10-27 10:42:04,853 - GPU-1 - DEBUG -       [After Latent Recursive] 2 tokens unmasked
2025-10-27 10:42:04,853 - GPU-1 - INFO -   [Cycle 13]
2025-10-27 10:42:04,853 - GPU-1 - DEBUG -     [Latent Recursive] Starting 1 steps of latent thinking
2025-10-27 10:42:04,902 - GPU-1 - DEBUG -       [Latent] Step 1/1
2025-10-27 10:42:05,084 - GPU-1 - DEBUG -       [After Latent Recursive] 2 tokens unmasked
2025-10-27 10:42:05,084 - GPU-1 - INFO -   [Cycle 14]
2025-10-27 10:42:05,084 - GPU-1 - DEBUG -     [Latent Recursive] Starting 1 steps of latent thinking
2025-10-27 10:42:05,133 - GPU-1 - DEBUG -       [Latent] Step 1/1
2025-10-27 10:42:05,315 - GPU-1 - DEBUG -       [After Latent Recursive] 2 tokens unmasked
2025-10-27 10:42:05,315 - GPU-1 - INFO -   [Cycle 15]
2025-10-27 10:42:05,315 - GPU-1 - DEBUG -     [Latent Recursive] Starting 1 steps of latent thinking
2025-10-27 10:42:05,364 - GPU-1 - DEBUG -       [Latent] Step 1/1
2025-10-27 10:42:05,546 - GPU-1 - DEBUG -       [After Latent Recursive] 2 tokens unmasked
2025-10-27 10:42:05,546 - GPU-1 - INFO - [Block 5/16] Processing tokens 252-284
2025-10-27 10:42:05,547 - GPU-1 - DEBUG - [Block 4] Before forward: use_cache=True, x.shape=torch.Size([1, 636])
2025-10-27 10:42:05,547 - GPU-1 - DEBUG - [Block 4] Model type: LLaDAModelLM
2025-10-27 10:42:05,547 - GPU-1 - DEBUG - [Block 4] Model config use_cache: True
2025-10-27 10:42:05,570 - GPU-1 - DEBUG - [Block 4] After forward: pkv is None? False
2025-10-27 10:42:05,571 - GPU-1 - DEBUG - [Block 4] out type: CausalLMOutputWithPast
2025-10-27 10:42:05,571 - GPU-1 - DEBUG - [Block 4] pkv type: <class 'list'>, len: 32
2025-10-27 10:42:05,571 - GPU-1 - DEBUG - [Block 4] pkv[0] type: <class 'tuple'>, len: 2
2025-10-27 10:42:05,571 - GPU-1 - DEBUG - [Block 4] pkv[0][0].shape: torch.Size([1, 32, 636, 128])
2025-10-27 10:42:05,665 - GPU-1 - INFO -   [Initial Forward] 2 tokens unmasked
2025-10-27 10:42:05,666 - GPU-1 - INFO -   [Cycle 1]
2025-10-27 10:42:05,666 - GPU-1 - DEBUG -     [Latent Recursive] Starting 1 steps of latent thinking
2025-10-27 10:42:05,715 - GPU-1 - DEBUG -       [Latent] Step 1/1
2025-10-27 10:42:05,894 - GPU-1 - DEBUG -       [After Latent Recursive] 2 tokens unmasked
2025-10-27 10:42:05,895 - GPU-1 - INFO -   [Cycle 2]
2025-10-27 10:42:05,895 - GPU-1 - DEBUG -     [Latent Recursive] Starting 1 steps of latent thinking
2025-10-27 10:42:05,943 - GPU-1 - DEBUG -       [Latent] Step 1/1
2025-10-27 10:42:06,123 - GPU-1 - DEBUG -       [After Latent Recursive] 2 tokens unmasked
2025-10-27 10:42:06,123 - GPU-1 - INFO -   [Cycle 3]
2025-10-27 10:42:06,123 - GPU-1 - DEBUG -     [Latent Recursive] Starting 1 steps of latent thinking
2025-10-27 10:42:06,172 - GPU-1 - DEBUG -       [Latent] Step 1/1
2025-10-27 10:42:06,352 - GPU-1 - DEBUG -       [After Latent Recursive] 2 tokens unmasked
2025-10-27 10:42:06,352 - GPU-1 - INFO -   [Cycle 4]
2025-10-27 10:42:06,352 - GPU-1 - DEBUG -     [Latent Recursive] Starting 1 steps of latent thinking
2025-10-27 10:42:06,400 - GPU-1 - DEBUG -       [Latent] Step 1/1
2025-10-27 10:42:06,580 - GPU-1 - DEBUG -       [After Latent Recursive] 2 tokens unmasked
2025-10-27 10:42:06,580 - GPU-1 - INFO -   [Cycle 5]
2025-10-27 10:42:06,580 - GPU-1 - DEBUG -     [Latent Recursive] Starting 1 steps of latent thinking
2025-10-27 10:42:06,629 - GPU-1 - DEBUG -       [Latent] Step 1/1
2025-10-27 10:42:06,809 - GPU-1 - DEBUG -       [After Latent Recursive] 2 tokens unmasked
2025-10-27 10:42:06,809 - GPU-1 - INFO -   [Cycle 6]
2025-10-27 10:42:06,809 - GPU-1 - DEBUG -     [Latent Recursive] Starting 1 steps of latent thinking
2025-10-27 10:42:06,858 - GPU-1 - DEBUG -       [Latent] Step 1/1
2025-10-27 10:42:07,038 - GPU-1 - DEBUG -       [After Latent Recursive] 2 tokens unmasked
2025-10-27 10:42:07,038 - GPU-1 - INFO -   [Cycle 7]
2025-10-27 10:42:07,038 - GPU-1 - DEBUG -     [Latent Recursive] Starting 1 steps of latent thinking
2025-10-27 10:42:07,086 - GPU-1 - DEBUG -       [Latent] Step 1/1
2025-10-27 10:42:07,266 - GPU-1 - DEBUG -       [After Latent Recursive] 2 tokens unmasked
2025-10-27 10:42:07,267 - GPU-1 - INFO -   [Cycle 8]
2025-10-27 10:42:07,267 - GPU-1 - DEBUG -     [Latent Recursive] Starting 1 steps of latent thinking
2025-10-27 10:42:07,315 - GPU-1 - DEBUG -       [Latent] Step 1/1
2025-10-27 10:42:07,495 - GPU-1 - DEBUG -       [After Latent Recursive] 2 tokens unmasked
2025-10-27 10:42:07,495 - GPU-1 - INFO -   [Cycle 9]
2025-10-27 10:42:07,496 - GPU-1 - DEBUG -     [Latent Recursive] Starting 1 steps of latent thinking
2025-10-27 10:42:07,544 - GPU-1 - DEBUG -       [Latent] Step 1/1
2025-10-27 10:42:07,725 - GPU-1 - DEBUG -       [After Latent Recursive] 2 tokens unmasked
2025-10-27 10:42:07,725 - GPU-1 - INFO -   [Cycle 10]
2025-10-27 10:42:07,725 - GPU-1 - DEBUG -     [Latent Recursive] Starting 1 steps of latent thinking
2025-10-27 10:42:07,774 - GPU-1 - DEBUG -       [Latent] Step 1/1
2025-10-27 10:42:07,954 - GPU-1 - DEBUG -       [After Latent Recursive] 2 tokens unmasked
2025-10-27 10:42:07,954 - GPU-1 - INFO -   [Cycle 11]
2025-10-27 10:42:07,954 - GPU-1 - DEBUG -     [Latent Recursive] Starting 1 steps of latent thinking
2025-10-27 10:42:08,003 - GPU-1 - DEBUG -       [Latent] Step 1/1
2025-10-27 10:42:08,182 - GPU-1 - DEBUG -       [After Latent Recursive] 2 tokens unmasked
2025-10-27 10:42:08,183 - GPU-1 - INFO -   [Cycle 12]
2025-10-27 10:42:08,183 - GPU-1 - DEBUG -     [Latent Recursive] Starting 1 steps of latent thinking
2025-10-27 10:42:08,231 - GPU-1 - DEBUG -       [Latent] Step 1/1
2025-10-27 10:42:08,411 - GPU-1 - DEBUG -       [After Latent Recursive] 2 tokens unmasked
2025-10-27 10:42:08,411 - GPU-1 - INFO -   [Cycle 13]
2025-10-27 10:42:08,411 - GPU-1 - DEBUG -     [Latent Recursive] Starting 1 steps of latent thinking
2025-10-27 10:42:08,460 - GPU-1 - DEBUG -       [Latent] Step 1/1
2025-10-27 10:42:08,640 - GPU-1 - DEBUG -       [After Latent Recursive] 2 tokens unmasked
2025-10-27 10:42:08,640 - GPU-1 - INFO -   [Cycle 14]
2025-10-27 10:42:08,640 - GPU-1 - DEBUG -     [Latent Recursive] Starting 1 steps of latent thinking
2025-10-27 10:42:08,689 - GPU-1 - DEBUG -       [Latent] Step 1/1
2025-10-27 10:42:08,868 - GPU-1 - DEBUG -       [After Latent Recursive] 2 tokens unmasked
2025-10-27 10:42:08,869 - GPU-1 - INFO -   [Cycle 15]
2025-10-27 10:42:08,869 - GPU-1 - DEBUG -     [Latent Recursive] Starting 1 steps of latent thinking
2025-10-27 10:42:08,917 - GPU-1 - DEBUG -       [Latent] Step 1/1
2025-10-27 10:42:09,097 - GPU-1 - DEBUG -       [After Latent Recursive] 2 tokens unmasked
2025-10-27 10:42:09,098 - GPU-1 - INFO - [Block 6/16] Processing tokens 284-316
2025-10-27 10:42:09,098 - GPU-1 - DEBUG - [Block 5] Before forward: use_cache=True, x.shape=torch.Size([1, 636])
2025-10-27 10:42:09,098 - GPU-1 - DEBUG - [Block 5] Model type: LLaDAModelLM
2025-10-27 10:42:09,098 - GPU-1 - DEBUG - [Block 5] Model config use_cache: True
2025-10-27 10:42:09,122 - GPU-1 - DEBUG - [Block 5] After forward: pkv is None? False
2025-10-27 10:42:09,122 - GPU-1 - DEBUG - [Block 5] out type: CausalLMOutputWithPast
2025-10-27 10:42:09,122 - GPU-1 - DEBUG - [Block 5] pkv type: <class 'list'>, len: 32
2025-10-27 10:42:09,122 - GPU-1 - DEBUG - [Block 5] pkv[0] type: <class 'tuple'>, len: 2
2025-10-27 10:42:09,122 - GPU-1 - DEBUG - [Block 5] pkv[0][0].shape: torch.Size([1, 32, 636, 128])
2025-10-27 10:42:09,216 - GPU-1 - INFO -   [Initial Forward] 2 tokens unmasked
2025-10-27 10:42:09,217 - GPU-1 - INFO -   [Cycle 1]
2025-10-27 10:42:09,217 - GPU-1 - DEBUG -     [Latent Recursive] Starting 1 steps of latent thinking
2025-10-27 10:42:09,266 - GPU-1 - DEBUG -       [Latent] Step 1/1
2025-10-27 10:42:09,445 - GPU-1 - DEBUG -       [After Latent Recursive] 2 tokens unmasked
2025-10-27 10:42:09,445 - GPU-1 - INFO -   [Cycle 2]
2025-10-27 10:42:09,446 - GPU-1 - DEBUG -     [Latent Recursive] Starting 1 steps of latent thinking
2025-10-27 10:42:09,494 - GPU-1 - DEBUG -       [Latent] Step 1/1
2025-10-27 10:42:09,673 - GPU-1 - DEBUG -       [After Latent Recursive] 2 tokens unmasked
2025-10-27 10:42:09,673 - GPU-1 - INFO -   [Cycle 3]
2025-10-27 10:42:09,673 - GPU-1 - DEBUG -     [Latent Recursive] Starting 1 steps of latent thinking
2025-10-27 10:42:09,722 - GPU-1 - DEBUG -       [Latent] Step 1/1
2025-10-27 10:42:09,901 - GPU-1 - DEBUG -       [After Latent Recursive] 2 tokens unmasked
2025-10-27 10:42:09,901 - GPU-1 - INFO -   [Cycle 4]
2025-10-27 10:42:09,901 - GPU-1 - DEBUG -     [Latent Recursive] Starting 1 steps of latent thinking
2025-10-27 10:42:09,950 - GPU-1 - DEBUG -       [Latent] Step 1/1
2025-10-27 10:42:10,129 - GPU-1 - DEBUG -       [After Latent Recursive] 2 tokens unmasked
2025-10-27 10:42:10,129 - GPU-1 - INFO -   [Cycle 5]
2025-10-27 10:42:10,129 - GPU-1 - DEBUG -     [Latent Recursive] Starting 1 steps of latent thinking
2025-10-27 10:42:10,178 - GPU-1 - DEBUG -       [Latent] Step 1/1
2025-10-27 10:42:10,357 - GPU-1 - DEBUG -       [After Latent Recursive] 2 tokens unmasked
2025-10-27 10:42:10,357 - GPU-1 - INFO -   [Cycle 6]
2025-10-27 10:42:10,357 - GPU-1 - DEBUG -     [Latent Recursive] Starting 1 steps of latent thinking
2025-10-27 10:42:10,406 - GPU-1 - DEBUG -       [Latent] Step 1/1
2025-10-27 10:42:10,585 - GPU-1 - DEBUG -       [After Latent Recursive] 2 tokens unmasked
2025-10-27 10:42:10,585 - GPU-1 - INFO -   [Cycle 7]
2025-10-27 10:42:10,585 - GPU-1 - DEBUG -     [Latent Recursive] Starting 1 steps of latent thinking
2025-10-27 10:42:10,634 - GPU-1 - DEBUG -       [Latent] Step 1/1
2025-10-27 10:42:10,813 - GPU-1 - DEBUG -       [After Latent Recursive] 2 tokens unmasked
2025-10-27 10:42:10,813 - GPU-1 - INFO -   [Cycle 8]
2025-10-27 10:42:10,813 - GPU-1 - DEBUG -     [Latent Recursive] Starting 1 steps of latent thinking
2025-10-27 10:42:10,862 - GPU-1 - DEBUG -       [Latent] Step 1/1
2025-10-27 10:42:11,041 - GPU-1 - DEBUG -       [After Latent Recursive] 2 tokens unmasked
2025-10-27 10:42:11,041 - GPU-1 - INFO -   [Cycle 9]
2025-10-27 10:42:11,041 - GPU-1 - DEBUG -     [Latent Recursive] Starting 1 steps of latent thinking
2025-10-27 10:42:11,090 - GPU-1 - DEBUG -       [Latent] Step 1/1
2025-10-27 10:42:11,269 - GPU-1 - DEBUG -       [After Latent Recursive] 2 tokens unmasked
2025-10-27 10:42:11,269 - GPU-1 - INFO -   [Cycle 10]
2025-10-27 10:42:11,269 - GPU-1 - DEBUG -     [Latent Recursive] Starting 1 steps of latent thinking
2025-10-27 10:42:11,318 - GPU-1 - DEBUG -       [Latent] Step 1/1
2025-10-27 10:42:11,496 - GPU-1 - DEBUG -       [After Latent Recursive] 2 tokens unmasked
2025-10-27 10:42:11,497 - GPU-1 - INFO -   [Cycle 11]
2025-10-27 10:42:11,497 - GPU-1 - DEBUG -     [Latent Recursive] Starting 1 steps of latent thinking
2025-10-27 10:42:11,545 - GPU-1 - DEBUG -       [Latent] Step 1/1
2025-10-27 10:42:11,724 - GPU-1 - DEBUG -       [After Latent Recursive] 2 tokens unmasked
2025-10-27 10:42:11,725 - GPU-1 - INFO -   [Cycle 12]
2025-10-27 10:42:11,725 - GPU-1 - DEBUG -     [Latent Recursive] Starting 1 steps of latent thinking
2025-10-27 10:42:11,773 - GPU-1 - DEBUG -       [Latent] Step 1/1
2025-10-27 10:42:11,952 - GPU-1 - DEBUG -       [After Latent Recursive] 2 tokens unmasked
2025-10-27 10:42:11,952 - GPU-1 - INFO -   [Cycle 13]
2025-10-27 10:42:11,952 - GPU-1 - DEBUG -     [Latent Recursive] Starting 1 steps of latent thinking
2025-10-27 10:42:12,001 - GPU-1 - DEBUG -       [Latent] Step 1/1
2025-10-27 10:42:12,180 - GPU-1 - DEBUG -       [After Latent Recursive] 2 tokens unmasked
2025-10-27 10:42:12,181 - GPU-1 - INFO -   [Cycle 14]
2025-10-27 10:42:12,181 - GPU-1 - DEBUG -     [Latent Recursive] Starting 1 steps of latent thinking
2025-10-27 10:42:12,229 - GPU-1 - DEBUG -       [Latent] Step 1/1
2025-10-27 10:42:12,408 - GPU-1 - DEBUG -       [After Latent Recursive] 2 tokens unmasked
2025-10-27 10:42:12,408 - GPU-1 - INFO -   [Cycle 15]
2025-10-27 10:42:12,409 - GPU-1 - DEBUG -     [Latent Recursive] Starting 1 steps of latent thinking
2025-10-27 10:42:12,457 - GPU-1 - DEBUG -       [Latent] Step 1/1
2025-10-27 10:42:12,636 - GPU-1 - DEBUG -       [After Latent Recursive] 2 tokens unmasked
2025-10-27 10:42:12,637 - GPU-1 - INFO - [Block 7/16] Processing tokens 316-348
2025-10-27 10:42:12,637 - GPU-1 - DEBUG - [Block 6] Before forward: use_cache=True, x.shape=torch.Size([1, 636])
2025-10-27 10:42:12,637 - GPU-1 - DEBUG - [Block 6] Model type: LLaDAModelLM
2025-10-27 10:42:12,637 - GPU-1 - DEBUG - [Block 6] Model config use_cache: True
2025-10-27 10:42:12,661 - GPU-1 - DEBUG - [Block 6] After forward: pkv is None? False
2025-10-27 10:42:12,661 - GPU-1 - DEBUG - [Block 6] out type: CausalLMOutputWithPast
2025-10-27 10:42:12,661 - GPU-1 - DEBUG - [Block 6] pkv type: <class 'list'>, len: 32
2025-10-27 10:42:12,661 - GPU-1 - DEBUG - [Block 6] pkv[0] type: <class 'tuple'>, len: 2
2025-10-27 10:42:12,661 - GPU-1 - DEBUG - [Block 6] pkv[0][0].shape: torch.Size([1, 32, 636, 128])
2025-10-27 10:42:12,756 - GPU-1 - INFO -   [Initial Forward] 2 tokens unmasked
2025-10-27 10:42:12,756 - GPU-1 - INFO -   [Cycle 1]
2025-10-27 10:42:12,756 - GPU-1 - DEBUG -     [Latent Recursive] Starting 1 steps of latent thinking
2025-10-27 10:42:12,805 - GPU-1 - DEBUG -       [Latent] Step 1/1
2025-10-27 10:42:12,983 - GPU-1 - DEBUG -       [After Latent Recursive] 2 tokens unmasked
2025-10-27 10:42:12,983 - GPU-1 - INFO -   [Cycle 2]
2025-10-27 10:42:12,983 - GPU-1 - DEBUG -     [Latent Recursive] Starting 1 steps of latent thinking
2025-10-27 10:42:13,032 - GPU-1 - DEBUG -       [Latent] Step 1/1
2025-10-27 10:42:13,210 - GPU-1 - DEBUG -       [After Latent Recursive] 2 tokens unmasked
2025-10-27 10:42:13,210 - GPU-1 - INFO -   [Cycle 3]
2025-10-27 10:42:13,210 - GPU-1 - DEBUG -     [Latent Recursive] Starting 1 steps of latent thinking
2025-10-27 10:42:13,259 - GPU-1 - DEBUG -       [Latent] Step 1/1
2025-10-27 10:42:13,437 - GPU-1 - DEBUG -       [After Latent Recursive] 2 tokens unmasked
2025-10-27 10:42:13,437 - GPU-1 - INFO -   [Cycle 4]
2025-10-27 10:42:13,437 - GPU-1 - DEBUG -     [Latent Recursive] Starting 1 steps of latent thinking
2025-10-27 10:42:13,486 - GPU-1 - DEBUG -       [Latent] Step 1/1
2025-10-27 10:42:13,664 - GPU-1 - DEBUG -       [After Latent Recursive] 2 tokens unmasked
2025-10-27 10:42:13,664 - GPU-1 - INFO -   [Cycle 5]
2025-10-27 10:42:13,664 - GPU-1 - DEBUG -     [Latent Recursive] Starting 1 steps of latent thinking
2025-10-27 10:42:13,712 - GPU-1 - DEBUG -       [Latent] Step 1/1
2025-10-27 10:42:13,891 - GPU-1 - DEBUG -       [After Latent Recursive] 2 tokens unmasked
2025-10-27 10:42:13,891 - GPU-1 - INFO -   [Cycle 6]
2025-10-27 10:42:13,891 - GPU-1 - DEBUG -     [Latent Recursive] Starting 1 steps of latent thinking
2025-10-27 10:42:13,940 - GPU-1 - DEBUG -       [Latent] Step 1/1
2025-10-27 10:42:14,118 - GPU-1 - DEBUG -       [After Latent Recursive] 2 tokens unmasked
2025-10-27 10:42:14,118 - GPU-1 - INFO -   [Cycle 7]
2025-10-27 10:42:14,118 - GPU-1 - DEBUG -     [Latent Recursive] Starting 1 steps of latent thinking
2025-10-27 10:42:14,166 - GPU-1 - DEBUG -       [Latent] Step 1/1
2025-10-27 10:42:14,345 - GPU-1 - DEBUG -       [After Latent Recursive] 2 tokens unmasked
2025-10-27 10:42:14,345 - GPU-1 - INFO -   [Cycle 8]
2025-10-27 10:42:14,345 - GPU-1 - DEBUG -     [Latent Recursive] Starting 1 steps of latent thinking
2025-10-27 10:42:14,393 - GPU-1 - DEBUG -       [Latent] Step 1/1
2025-10-27 10:42:14,571 - GPU-1 - DEBUG -       [After Latent Recursive] 2 tokens unmasked
2025-10-27 10:42:14,572 - GPU-1 - INFO -   [Cycle 9]
2025-10-27 10:42:14,572 - GPU-1 - DEBUG -     [Latent Recursive] Starting 1 steps of latent thinking
2025-10-27 10:42:14,620 - GPU-1 - DEBUG -       [Latent] Step 1/1
2025-10-27 10:42:14,798 - GPU-1 - DEBUG -       [After Latent Recursive] 2 tokens unmasked
2025-10-27 10:42:14,799 - GPU-1 - INFO -   [Cycle 10]
2025-10-27 10:42:14,799 - GPU-1 - DEBUG -     [Latent Recursive] Starting 1 steps of latent thinking
2025-10-27 10:42:14,847 - GPU-1 - DEBUG -       [Latent] Step 1/1
2025-10-27 10:42:15,025 - GPU-1 - DEBUG -       [After Latent Recursive] 2 tokens unmasked
2025-10-27 10:42:15,026 - GPU-1 - INFO -   [Cycle 11]
2025-10-27 10:42:15,026 - GPU-1 - DEBUG -     [Latent Recursive] Starting 1 steps of latent thinking
2025-10-27 10:42:15,074 - GPU-1 - DEBUG -       [Latent] Step 1/1
2025-10-27 10:42:15,252 - GPU-1 - DEBUG -       [After Latent Recursive] 2 tokens unmasked
2025-10-27 10:42:15,253 - GPU-1 - INFO -   [Cycle 12]
2025-10-27 10:42:15,253 - GPU-1 - DEBUG -     [Latent Recursive] Starting 1 steps of latent thinking
2025-10-27 10:42:15,301 - GPU-1 - DEBUG -       [Latent] Step 1/1
2025-10-27 10:42:15,479 - GPU-1 - DEBUG -       [After Latent Recursive] 2 tokens unmasked
2025-10-27 10:42:15,480 - GPU-1 - INFO -   [Cycle 13]
2025-10-27 10:42:15,480 - GPU-1 - DEBUG -     [Latent Recursive] Starting 1 steps of latent thinking
2025-10-27 10:42:15,528 - GPU-1 - DEBUG -       [Latent] Step 1/1
2025-10-27 10:42:15,706 - GPU-1 - DEBUG -       [After Latent Recursive] 2 tokens unmasked
2025-10-27 10:42:15,707 - GPU-1 - INFO -   [Cycle 14]
2025-10-27 10:42:15,707 - GPU-1 - DEBUG -     [Latent Recursive] Starting 1 steps of latent thinking
2025-10-27 10:42:15,755 - GPU-1 - DEBUG -       [Latent] Step 1/1
2025-10-27 10:42:15,933 - GPU-1 - DEBUG -       [After Latent Recursive] 2 tokens unmasked
2025-10-27 10:42:15,934 - GPU-1 - INFO -   [Cycle 15]
2025-10-27 10:42:15,934 - GPU-1 - DEBUG -     [Latent Recursive] Starting 1 steps of latent thinking
2025-10-27 10:42:15,982 - GPU-1 - DEBUG -       [Latent] Step 1/1
2025-10-27 10:42:16,160 - GPU-1 - DEBUG -       [After Latent Recursive] 2 tokens unmasked
2025-10-27 10:42:16,160 - GPU-1 - INFO - [Block 8/16] Processing tokens 348-380
2025-10-27 10:42:16,161 - GPU-1 - DEBUG - [Block 7] Before forward: use_cache=True, x.shape=torch.Size([1, 636])
2025-10-27 10:42:16,161 - GPU-1 - DEBUG - [Block 7] Model type: LLaDAModelLM
2025-10-27 10:42:16,161 - GPU-1 - DEBUG - [Block 7] Model config use_cache: True
2025-10-27 10:42:16,184 - GPU-1 - DEBUG - [Block 7] After forward: pkv is None? False
2025-10-27 10:42:16,185 - GPU-1 - DEBUG - [Block 7] out type: CausalLMOutputWithPast
2025-10-27 10:42:16,185 - GPU-1 - DEBUG - [Block 7] pkv type: <class 'list'>, len: 32
2025-10-27 10:42:16,185 - GPU-1 - DEBUG - [Block 7] pkv[0] type: <class 'tuple'>, len: 2
2025-10-27 10:42:16,185 - GPU-1 - DEBUG - [Block 7] pkv[0][0].shape: torch.Size([1, 32, 636, 128])
2025-10-27 10:42:16,279 - GPU-1 - INFO -   [Initial Forward] 2 tokens unmasked
2025-10-27 10:42:16,279 - GPU-1 - INFO -   [Cycle 1]
2025-10-27 10:42:16,280 - GPU-1 - DEBUG -     [Latent Recursive] Starting 1 steps of latent thinking
2025-10-27 10:42:16,328 - GPU-1 - DEBUG -       [Latent] Step 1/1
2025-10-27 10:42:16,504 - GPU-1 - DEBUG -       [After Latent Recursive] 2 tokens unmasked
2025-10-27 10:42:16,504 - GPU-1 - INFO -   [Cycle 2]
2025-10-27 10:42:16,505 - GPU-1 - DEBUG -     [Latent Recursive] Starting 1 steps of latent thinking
2025-10-27 10:42:16,553 - GPU-1 - DEBUG -       [Latent] Step 1/1
2025-10-27 10:42:16,729 - GPU-1 - DEBUG -       [After Latent Recursive] 2 tokens unmasked
2025-10-27 10:42:16,729 - GPU-1 - INFO -   [Cycle 3]
2025-10-27 10:42:16,730 - GPU-1 - DEBUG -     [Latent Recursive] Starting 1 steps of latent thinking
2025-10-27 10:42:16,778 - GPU-1 - DEBUG -       [Latent] Step 1/1
2025-10-27 10:42:16,954 - GPU-1 - DEBUG -       [After Latent Recursive] 2 tokens unmasked
2025-10-27 10:42:16,955 - GPU-1 - INFO -   [Cycle 4]
2025-10-27 10:42:16,955 - GPU-1 - DEBUG -     [Latent Recursive] Starting 1 steps of latent thinking
2025-10-27 10:42:17,003 - GPU-1 - DEBUG -       [Latent] Step 1/1
2025-10-27 10:42:17,181 - GPU-1 - DEBUG -       [After Latent Recursive] 2 tokens unmasked
2025-10-27 10:42:17,181 - GPU-1 - INFO -   [Cycle 5]
2025-10-27 10:42:17,181 - GPU-1 - DEBUG -     [Latent Recursive] Starting 1 steps of latent thinking
2025-10-27 10:42:17,229 - GPU-1 - DEBUG -       [Latent] Step 1/1
2025-10-27 10:42:17,408 - GPU-1 - DEBUG -       [After Latent Recursive] 2 tokens unmasked
2025-10-27 10:42:17,409 - GPU-1 - INFO -   [Cycle 6]
2025-10-27 10:42:17,409 - GPU-1 - DEBUG -     [Latent Recursive] Starting 1 steps of latent thinking
2025-10-27 10:42:17,457 - GPU-1 - DEBUG -       [Latent] Step 1/1
2025-10-27 10:42:17,635 - GPU-1 - DEBUG -       [After Latent Recursive] 2 tokens unmasked
2025-10-27 10:42:17,635 - GPU-1 - INFO -   [Cycle 7]
2025-10-27 10:42:17,635 - GPU-1 - DEBUG -     [Latent Recursive] Starting 1 steps of latent thinking
2025-10-27 10:42:17,684 - GPU-1 - DEBUG -       [Latent] Step 1/1
2025-10-27 10:42:17,861 - GPU-1 - DEBUG -       [After Latent Recursive] 2 tokens unmasked
2025-10-27 10:42:17,862 - GPU-1 - INFO -   [Cycle 8]
2025-10-27 10:42:17,862 - GPU-1 - DEBUG -     [Latent Recursive] Starting 1 steps of latent thinking
2025-10-27 10:42:17,910 - GPU-1 - DEBUG -       [Latent] Step 1/1
2025-10-27 10:42:18,087 - GPU-1 - DEBUG -       [After Latent Recursive] 2 tokens unmasked
2025-10-27 10:42:18,088 - GPU-1 - INFO -   [Cycle 9]
2025-10-27 10:42:18,088 - GPU-1 - DEBUG -     [Latent Recursive] Starting 1 steps of latent thinking
2025-10-27 10:42:18,136 - GPU-1 - DEBUG -       [Latent] Step 1/1
2025-10-27 10:42:18,313 - GPU-1 - DEBUG -       [After Latent Recursive] 2 tokens unmasked
2025-10-27 10:42:18,314 - GPU-1 - INFO -   [Cycle 10]
2025-10-27 10:42:18,314 - GPU-1 - DEBUG -     [Latent Recursive] Starting 1 steps of latent thinking
2025-10-27 10:42:18,362 - GPU-1 - DEBUG -       [Latent] Step 1/1
2025-10-27 10:42:18,541 - GPU-1 - DEBUG -       [After Latent Recursive] 2 tokens unmasked
2025-10-27 10:42:18,541 - GPU-1 - INFO -   [Cycle 11]
2025-10-27 10:42:18,541 - GPU-1 - DEBUG -     [Latent Recursive] Starting 1 steps of latent thinking
2025-10-27 10:42:18,590 - GPU-1 - DEBUG -       [Latent] Step 1/1
2025-10-27 10:42:18,770 - GPU-1 - DEBUG -       [After Latent Recursive] 2 tokens unmasked
2025-10-27 10:42:18,770 - GPU-1 - INFO -   [Cycle 12]
2025-10-27 10:42:18,770 - GPU-1 - DEBUG -     [Latent Recursive] Starting 1 steps of latent thinking
2025-10-27 10:42:18,818 - GPU-1 - DEBUG -       [Latent] Step 1/1
2025-10-27 10:42:18,996 - GPU-1 - DEBUG -       [After Latent Recursive] 2 tokens unmasked
2025-10-27 10:42:18,997 - GPU-1 - INFO -   [Cycle 13]
2025-10-27 10:42:18,997 - GPU-1 - DEBUG -     [Latent Recursive] Starting 1 steps of latent thinking
2025-10-27 10:42:19,045 - GPU-1 - DEBUG -       [Latent] Step 1/1
2025-10-27 10:42:19,223 - GPU-1 - DEBUG -       [After Latent Recursive] 2 tokens unmasked
2025-10-27 10:42:19,223 - GPU-1 - INFO -   [Cycle 14]
2025-10-27 10:42:19,223 - GPU-1 - DEBUG -     [Latent Recursive] Starting 1 steps of latent thinking
2025-10-27 10:42:19,272 - GPU-1 - DEBUG -       [Latent] Step 1/1
2025-10-27 10:42:19,447 - GPU-1 - DEBUG -       [After Latent Recursive] 2 tokens unmasked
2025-10-27 10:42:19,448 - GPU-1 - INFO -   [Cycle 15]
2025-10-27 10:42:19,448 - GPU-1 - DEBUG -     [Latent Recursive] Starting 1 steps of latent thinking
2025-10-27 10:42:19,496 - GPU-1 - DEBUG -       [Latent] Step 1/1
2025-10-27 10:42:19,672 - GPU-1 - DEBUG -       [After Latent Recursive] 2 tokens unmasked
2025-10-27 10:42:19,672 - GPU-1 - INFO - [Block 9/16] Processing tokens 380-412
2025-10-27 10:42:19,672 - GPU-1 - DEBUG - [Block 8] Before forward: use_cache=True, x.shape=torch.Size([1, 636])
2025-10-27 10:42:19,672 - GPU-1 - DEBUG - [Block 8] Model type: LLaDAModelLM
2025-10-27 10:42:19,673 - GPU-1 - DEBUG - [Block 8] Model config use_cache: True
2025-10-27 10:42:19,696 - GPU-1 - DEBUG - [Block 8] After forward: pkv is None? False
2025-10-27 10:42:19,696 - GPU-1 - DEBUG - [Block 8] out type: CausalLMOutputWithPast
2025-10-27 10:42:19,697 - GPU-1 - DEBUG - [Block 8] pkv type: <class 'list'>, len: 32
2025-10-27 10:42:19,697 - GPU-1 - DEBUG - [Block 8] pkv[0] type: <class 'tuple'>, len: 2
2025-10-27 10:42:19,697 - GPU-1 - DEBUG - [Block 8] pkv[0][0].shape: torch.Size([1, 32, 636, 128])
2025-10-27 10:42:19,791 - GPU-1 - INFO -   [Initial Forward] 2 tokens unmasked
2025-10-27 10:42:19,791 - GPU-1 - INFO -   [Cycle 1]
2025-10-27 10:42:19,791 - GPU-1 - DEBUG -     [Latent Recursive] Starting 1 steps of latent thinking
2025-10-27 10:42:19,840 - GPU-1 - DEBUG -       [Latent] Step 1/1
2025-10-27 10:42:20,015 - GPU-1 - DEBUG -       [After Latent Recursive] 2 tokens unmasked
2025-10-27 10:42:20,016 - GPU-1 - INFO -   [Cycle 2]
2025-10-27 10:42:20,016 - GPU-1 - DEBUG -     [Latent Recursive] Starting 1 steps of latent thinking
2025-10-27 10:42:20,064 - GPU-1 - DEBUG -       [Latent] Step 1/1
2025-10-27 10:42:20,240 - GPU-1 - DEBUG -       [After Latent Recursive] 2 tokens unmasked
2025-10-27 10:42:20,240 - GPU-1 - INFO -   [Cycle 3]
2025-10-27 10:42:20,240 - GPU-1 - DEBUG -     [Latent Recursive] Starting 1 steps of latent thinking
2025-10-27 10:42:20,289 - GPU-1 - DEBUG -       [Latent] Step 1/1
2025-10-27 10:42:20,464 - GPU-1 - DEBUG -       [After Latent Recursive] 2 tokens unmasked
2025-10-27 10:42:20,464 - GPU-1 - INFO -   [Cycle 4]
2025-10-27 10:42:20,465 - GPU-1 - DEBUG -     [Latent Recursive] Starting 1 steps of latent thinking
2025-10-27 10:42:20,513 - GPU-1 - DEBUG -       [Latent] Step 1/1
2025-10-27 10:42:20,688 - GPU-1 - DEBUG -       [After Latent Recursive] 2 tokens unmasked
2025-10-27 10:42:20,689 - GPU-1 - INFO -   [Cycle 5]
2025-10-27 10:42:20,689 - GPU-1 - DEBUG -     [Latent Recursive] Starting 1 steps of latent thinking
2025-10-27 10:42:20,737 - GPU-1 - DEBUG -       [Latent] Step 1/1
2025-10-27 10:42:20,913 - GPU-1 - DEBUG -       [After Latent Recursive] 2 tokens unmasked
2025-10-27 10:42:20,913 - GPU-1 - INFO -   [Cycle 6]
2025-10-27 10:42:20,913 - GPU-1 - DEBUG -     [Latent Recursive] Starting 1 steps of latent thinking
2025-10-27 10:42:20,962 - GPU-1 - DEBUG -       [Latent] Step 1/1
2025-10-27 10:42:21,137 - GPU-1 - DEBUG -       [After Latent Recursive] 2 tokens unmasked
2025-10-27 10:42:21,137 - GPU-1 - INFO -   [Cycle 7]
2025-10-27 10:42:21,137 - GPU-1 - DEBUG -     [Latent Recursive] Starting 1 steps of latent thinking
2025-10-27 10:42:21,186 - GPU-1 - DEBUG -       [Latent] Step 1/1
2025-10-27 10:42:21,361 - GPU-1 - DEBUG -       [After Latent Recursive] 2 tokens unmasked
2025-10-27 10:42:21,362 - GPU-1 - INFO -   [Cycle 8]
2025-10-27 10:42:21,362 - GPU-1 - DEBUG -     [Latent Recursive] Starting 1 steps of latent thinking
2025-10-27 10:42:21,410 - GPU-1 - DEBUG -       [Latent] Step 1/1
2025-10-27 10:42:21,585 - GPU-1 - DEBUG -       [After Latent Recursive] 2 tokens unmasked
2025-10-27 10:42:21,586 - GPU-1 - INFO -   [Cycle 9]
2025-10-27 10:42:21,586 - GPU-1 - DEBUG -     [Latent Recursive] Starting 1 steps of latent thinking
2025-10-27 10:42:21,634 - GPU-1 - DEBUG -       [Latent] Step 1/1
2025-10-27 10:42:21,810 - GPU-1 - DEBUG -       [After Latent Recursive] 2 tokens unmasked
2025-10-27 10:42:21,810 - GPU-1 - INFO -   [Cycle 10]
2025-10-27 10:42:21,810 - GPU-1 - DEBUG -     [Latent Recursive] Starting 1 steps of latent thinking
2025-10-27 10:42:21,859 - GPU-1 - DEBUG -       [Latent] Step 1/1
2025-10-27 10:42:22,034 - GPU-1 - DEBUG -       [After Latent Recursive] 2 tokens unmasked
2025-10-27 10:42:22,034 - GPU-1 - INFO -   [Cycle 11]
2025-10-27 10:42:22,035 - GPU-1 - DEBUG -     [Latent Recursive] Starting 1 steps of latent thinking
2025-10-27 10:42:22,083 - GPU-1 - DEBUG -       [Latent] Step 1/1
2025-10-27 10:42:22,259 - GPU-1 - DEBUG -       [After Latent Recursive] 2 tokens unmasked
2025-10-27 10:42:22,259 - GPU-1 - INFO -   [Cycle 12]
2025-10-27 10:42:22,259 - GPU-1 - DEBUG -     [Latent Recursive] Starting 1 steps of latent thinking
2025-10-27 10:42:22,308 - GPU-1 - DEBUG -       [Latent] Step 1/1
2025-10-27 10:42:22,483 - GPU-1 - DEBUG -       [After Latent Recursive] 2 tokens unmasked
2025-10-27 10:42:22,483 - GPU-1 - INFO -   [Cycle 13]
2025-10-27 10:42:22,483 - GPU-1 - DEBUG -     [Latent Recursive] Starting 1 steps of latent thinking
2025-10-27 10:42:22,532 - GPU-1 - DEBUG -       [Latent] Step 1/1
2025-10-27 10:42:22,707 - GPU-1 - DEBUG -       [After Latent Recursive] 2 tokens unmasked
2025-10-27 10:42:22,707 - GPU-1 - INFO -   [Cycle 14]
2025-10-27 10:42:22,707 - GPU-1 - DEBUG -     [Latent Recursive] Starting 1 steps of latent thinking
2025-10-27 10:42:22,756 - GPU-1 - DEBUG -       [Latent] Step 1/1
2025-10-27 10:42:22,931 - GPU-1 - DEBUG -       [After Latent Recursive] 2 tokens unmasked
2025-10-27 10:42:22,931 - GPU-1 - INFO -   [Cycle 15]
2025-10-27 10:42:22,931 - GPU-1 - DEBUG -     [Latent Recursive] Starting 1 steps of latent thinking
2025-10-27 10:42:22,980 - GPU-1 - DEBUG -       [Latent] Step 1/1
2025-10-27 10:42:23,155 - GPU-1 - DEBUG -       [After Latent Recursive] 2 tokens unmasked
2025-10-27 10:42:23,155 - GPU-1 - INFO - [Block 10/16] Processing tokens 412-444
2025-10-27 10:42:23,155 - GPU-1 - DEBUG - [Block 9] Before forward: use_cache=True, x.shape=torch.Size([1, 636])
2025-10-27 10:42:23,155 - GPU-1 - DEBUG - [Block 9] Model type: LLaDAModelLM
2025-10-27 10:42:23,155 - GPU-1 - DEBUG - [Block 9] Model config use_cache: True
2025-10-27 10:42:23,179 - GPU-1 - DEBUG - [Block 9] After forward: pkv is None? False
2025-10-27 10:42:23,179 - GPU-1 - DEBUG - [Block 9] out type: CausalLMOutputWithPast
2025-10-27 10:42:23,179 - GPU-1 - DEBUG - [Block 9] pkv type: <class 'list'>, len: 32
2025-10-27 10:42:23,179 - GPU-1 - DEBUG - [Block 9] pkv[0] type: <class 'tuple'>, len: 2
2025-10-27 10:42:23,180 - GPU-1 - DEBUG - [Block 9] pkv[0][0].shape: torch.Size([1, 32, 636, 128])
2025-10-27 10:42:23,274 - GPU-1 - INFO -   [Initial Forward] 2 tokens unmasked
2025-10-27 10:42:23,274 - GPU-1 - INFO -   [Cycle 1]
2025-10-27 10:42:23,274 - GPU-1 - DEBUG -     [Latent Recursive] Starting 1 steps of latent thinking
2025-10-27 10:42:23,323 - GPU-1 - DEBUG -       [Latent] Step 1/1
2025-10-27 10:42:23,496 - GPU-1 - DEBUG -       [After Latent Recursive] 2 tokens unmasked
2025-10-27 10:42:23,496 - GPU-1 - INFO -   [Cycle 2]
2025-10-27 10:42:23,496 - GPU-1 - DEBUG -     [Latent Recursive] Starting 1 steps of latent thinking
2025-10-27 10:42:23,545 - GPU-1 - DEBUG -       [Latent] Step 1/1
2025-10-27 10:42:23,717 - GPU-1 - DEBUG -       [After Latent Recursive] 2 tokens unmasked
2025-10-27 10:42:23,717 - GPU-1 - INFO -   [Cycle 3]
2025-10-27 10:42:23,718 - GPU-1 - DEBUG -     [Latent Recursive] Starting 1 steps of latent thinking
2025-10-27 10:42:23,766 - GPU-1 - DEBUG -       [Latent] Step 1/1
2025-10-27 10:42:23,939 - GPU-1 - DEBUG -       [After Latent Recursive] 2 tokens unmasked
2025-10-27 10:42:23,939 - GPU-1 - INFO -   [Cycle 4]
2025-10-27 10:42:23,940 - GPU-1 - DEBUG -     [Latent Recursive] Starting 1 steps of latent thinking
2025-10-27 10:42:23,988 - GPU-1 - DEBUG -       [Latent] Step 1/1
2025-10-27 10:42:24,160 - GPU-1 - DEBUG -       [After Latent Recursive] 2 tokens unmasked
2025-10-27 10:42:24,161 - GPU-1 - INFO -   [Cycle 5]
2025-10-27 10:42:24,161 - GPU-1 - DEBUG -     [Latent Recursive] Starting 1 steps of latent thinking
2025-10-27 10:42:24,209 - GPU-1 - DEBUG -       [Latent] Step 1/1
2025-10-27 10:42:24,382 - GPU-1 - DEBUG -       [After Latent Recursive] 2 tokens unmasked
2025-10-27 10:42:24,383 - GPU-1 - INFO -   [Cycle 6]
2025-10-27 10:42:24,383 - GPU-1 - DEBUG -     [Latent Recursive] Starting 1 steps of latent thinking
2025-10-27 10:42:24,431 - GPU-1 - DEBUG -       [Latent] Step 1/1
2025-10-27 10:42:24,604 - GPU-1 - DEBUG -       [After Latent Recursive] 2 tokens unmasked
2025-10-27 10:42:24,604 - GPU-1 - INFO -   [Cycle 7]
2025-10-27 10:42:24,605 - GPU-1 - DEBUG -     [Latent Recursive] Starting 1 steps of latent thinking
2025-10-27 10:42:24,653 - GPU-1 - DEBUG -       [Latent] Step 1/1
2025-10-27 10:42:24,826 - GPU-1 - DEBUG -       [After Latent Recursive] 2 tokens unmasked
2025-10-27 10:42:24,827 - GPU-1 - INFO -   [Cycle 8]
2025-10-27 10:42:24,827 - GPU-1 - DEBUG -     [Latent Recursive] Starting 1 steps of latent thinking
2025-10-27 10:42:24,875 - GPU-1 - DEBUG -       [Latent] Step 1/1
2025-10-27 10:42:25,048 - GPU-1 - DEBUG -       [After Latent Recursive] 2 tokens unmasked
2025-10-27 10:42:25,048 - GPU-1 - INFO -   [Cycle 9]
2025-10-27 10:42:25,049 - GPU-1 - DEBUG -     [Latent Recursive] Starting 1 steps of latent thinking
2025-10-27 10:42:25,097 - GPU-1 - DEBUG -       [Latent] Step 1/1
2025-10-27 10:42:25,270 - GPU-1 - DEBUG -       [After Latent Recursive] 2 tokens unmasked
2025-10-27 10:42:25,270 - GPU-1 - INFO -   [Cycle 10]
2025-10-27 10:42:25,271 - GPU-1 - DEBUG -     [Latent Recursive] Starting 1 steps of latent thinking
2025-10-27 10:42:25,319 - GPU-1 - DEBUG -       [Latent] Step 1/1
2025-10-27 10:42:25,491 - GPU-1 - DEBUG -       [After Latent Recursive] 2 tokens unmasked
2025-10-27 10:42:25,492 - GPU-1 - INFO -   [Cycle 11]
2025-10-27 10:42:25,492 - GPU-1 - DEBUG -     [Latent Recursive] Starting 1 steps of latent thinking
2025-10-27 10:42:25,540 - GPU-1 - DEBUG -       [Latent] Step 1/1
2025-10-27 10:42:25,713 - GPU-1 - DEBUG -       [After Latent Recursive] 2 tokens unmasked
2025-10-27 10:42:25,713 - GPU-1 - INFO -   [Cycle 12]
2025-10-27 10:42:25,713 - GPU-1 - DEBUG -     [Latent Recursive] Starting 1 steps of latent thinking
2025-10-27 10:42:25,762 - GPU-1 - DEBUG -       [Latent] Step 1/1
2025-10-27 10:42:25,934 - GPU-1 - DEBUG -       [After Latent Recursive] 2 tokens unmasked
2025-10-27 10:42:25,935 - GPU-1 - INFO -   [Cycle 13]
2025-10-27 10:42:25,935 - GPU-1 - DEBUG -     [Latent Recursive] Starting 1 steps of latent thinking
2025-10-27 10:42:25,984 - GPU-1 - DEBUG -       [Latent] Step 1/1
2025-10-27 10:42:26,157 - GPU-1 - DEBUG -       [After Latent Recursive] 2 tokens unmasked
2025-10-27 10:42:26,157 - GPU-1 - INFO -   [Cycle 14]
2025-10-27 10:42:26,157 - GPU-1 - DEBUG -     [Latent Recursive] Starting 1 steps of latent thinking
2025-10-27 10:42:26,206 - GPU-1 - DEBUG -       [Latent] Step 1/1
2025-10-27 10:42:26,379 - GPU-1 - DEBUG -       [After Latent Recursive] 2 tokens unmasked
2025-10-27 10:42:26,379 - GPU-1 - INFO -   [Cycle 15]
2025-10-27 10:42:26,379 - GPU-1 - DEBUG -     [Latent Recursive] Starting 1 steps of latent thinking
2025-10-27 10:42:26,428 - GPU-1 - DEBUG -       [Latent] Step 1/1
2025-10-27 10:42:26,601 - GPU-1 - DEBUG -       [After Latent Recursive] 2 tokens unmasked
2025-10-27 10:42:26,601 - GPU-1 - INFO - [Block 11/16] Processing tokens 444-476
2025-10-27 10:42:26,601 - GPU-1 - DEBUG - [Block 10] Before forward: use_cache=True, x.shape=torch.Size([1, 636])
2025-10-27 10:42:26,601 - GPU-1 - DEBUG - [Block 10] Model type: LLaDAModelLM
2025-10-27 10:42:26,601 - GPU-1 - DEBUG - [Block 10] Model config use_cache: True
2025-10-27 10:42:26,625 - GPU-1 - DEBUG - [Block 10] After forward: pkv is None? False
2025-10-27 10:42:26,625 - GPU-1 - DEBUG - [Block 10] out type: CausalLMOutputWithPast
2025-10-27 10:42:26,625 - GPU-1 - DEBUG - [Block 10] pkv type: <class 'list'>, len: 32
2025-10-27 10:42:26,625 - GPU-1 - DEBUG - [Block 10] pkv[0] type: <class 'tuple'>, len: 2
2025-10-27 10:42:26,626 - GPU-1 - DEBUG - [Block 10] pkv[0][0].shape: torch.Size([1, 32, 636, 128])
2025-10-27 10:42:26,720 - GPU-1 - INFO -   [Initial Forward] 2 tokens unmasked
2025-10-27 10:42:26,720 - GPU-1 - INFO -   [Cycle 1]
2025-10-27 10:42:26,720 - GPU-1 - DEBUG -     [Latent Recursive] Starting 1 steps of latent thinking
2025-10-27 10:42:26,769 - GPU-1 - DEBUG -       [Latent] Step 1/1
2025-10-27 10:42:26,941 - GPU-1 - DEBUG -       [After Latent Recursive] 2 tokens unmasked
2025-10-27 10:42:26,941 - GPU-1 - INFO -   [Cycle 2]
2025-10-27 10:42:26,941 - GPU-1 - DEBUG -     [Latent Recursive] Starting 1 steps of latent thinking
2025-10-27 10:42:26,990 - GPU-1 - DEBUG -       [Latent] Step 1/1
2025-10-27 10:42:27,162 - GPU-1 - DEBUG -       [After Latent Recursive] 2 tokens unmasked
2025-10-27 10:42:27,162 - GPU-1 - INFO -   [Cycle 3]
2025-10-27 10:42:27,162 - GPU-1 - DEBUG -     [Latent Recursive] Starting 1 steps of latent thinking
2025-10-27 10:42:27,211 - GPU-1 - DEBUG -       [Latent] Step 1/1
2025-10-27 10:42:27,383 - GPU-1 - DEBUG -       [After Latent Recursive] 2 tokens unmasked
2025-10-27 10:42:27,383 - GPU-1 - INFO -   [Cycle 4]
2025-10-27 10:42:27,383 - GPU-1 - DEBUG -     [Latent Recursive] Starting 1 steps of latent thinking
2025-10-27 10:42:27,432 - GPU-1 - DEBUG -       [Latent] Step 1/1
2025-10-27 10:42:27,603 - GPU-1 - DEBUG -       [After Latent Recursive] 2 tokens unmasked
2025-10-27 10:42:27,604 - GPU-1 - INFO -   [Cycle 5]
2025-10-27 10:42:27,604 - GPU-1 - DEBUG -     [Latent Recursive] Starting 1 steps of latent thinking
2025-10-27 10:42:27,652 - GPU-1 - DEBUG -       [Latent] Step 1/1
2025-10-27 10:42:27,824 - GPU-1 - DEBUG -       [After Latent Recursive] 2 tokens unmasked
2025-10-27 10:42:27,825 - GPU-1 - INFO -   [Cycle 6]
2025-10-27 10:42:27,825 - GPU-1 - DEBUG -     [Latent Recursive] Starting 1 steps of latent thinking
2025-10-27 10:42:27,873 - GPU-1 - DEBUG -       [Latent] Step 1/1
2025-10-27 10:42:28,045 - GPU-1 - DEBUG -       [After Latent Recursive] 2 tokens unmasked
2025-10-27 10:42:28,046 - GPU-1 - INFO -   [Cycle 7]
2025-10-27 10:42:28,046 - GPU-1 - DEBUG -     [Latent Recursive] Starting 1 steps of latent thinking
2025-10-27 10:42:28,094 - GPU-1 - DEBUG -       [Latent] Step 1/1
2025-10-27 10:42:28,267 - GPU-1 - DEBUG -       [After Latent Recursive] 2 tokens unmasked
2025-10-27 10:42:28,267 - GPU-1 - INFO -   [Cycle 8]
2025-10-27 10:42:28,267 - GPU-1 - DEBUG -     [Latent Recursive] Starting 1 steps of latent thinking
2025-10-27 10:42:28,316 - GPU-1 - DEBUG -       [Latent] Step 1/1
2025-10-27 10:42:28,488 - GPU-1 - DEBUG -       [After Latent Recursive] 2 tokens unmasked
2025-10-27 10:42:28,488 - GPU-1 - INFO -   [Cycle 9]
2025-10-27 10:42:28,488 - GPU-1 - DEBUG -     [Latent Recursive] Starting 1 steps of latent thinking
2025-10-27 10:42:28,537 - GPU-1 - DEBUG -       [Latent] Step 1/1
2025-10-27 10:42:28,709 - GPU-1 - DEBUG -       [After Latent Recursive] 2 tokens unmasked
2025-10-27 10:42:28,709 - GPU-1 - INFO -   [Cycle 10]
2025-10-27 10:42:28,710 - GPU-1 - DEBUG -     [Latent Recursive] Starting 1 steps of latent thinking
2025-10-27 10:42:28,758 - GPU-1 - DEBUG -       [Latent] Step 1/1
2025-10-27 10:42:28,930 - GPU-1 - DEBUG -       [After Latent Recursive] 2 tokens unmasked
2025-10-27 10:42:28,930 - GPU-1 - INFO -   [Cycle 11]
2025-10-27 10:42:28,930 - GPU-1 - DEBUG -     [Latent Recursive] Starting 1 steps of latent thinking
2025-10-27 10:42:28,979 - GPU-1 - DEBUG -       [Latent] Step 1/1
2025-10-27 10:42:29,151 - GPU-1 - DEBUG -       [After Latent Recursive] 2 tokens unmasked
2025-10-27 10:42:29,151 - GPU-1 - INFO -   [Cycle 12]
2025-10-27 10:42:29,152 - GPU-1 - DEBUG -     [Latent Recursive] Starting 1 steps of latent thinking
2025-10-27 10:42:29,200 - GPU-1 - DEBUG -       [Latent] Step 1/1
2025-10-27 10:42:29,372 - GPU-1 - DEBUG -       [After Latent Recursive] 2 tokens unmasked
2025-10-27 10:42:29,372 - GPU-1 - INFO -   [Cycle 13]
2025-10-27 10:42:29,372 - GPU-1 - DEBUG -     [Latent Recursive] Starting 1 steps of latent thinking
2025-10-27 10:42:29,421 - GPU-1 - DEBUG -       [Latent] Step 1/1
2025-10-27 10:42:29,593 - GPU-1 - DEBUG -       [After Latent Recursive] 2 tokens unmasked
2025-10-27 10:42:29,593 - GPU-1 - INFO -   [Cycle 14]
2025-10-27 10:42:29,593 - GPU-1 - DEBUG -     [Latent Recursive] Starting 1 steps of latent thinking
2025-10-27 10:42:29,641 - GPU-1 - DEBUG -       [Latent] Step 1/1
2025-10-27 10:42:29,813 - GPU-1 - DEBUG -       [After Latent Recursive] 2 tokens unmasked
2025-10-27 10:42:29,813 - GPU-1 - INFO -   [Cycle 15]
2025-10-27 10:42:29,813 - GPU-1 - DEBUG -     [Latent Recursive] Starting 1 steps of latent thinking
2025-10-27 10:42:29,862 - GPU-1 - DEBUG -       [Latent] Step 1/1
2025-10-27 10:42:30,034 - GPU-1 - DEBUG -       [After Latent Recursive] 2 tokens unmasked
2025-10-27 10:42:30,034 - GPU-1 - INFO - [Block 12/16] Processing tokens 476-508
2025-10-27 10:42:30,034 - GPU-1 - DEBUG - [Block 11] Before forward: use_cache=True, x.shape=torch.Size([1, 636])
2025-10-27 10:42:30,034 - GPU-1 - DEBUG - [Block 11] Model type: LLaDAModelLM
2025-10-27 10:42:30,035 - GPU-1 - DEBUG - [Block 11] Model config use_cache: True
2025-10-27 10:42:30,058 - GPU-1 - DEBUG - [Block 11] After forward: pkv is None? False
2025-10-27 10:42:30,058 - GPU-1 - DEBUG - [Block 11] out type: CausalLMOutputWithPast
2025-10-27 10:42:30,059 - GPU-1 - DEBUG - [Block 11] pkv type: <class 'list'>, len: 32
2025-10-27 10:42:30,059 - GPU-1 - DEBUG - [Block 11] pkv[0] type: <class 'tuple'>, len: 2
2025-10-27 10:42:30,059 - GPU-1 - DEBUG - [Block 11] pkv[0][0].shape: torch.Size([1, 32, 636, 128])
2025-10-27 10:42:30,153 - GPU-1 - INFO -   [Initial Forward] 2 tokens unmasked
2025-10-27 10:42:30,153 - GPU-1 - INFO -   [Cycle 1]
2025-10-27 10:42:30,154 - GPU-1 - DEBUG -     [Latent Recursive] Starting 1 steps of latent thinking
2025-10-27 10:42:30,202 - GPU-1 - DEBUG -       [Latent] Step 1/1
2025-10-27 10:42:30,373 - GPU-1 - DEBUG -       [After Latent Recursive] 2 tokens unmasked
2025-10-27 10:42:30,373 - GPU-1 - INFO -   [Cycle 2]
2025-10-27 10:42:30,373 - GPU-1 - DEBUG -     [Latent Recursive] Starting 1 steps of latent thinking
2025-10-27 10:42:30,422 - GPU-1 - DEBUG -       [Latent] Step 1/1
2025-10-27 10:42:30,592 - GPU-1 - DEBUG -       [After Latent Recursive] 2 tokens unmasked
2025-10-27 10:42:30,593 - GPU-1 - INFO -   [Cycle 3]
2025-10-27 10:42:30,593 - GPU-1 - DEBUG -     [Latent Recursive] Starting 1 steps of latent thinking
2025-10-27 10:42:30,642 - GPU-1 - DEBUG -       [Latent] Step 1/1
2025-10-27 10:42:30,813 - GPU-1 - DEBUG -       [After Latent Recursive] 2 tokens unmasked
2025-10-27 10:42:30,813 - GPU-1 - INFO -   [Cycle 4]
2025-10-27 10:42:30,813 - GPU-1 - DEBUG -     [Latent Recursive] Starting 1 steps of latent thinking
2025-10-27 10:42:30,862 - GPU-1 - DEBUG -       [Latent] Step 1/1
2025-10-27 10:42:31,032 - GPU-1 - DEBUG -       [After Latent Recursive] 2 tokens unmasked
2025-10-27 10:42:31,033 - GPU-1 - INFO -   [Cycle 5]
2025-10-27 10:42:31,033 - GPU-1 - DEBUG -     [Latent Recursive] Starting 1 steps of latent thinking
2025-10-27 10:42:31,081 - GPU-1 - DEBUG -       [Latent] Step 1/1
2025-10-27 10:42:31,252 - GPU-1 - DEBUG -       [After Latent Recursive] 2 tokens unmasked
2025-10-27 10:42:31,252 - GPU-1 - INFO -   [Cycle 6]
2025-10-27 10:42:31,253 - GPU-1 - DEBUG -     [Latent Recursive] Starting 1 steps of latent thinking
2025-10-27 10:42:31,301 - GPU-1 - DEBUG -       [Latent] Step 1/1
2025-10-27 10:42:31,472 - GPU-1 - DEBUG -       [After Latent Recursive] 2 tokens unmasked
2025-10-27 10:42:31,472 - GPU-1 - INFO -   [Cycle 7]
2025-10-27 10:42:31,472 - GPU-1 - DEBUG -     [Latent Recursive] Starting 1 steps of latent thinking
2025-10-27 10:42:31,520 - GPU-1 - DEBUG -       [Latent] Step 1/1
2025-10-27 10:42:31,691 - GPU-1 - DEBUG -       [After Latent Recursive] 2 tokens unmasked
2025-10-27 10:42:31,691 - GPU-1 - INFO -   [Cycle 8]
2025-10-27 10:42:31,692 - GPU-1 - DEBUG -     [Latent Recursive] Starting 1 steps of latent thinking
2025-10-27 10:42:31,740 - GPU-1 - DEBUG -       [Latent] Step 1/1
2025-10-27 10:42:31,911 - GPU-1 - DEBUG -       [After Latent Recursive] 2 tokens unmasked
2025-10-27 10:42:31,911 - GPU-1 - INFO -   [Cycle 9]
2025-10-27 10:42:31,912 - GPU-1 - DEBUG -     [Latent Recursive] Starting 1 steps of latent thinking
2025-10-27 10:42:31,960 - GPU-1 - DEBUG -       [Latent] Step 1/1
2025-10-27 10:42:32,131 - GPU-1 - DEBUG -       [After Latent Recursive] 2 tokens unmasked
2025-10-27 10:42:32,131 - GPU-1 - INFO -   [Cycle 10]
2025-10-27 10:42:32,131 - GPU-1 - DEBUG -     [Latent Recursive] Starting 1 steps of latent thinking
2025-10-27 10:42:32,180 - GPU-1 - DEBUG -       [Latent] Step 1/1
2025-10-27 10:42:32,350 - GPU-1 - DEBUG -       [After Latent Recursive] 2 tokens unmasked
2025-10-27 10:42:32,351 - GPU-1 - INFO -   [Cycle 11]
2025-10-27 10:42:32,351 - GPU-1 - DEBUG -     [Latent Recursive] Starting 1 steps of latent thinking
2025-10-27 10:42:32,399 - GPU-1 - DEBUG -       [Latent] Step 1/1
2025-10-27 10:42:32,570 - GPU-1 - DEBUG -       [After Latent Recursive] 2 tokens unmasked
2025-10-27 10:42:32,570 - GPU-1 - INFO -   [Cycle 12]
2025-10-27 10:42:32,570 - GPU-1 - DEBUG -     [Latent Recursive] Starting 1 steps of latent thinking
2025-10-27 10:42:32,619 - GPU-1 - DEBUG -       [Latent] Step 1/1
2025-10-27 10:42:32,789 - GPU-1 - DEBUG -       [After Latent Recursive] 2 tokens unmasked
2025-10-27 10:42:32,790 - GPU-1 - INFO -   [Cycle 13]
2025-10-27 10:42:32,790 - GPU-1 - DEBUG -     [Latent Recursive] Starting 1 steps of latent thinking
2025-10-27 10:42:32,838 - GPU-1 - DEBUG -       [Latent] Step 1/1
2025-10-27 10:42:33,009 - GPU-1 - DEBUG -       [After Latent Recursive] 2 tokens unmasked
2025-10-27 10:42:33,009 - GPU-1 - INFO -   [Cycle 14]
2025-10-27 10:42:33,010 - GPU-1 - DEBUG -     [Latent Recursive] Starting 1 steps of latent thinking
2025-10-27 10:42:33,058 - GPU-1 - DEBUG -       [Latent] Step 1/1
2025-10-27 10:42:33,229 - GPU-1 - DEBUG -       [After Latent Recursive] 2 tokens unmasked
2025-10-27 10:42:33,229 - GPU-1 - INFO -   [Cycle 15]
2025-10-27 10:42:33,229 - GPU-1 - DEBUG -     [Latent Recursive] Starting 1 steps of latent thinking
2025-10-27 10:42:33,278 - GPU-1 - DEBUG -       [Latent] Step 1/1
2025-10-27 10:42:33,449 - GPU-1 - DEBUG -       [After Latent Recursive] 2 tokens unmasked
2025-10-27 10:42:33,450 - GPU-1 - INFO - [Block 13/16] Processing tokens 508-540
2025-10-27 10:42:33,450 - GPU-1 - DEBUG - [Block 12] Before forward: use_cache=True, x.shape=torch.Size([1, 636])
2025-10-27 10:42:33,450 - GPU-1 - DEBUG - [Block 12] Model type: LLaDAModelLM
2025-10-27 10:42:33,450 - GPU-1 - DEBUG - [Block 12] Model config use_cache: True
2025-10-27 10:42:33,474 - GPU-1 - DEBUG - [Block 12] After forward: pkv is None? False
2025-10-27 10:42:33,474 - GPU-1 - DEBUG - [Block 12] out type: CausalLMOutputWithPast
2025-10-27 10:42:33,474 - GPU-1 - DEBUG - [Block 12] pkv type: <class 'list'>, len: 32
2025-10-27 10:42:33,474 - GPU-1 - DEBUG - [Block 12] pkv[0] type: <class 'tuple'>, len: 2
2025-10-27 10:42:33,474 - GPU-1 - DEBUG - [Block 12] pkv[0][0].shape: torch.Size([1, 32, 636, 128])
2025-10-27 10:42:33,569 - GPU-1 - INFO -   [Initial Forward] 2 tokens unmasked
2025-10-27 10:42:33,569 - GPU-1 - INFO -   [Cycle 1]
2025-10-27 10:42:33,569 - GPU-1 - DEBUG -     [Latent Recursive] Starting 1 steps of latent thinking
2025-10-27 10:42:33,617 - GPU-1 - DEBUG -       [Latent] Step 1/1
2025-10-27 10:42:33,787 - GPU-1 - DEBUG -       [After Latent Recursive] 2 tokens unmasked
2025-10-27 10:42:33,787 - GPU-1 - INFO -   [Cycle 2]
2025-10-27 10:42:33,787 - GPU-1 - DEBUG -     [Latent Recursive] Starting 1 steps of latent thinking
2025-10-27 10:42:33,835 - GPU-1 - DEBUG -       [Latent] Step 1/1
2025-10-27 10:42:34,004 - GPU-1 - DEBUG -       [After Latent Recursive] 2 tokens unmasked
2025-10-27 10:42:34,005 - GPU-1 - INFO -   [Cycle 3]
2025-10-27 10:42:34,005 - GPU-1 - DEBUG -     [Latent Recursive] Starting 1 steps of latent thinking
2025-10-27 10:42:34,053 - GPU-1 - DEBUG -       [Latent] Step 1/1
2025-10-27 10:42:34,222 - GPU-1 - DEBUG -       [After Latent Recursive] 2 tokens unmasked
2025-10-27 10:42:34,223 - GPU-1 - INFO -   [Cycle 4]
2025-10-27 10:42:34,223 - GPU-1 - DEBUG -     [Latent Recursive] Starting 1 steps of latent thinking
2025-10-27 10:42:34,271 - GPU-1 - DEBUG -       [Latent] Step 1/1
2025-10-27 10:42:34,440 - GPU-1 - DEBUG -       [After Latent Recursive] 2 tokens unmasked
2025-10-27 10:42:34,440 - GPU-1 - INFO -   [Cycle 5]
2025-10-27 10:42:34,441 - GPU-1 - DEBUG -     [Latent Recursive] Starting 1 steps of latent thinking
2025-10-27 10:42:34,489 - GPU-1 - DEBUG -       [Latent] Step 1/1
2025-10-27 10:42:34,658 - GPU-1 - DEBUG -       [After Latent Recursive] 2 tokens unmasked
2025-10-27 10:42:34,659 - GPU-1 - INFO -   [Cycle 6]
2025-10-27 10:42:34,659 - GPU-1 - DEBUG -     [Latent Recursive] Starting 1 steps of latent thinking
2025-10-27 10:42:34,708 - GPU-1 - DEBUG -       [Latent] Step 1/1
2025-10-27 10:42:34,876 - GPU-1 - DEBUG -       [After Latent Recursive] 2 tokens unmasked
2025-10-27 10:42:34,876 - GPU-1 - INFO -   [Cycle 7]
2025-10-27 10:42:34,876 - GPU-1 - DEBUG -     [Latent Recursive] Starting 1 steps of latent thinking
2025-10-27 10:42:34,925 - GPU-1 - DEBUG -       [Latent] Step 1/1
2025-10-27 10:42:35,094 - GPU-1 - DEBUG -       [After Latent Recursive] 2 tokens unmasked
2025-10-27 10:42:35,095 - GPU-1 - INFO -   [Cycle 8]
2025-10-27 10:42:35,095 - GPU-1 - DEBUG -     [Latent Recursive] Starting 1 steps of latent thinking
2025-10-27 10:42:35,143 - GPU-1 - DEBUG -       [Latent] Step 1/1
2025-10-27 10:42:35,312 - GPU-1 - DEBUG -       [After Latent Recursive] 2 tokens unmasked
2025-10-27 10:42:35,312 - GPU-1 - INFO -   [Cycle 9]
2025-10-27 10:42:35,312 - GPU-1 - DEBUG -     [Latent Recursive] Starting 1 steps of latent thinking
2025-10-27 10:42:35,361 - GPU-1 - DEBUG -       [Latent] Step 1/1
2025-10-27 10:42:35,530 - GPU-1 - DEBUG -       [After Latent Recursive] 2 tokens unmasked
2025-10-27 10:42:35,530 - GPU-1 - INFO -   [Cycle 10]
2025-10-27 10:42:35,530 - GPU-1 - DEBUG -     [Latent Recursive] Starting 1 steps of latent thinking
2025-10-27 10:42:35,579 - GPU-1 - DEBUG -       [Latent] Step 1/1
2025-10-27 10:42:35,748 - GPU-1 - DEBUG -       [After Latent Recursive] 2 tokens unmasked
2025-10-27 10:42:35,748 - GPU-1 - INFO -   [Cycle 11]
2025-10-27 10:42:35,748 - GPU-1 - DEBUG -     [Latent Recursive] Starting 1 steps of latent thinking
2025-10-27 10:42:35,797 - GPU-1 - DEBUG -       [Latent] Step 1/1
2025-10-27 10:42:35,966 - GPU-1 - DEBUG -       [After Latent Recursive] 2 tokens unmasked
2025-10-27 10:42:35,966 - GPU-1 - INFO -   [Cycle 12]
2025-10-27 10:42:35,966 - GPU-1 - DEBUG -     [Latent Recursive] Starting 1 steps of latent thinking
2025-10-27 10:42:36,015 - GPU-1 - DEBUG -       [Latent] Step 1/1
2025-10-27 10:42:36,183 - GPU-1 - DEBUG -       [After Latent Recursive] 2 tokens unmasked
2025-10-27 10:42:36,184 - GPU-1 - INFO -   [Cycle 13]
2025-10-27 10:42:36,184 - GPU-1 - DEBUG -     [Latent Recursive] Starting 1 steps of latent thinking
2025-10-27 10:42:36,233 - GPU-1 - DEBUG -       [Latent] Step 1/1
2025-10-27 10:42:36,402 - GPU-1 - DEBUG -       [After Latent Recursive] 2 tokens unmasked
2025-10-27 10:42:36,402 - GPU-1 - INFO -   [Cycle 14]
2025-10-27 10:42:36,402 - GPU-1 - DEBUG -     [Latent Recursive] Starting 1 steps of latent thinking
2025-10-27 10:42:36,450 - GPU-1 - DEBUG -       [Latent] Step 1/1
2025-10-27 10:42:36,619 - GPU-1 - DEBUG -       [After Latent Recursive] 2 tokens unmasked
2025-10-27 10:42:36,620 - GPU-1 - INFO -   [Cycle 15]
2025-10-27 10:42:36,620 - GPU-1 - DEBUG -     [Latent Recursive] Starting 1 steps of latent thinking
2025-10-27 10:42:36,668 - GPU-1 - DEBUG -       [Latent] Step 1/1
2025-10-27 10:42:36,837 - GPU-1 - DEBUG -       [After Latent Recursive] 2 tokens unmasked
2025-10-27 10:42:36,838 - GPU-1 - INFO - [Block 14/16] Processing tokens 540-572
2025-10-27 10:42:36,838 - GPU-1 - DEBUG - [Block 13] Before forward: use_cache=True, x.shape=torch.Size([1, 636])
2025-10-27 10:42:36,838 - GPU-1 - DEBUG - [Block 13] Model type: LLaDAModelLM
2025-10-27 10:42:36,838 - GPU-1 - DEBUG - [Block 13] Model config use_cache: True
2025-10-27 10:42:36,862 - GPU-1 - DEBUG - [Block 13] After forward: pkv is None? False
2025-10-27 10:42:36,862 - GPU-1 - DEBUG - [Block 13] out type: CausalLMOutputWithPast
2025-10-27 10:42:36,862 - GPU-1 - DEBUG - [Block 13] pkv type: <class 'list'>, len: 32
2025-10-27 10:42:36,862 - GPU-1 - DEBUG - [Block 13] pkv[0] type: <class 'tuple'>, len: 2
2025-10-27 10:42:36,862 - GPU-1 - DEBUG - [Block 13] pkv[0][0].shape: torch.Size([1, 32, 636, 128])
2025-10-27 10:42:36,957 - GPU-1 - INFO -   [Initial Forward] 2 tokens unmasked
2025-10-27 10:42:36,957 - GPU-1 - INFO -   [Cycle 1]
2025-10-27 10:42:36,957 - GPU-1 - DEBUG -     [Latent Recursive] Starting 1 steps of latent thinking
2025-10-27 10:42:37,006 - GPU-1 - DEBUG -       [Latent] Step 1/1
2025-10-27 10:42:37,174 - GPU-1 - DEBUG -       [After Latent Recursive] 2 tokens unmasked
2025-10-27 10:42:37,174 - GPU-1 - INFO -   [Cycle 2]
2025-10-27 10:42:37,175 - GPU-1 - DEBUG -     [Latent Recursive] Starting 1 steps of latent thinking
2025-10-27 10:42:37,223 - GPU-1 - DEBUG -       [Latent] Step 1/1
2025-10-27 10:42:37,391 - GPU-1 - DEBUG -       [After Latent Recursive] 2 tokens unmasked
2025-10-27 10:42:37,392 - GPU-1 - INFO -   [Cycle 3]
2025-10-27 10:42:37,392 - GPU-1 - DEBUG -     [Latent Recursive] Starting 1 steps of latent thinking
2025-10-27 10:42:37,440 - GPU-1 - DEBUG -       [Latent] Step 1/1
2025-10-27 10:42:37,608 - GPU-1 - DEBUG -       [After Latent Recursive] 2 tokens unmasked
2025-10-27 10:42:37,609 - GPU-1 - INFO -   [Cycle 4]
2025-10-27 10:42:37,609 - GPU-1 - DEBUG -     [Latent Recursive] Starting 1 steps of latent thinking
2025-10-27 10:42:37,657 - GPU-1 - DEBUG -       [Latent] Step 1/1
2025-10-27 10:42:37,825 - GPU-1 - DEBUG -       [After Latent Recursive] 2 tokens unmasked
2025-10-27 10:42:37,826 - GPU-1 - INFO -   [Cycle 5]
2025-10-27 10:42:37,826 - GPU-1 - DEBUG -     [Latent Recursive] Starting 1 steps of latent thinking
2025-10-27 10:42:37,874 - GPU-1 - DEBUG -       [Latent] Step 1/1
2025-10-27 10:42:38,042 - GPU-1 - DEBUG -       [After Latent Recursive] 2 tokens unmasked
2025-10-27 10:42:38,042 - GPU-1 - INFO -   [Cycle 6]
2025-10-27 10:42:38,043 - GPU-1 - DEBUG -     [Latent Recursive] Starting 1 steps of latent thinking
2025-10-27 10:42:38,091 - GPU-1 - DEBUG -       [Latent] Step 1/1
2025-10-27 10:42:38,259 - GPU-1 - DEBUG -       [After Latent Recursive] 2 tokens unmasked
2025-10-27 10:42:38,259 - GPU-1 - INFO -   [Cycle 7]
2025-10-27 10:42:38,259 - GPU-1 - DEBUG -     [Latent Recursive] Starting 1 steps of latent thinking
2025-10-27 10:42:38,308 - GPU-1 - DEBUG -       [Latent] Step 1/1
2025-10-27 10:42:38,476 - GPU-1 - DEBUG -       [After Latent Recursive] 2 tokens unmasked
2025-10-27 10:42:38,476 - GPU-1 - INFO -   [Cycle 8]
2025-10-27 10:42:38,476 - GPU-1 - DEBUG -     [Latent Recursive] Starting 1 steps of latent thinking
2025-10-27 10:42:38,524 - GPU-1 - DEBUG -       [Latent] Step 1/1
2025-10-27 10:42:38,692 - GPU-1 - DEBUG -       [After Latent Recursive] 2 tokens unmasked
2025-10-27 10:42:38,693 - GPU-1 - INFO -   [Cycle 9]
2025-10-27 10:42:38,693 - GPU-1 - DEBUG -     [Latent Recursive] Starting 1 steps of latent thinking
2025-10-27 10:42:38,741 - GPU-1 - DEBUG -       [Latent] Step 1/1
2025-10-27 10:42:38,909 - GPU-1 - DEBUG -       [After Latent Recursive] 2 tokens unmasked
2025-10-27 10:42:38,910 - GPU-1 - INFO -   [Cycle 10]
2025-10-27 10:42:38,910 - GPU-1 - DEBUG -     [Latent Recursive] Starting 1 steps of latent thinking
2025-10-27 10:42:38,958 - GPU-1 - DEBUG -       [Latent] Step 1/1
2025-10-27 10:42:39,126 - GPU-1 - DEBUG -       [After Latent Recursive] 2 tokens unmasked
2025-10-27 10:42:39,126 - GPU-1 - INFO -   [Cycle 11]
2025-10-27 10:42:39,126 - GPU-1 - DEBUG -     [Latent Recursive] Starting 1 steps of latent thinking
2025-10-27 10:42:39,175 - GPU-1 - DEBUG -       [Latent] Step 1/1
2025-10-27 10:42:39,343 - GPU-1 - DEBUG -       [After Latent Recursive] 2 tokens unmasked
2025-10-27 10:42:39,343 - GPU-1 - INFO -   [Cycle 12]
2025-10-27 10:42:39,343 - GPU-1 - DEBUG -     [Latent Recursive] Starting 1 steps of latent thinking
2025-10-27 10:42:39,392 - GPU-1 - DEBUG -       [Latent] Step 1/1
2025-10-27 10:42:39,560 - GPU-1 - DEBUG -       [After Latent Recursive] 2 tokens unmasked
2025-10-27 10:42:39,560 - GPU-1 - INFO -   [Cycle 13]
2025-10-27 10:42:39,560 - GPU-1 - DEBUG -     [Latent Recursive] Starting 1 steps of latent thinking
2025-10-27 10:42:39,608 - GPU-1 - DEBUG -       [Latent] Step 1/1
2025-10-27 10:42:39,777 - GPU-1 - DEBUG -       [After Latent Recursive] 2 tokens unmasked
2025-10-27 10:42:39,777 - GPU-1 - INFO -   [Cycle 14]
2025-10-27 10:42:39,777 - GPU-1 - DEBUG -     [Latent Recursive] Starting 1 steps of latent thinking
2025-10-27 10:42:39,825 - GPU-1 - DEBUG -       [Latent] Step 1/1
2025-10-27 10:42:39,994 - GPU-1 - DEBUG -       [After Latent Recursive] 2 tokens unmasked
2025-10-27 10:42:39,994 - GPU-1 - INFO -   [Cycle 15]
2025-10-27 10:42:39,994 - GPU-1 - DEBUG -     [Latent Recursive] Starting 1 steps of latent thinking
2025-10-27 10:42:40,043 - GPU-1 - DEBUG -       [Latent] Step 1/1
2025-10-27 10:42:40,211 - GPU-1 - DEBUG -       [After Latent Recursive] 2 tokens unmasked
2025-10-27 10:42:40,211 - GPU-1 - INFO - [Block 15/16] Processing tokens 572-604
2025-10-27 10:42:40,211 - GPU-1 - DEBUG - [Block 14] Before forward: use_cache=True, x.shape=torch.Size([1, 636])
2025-10-27 10:42:40,211 - GPU-1 - DEBUG - [Block 14] Model type: LLaDAModelLM
2025-10-27 10:42:40,212 - GPU-1 - DEBUG - [Block 14] Model config use_cache: True
2025-10-27 10:42:40,235 - GPU-1 - DEBUG - [Block 14] After forward: pkv is None? False
2025-10-27 10:42:40,235 - GPU-1 - DEBUG - [Block 14] out type: CausalLMOutputWithPast
2025-10-27 10:42:40,235 - GPU-1 - DEBUG - [Block 14] pkv type: <class 'list'>, len: 32
2025-10-27 10:42:40,236 - GPU-1 - DEBUG - [Block 14] pkv[0] type: <class 'tuple'>, len: 2
2025-10-27 10:42:40,236 - GPU-1 - DEBUG - [Block 14] pkv[0][0].shape: torch.Size([1, 32, 636, 128])
2025-10-27 10:42:40,330 - GPU-1 - INFO -   [Initial Forward] 2 tokens unmasked
2025-10-27 10:42:40,330 - GPU-1 - INFO -   [Cycle 1]
2025-10-27 10:42:40,330 - GPU-1 - DEBUG -     [Latent Recursive] Starting 1 steps of latent thinking
2025-10-27 10:42:40,379 - GPU-1 - DEBUG -       [Latent] Step 1/1
2025-10-27 10:42:40,544 - GPU-1 - DEBUG -       [After Latent Recursive] 2 tokens unmasked
2025-10-27 10:42:40,545 - GPU-1 - INFO -   [Cycle 2]
2025-10-27 10:42:40,545 - GPU-1 - DEBUG -     [Latent Recursive] Starting 1 steps of latent thinking
2025-10-27 10:42:40,593 - GPU-1 - DEBUG -       [Latent] Step 1/1
2025-10-27 10:42:40,759 - GPU-1 - DEBUG -       [After Latent Recursive] 2 tokens unmasked
2025-10-27 10:42:40,760 - GPU-1 - INFO -   [Cycle 3]
2025-10-27 10:42:40,760 - GPU-1 - DEBUG -     [Latent Recursive] Starting 1 steps of latent thinking
2025-10-27 10:42:40,808 - GPU-1 - DEBUG -       [Latent] Step 1/1
2025-10-27 10:42:40,974 - GPU-1 - DEBUG -       [After Latent Recursive] 2 tokens unmasked
2025-10-27 10:42:40,974 - GPU-1 - INFO -   [Cycle 4]
2025-10-27 10:42:40,974 - GPU-1 - DEBUG -     [Latent Recursive] Starting 1 steps of latent thinking
2025-10-27 10:42:41,023 - GPU-1 - DEBUG -       [Latent] Step 1/1
2025-10-27 10:42:41,189 - GPU-1 - DEBUG -       [After Latent Recursive] 2 tokens unmasked
2025-10-27 10:42:41,189 - GPU-1 - INFO -   [Cycle 5]
2025-10-27 10:42:41,189 - GPU-1 - DEBUG -     [Latent Recursive] Starting 1 steps of latent thinking
2025-10-27 10:42:41,238 - GPU-1 - DEBUG -       [Latent] Step 1/1
2025-10-27 10:42:41,403 - GPU-1 - DEBUG -       [After Latent Recursive] 2 tokens unmasked
2025-10-27 10:42:41,404 - GPU-1 - INFO -   [Cycle 6]
2025-10-27 10:42:41,404 - GPU-1 - DEBUG -     [Latent Recursive] Starting 1 steps of latent thinking
2025-10-27 10:42:41,452 - GPU-1 - DEBUG -       [Latent] Step 1/1
2025-10-27 10:42:41,618 - GPU-1 - DEBUG -       [After Latent Recursive] 2 tokens unmasked
2025-10-27 10:42:41,618 - GPU-1 - INFO -   [Cycle 7]
2025-10-27 10:42:41,618 - GPU-1 - DEBUG -     [Latent Recursive] Starting 1 steps of latent thinking
2025-10-27 10:42:41,666 - GPU-1 - DEBUG -       [Latent] Step 1/1
2025-10-27 10:42:41,832 - GPU-1 - DEBUG -       [After Latent Recursive] 2 tokens unmasked
2025-10-27 10:42:41,832 - GPU-1 - INFO -   [Cycle 8]
2025-10-27 10:42:41,833 - GPU-1 - DEBUG -     [Latent Recursive] Starting 1 steps of latent thinking
2025-10-27 10:42:41,881 - GPU-1 - DEBUG -       [Latent] Step 1/1
2025-10-27 10:42:42,047 - GPU-1 - DEBUG -       [After Latent Recursive] 2 tokens unmasked
2025-10-27 10:42:42,047 - GPU-1 - INFO -   [Cycle 9]
2025-10-27 10:42:42,047 - GPU-1 - DEBUG -     [Latent Recursive] Starting 1 steps of latent thinking
2025-10-27 10:42:42,096 - GPU-1 - DEBUG -       [Latent] Step 1/1
2025-10-27 10:42:42,261 - GPU-1 - DEBUG -       [After Latent Recursive] 2 tokens unmasked
2025-10-27 10:42:42,262 - GPU-1 - INFO -   [Cycle 10]
2025-10-27 10:42:42,262 - GPU-1 - DEBUG -     [Latent Recursive] Starting 1 steps of latent thinking
2025-10-27 10:42:42,310 - GPU-1 - DEBUG -       [Latent] Step 1/1
2025-10-27 10:42:42,476 - GPU-1 - DEBUG -       [After Latent Recursive] 2 tokens unmasked
2025-10-27 10:42:42,476 - GPU-1 - INFO -   [Cycle 11]
2025-10-27 10:42:42,476 - GPU-1 - DEBUG -     [Latent Recursive] Starting 1 steps of latent thinking
2025-10-27 10:42:42,524 - GPU-1 - DEBUG -       [Latent] Step 1/1
2025-10-27 10:42:42,690 - GPU-1 - DEBUG -       [After Latent Recursive] 2 tokens unmasked
2025-10-27 10:42:42,690 - GPU-1 - INFO -   [Cycle 12]
2025-10-27 10:42:42,691 - GPU-1 - DEBUG -     [Latent Recursive] Starting 1 steps of latent thinking
2025-10-27 10:42:42,739 - GPU-1 - DEBUG -       [Latent] Step 1/1
2025-10-27 10:42:42,905 - GPU-1 - DEBUG -       [After Latent Recursive] 2 tokens unmasked
2025-10-27 10:42:42,905 - GPU-1 - INFO -   [Cycle 13]
2025-10-27 10:42:42,905 - GPU-1 - DEBUG -     [Latent Recursive] Starting 1 steps of latent thinking
2025-10-27 10:42:42,953 - GPU-1 - DEBUG -       [Latent] Step 1/1
2025-10-27 10:42:43,119 - GPU-1 - DEBUG -       [After Latent Recursive] 2 tokens unmasked
2025-10-27 10:42:43,120 - GPU-1 - INFO -   [Cycle 14]
2025-10-27 10:42:43,120 - GPU-1 - DEBUG -     [Latent Recursive] Starting 1 steps of latent thinking
2025-10-27 10:42:43,168 - GPU-1 - DEBUG -       [Latent] Step 1/1
2025-10-27 10:42:43,335 - GPU-1 - DEBUG -       [After Latent Recursive] 2 tokens unmasked
2025-10-27 10:42:43,335 - GPU-1 - INFO -   [Cycle 15]
2025-10-27 10:42:43,335 - GPU-1 - DEBUG -     [Latent Recursive] Starting 1 steps of latent thinking
2025-10-27 10:42:43,384 - GPU-1 - DEBUG -       [Latent] Step 1/1
2025-10-27 10:42:43,549 - GPU-1 - DEBUG -       [After Latent Recursive] 2 tokens unmasked
2025-10-27 10:42:43,550 - GPU-1 - INFO - [Block 16/16] Processing tokens 604-636
2025-10-27 10:42:43,550 - GPU-1 - DEBUG - [Block 15] Before forward: use_cache=True, x.shape=torch.Size([1, 636])
2025-10-27 10:42:43,550 - GPU-1 - DEBUG - [Block 15] Model type: LLaDAModelLM
2025-10-27 10:42:43,550 - GPU-1 - DEBUG - [Block 15] Model config use_cache: True
2025-10-27 10:42:43,574 - GPU-1 - DEBUG - [Block 15] After forward: pkv is None? False
2025-10-27 10:42:43,574 - GPU-1 - DEBUG - [Block 15] out type: CausalLMOutputWithPast
2025-10-27 10:42:43,574 - GPU-1 - DEBUG - [Block 15] pkv type: <class 'list'>, len: 32
2025-10-27 10:42:43,574 - GPU-1 - DEBUG - [Block 15] pkv[0] type: <class 'tuple'>, len: 2
2025-10-27 10:42:43,574 - GPU-1 - DEBUG - [Block 15] pkv[0][0].shape: torch.Size([1, 32, 636, 128])
2025-10-27 10:42:43,668 - GPU-1 - INFO -   [Initial Forward] 2 tokens unmasked
2025-10-27 10:42:43,669 - GPU-1 - INFO -   [Cycle 1]
2025-10-27 10:42:43,669 - GPU-1 - DEBUG -     [Latent Recursive] Starting 1 steps of latent thinking
2025-10-27 10:42:43,717 - GPU-1 - DEBUG -       [Latent] Step 1/1
2025-10-27 10:42:43,882 - GPU-1 - DEBUG -       [After Latent Recursive] 2 tokens unmasked
2025-10-27 10:42:43,883 - GPU-1 - INFO -   [Cycle 2]
2025-10-27 10:42:43,883 - GPU-1 - DEBUG -     [Latent Recursive] Starting 1 steps of latent thinking
2025-10-27 10:42:43,931 - GPU-1 - DEBUG -       [Latent] Step 1/1
2025-10-27 10:42:44,096 - GPU-1 - DEBUG -       [After Latent Recursive] 2 tokens unmasked
2025-10-27 10:42:44,096 - GPU-1 - INFO -   [Cycle 3]
2025-10-27 10:42:44,097 - GPU-1 - DEBUG -     [Latent Recursive] Starting 1 steps of latent thinking
2025-10-27 10:42:44,145 - GPU-1 - DEBUG -       [Latent] Step 1/1
2025-10-27 10:42:44,309 - GPU-1 - DEBUG -       [After Latent Recursive] 2 tokens unmasked
2025-10-27 10:42:44,310 - GPU-1 - INFO -   [Cycle 4]
2025-10-27 10:42:44,310 - GPU-1 - DEBUG -     [Latent Recursive] Starting 1 steps of latent thinking
2025-10-27 10:42:44,358 - GPU-1 - DEBUG -       [Latent] Step 1/1
2025-10-27 10:42:44,523 - GPU-1 - DEBUG -       [After Latent Recursive] 2 tokens unmasked
2025-10-27 10:42:44,524 - GPU-1 - INFO -   [Cycle 5]
2025-10-27 10:42:44,524 - GPU-1 - DEBUG -     [Latent Recursive] Starting 1 steps of latent thinking
2025-10-27 10:42:44,573 - GPU-1 - DEBUG -       [Latent] Step 1/1
2025-10-27 10:42:44,738 - GPU-1 - DEBUG -       [After Latent Recursive] 2 tokens unmasked
2025-10-27 10:42:44,738 - GPU-1 - INFO -   [Cycle 6]
2025-10-27 10:42:44,739 - GPU-1 - DEBUG -     [Latent Recursive] Starting 1 steps of latent thinking
2025-10-27 10:42:44,787 - GPU-1 - DEBUG -       [Latent] Step 1/1
2025-10-27 10:42:44,952 - GPU-1 - DEBUG -       [After Latent Recursive] 2 tokens unmasked
2025-10-27 10:42:44,952 - GPU-1 - INFO -   [Cycle 7]
2025-10-27 10:42:44,952 - GPU-1 - DEBUG -     [Latent Recursive] Starting 1 steps of latent thinking
2025-10-27 10:42:45,001 - GPU-1 - DEBUG -       [Latent] Step 1/1
2025-10-27 10:42:45,165 - GPU-1 - DEBUG -       [After Latent Recursive] 2 tokens unmasked
2025-10-27 10:42:45,166 - GPU-1 - INFO -   [Cycle 8]
2025-10-27 10:42:45,166 - GPU-1 - DEBUG -     [Latent Recursive] Starting 1 steps of latent thinking
2025-10-27 10:42:45,215 - GPU-1 - DEBUG -       [Latent] Step 1/1
2025-10-27 10:42:45,379 - GPU-1 - DEBUG -       [After Latent Recursive] 2 tokens unmasked
2025-10-27 10:42:45,380 - GPU-1 - INFO -   [Cycle 9]
2025-10-27 10:42:45,380 - GPU-1 - DEBUG -     [Latent Recursive] Starting 1 steps of latent thinking
2025-10-27 10:42:45,429 - GPU-1 - DEBUG -       [Latent] Step 1/1
2025-10-27 10:42:45,593 - GPU-1 - DEBUG -       [After Latent Recursive] 2 tokens unmasked
2025-10-27 10:42:45,594 - GPU-1 - INFO -   [Cycle 10]
2025-10-27 10:42:45,594 - GPU-1 - DEBUG -     [Latent Recursive] Starting 1 steps of latent thinking
2025-10-27 10:42:45,642 - GPU-1 - DEBUG -       [Latent] Step 1/1
2025-10-27 10:42:45,807 - GPU-1 - DEBUG -       [After Latent Recursive] 2 tokens unmasked
2025-10-27 10:42:45,807 - GPU-1 - INFO -   [Cycle 11]
2025-10-27 10:42:45,808 - GPU-1 - DEBUG -     [Latent Recursive] Starting 1 steps of latent thinking
2025-10-27 10:42:45,856 - GPU-1 - DEBUG -       [Latent] Step 1/1
2025-10-27 10:42:46,021 - GPU-1 - DEBUG -       [After Latent Recursive] 2 tokens unmasked
2025-10-27 10:42:46,021 - GPU-1 - INFO -   [Cycle 12]
2025-10-27 10:42:46,021 - GPU-1 - DEBUG -     [Latent Recursive] Starting 1 steps of latent thinking
2025-10-27 10:42:46,070 - GPU-1 - DEBUG -       [Latent] Step 1/1
2025-10-27 10:42:46,234 - GPU-1 - DEBUG -       [After Latent Recursive] 2 tokens unmasked
2025-10-27 10:42:46,235 - GPU-1 - INFO -   [Cycle 13]
2025-10-27 10:42:46,235 - GPU-1 - DEBUG -     [Latent Recursive] Starting 1 steps of latent thinking
2025-10-27 10:42:46,283 - GPU-1 - DEBUG -       [Latent] Step 1/1
2025-10-27 10:42:46,448 - GPU-1 - DEBUG -       [After Latent Recursive] 2 tokens unmasked
2025-10-27 10:42:46,448 - GPU-1 - INFO -   [Cycle 14]
2025-10-27 10:42:46,449 - GPU-1 - DEBUG -     [Latent Recursive] Starting 1 steps of latent thinking
2025-10-27 10:42:46,497 - GPU-1 - DEBUG -       [Latent] Step 1/1
2025-10-27 10:42:46,662 - GPU-1 - DEBUG -       [After Latent Recursive] 2 tokens unmasked
2025-10-27 10:42:46,662 - GPU-1 - INFO -   [Cycle 15]
2025-10-27 10:42:46,663 - GPU-1 - DEBUG -     [Latent Recursive] Starting 1 steps of latent thinking
2025-10-27 10:42:46,711 - GPU-1 - DEBUG -       [Latent] Step 1/1
2025-10-27 10:42:46,876 - GPU-1 - DEBUG -       [After Latent Recursive] 2 tokens unmasked
2025-10-27 10:45:17,990 - GPU-1 - INFO - [GPU 1] Loaded freeze config from metadata.json: freeze_first_half_layers=False, trainable_layer_start_idx=0
2025-10-27 10:45:18,222 - GPU-1 - INFO - === Starting generate_with_prefix_cache ===
2025-10-27 10:45:18,222 - GPU-1 - INFO - use_cache=True, R=1, N=1
2025-10-27 10:45:18,226 - GPU-1 - INFO - [Block 1/16] Processing tokens 124-156
2025-10-27 10:45:18,227 - GPU-1 - DEBUG - [Block 0] Before forward: use_cache=True, x.shape=torch.Size([1, 636])
2025-10-27 10:45:18,227 - GPU-1 - DEBUG - [Block 0] Model type: LLaDAModelLM
2025-10-27 10:45:18,227 - GPU-1 - DEBUG - [Block 0] Model config use_cache: True
2025-10-27 10:45:18,517 - GPU-1 - DEBUG - [Block 0] After forward: pkv is None? False
2025-10-27 10:45:18,518 - GPU-1 - DEBUG - [Block 0] out type: CausalLMOutputWithPast
2025-10-27 10:45:18,518 - GPU-1 - DEBUG - [Block 0] pkv type: <class 'list'>, len: 32
2025-10-27 10:45:18,518 - GPU-1 - DEBUG - [Block 0] pkv[0] type: <class 'tuple'>, len: 2
2025-10-27 10:45:18,518 - GPU-1 - DEBUG - [Block 0] pkv[0][0].shape: torch.Size([1, 32, 636, 128])
2025-10-27 10:45:18,612 - GPU-1 - INFO -   [Initial Forward] 1 tokens unmasked
2025-10-27 10:45:18,612 - GPU-1 - INFO -   [Cycle 1]
2025-10-27 10:45:18,612 - GPU-1 - DEBUG -     [Latent Recursive] Starting 1 steps of latent thinking
2025-10-27 10:45:18,720 - GPU-1 - DEBUG -       [Latent] Step 1/1
2025-10-27 10:45:18,908 - GPU-1 - DEBUG -       [After Latent Recursive] 1 tokens unmasked
2025-10-27 10:45:18,908 - GPU-1 - INFO -   [Cycle 2]
2025-10-27 10:45:18,908 - GPU-1 - DEBUG -     [Latent Recursive] Starting 1 steps of latent thinking
2025-10-27 10:45:18,957 - GPU-1 - DEBUG -       [Latent] Step 1/1
2025-10-27 10:45:19,146 - GPU-1 - DEBUG -       [After Latent Recursive] 1 tokens unmasked
2025-10-27 10:45:19,146 - GPU-1 - INFO -   [Cycle 3]
2025-10-27 10:45:19,147 - GPU-1 - DEBUG -     [Latent Recursive] Starting 1 steps of latent thinking
2025-10-27 10:45:19,195 - GPU-1 - DEBUG -       [Latent] Step 1/1
2025-10-27 10:45:19,383 - GPU-1 - DEBUG -       [After Latent Recursive] 1 tokens unmasked
2025-10-27 10:45:19,383 - GPU-1 - INFO -   [Cycle 4]
2025-10-27 10:45:19,383 - GPU-1 - DEBUG -     [Latent Recursive] Starting 1 steps of latent thinking
2025-10-27 10:45:19,432 - GPU-1 - DEBUG -       [Latent] Step 1/1
2025-10-27 10:45:19,622 - GPU-1 - DEBUG -       [After Latent Recursive] 1 tokens unmasked
2025-10-27 10:45:19,623 - GPU-1 - INFO -   [Cycle 5]
2025-10-27 10:45:19,623 - GPU-1 - DEBUG -     [Latent Recursive] Starting 1 steps of latent thinking
2025-10-27 10:45:19,671 - GPU-1 - DEBUG -       [Latent] Step 1/1
2025-10-27 10:45:19,862 - GPU-1 - DEBUG -       [After Latent Recursive] 1 tokens unmasked
2025-10-27 10:45:19,863 - GPU-1 - INFO -   [Cycle 6]
2025-10-27 10:45:19,863 - GPU-1 - DEBUG -     [Latent Recursive] Starting 1 steps of latent thinking
2025-10-27 10:45:19,912 - GPU-1 - DEBUG -       [Latent] Step 1/1
2025-10-27 10:45:20,102 - GPU-1 - DEBUG -       [After Latent Recursive] 1 tokens unmasked
2025-10-27 10:45:20,102 - GPU-1 - INFO -   [Cycle 7]
2025-10-27 10:45:20,102 - GPU-1 - DEBUG -     [Latent Recursive] Starting 1 steps of latent thinking
2025-10-27 10:45:20,151 - GPU-1 - DEBUG -       [Latent] Step 1/1
2025-10-27 10:45:20,341 - GPU-1 - DEBUG -       [After Latent Recursive] 1 tokens unmasked
2025-10-27 10:45:20,341 - GPU-1 - INFO -   [Cycle 8]
2025-10-27 10:45:20,341 - GPU-1 - DEBUG -     [Latent Recursive] Starting 1 steps of latent thinking
2025-10-27 10:45:20,390 - GPU-1 - DEBUG -       [Latent] Step 1/1
2025-10-27 10:45:20,578 - GPU-1 - DEBUG -       [After Latent Recursive] 1 tokens unmasked
2025-10-27 10:45:20,579 - GPU-1 - INFO -   [Cycle 9]
2025-10-27 10:45:20,579 - GPU-1 - DEBUG -     [Latent Recursive] Starting 1 steps of latent thinking
2025-10-27 10:45:20,628 - GPU-1 - DEBUG -       [Latent] Step 1/1
2025-10-27 10:45:20,815 - GPU-1 - DEBUG -       [After Latent Recursive] 1 tokens unmasked
2025-10-27 10:45:20,815 - GPU-1 - INFO -   [Cycle 10]
2025-10-27 10:45:20,815 - GPU-1 - DEBUG -     [Latent Recursive] Starting 1 steps of latent thinking
2025-10-27 10:45:20,864 - GPU-1 - DEBUG -       [Latent] Step 1/1
2025-10-27 10:45:21,052 - GPU-1 - DEBUG -       [After Latent Recursive] 1 tokens unmasked
2025-10-27 10:45:21,052 - GPU-1 - INFO -   [Cycle 11]
2025-10-27 10:45:21,052 - GPU-1 - DEBUG -     [Latent Recursive] Starting 1 steps of latent thinking
2025-10-27 10:45:21,101 - GPU-1 - DEBUG -       [Latent] Step 1/1
2025-10-27 10:45:21,288 - GPU-1 - DEBUG -       [After Latent Recursive] 1 tokens unmasked
2025-10-27 10:45:21,289 - GPU-1 - INFO -   [Cycle 12]
2025-10-27 10:45:21,289 - GPU-1 - DEBUG -     [Latent Recursive] Starting 1 steps of latent thinking
2025-10-27 10:45:21,338 - GPU-1 - DEBUG -       [Latent] Step 1/1
2025-10-27 10:45:21,525 - GPU-1 - DEBUG -       [After Latent Recursive] 1 tokens unmasked
2025-10-27 10:45:21,525 - GPU-1 - INFO -   [Cycle 13]
2025-10-27 10:45:21,526 - GPU-1 - DEBUG -     [Latent Recursive] Starting 1 steps of latent thinking
2025-10-27 10:45:21,574 - GPU-1 - DEBUG -       [Latent] Step 1/1
2025-10-27 10:45:21,762 - GPU-1 - DEBUG -       [After Latent Recursive] 1 tokens unmasked
2025-10-27 10:45:21,762 - GPU-1 - INFO -   [Cycle 14]
2025-10-27 10:45:21,762 - GPU-1 - DEBUG -     [Latent Recursive] Starting 1 steps of latent thinking
2025-10-27 10:45:21,811 - GPU-1 - DEBUG -       [Latent] Step 1/1
2025-10-27 10:45:21,999 - GPU-1 - DEBUG -       [After Latent Recursive] 1 tokens unmasked
2025-10-27 10:45:21,999 - GPU-1 - INFO -   [Cycle 15]
2025-10-27 10:45:21,999 - GPU-1 - DEBUG -     [Latent Recursive] Starting 1 steps of latent thinking
2025-10-27 10:45:22,048 - GPU-1 - DEBUG -       [Latent] Step 1/1
2025-10-27 10:45:22,235 - GPU-1 - DEBUG -       [After Latent Recursive] 1 tokens unmasked
2025-10-27 10:45:22,235 - GPU-1 - INFO -   [Cycle 16]
2025-10-27 10:45:22,235 - GPU-1 - DEBUG -     [Latent Recursive] Starting 1 steps of latent thinking
2025-10-27 10:45:22,284 - GPU-1 - DEBUG -       [Latent] Step 1/1
2025-10-27 10:45:22,471 - GPU-1 - DEBUG -       [After Latent Recursive] 1 tokens unmasked
2025-10-27 10:45:22,471 - GPU-1 - INFO -   [Cycle 17]
2025-10-27 10:45:22,471 - GPU-1 - DEBUG -     [Latent Recursive] Starting 1 steps of latent thinking
2025-10-27 10:45:22,520 - GPU-1 - DEBUG -       [Latent] Step 1/1
2025-10-27 10:45:22,707 - GPU-1 - DEBUG -       [After Latent Recursive] 1 tokens unmasked
2025-10-27 10:45:22,707 - GPU-1 - INFO -   [Cycle 18]
2025-10-27 10:45:22,707 - GPU-1 - DEBUG -     [Latent Recursive] Starting 1 steps of latent thinking
2025-10-27 10:45:22,756 - GPU-1 - DEBUG -       [Latent] Step 1/1
2025-10-27 10:45:22,943 - GPU-1 - DEBUG -       [After Latent Recursive] 1 tokens unmasked
2025-10-27 10:45:22,943 - GPU-1 - INFO -   [Cycle 19]
2025-10-27 10:45:22,943 - GPU-1 - DEBUG -     [Latent Recursive] Starting 1 steps of latent thinking
2025-10-27 10:45:22,992 - GPU-1 - DEBUG -       [Latent] Step 1/1
2025-10-27 10:45:23,179 - GPU-1 - DEBUG -       [After Latent Recursive] 1 tokens unmasked
2025-10-27 10:45:23,179 - GPU-1 - INFO -   [Cycle 20]
2025-10-27 10:45:23,179 - GPU-1 - DEBUG -     [Latent Recursive] Starting 1 steps of latent thinking
2025-10-27 10:45:23,228 - GPU-1 - DEBUG -       [Latent] Step 1/1
2025-10-27 10:45:23,415 - GPU-1 - DEBUG -       [After Latent Recursive] 1 tokens unmasked
2025-10-27 10:45:23,415 - GPU-1 - INFO -   [Cycle 21]
2025-10-27 10:45:23,416 - GPU-1 - DEBUG -     [Latent Recursive] Starting 1 steps of latent thinking
2025-10-27 10:45:23,464 - GPU-1 - DEBUG -       [Latent] Step 1/1
2025-10-27 10:45:23,651 - GPU-1 - DEBUG -       [After Latent Recursive] 1 tokens unmasked
2025-10-27 10:45:23,651 - GPU-1 - INFO -   [Cycle 22]
2025-10-27 10:45:23,652 - GPU-1 - DEBUG -     [Latent Recursive] Starting 1 steps of latent thinking
2025-10-27 10:45:23,700 - GPU-1 - DEBUG -       [Latent] Step 1/1
2025-10-27 10:45:23,887 - GPU-1 - DEBUG -       [After Latent Recursive] 1 tokens unmasked
2025-10-27 10:45:23,888 - GPU-1 - INFO -   [Cycle 23]
2025-10-27 10:45:23,888 - GPU-1 - DEBUG -     [Latent Recursive] Starting 1 steps of latent thinking
2025-10-27 10:45:23,936 - GPU-1 - DEBUG -       [Latent] Step 1/1
2025-10-27 10:45:24,123 - GPU-1 - DEBUG -       [After Latent Recursive] 1 tokens unmasked
2025-10-27 10:45:24,124 - GPU-1 - INFO -   [Cycle 24]
2025-10-27 10:45:24,124 - GPU-1 - DEBUG -     [Latent Recursive] Starting 1 steps of latent thinking
2025-10-27 10:45:24,173 - GPU-1 - DEBUG -       [Latent] Step 1/1
2025-10-27 10:45:24,359 - GPU-1 - DEBUG -       [After Latent Recursive] 1 tokens unmasked
2025-10-27 10:45:24,360 - GPU-1 - INFO -   [Cycle 25]
2025-10-27 10:45:24,360 - GPU-1 - DEBUG -     [Latent Recursive] Starting 1 steps of latent thinking
2025-10-27 10:45:24,409 - GPU-1 - DEBUG -       [Latent] Step 1/1
2025-10-27 10:45:24,596 - GPU-1 - DEBUG -       [After Latent Recursive] 1 tokens unmasked
2025-10-27 10:45:24,596 - GPU-1 - INFO -   [Cycle 26]
2025-10-27 10:45:24,597 - GPU-1 - DEBUG -     [Latent Recursive] Starting 1 steps of latent thinking
2025-10-27 10:45:24,645 - GPU-1 - DEBUG -       [Latent] Step 1/1
2025-10-27 10:45:24,833 - GPU-1 - DEBUG -       [After Latent Recursive] 1 tokens unmasked
2025-10-27 10:45:24,833 - GPU-1 - INFO -   [Cycle 27]
2025-10-27 10:45:24,833 - GPU-1 - DEBUG -     [Latent Recursive] Starting 1 steps of latent thinking
2025-10-27 10:45:24,882 - GPU-1 - DEBUG -       [Latent] Step 1/1
2025-10-27 10:45:25,069 - GPU-1 - DEBUG -       [After Latent Recursive] 1 tokens unmasked
2025-10-27 10:45:25,069 - GPU-1 - INFO -   [Cycle 28]
2025-10-27 10:45:25,069 - GPU-1 - DEBUG -     [Latent Recursive] Starting 1 steps of latent thinking
2025-10-27 10:45:25,118 - GPU-1 - DEBUG -       [Latent] Step 1/1
2025-10-27 10:45:25,306 - GPU-1 - DEBUG -       [After Latent Recursive] 1 tokens unmasked
2025-10-27 10:45:25,306 - GPU-1 - INFO -   [Cycle 29]
2025-10-27 10:45:25,306 - GPU-1 - DEBUG -     [Latent Recursive] Starting 1 steps of latent thinking
2025-10-27 10:45:25,355 - GPU-1 - DEBUG -       [Latent] Step 1/1
2025-10-27 10:45:25,542 - GPU-1 - DEBUG -       [After Latent Recursive] 1 tokens unmasked
2025-10-27 10:45:25,542 - GPU-1 - INFO -   [Cycle 30]
2025-10-27 10:45:25,543 - GPU-1 - DEBUG -     [Latent Recursive] Starting 1 steps of latent thinking
2025-10-27 10:45:25,591 - GPU-1 - DEBUG -       [Latent] Step 1/1
2025-10-27 10:45:25,779 - GPU-1 - DEBUG -       [After Latent Recursive] 1 tokens unmasked
2025-10-27 10:45:25,779 - GPU-1 - INFO -   [Cycle 31]
2025-10-27 10:45:25,779 - GPU-1 - DEBUG -     [Latent Recursive] Starting 1 steps of latent thinking
2025-10-27 10:45:25,828 - GPU-1 - DEBUG -       [Latent] Step 1/1
2025-10-27 10:45:26,015 - GPU-1 - DEBUG -       [After Latent Recursive] 1 tokens unmasked
2025-10-27 10:45:26,015 - GPU-1 - INFO - [Block 2/16] Processing tokens 156-188
2025-10-27 10:45:26,016 - GPU-1 - DEBUG - [Block 1] Before forward: use_cache=True, x.shape=torch.Size([1, 636])
2025-10-27 10:45:26,016 - GPU-1 - DEBUG - [Block 1] Model type: LLaDAModelLM
2025-10-27 10:45:26,016 - GPU-1 - DEBUG - [Block 1] Model config use_cache: True
2025-10-27 10:45:26,040 - GPU-1 - DEBUG - [Block 1] After forward: pkv is None? False
2025-10-27 10:45:26,040 - GPU-1 - DEBUG - [Block 1] out type: CausalLMOutputWithPast
2025-10-27 10:45:26,040 - GPU-1 - DEBUG - [Block 1] pkv type: <class 'list'>, len: 32
2025-10-27 10:45:26,040 - GPU-1 - DEBUG - [Block 1] pkv[0] type: <class 'tuple'>, len: 2
2025-10-27 10:45:26,040 - GPU-1 - DEBUG - [Block 1] pkv[0][0].shape: torch.Size([1, 32, 636, 128])
2025-10-27 10:45:26,135 - GPU-1 - INFO -   [Initial Forward] 1 tokens unmasked
2025-10-27 10:45:26,136 - GPU-1 - INFO -   [Cycle 1]
2025-10-27 10:45:26,136 - GPU-1 - DEBUG -     [Latent Recursive] Starting 1 steps of latent thinking
2025-10-27 10:45:26,185 - GPU-1 - DEBUG -       [Latent] Step 1/1
2025-10-27 10:45:26,371 - GPU-1 - DEBUG -       [After Latent Recursive] 1 tokens unmasked
2025-10-27 10:45:26,371 - GPU-1 - INFO -   [Cycle 2]
2025-10-27 10:45:26,371 - GPU-1 - DEBUG -     [Latent Recursive] Starting 1 steps of latent thinking
2025-10-27 10:45:26,420 - GPU-1 - DEBUG -       [Latent] Step 1/1
2025-10-27 10:45:26,607 - GPU-1 - DEBUG -       [After Latent Recursive] 1 tokens unmasked
2025-10-27 10:45:26,607 - GPU-1 - INFO -   [Cycle 3]
2025-10-27 10:45:26,607 - GPU-1 - DEBUG -     [Latent Recursive] Starting 1 steps of latent thinking
2025-10-27 10:45:26,656 - GPU-1 - DEBUG -       [Latent] Step 1/1
2025-10-27 10:45:26,842 - GPU-1 - DEBUG -       [After Latent Recursive] 1 tokens unmasked
2025-10-27 10:45:26,843 - GPU-1 - INFO -   [Cycle 4]
2025-10-27 10:45:26,843 - GPU-1 - DEBUG -     [Latent Recursive] Starting 1 steps of latent thinking
2025-10-27 10:45:26,892 - GPU-1 - DEBUG -       [Latent] Step 1/1
2025-10-27 10:45:27,078 - GPU-1 - DEBUG -       [After Latent Recursive] 1 tokens unmasked
2025-10-27 10:45:27,079 - GPU-1 - INFO -   [Cycle 5]
2025-10-27 10:45:27,079 - GPU-1 - DEBUG -     [Latent Recursive] Starting 1 steps of latent thinking
2025-10-27 10:45:27,128 - GPU-1 - DEBUG -       [Latent] Step 1/1
2025-10-27 10:45:27,314 - GPU-1 - DEBUG -       [After Latent Recursive] 1 tokens unmasked
2025-10-27 10:45:27,314 - GPU-1 - INFO -   [Cycle 6]
2025-10-27 10:45:27,315 - GPU-1 - DEBUG -     [Latent Recursive] Starting 1 steps of latent thinking
2025-10-27 10:45:27,363 - GPU-1 - DEBUG -       [Latent] Step 1/1
2025-10-27 10:45:27,550 - GPU-1 - DEBUG -       [After Latent Recursive] 1 tokens unmasked
2025-10-27 10:45:27,550 - GPU-1 - INFO -   [Cycle 7]
2025-10-27 10:45:27,550 - GPU-1 - DEBUG -     [Latent Recursive] Starting 1 steps of latent thinking
2025-10-27 10:45:27,599 - GPU-1 - DEBUG -       [Latent] Step 1/1
2025-10-27 10:45:27,785 - GPU-1 - DEBUG -       [After Latent Recursive] 1 tokens unmasked
2025-10-27 10:45:27,786 - GPU-1 - INFO -   [Cycle 8]
2025-10-27 10:45:27,786 - GPU-1 - DEBUG -     [Latent Recursive] Starting 1 steps of latent thinking
2025-10-27 10:45:27,835 - GPU-1 - DEBUG -       [Latent] Step 1/1
2025-10-27 10:45:28,021 - GPU-1 - DEBUG -       [After Latent Recursive] 1 tokens unmasked
2025-10-27 10:45:28,022 - GPU-1 - INFO -   [Cycle 9]
2025-10-27 10:45:28,022 - GPU-1 - DEBUG -     [Latent Recursive] Starting 1 steps of latent thinking
2025-10-27 10:45:28,070 - GPU-1 - DEBUG -       [Latent] Step 1/1
2025-10-27 10:45:28,257 - GPU-1 - DEBUG -       [After Latent Recursive] 1 tokens unmasked
2025-10-27 10:45:28,257 - GPU-1 - INFO -   [Cycle 10]
2025-10-27 10:45:28,258 - GPU-1 - DEBUG -     [Latent Recursive] Starting 1 steps of latent thinking
2025-10-27 10:45:28,306 - GPU-1 - DEBUG -       [Latent] Step 1/1
2025-10-27 10:45:28,493 - GPU-1 - DEBUG -       [After Latent Recursive] 1 tokens unmasked
2025-10-27 10:45:28,494 - GPU-1 - INFO -   [Cycle 11]
2025-10-27 10:45:28,494 - GPU-1 - DEBUG -     [Latent Recursive] Starting 1 steps of latent thinking
2025-10-27 10:45:28,543 - GPU-1 - DEBUG -       [Latent] Step 1/1
2025-10-27 10:45:28,729 - GPU-1 - DEBUG -       [After Latent Recursive] 1 tokens unmasked
2025-10-27 10:45:28,730 - GPU-1 - INFO -   [Cycle 12]
2025-10-27 10:45:28,730 - GPU-1 - DEBUG -     [Latent Recursive] Starting 1 steps of latent thinking
2025-10-27 10:45:28,779 - GPU-1 - DEBUG -       [Latent] Step 1/1
2025-10-27 10:45:28,965 - GPU-1 - DEBUG -       [After Latent Recursive] 1 tokens unmasked
2025-10-27 10:45:28,966 - GPU-1 - INFO -   [Cycle 13]
2025-10-27 10:45:28,966 - GPU-1 - DEBUG -     [Latent Recursive] Starting 1 steps of latent thinking
2025-10-27 10:45:29,015 - GPU-1 - DEBUG -       [Latent] Step 1/1
2025-10-27 10:45:29,200 - GPU-1 - DEBUG -       [After Latent Recursive] 1 tokens unmasked
2025-10-27 10:45:29,201 - GPU-1 - INFO -   [Cycle 14]
2025-10-27 10:45:29,201 - GPU-1 - DEBUG -     [Latent Recursive] Starting 1 steps of latent thinking
2025-10-27 10:45:29,250 - GPU-1 - DEBUG -       [Latent] Step 1/1
2025-10-27 10:45:29,435 - GPU-1 - DEBUG -       [After Latent Recursive] 1 tokens unmasked
2025-10-27 10:45:29,436 - GPU-1 - INFO -   [Cycle 15]
2025-10-27 10:45:29,436 - GPU-1 - DEBUG -     [Latent Recursive] Starting 1 steps of latent thinking
2025-10-27 10:45:29,485 - GPU-1 - DEBUG -       [Latent] Step 1/1
2025-10-27 10:45:29,670 - GPU-1 - DEBUG -       [After Latent Recursive] 1 tokens unmasked
2025-10-27 10:45:29,671 - GPU-1 - INFO -   [Cycle 16]
2025-10-27 10:45:29,671 - GPU-1 - DEBUG -     [Latent Recursive] Starting 1 steps of latent thinking
2025-10-27 10:45:29,719 - GPU-1 - DEBUG -       [Latent] Step 1/1
2025-10-27 10:45:29,905 - GPU-1 - DEBUG -       [After Latent Recursive] 1 tokens unmasked
2025-10-27 10:45:29,905 - GPU-1 - INFO -   [Cycle 17]
2025-10-27 10:45:29,906 - GPU-1 - DEBUG -     [Latent Recursive] Starting 1 steps of latent thinking
2025-10-27 10:45:29,954 - GPU-1 - DEBUG -       [Latent] Step 1/1
2025-10-27 10:45:30,140 - GPU-1 - DEBUG -       [After Latent Recursive] 1 tokens unmasked
2025-10-27 10:45:30,140 - GPU-1 - INFO -   [Cycle 18]
2025-10-27 10:45:30,140 - GPU-1 - DEBUG -     [Latent Recursive] Starting 1 steps of latent thinking
2025-10-27 10:45:30,189 - GPU-1 - DEBUG -       [Latent] Step 1/1
2025-10-27 10:45:30,374 - GPU-1 - DEBUG -       [After Latent Recursive] 1 tokens unmasked
2025-10-27 10:45:30,374 - GPU-1 - INFO -   [Cycle 19]
2025-10-27 10:45:30,374 - GPU-1 - DEBUG -     [Latent Recursive] Starting 1 steps of latent thinking
2025-10-27 10:45:30,423 - GPU-1 - DEBUG -       [Latent] Step 1/1
2025-10-27 10:45:30,609 - GPU-1 - DEBUG -       [After Latent Recursive] 1 tokens unmasked
2025-10-27 10:45:30,609 - GPU-1 - INFO -   [Cycle 20]
2025-10-27 10:45:30,609 - GPU-1 - DEBUG -     [Latent Recursive] Starting 1 steps of latent thinking
2025-10-27 10:45:30,658 - GPU-1 - DEBUG -       [Latent] Step 1/1
2025-10-27 10:45:30,843 - GPU-1 - DEBUG -       [After Latent Recursive] 1 tokens unmasked
2025-10-27 10:45:30,844 - GPU-1 - INFO -   [Cycle 21]
2025-10-27 10:45:30,844 - GPU-1 - DEBUG -     [Latent Recursive] Starting 1 steps of latent thinking
2025-10-27 10:45:30,892 - GPU-1 - DEBUG -       [Latent] Step 1/1
2025-10-27 10:45:31,078 - GPU-1 - DEBUG -       [After Latent Recursive] 1 tokens unmasked
2025-10-27 10:45:31,078 - GPU-1 - INFO -   [Cycle 22]
2025-10-27 10:45:31,079 - GPU-1 - DEBUG -     [Latent Recursive] Starting 1 steps of latent thinking
2025-10-27 10:45:31,127 - GPU-1 - DEBUG -       [Latent] Step 1/1
2025-10-27 10:45:31,313 - GPU-1 - DEBUG -       [After Latent Recursive] 1 tokens unmasked
2025-10-27 10:45:31,313 - GPU-1 - INFO -   [Cycle 23]
2025-10-27 10:45:31,313 - GPU-1 - DEBUG -     [Latent Recursive] Starting 1 steps of latent thinking
2025-10-27 10:45:31,362 - GPU-1 - DEBUG -       [Latent] Step 1/1
2025-10-27 10:45:31,548 - GPU-1 - DEBUG -       [After Latent Recursive] 1 tokens unmasked
2025-10-27 10:45:31,548 - GPU-1 - INFO -   [Cycle 24]
2025-10-27 10:45:31,548 - GPU-1 - DEBUG -     [Latent Recursive] Starting 1 steps of latent thinking
2025-10-27 10:45:31,597 - GPU-1 - DEBUG -       [Latent] Step 1/1
2025-10-27 10:45:31,782 - GPU-1 - DEBUG -       [After Latent Recursive] 1 tokens unmasked
2025-10-27 10:45:31,783 - GPU-1 - INFO -   [Cycle 25]
2025-10-27 10:45:31,783 - GPU-1 - DEBUG -     [Latent Recursive] Starting 1 steps of latent thinking
2025-10-27 10:45:31,831 - GPU-1 - DEBUG -       [Latent] Step 1/1
2025-10-27 10:45:32,017 - GPU-1 - DEBUG -       [After Latent Recursive] 1 tokens unmasked
2025-10-27 10:45:32,017 - GPU-1 - INFO -   [Cycle 26]
2025-10-27 10:45:32,018 - GPU-1 - DEBUG -     [Latent Recursive] Starting 1 steps of latent thinking
2025-10-27 10:45:32,066 - GPU-1 - DEBUG -       [Latent] Step 1/1
2025-10-27 10:45:32,252 - GPU-1 - DEBUG -       [After Latent Recursive] 1 tokens unmasked
2025-10-27 10:45:32,252 - GPU-1 - INFO -   [Cycle 27]
2025-10-27 10:45:32,252 - GPU-1 - DEBUG -     [Latent Recursive] Starting 1 steps of latent thinking
2025-10-27 10:45:32,301 - GPU-1 - DEBUG -       [Latent] Step 1/1
2025-10-27 10:45:32,487 - GPU-1 - DEBUG -       [After Latent Recursive] 1 tokens unmasked
2025-10-27 10:45:32,487 - GPU-1 - INFO -   [Cycle 28]
2025-10-27 10:45:32,487 - GPU-1 - DEBUG -     [Latent Recursive] Starting 1 steps of latent thinking
2025-10-27 10:45:32,536 - GPU-1 - DEBUG -       [Latent] Step 1/1
2025-10-27 10:45:32,721 - GPU-1 - DEBUG -       [After Latent Recursive] 1 tokens unmasked
2025-10-27 10:45:32,722 - GPU-1 - INFO -   [Cycle 29]
2025-10-27 10:45:32,722 - GPU-1 - DEBUG -     [Latent Recursive] Starting 1 steps of latent thinking
2025-10-27 10:45:32,770 - GPU-1 - DEBUG -       [Latent] Step 1/1
2025-10-27 10:45:32,956 - GPU-1 - DEBUG -       [After Latent Recursive] 1 tokens unmasked
2025-10-27 10:45:32,957 - GPU-1 - INFO -   [Cycle 30]
2025-10-27 10:45:32,957 - GPU-1 - DEBUG -     [Latent Recursive] Starting 1 steps of latent thinking
2025-10-27 10:45:33,005 - GPU-1 - DEBUG -       [Latent] Step 1/1
2025-10-27 10:45:33,191 - GPU-1 - DEBUG -       [After Latent Recursive] 1 tokens unmasked
2025-10-27 10:45:33,192 - GPU-1 - INFO -   [Cycle 31]
2025-10-27 10:45:33,192 - GPU-1 - DEBUG -     [Latent Recursive] Starting 1 steps of latent thinking
2025-10-27 10:45:33,240 - GPU-1 - DEBUG -       [Latent] Step 1/1
2025-10-27 10:45:33,426 - GPU-1 - DEBUG -       [After Latent Recursive] 1 tokens unmasked
2025-10-27 10:45:33,426 - GPU-1 - INFO - [Block 3/16] Processing tokens 188-220
2025-10-27 10:45:33,427 - GPU-1 - DEBUG - [Block 2] Before forward: use_cache=True, x.shape=torch.Size([1, 636])
2025-10-27 10:45:33,427 - GPU-1 - DEBUG - [Block 2] Model type: LLaDAModelLM
2025-10-27 10:45:33,427 - GPU-1 - DEBUG - [Block 2] Model config use_cache: True
2025-10-27 10:45:33,451 - GPU-1 - DEBUG - [Block 2] After forward: pkv is None? False
2025-10-27 10:45:33,451 - GPU-1 - DEBUG - [Block 2] out type: CausalLMOutputWithPast
2025-10-27 10:45:33,451 - GPU-1 - DEBUG - [Block 2] pkv type: <class 'list'>, len: 32
2025-10-27 10:45:33,451 - GPU-1 - DEBUG - [Block 2] pkv[0] type: <class 'tuple'>, len: 2
2025-10-27 10:45:33,451 - GPU-1 - DEBUG - [Block 2] pkv[0][0].shape: torch.Size([1, 32, 636, 128])
2025-10-27 10:45:33,545 - GPU-1 - INFO -   [Initial Forward] 1 tokens unmasked
2025-10-27 10:45:33,546 - GPU-1 - INFO -   [Cycle 1]
2025-10-27 10:45:33,546 - GPU-1 - DEBUG -     [Latent Recursive] Starting 1 steps of latent thinking
2025-10-27 10:45:33,594 - GPU-1 - DEBUG -       [Latent] Step 1/1
2025-10-27 10:45:33,778 - GPU-1 - DEBUG -       [After Latent Recursive] 1 tokens unmasked
2025-10-27 10:45:33,778 - GPU-1 - INFO -   [Cycle 2]
2025-10-27 10:45:33,778 - GPU-1 - DEBUG -     [Latent Recursive] Starting 1 steps of latent thinking
2025-10-27 10:45:33,827 - GPU-1 - DEBUG -       [Latent] Step 1/1
2025-10-27 10:45:34,010 - GPU-1 - DEBUG -       [After Latent Recursive] 1 tokens unmasked
2025-10-27 10:45:34,010 - GPU-1 - INFO -   [Cycle 3]
2025-10-27 10:45:34,011 - GPU-1 - DEBUG -     [Latent Recursive] Starting 1 steps of latent thinking
2025-10-27 10:45:34,059 - GPU-1 - DEBUG -       [Latent] Step 1/1
2025-10-27 10:45:34,243 - GPU-1 - DEBUG -       [After Latent Recursive] 1 tokens unmasked
2025-10-27 10:45:34,243 - GPU-1 - INFO -   [Cycle 4]
2025-10-27 10:45:34,243 - GPU-1 - DEBUG -     [Latent Recursive] Starting 1 steps of latent thinking
2025-10-27 10:45:34,292 - GPU-1 - DEBUG -       [Latent] Step 1/1
2025-10-27 10:45:34,475 - GPU-1 - DEBUG -       [After Latent Recursive] 1 tokens unmasked
2025-10-27 10:45:34,475 - GPU-1 - INFO -   [Cycle 5]
2025-10-27 10:45:34,475 - GPU-1 - DEBUG -     [Latent Recursive] Starting 1 steps of latent thinking
2025-10-27 10:45:34,524 - GPU-1 - DEBUG -       [Latent] Step 1/1
2025-10-27 10:45:34,707 - GPU-1 - DEBUG -       [After Latent Recursive] 1 tokens unmasked
2025-10-27 10:45:34,708 - GPU-1 - INFO -   [Cycle 6]
2025-10-27 10:45:34,708 - GPU-1 - DEBUG -     [Latent Recursive] Starting 1 steps of latent thinking
2025-10-27 10:45:34,756 - GPU-1 - DEBUG -       [Latent] Step 1/1
2025-10-27 10:45:34,939 - GPU-1 - DEBUG -       [After Latent Recursive] 1 tokens unmasked
2025-10-27 10:45:34,940 - GPU-1 - INFO -   [Cycle 7]
2025-10-27 10:45:34,940 - GPU-1 - DEBUG -     [Latent Recursive] Starting 1 steps of latent thinking
2025-10-27 10:45:34,988 - GPU-1 - DEBUG -       [Latent] Step 1/1
2025-10-27 10:45:35,172 - GPU-1 - DEBUG -       [After Latent Recursive] 1 tokens unmasked
2025-10-27 10:45:35,172 - GPU-1 - INFO -   [Cycle 8]
2025-10-27 10:45:35,173 - GPU-1 - DEBUG -     [Latent Recursive] Starting 1 steps of latent thinking
2025-10-27 10:45:35,221 - GPU-1 - DEBUG -       [Latent] Step 1/1
2025-10-27 10:45:35,405 - GPU-1 - DEBUG -       [After Latent Recursive] 1 tokens unmasked
2025-10-27 10:45:35,405 - GPU-1 - INFO -   [Cycle 9]
2025-10-27 10:45:35,405 - GPU-1 - DEBUG -     [Latent Recursive] Starting 1 steps of latent thinking
2025-10-27 10:45:35,454 - GPU-1 - DEBUG -       [Latent] Step 1/1
2025-10-27 10:45:35,637 - GPU-1 - DEBUG -       [After Latent Recursive] 1 tokens unmasked
2025-10-27 10:45:35,637 - GPU-1 - INFO -   [Cycle 10]
2025-10-27 10:45:35,638 - GPU-1 - DEBUG -     [Latent Recursive] Starting 1 steps of latent thinking
2025-10-27 10:45:35,686 - GPU-1 - DEBUG -       [Latent] Step 1/1
2025-10-27 10:45:35,869 - GPU-1 - DEBUG -       [After Latent Recursive] 1 tokens unmasked
2025-10-27 10:45:35,870 - GPU-1 - INFO -   [Cycle 11]
2025-10-27 10:45:35,870 - GPU-1 - DEBUG -     [Latent Recursive] Starting 1 steps of latent thinking
2025-10-27 10:45:35,918 - GPU-1 - DEBUG -       [Latent] Step 1/1
2025-10-27 10:45:36,102 - GPU-1 - DEBUG -       [After Latent Recursive] 1 tokens unmasked
2025-10-27 10:45:36,103 - GPU-1 - INFO -   [Cycle 12]
2025-10-27 10:45:36,103 - GPU-1 - DEBUG -     [Latent Recursive] Starting 1 steps of latent thinking
2025-10-27 10:45:36,151 - GPU-1 - DEBUG -       [Latent] Step 1/1
2025-10-27 10:45:36,335 - GPU-1 - DEBUG -       [After Latent Recursive] 1 tokens unmasked
2025-10-27 10:45:36,335 - GPU-1 - INFO -   [Cycle 13]
2025-10-27 10:45:36,335 - GPU-1 - DEBUG -     [Latent Recursive] Starting 1 steps of latent thinking
2025-10-27 10:45:36,384 - GPU-1 - DEBUG -       [Latent] Step 1/1
2025-10-27 10:45:36,567 - GPU-1 - DEBUG -       [After Latent Recursive] 1 tokens unmasked
2025-10-27 10:45:36,568 - GPU-1 - INFO -   [Cycle 14]
2025-10-27 10:45:36,568 - GPU-1 - DEBUG -     [Latent Recursive] Starting 1 steps of latent thinking
2025-10-27 10:45:36,616 - GPU-1 - DEBUG -       [Latent] Step 1/1
2025-10-27 10:45:36,800 - GPU-1 - DEBUG -       [After Latent Recursive] 1 tokens unmasked
2025-10-27 10:45:36,800 - GPU-1 - INFO -   [Cycle 15]
2025-10-27 10:45:36,800 - GPU-1 - DEBUG -     [Latent Recursive] Starting 1 steps of latent thinking
2025-10-27 10:45:36,849 - GPU-1 - DEBUG -       [Latent] Step 1/1
2025-10-27 10:45:37,032 - GPU-1 - DEBUG -       [After Latent Recursive] 1 tokens unmasked
2025-10-27 10:45:37,033 - GPU-1 - INFO -   [Cycle 16]
2025-10-27 10:45:37,033 - GPU-1 - DEBUG -     [Latent Recursive] Starting 1 steps of latent thinking
2025-10-27 10:45:37,082 - GPU-1 - DEBUG -       [Latent] Step 1/1
2025-10-27 10:45:37,265 - GPU-1 - DEBUG -       [After Latent Recursive] 1 tokens unmasked
2025-10-27 10:45:37,265 - GPU-1 - INFO -   [Cycle 17]
2025-10-27 10:45:37,265 - GPU-1 - DEBUG -     [Latent Recursive] Starting 1 steps of latent thinking
2025-10-27 10:45:37,314 - GPU-1 - DEBUG -       [Latent] Step 1/1
2025-10-27 10:45:37,497 - GPU-1 - DEBUG -       [After Latent Recursive] 1 tokens unmasked
2025-10-27 10:45:37,497 - GPU-1 - INFO -   [Cycle 18]
2025-10-27 10:45:37,497 - GPU-1 - DEBUG -     [Latent Recursive] Starting 1 steps of latent thinking
2025-10-27 10:45:37,546 - GPU-1 - DEBUG -       [Latent] Step 1/1
2025-10-27 10:45:37,728 - GPU-1 - DEBUG -       [After Latent Recursive] 1 tokens unmasked
2025-10-27 10:45:37,729 - GPU-1 - INFO -   [Cycle 19]
2025-10-27 10:45:37,729 - GPU-1 - DEBUG -     [Latent Recursive] Starting 1 steps of latent thinking
2025-10-27 10:45:37,777 - GPU-1 - DEBUG -       [Latent] Step 1/1
2025-10-27 10:45:37,960 - GPU-1 - DEBUG -       [After Latent Recursive] 1 tokens unmasked
2025-10-27 10:45:37,961 - GPU-1 - INFO -   [Cycle 20]
2025-10-27 10:45:37,961 - GPU-1 - DEBUG -     [Latent Recursive] Starting 1 steps of latent thinking
2025-10-27 10:45:38,009 - GPU-1 - DEBUG -       [Latent] Step 1/1
2025-10-27 10:45:38,192 - GPU-1 - DEBUG -       [After Latent Recursive] 1 tokens unmasked
2025-10-27 10:45:38,193 - GPU-1 - INFO -   [Cycle 21]
2025-10-27 10:45:38,193 - GPU-1 - DEBUG -     [Latent Recursive] Starting 1 steps of latent thinking
2025-10-27 10:45:38,241 - GPU-1 - DEBUG -       [Latent] Step 1/1
2025-10-27 10:45:38,424 - GPU-1 - DEBUG -       [After Latent Recursive] 1 tokens unmasked
2025-10-27 10:45:38,425 - GPU-1 - INFO -   [Cycle 22]
2025-10-27 10:45:38,425 - GPU-1 - DEBUG -     [Latent Recursive] Starting 1 steps of latent thinking
2025-10-27 10:45:38,473 - GPU-1 - DEBUG -       [Latent] Step 1/1
2025-10-27 10:45:38,656 - GPU-1 - DEBUG -       [After Latent Recursive] 1 tokens unmasked
2025-10-27 10:45:38,657 - GPU-1 - INFO -   [Cycle 23]
2025-10-27 10:45:38,657 - GPU-1 - DEBUG -     [Latent Recursive] Starting 1 steps of latent thinking
2025-10-27 10:45:38,705 - GPU-1 - DEBUG -       [Latent] Step 1/1
2025-10-27 10:45:38,888 - GPU-1 - DEBUG -       [After Latent Recursive] 1 tokens unmasked
2025-10-27 10:45:38,889 - GPU-1 - INFO -   [Cycle 24]
2025-10-27 10:45:38,889 - GPU-1 - DEBUG -     [Latent Recursive] Starting 1 steps of latent thinking
2025-10-27 10:45:38,937 - GPU-1 - DEBUG -       [Latent] Step 1/1
2025-10-27 10:45:39,121 - GPU-1 - DEBUG -       [After Latent Recursive] 1 tokens unmasked
2025-10-27 10:45:39,121 - GPU-1 - INFO -   [Cycle 25]
2025-10-27 10:45:39,121 - GPU-1 - DEBUG -     [Latent Recursive] Starting 1 steps of latent thinking
2025-10-27 10:45:39,170 - GPU-1 - DEBUG -       [Latent] Step 1/1
2025-10-27 10:45:39,353 - GPU-1 - DEBUG -       [After Latent Recursive] 1 tokens unmasked
2025-10-27 10:45:39,354 - GPU-1 - INFO -   [Cycle 26]
2025-10-27 10:45:39,354 - GPU-1 - DEBUG -     [Latent Recursive] Starting 1 steps of latent thinking
2025-10-27 10:45:39,402 - GPU-1 - DEBUG -       [Latent] Step 1/1
2025-10-27 10:45:39,586 - GPU-1 - DEBUG -       [After Latent Recursive] 1 tokens unmasked
2025-10-27 10:45:39,586 - GPU-1 - INFO -   [Cycle 27]
2025-10-27 10:45:39,586 - GPU-1 - DEBUG -     [Latent Recursive] Starting 1 steps of latent thinking
2025-10-27 10:45:39,635 - GPU-1 - DEBUG -       [Latent] Step 1/1
2025-10-27 10:45:39,818 - GPU-1 - DEBUG -       [After Latent Recursive] 1 tokens unmasked
2025-10-27 10:45:39,819 - GPU-1 - INFO -   [Cycle 28]
2025-10-27 10:45:39,819 - GPU-1 - DEBUG -     [Latent Recursive] Starting 1 steps of latent thinking
2025-10-27 10:45:39,867 - GPU-1 - DEBUG -       [Latent] Step 1/1
2025-10-27 10:45:40,050 - GPU-1 - DEBUG -       [After Latent Recursive] 1 tokens unmasked
2025-10-27 10:45:40,051 - GPU-1 - INFO -   [Cycle 29]
2025-10-27 10:45:40,051 - GPU-1 - DEBUG -     [Latent Recursive] Starting 1 steps of latent thinking
2025-10-27 10:45:40,100 - GPU-1 - DEBUG -       [Latent] Step 1/1
2025-10-27 10:45:40,283 - GPU-1 - DEBUG -       [After Latent Recursive] 1 tokens unmasked
2025-10-27 10:45:40,283 - GPU-1 - INFO -   [Cycle 30]
2025-10-27 10:45:40,283 - GPU-1 - DEBUG -     [Latent Recursive] Starting 1 steps of latent thinking
2025-10-27 10:45:40,332 - GPU-1 - DEBUG -       [Latent] Step 1/1
2025-10-27 10:45:40,515 - GPU-1 - DEBUG -       [After Latent Recursive] 1 tokens unmasked
2025-10-27 10:45:40,515 - GPU-1 - INFO -   [Cycle 31]
2025-10-27 10:45:40,516 - GPU-1 - DEBUG -     [Latent Recursive] Starting 1 steps of latent thinking
2025-10-27 10:45:40,564 - GPU-1 - DEBUG -       [Latent] Step 1/1
2025-10-27 10:45:40,747 - GPU-1 - DEBUG -       [After Latent Recursive] 1 tokens unmasked
2025-10-27 10:45:40,748 - GPU-1 - INFO - [Block 4/16] Processing tokens 220-252
2025-10-27 10:45:40,748 - GPU-1 - DEBUG - [Block 3] Before forward: use_cache=True, x.shape=torch.Size([1, 636])
2025-10-27 10:45:40,748 - GPU-1 - DEBUG - [Block 3] Model type: LLaDAModelLM
2025-10-27 10:45:40,748 - GPU-1 - DEBUG - [Block 3] Model config use_cache: True
2025-10-27 10:45:40,772 - GPU-1 - DEBUG - [Block 3] After forward: pkv is None? False
2025-10-27 10:45:40,772 - GPU-1 - DEBUG - [Block 3] out type: CausalLMOutputWithPast
2025-10-27 10:45:40,772 - GPU-1 - DEBUG - [Block 3] pkv type: <class 'list'>, len: 32
2025-10-27 10:45:40,773 - GPU-1 - DEBUG - [Block 3] pkv[0] type: <class 'tuple'>, len: 2
2025-10-27 10:45:40,773 - GPU-1 - DEBUG - [Block 3] pkv[0][0].shape: torch.Size([1, 32, 636, 128])
2025-10-27 10:45:40,867 - GPU-1 - INFO -   [Initial Forward] 1 tokens unmasked
2025-10-27 10:45:40,867 - GPU-1 - INFO -   [Cycle 1]
2025-10-27 10:45:40,867 - GPU-1 - DEBUG -     [Latent Recursive] Starting 1 steps of latent thinking
2025-10-27 10:45:40,916 - GPU-1 - DEBUG -       [Latent] Step 1/1
2025-10-27 10:45:41,099 - GPU-1 - DEBUG -       [After Latent Recursive] 1 tokens unmasked
2025-10-27 10:45:41,099 - GPU-1 - INFO -   [Cycle 2]
2025-10-27 10:45:41,099 - GPU-1 - DEBUG -     [Latent Recursive] Starting 1 steps of latent thinking
2025-10-27 10:45:41,148 - GPU-1 - DEBUG -       [Latent] Step 1/1
2025-10-27 10:45:41,330 - GPU-1 - DEBUG -       [After Latent Recursive] 1 tokens unmasked
2025-10-27 10:45:41,331 - GPU-1 - INFO -   [Cycle 3]
2025-10-27 10:45:41,331 - GPU-1 - DEBUG -     [Latent Recursive] Starting 1 steps of latent thinking
2025-10-27 10:45:41,380 - GPU-1 - DEBUG -       [Latent] Step 1/1
2025-10-27 10:45:41,562 - GPU-1 - DEBUG -       [After Latent Recursive] 1 tokens unmasked
2025-10-27 10:45:41,563 - GPU-1 - INFO -   [Cycle 4]
2025-10-27 10:45:41,563 - GPU-1 - DEBUG -     [Latent Recursive] Starting 1 steps of latent thinking
2025-10-27 10:45:41,611 - GPU-1 - DEBUG -       [Latent] Step 1/1
2025-10-27 10:45:41,794 - GPU-1 - DEBUG -       [After Latent Recursive] 1 tokens unmasked
2025-10-27 10:45:41,794 - GPU-1 - INFO -   [Cycle 5]
2025-10-27 10:45:41,794 - GPU-1 - DEBUG -     [Latent Recursive] Starting 1 steps of latent thinking
2025-10-27 10:45:41,843 - GPU-1 - DEBUG -       [Latent] Step 1/1
2025-10-27 10:45:42,026 - GPU-1 - DEBUG -       [After Latent Recursive] 1 tokens unmasked
2025-10-27 10:45:42,026 - GPU-1 - INFO -   [Cycle 6]
2025-10-27 10:45:42,026 - GPU-1 - DEBUG -     [Latent Recursive] Starting 1 steps of latent thinking
2025-10-27 10:45:42,075 - GPU-1 - DEBUG -       [Latent] Step 1/1
2025-10-27 10:45:42,257 - GPU-1 - DEBUG -       [After Latent Recursive] 1 tokens unmasked
2025-10-27 10:45:42,258 - GPU-1 - INFO -   [Cycle 7]
2025-10-27 10:45:42,258 - GPU-1 - DEBUG -     [Latent Recursive] Starting 1 steps of latent thinking
2025-10-27 10:45:42,306 - GPU-1 - DEBUG -       [Latent] Step 1/1
2025-10-27 10:45:42,489 - GPU-1 - DEBUG -       [After Latent Recursive] 1 tokens unmasked
2025-10-27 10:45:42,489 - GPU-1 - INFO -   [Cycle 8]
2025-10-27 10:45:42,489 - GPU-1 - DEBUG -     [Latent Recursive] Starting 1 steps of latent thinking
2025-10-27 10:45:42,538 - GPU-1 - DEBUG -       [Latent] Step 1/1
2025-10-27 10:45:42,720 - GPU-1 - DEBUG -       [After Latent Recursive] 1 tokens unmasked
2025-10-27 10:45:42,721 - GPU-1 - INFO -   [Cycle 9]
2025-10-27 10:45:42,721 - GPU-1 - DEBUG -     [Latent Recursive] Starting 1 steps of latent thinking
2025-10-27 10:45:42,769 - GPU-1 - DEBUG -       [Latent] Step 1/1
2025-10-27 10:45:42,952 - GPU-1 - DEBUG -       [After Latent Recursive] 1 tokens unmasked
2025-10-27 10:45:42,952 - GPU-1 - INFO -   [Cycle 10]
2025-10-27 10:45:42,953 - GPU-1 - DEBUG -     [Latent Recursive] Starting 1 steps of latent thinking
2025-10-27 10:45:43,001 - GPU-1 - DEBUG -       [Latent] Step 1/1
2025-10-27 10:45:43,184 - GPU-1 - DEBUG -       [After Latent Recursive] 1 tokens unmasked
2025-10-27 10:45:43,184 - GPU-1 - INFO -   [Cycle 11]
2025-10-27 10:45:43,184 - GPU-1 - DEBUG -     [Latent Recursive] Starting 1 steps of latent thinking
2025-10-27 10:45:43,232 - GPU-1 - DEBUG -       [Latent] Step 1/1
2025-10-27 10:45:43,415 - GPU-1 - DEBUG -       [After Latent Recursive] 1 tokens unmasked
2025-10-27 10:45:43,416 - GPU-1 - INFO -   [Cycle 12]
2025-10-27 10:45:43,416 - GPU-1 - DEBUG -     [Latent Recursive] Starting 1 steps of latent thinking
2025-10-27 10:45:43,464 - GPU-1 - DEBUG -       [Latent] Step 1/1
2025-10-27 10:45:43,647 - GPU-1 - DEBUG -       [After Latent Recursive] 1 tokens unmasked
2025-10-27 10:45:43,647 - GPU-1 - INFO -   [Cycle 13]
2025-10-27 10:45:43,647 - GPU-1 - DEBUG -     [Latent Recursive] Starting 1 steps of latent thinking
2025-10-27 10:45:43,696 - GPU-1 - DEBUG -       [Latent] Step 1/1
2025-10-27 10:45:43,879 - GPU-1 - DEBUG -       [After Latent Recursive] 1 tokens unmasked
2025-10-27 10:45:43,879 - GPU-1 - INFO -   [Cycle 14]
2025-10-27 10:45:43,879 - GPU-1 - DEBUG -     [Latent Recursive] Starting 1 steps of latent thinking
2025-10-27 10:45:43,928 - GPU-1 - DEBUG -       [Latent] Step 1/1
2025-10-27 10:45:44,110 - GPU-1 - DEBUG -       [After Latent Recursive] 1 tokens unmasked
2025-10-27 10:45:44,110 - GPU-1 - INFO -   [Cycle 15]
2025-10-27 10:45:44,111 - GPU-1 - DEBUG -     [Latent Recursive] Starting 1 steps of latent thinking
2025-10-27 10:45:44,159 - GPU-1 - DEBUG -       [Latent] Step 1/1
2025-10-27 10:45:44,342 - GPU-1 - DEBUG -       [After Latent Recursive] 1 tokens unmasked
2025-10-27 10:45:44,342 - GPU-1 - INFO -   [Cycle 16]
2025-10-27 10:45:44,342 - GPU-1 - DEBUG -     [Latent Recursive] Starting 1 steps of latent thinking
2025-10-27 10:45:44,391 - GPU-1 - DEBUG -       [Latent] Step 1/1
2025-10-27 10:45:44,573 - GPU-1 - DEBUG -       [After Latent Recursive] 1 tokens unmasked
2025-10-27 10:45:44,574 - GPU-1 - INFO -   [Cycle 17]
2025-10-27 10:45:44,574 - GPU-1 - DEBUG -     [Latent Recursive] Starting 1 steps of latent thinking
2025-10-27 10:45:44,622 - GPU-1 - DEBUG -       [Latent] Step 1/1
2025-10-27 10:45:44,805 - GPU-1 - DEBUG -       [After Latent Recursive] 1 tokens unmasked
2025-10-27 10:45:44,806 - GPU-1 - INFO -   [Cycle 18]
2025-10-27 10:45:44,806 - GPU-1 - DEBUG -     [Latent Recursive] Starting 1 steps of latent thinking
2025-10-27 10:45:44,854 - GPU-1 - DEBUG -       [Latent] Step 1/1
2025-10-27 10:45:45,037 - GPU-1 - DEBUG -       [After Latent Recursive] 1 tokens unmasked
2025-10-27 10:45:45,037 - GPU-1 - INFO -   [Cycle 19]
2025-10-27 10:45:45,037 - GPU-1 - DEBUG -     [Latent Recursive] Starting 1 steps of latent thinking
2025-10-27 10:45:45,086 - GPU-1 - DEBUG -       [Latent] Step 1/1
2025-10-27 10:45:45,269 - GPU-1 - DEBUG -       [After Latent Recursive] 1 tokens unmasked
2025-10-27 10:45:45,269 - GPU-1 - INFO -   [Cycle 20]
2025-10-27 10:45:45,269 - GPU-1 - DEBUG -     [Latent Recursive] Starting 1 steps of latent thinking
2025-10-27 10:45:45,318 - GPU-1 - DEBUG -       [Latent] Step 1/1
2025-10-27 10:45:45,500 - GPU-1 - DEBUG -       [After Latent Recursive] 1 tokens unmasked
2025-10-27 10:45:45,501 - GPU-1 - INFO -   [Cycle 21]
2025-10-27 10:45:45,501 - GPU-1 - DEBUG -     [Latent Recursive] Starting 1 steps of latent thinking
2025-10-27 10:45:45,549 - GPU-1 - DEBUG -       [Latent] Step 1/1
2025-10-27 10:45:45,732 - GPU-1 - DEBUG -       [After Latent Recursive] 1 tokens unmasked
2025-10-27 10:45:45,732 - GPU-1 - INFO -   [Cycle 22]
2025-10-27 10:45:45,732 - GPU-1 - DEBUG -     [Latent Recursive] Starting 1 steps of latent thinking
2025-10-27 10:45:45,781 - GPU-1 - DEBUG -       [Latent] Step 1/1
2025-10-27 10:45:45,963 - GPU-1 - DEBUG -       [After Latent Recursive] 1 tokens unmasked
2025-10-27 10:45:45,963 - GPU-1 - INFO -   [Cycle 23]
2025-10-27 10:45:45,964 - GPU-1 - DEBUG -     [Latent Recursive] Starting 1 steps of latent thinking
2025-10-27 10:45:46,012 - GPU-1 - DEBUG -       [Latent] Step 1/1
2025-10-27 10:45:46,195 - GPU-1 - DEBUG -       [After Latent Recursive] 1 tokens unmasked
2025-10-27 10:45:46,195 - GPU-1 - INFO -   [Cycle 24]
2025-10-27 10:45:46,195 - GPU-1 - DEBUG -     [Latent Recursive] Starting 1 steps of latent thinking
2025-10-27 10:45:46,244 - GPU-1 - DEBUG -       [Latent] Step 1/1
2025-10-27 10:45:46,426 - GPU-1 - DEBUG -       [After Latent Recursive] 1 tokens unmasked
2025-10-27 10:45:46,427 - GPU-1 - INFO -   [Cycle 25]
2025-10-27 10:45:46,427 - GPU-1 - DEBUG -     [Latent Recursive] Starting 1 steps of latent thinking
2025-10-27 10:45:46,475 - GPU-1 - DEBUG -       [Latent] Step 1/1
2025-10-27 10:45:46,658 - GPU-1 - DEBUG -       [After Latent Recursive] 1 tokens unmasked
2025-10-27 10:45:46,658 - GPU-1 - INFO -   [Cycle 26]
2025-10-27 10:45:46,659 - GPU-1 - DEBUG -     [Latent Recursive] Starting 1 steps of latent thinking
2025-10-27 10:45:46,707 - GPU-1 - DEBUG -       [Latent] Step 1/1
2025-10-27 10:45:46,890 - GPU-1 - DEBUG -       [After Latent Recursive] 1 tokens unmasked
2025-10-27 10:45:46,890 - GPU-1 - INFO -   [Cycle 27]
2025-10-27 10:45:46,890 - GPU-1 - DEBUG -     [Latent Recursive] Starting 1 steps of latent thinking
2025-10-27 10:45:46,938 - GPU-1 - DEBUG -       [Latent] Step 1/1
2025-10-27 10:45:47,121 - GPU-1 - DEBUG -       [After Latent Recursive] 1 tokens unmasked
2025-10-27 10:45:47,122 - GPU-1 - INFO -   [Cycle 28]
2025-10-27 10:45:47,122 - GPU-1 - DEBUG -     [Latent Recursive] Starting 1 steps of latent thinking
2025-10-27 10:45:47,170 - GPU-1 - DEBUG -       [Latent] Step 1/1
2025-10-27 10:45:47,353 - GPU-1 - DEBUG -       [After Latent Recursive] 1 tokens unmasked
2025-10-27 10:45:47,353 - GPU-1 - INFO -   [Cycle 29]
2025-10-27 10:45:47,353 - GPU-1 - DEBUG -     [Latent Recursive] Starting 1 steps of latent thinking
2025-10-27 10:45:47,402 - GPU-1 - DEBUG -       [Latent] Step 1/1
2025-10-27 10:45:47,585 - GPU-1 - DEBUG -       [After Latent Recursive] 1 tokens unmasked
2025-10-27 10:45:47,585 - GPU-1 - INFO -   [Cycle 30]
2025-10-27 10:45:47,585 - GPU-1 - DEBUG -     [Latent Recursive] Starting 1 steps of latent thinking
2025-10-27 10:45:47,634 - GPU-1 - DEBUG -       [Latent] Step 1/1
2025-10-27 10:45:47,816 - GPU-1 - DEBUG -       [After Latent Recursive] 1 tokens unmasked
2025-10-27 10:45:47,816 - GPU-1 - INFO -   [Cycle 31]
2025-10-27 10:45:47,816 - GPU-1 - DEBUG -     [Latent Recursive] Starting 1 steps of latent thinking
2025-10-27 10:45:47,865 - GPU-1 - DEBUG -       [Latent] Step 1/1
2025-10-27 10:45:48,047 - GPU-1 - DEBUG -       [After Latent Recursive] 1 tokens unmasked
2025-10-27 10:45:48,048 - GPU-1 - INFO - [Block 5/16] Processing tokens 252-284
2025-10-27 10:45:48,048 - GPU-1 - DEBUG - [Block 4] Before forward: use_cache=True, x.shape=torch.Size([1, 636])
2025-10-27 10:45:48,048 - GPU-1 - DEBUG - [Block 4] Model type: LLaDAModelLM
2025-10-27 10:45:48,048 - GPU-1 - DEBUG - [Block 4] Model config use_cache: True
2025-10-27 10:45:48,072 - GPU-1 - DEBUG - [Block 4] After forward: pkv is None? False
2025-10-27 10:45:48,072 - GPU-1 - DEBUG - [Block 4] out type: CausalLMOutputWithPast
2025-10-27 10:45:48,072 - GPU-1 - DEBUG - [Block 4] pkv type: <class 'list'>, len: 32
2025-10-27 10:45:48,073 - GPU-1 - DEBUG - [Block 4] pkv[0] type: <class 'tuple'>, len: 2
2025-10-27 10:45:48,073 - GPU-1 - DEBUG - [Block 4] pkv[0][0].shape: torch.Size([1, 32, 636, 128])
2025-10-27 10:45:48,167 - GPU-1 - INFO -   [Initial Forward] 1 tokens unmasked
2025-10-27 10:45:48,167 - GPU-1 - INFO -   [Cycle 1]
2025-10-27 10:45:48,167 - GPU-1 - DEBUG -     [Latent Recursive] Starting 1 steps of latent thinking
2025-10-27 10:45:48,216 - GPU-1 - DEBUG -       [Latent] Step 1/1
2025-10-27 10:45:48,397 - GPU-1 - DEBUG -       [After Latent Recursive] 1 tokens unmasked
2025-10-27 10:45:48,397 - GPU-1 - INFO -   [Cycle 2]
2025-10-27 10:45:48,397 - GPU-1 - DEBUG -     [Latent Recursive] Starting 1 steps of latent thinking
2025-10-27 10:45:48,446 - GPU-1 - DEBUG -       [Latent] Step 1/1
2025-10-27 10:45:48,626 - GPU-1 - DEBUG -       [After Latent Recursive] 1 tokens unmasked
2025-10-27 10:45:48,626 - GPU-1 - INFO -   [Cycle 3]
2025-10-27 10:45:48,626 - GPU-1 - DEBUG -     [Latent Recursive] Starting 1 steps of latent thinking
2025-10-27 10:45:48,675 - GPU-1 - DEBUG -       [Latent] Step 1/1
2025-10-27 10:45:48,855 - GPU-1 - DEBUG -       [After Latent Recursive] 1 tokens unmasked
2025-10-27 10:45:48,855 - GPU-1 - INFO -   [Cycle 4]
2025-10-27 10:45:48,856 - GPU-1 - DEBUG -     [Latent Recursive] Starting 1 steps of latent thinking
2025-10-27 10:45:48,904 - GPU-1 - DEBUG -       [Latent] Step 1/1
2025-10-27 10:45:49,084 - GPU-1 - DEBUG -       [After Latent Recursive] 1 tokens unmasked
2025-10-27 10:45:49,084 - GPU-1 - INFO -   [Cycle 5]
2025-10-27 10:45:49,084 - GPU-1 - DEBUG -     [Latent Recursive] Starting 1 steps of latent thinking
2025-10-27 10:45:49,133 - GPU-1 - DEBUG -       [Latent] Step 1/1
2025-10-27 10:45:49,313 - GPU-1 - DEBUG -       [After Latent Recursive] 1 tokens unmasked
2025-10-27 10:45:49,314 - GPU-1 - INFO -   [Cycle 6]
2025-10-27 10:45:49,314 - GPU-1 - DEBUG -     [Latent Recursive] Starting 1 steps of latent thinking
2025-10-27 10:45:49,362 - GPU-1 - DEBUG -       [Latent] Step 1/1
2025-10-27 10:45:49,542 - GPU-1 - DEBUG -       [After Latent Recursive] 1 tokens unmasked
2025-10-27 10:45:49,543 - GPU-1 - INFO -   [Cycle 7]
2025-10-27 10:45:49,543 - GPU-1 - DEBUG -     [Latent Recursive] Starting 1 steps of latent thinking
2025-10-27 10:45:49,591 - GPU-1 - DEBUG -       [Latent] Step 1/1
2025-10-27 10:45:49,772 - GPU-1 - DEBUG -       [After Latent Recursive] 1 tokens unmasked
2025-10-27 10:45:49,772 - GPU-1 - INFO -   [Cycle 8]
2025-10-27 10:45:49,772 - GPU-1 - DEBUG -     [Latent Recursive] Starting 1 steps of latent thinking
2025-10-27 10:45:49,821 - GPU-1 - DEBUG -       [Latent] Step 1/1
2025-10-27 10:45:50,001 - GPU-1 - DEBUG -       [After Latent Recursive] 1 tokens unmasked
2025-10-27 10:45:50,001 - GPU-1 - INFO -   [Cycle 9]
2025-10-27 10:45:50,001 - GPU-1 - DEBUG -     [Latent Recursive] Starting 1 steps of latent thinking
2025-10-27 10:45:50,050 - GPU-1 - DEBUG -       [Latent] Step 1/1
2025-10-27 10:45:50,230 - GPU-1 - DEBUG -       [After Latent Recursive] 1 tokens unmasked
2025-10-27 10:45:50,230 - GPU-1 - INFO -   [Cycle 10]
2025-10-27 10:45:50,231 - GPU-1 - DEBUG -     [Latent Recursive] Starting 1 steps of latent thinking
2025-10-27 10:45:50,279 - GPU-1 - DEBUG -       [Latent] Step 1/1
2025-10-27 10:45:50,459 - GPU-1 - DEBUG -       [After Latent Recursive] 1 tokens unmasked
2025-10-27 10:45:50,459 - GPU-1 - INFO -   [Cycle 11]
2025-10-27 10:45:50,459 - GPU-1 - DEBUG -     [Latent Recursive] Starting 1 steps of latent thinking
2025-10-27 10:45:50,507 - GPU-1 - DEBUG -       [Latent] Step 1/1
2025-10-27 10:45:50,687 - GPU-1 - DEBUG -       [After Latent Recursive] 1 tokens unmasked
2025-10-27 10:45:50,688 - GPU-1 - INFO -   [Cycle 12]
2025-10-27 10:45:50,688 - GPU-1 - DEBUG -     [Latent Recursive] Starting 1 steps of latent thinking
2025-10-27 10:45:50,736 - GPU-1 - DEBUG -       [Latent] Step 1/1
2025-10-27 10:45:50,916 - GPU-1 - DEBUG -       [After Latent Recursive] 1 tokens unmasked
2025-10-27 10:45:50,916 - GPU-1 - INFO -   [Cycle 13]
2025-10-27 10:45:50,917 - GPU-1 - DEBUG -     [Latent Recursive] Starting 1 steps of latent thinking
2025-10-27 10:45:50,965 - GPU-1 - DEBUG -       [Latent] Step 1/1
2025-10-27 10:45:51,145 - GPU-1 - DEBUG -       [After Latent Recursive] 1 tokens unmasked
2025-10-27 10:45:51,145 - GPU-1 - INFO -   [Cycle 14]
2025-10-27 10:45:51,146 - GPU-1 - DEBUG -     [Latent Recursive] Starting 1 steps of latent thinking
2025-10-27 10:45:51,194 - GPU-1 - DEBUG -       [Latent] Step 1/1
2025-10-27 10:45:51,374 - GPU-1 - DEBUG -       [After Latent Recursive] 1 tokens unmasked
2025-10-27 10:45:51,374 - GPU-1 - INFO -   [Cycle 15]
2025-10-27 10:45:51,374 - GPU-1 - DEBUG -     [Latent Recursive] Starting 1 steps of latent thinking
2025-10-27 10:45:51,422 - GPU-1 - DEBUG -       [Latent] Step 1/1
2025-10-27 10:45:51,602 - GPU-1 - DEBUG -       [After Latent Recursive] 1 tokens unmasked
2025-10-27 10:45:51,603 - GPU-1 - INFO -   [Cycle 16]
2025-10-27 10:45:51,603 - GPU-1 - DEBUG -     [Latent Recursive] Starting 1 steps of latent thinking
2025-10-27 10:45:51,651 - GPU-1 - DEBUG -       [Latent] Step 1/1
2025-10-27 10:45:51,831 - GPU-1 - DEBUG -       [After Latent Recursive] 1 tokens unmasked
2025-10-27 10:45:51,831 - GPU-1 - INFO -   [Cycle 17]
2025-10-27 10:45:51,832 - GPU-1 - DEBUG -     [Latent Recursive] Starting 1 steps of latent thinking
2025-10-27 10:45:51,880 - GPU-1 - DEBUG -       [Latent] Step 1/1
2025-10-27 10:45:52,060 - GPU-1 - DEBUG -       [After Latent Recursive] 1 tokens unmasked
2025-10-27 10:45:52,060 - GPU-1 - INFO -   [Cycle 18]
2025-10-27 10:45:52,060 - GPU-1 - DEBUG -     [Latent Recursive] Starting 1 steps of latent thinking
2025-10-27 10:45:52,109 - GPU-1 - DEBUG -       [Latent] Step 1/1
2025-10-27 10:45:52,288 - GPU-1 - DEBUG -       [After Latent Recursive] 1 tokens unmasked
2025-10-27 10:45:52,289 - GPU-1 - INFO -   [Cycle 19]
2025-10-27 10:45:52,289 - GPU-1 - DEBUG -     [Latent Recursive] Starting 1 steps of latent thinking
2025-10-27 10:45:52,338 - GPU-1 - DEBUG -       [Latent] Step 1/1
2025-10-27 10:45:52,518 - GPU-1 - DEBUG -       [After Latent Recursive] 1 tokens unmasked
2025-10-27 10:45:52,518 - GPU-1 - INFO -   [Cycle 20]
2025-10-27 10:45:52,518 - GPU-1 - DEBUG -     [Latent Recursive] Starting 1 steps of latent thinking
2025-10-27 10:45:52,567 - GPU-1 - DEBUG -       [Latent] Step 1/1
2025-10-27 10:45:52,747 - GPU-1 - DEBUG -       [After Latent Recursive] 1 tokens unmasked
2025-10-27 10:45:52,747 - GPU-1 - INFO -   [Cycle 21]
2025-10-27 10:45:52,748 - GPU-1 - DEBUG -     [Latent Recursive] Starting 1 steps of latent thinking
2025-10-27 10:45:52,796 - GPU-1 - DEBUG -       [Latent] Step 1/1
2025-10-27 10:45:52,976 - GPU-1 - DEBUG -       [After Latent Recursive] 1 tokens unmasked
2025-10-27 10:45:52,977 - GPU-1 - INFO -   [Cycle 22]
2025-10-27 10:45:52,977 - GPU-1 - DEBUG -     [Latent Recursive] Starting 1 steps of latent thinking
2025-10-27 10:45:53,025 - GPU-1 - DEBUG -       [Latent] Step 1/1
2025-10-27 10:45:53,206 - GPU-1 - DEBUG -       [After Latent Recursive] 1 tokens unmasked
2025-10-27 10:45:53,206 - GPU-1 - INFO -   [Cycle 23]
2025-10-27 10:45:53,206 - GPU-1 - DEBUG -     [Latent Recursive] Starting 1 steps of latent thinking
2025-10-27 10:45:53,255 - GPU-1 - DEBUG -       [Latent] Step 1/1
2025-10-27 10:45:53,435 - GPU-1 - DEBUG -       [After Latent Recursive] 1 tokens unmasked
2025-10-27 10:45:53,435 - GPU-1 - INFO -   [Cycle 24]
2025-10-27 10:45:53,436 - GPU-1 - DEBUG -     [Latent Recursive] Starting 1 steps of latent thinking
2025-10-27 10:45:53,484 - GPU-1 - DEBUG -       [Latent] Step 1/1
2025-10-27 10:45:53,664 - GPU-1 - DEBUG -       [After Latent Recursive] 1 tokens unmasked
2025-10-27 10:45:53,665 - GPU-1 - INFO -   [Cycle 25]
2025-10-27 10:45:53,665 - GPU-1 - DEBUG -     [Latent Recursive] Starting 1 steps of latent thinking
2025-10-27 10:45:53,713 - GPU-1 - DEBUG -       [Latent] Step 1/1
2025-10-27 10:45:53,894 - GPU-1 - DEBUG -       [After Latent Recursive] 1 tokens unmasked
2025-10-27 10:45:53,894 - GPU-1 - INFO -   [Cycle 26]
2025-10-27 10:45:53,894 - GPU-1 - DEBUG -     [Latent Recursive] Starting 1 steps of latent thinking
2025-10-27 10:45:53,943 - GPU-1 - DEBUG -       [Latent] Step 1/1
2025-10-27 10:45:54,123 - GPU-1 - DEBUG -       [After Latent Recursive] 1 tokens unmasked
2025-10-27 10:45:54,123 - GPU-1 - INFO -   [Cycle 27]
2025-10-27 10:45:54,123 - GPU-1 - DEBUG -     [Latent Recursive] Starting 1 steps of latent thinking
2025-10-27 10:45:54,172 - GPU-1 - DEBUG -       [Latent] Step 1/1
2025-10-27 10:45:54,352 - GPU-1 - DEBUG -       [After Latent Recursive] 1 tokens unmasked
2025-10-27 10:45:54,353 - GPU-1 - INFO -   [Cycle 28]
2025-10-27 10:45:54,353 - GPU-1 - DEBUG -     [Latent Recursive] Starting 1 steps of latent thinking
2025-10-27 10:45:54,401 - GPU-1 - DEBUG -       [Latent] Step 1/1
2025-10-27 10:45:54,581 - GPU-1 - DEBUG -       [After Latent Recursive] 1 tokens unmasked
2025-10-27 10:45:54,582 - GPU-1 - INFO -   [Cycle 29]
2025-10-27 10:45:54,582 - GPU-1 - DEBUG -     [Latent Recursive] Starting 1 steps of latent thinking
2025-10-27 10:45:54,630 - GPU-1 - DEBUG -       [Latent] Step 1/1
2025-10-27 10:45:54,811 - GPU-1 - DEBUG -       [After Latent Recursive] 1 tokens unmasked
2025-10-27 10:45:54,811 - GPU-1 - INFO -   [Cycle 30]
2025-10-27 10:45:54,811 - GPU-1 - DEBUG -     [Latent Recursive] Starting 1 steps of latent thinking
2025-10-27 10:45:54,860 - GPU-1 - DEBUG -       [Latent] Step 1/1
2025-10-27 10:45:55,040 - GPU-1 - DEBUG -       [After Latent Recursive] 1 tokens unmasked
2025-10-27 10:45:55,040 - GPU-1 - INFO -   [Cycle 31]
2025-10-27 10:45:55,040 - GPU-1 - DEBUG -     [Latent Recursive] Starting 1 steps of latent thinking
2025-10-27 10:45:55,089 - GPU-1 - DEBUG -       [Latent] Step 1/1
2025-10-27 10:45:55,269 - GPU-1 - DEBUG -       [After Latent Recursive] 1 tokens unmasked
2025-10-27 10:45:55,269 - GPU-1 - INFO - [Block 6/16] Processing tokens 284-316
2025-10-27 10:45:55,270 - GPU-1 - DEBUG - [Block 5] Before forward: use_cache=True, x.shape=torch.Size([1, 636])
2025-10-27 10:45:55,270 - GPU-1 - DEBUG - [Block 5] Model type: LLaDAModelLM
2025-10-27 10:45:55,270 - GPU-1 - DEBUG - [Block 5] Model config use_cache: True
2025-10-27 10:45:55,293 - GPU-1 - DEBUG - [Block 5] After forward: pkv is None? False
2025-10-27 10:45:55,294 - GPU-1 - DEBUG - [Block 5] out type: CausalLMOutputWithPast
2025-10-27 10:45:55,294 - GPU-1 - DEBUG - [Block 5] pkv type: <class 'list'>, len: 32
2025-10-27 10:45:55,294 - GPU-1 - DEBUG - [Block 5] pkv[0] type: <class 'tuple'>, len: 2
2025-10-27 10:45:55,294 - GPU-1 - DEBUG - [Block 5] pkv[0][0].shape: torch.Size([1, 32, 636, 128])
2025-10-27 10:45:55,388 - GPU-1 - INFO -   [Initial Forward] 1 tokens unmasked
2025-10-27 10:45:55,388 - GPU-1 - INFO -   [Cycle 1]
2025-10-27 10:45:55,389 - GPU-1 - DEBUG -     [Latent Recursive] Starting 1 steps of latent thinking
2025-10-27 10:45:55,437 - GPU-1 - DEBUG -       [Latent] Step 1/1
2025-10-27 10:45:55,617 - GPU-1 - DEBUG -       [After Latent Recursive] 1 tokens unmasked
2025-10-27 10:45:55,617 - GPU-1 - INFO -   [Cycle 2]
2025-10-27 10:45:55,617 - GPU-1 - DEBUG -     [Latent Recursive] Starting 1 steps of latent thinking
2025-10-27 10:45:55,666 - GPU-1 - DEBUG -       [Latent] Step 1/1
2025-10-27 10:45:55,845 - GPU-1 - DEBUG -       [After Latent Recursive] 1 tokens unmasked
2025-10-27 10:45:55,845 - GPU-1 - INFO -   [Cycle 3]
2025-10-27 10:45:55,845 - GPU-1 - DEBUG -     [Latent Recursive] Starting 1 steps of latent thinking
2025-10-27 10:45:55,894 - GPU-1 - DEBUG -       [Latent] Step 1/1
2025-10-27 10:45:56,073 - GPU-1 - DEBUG -       [After Latent Recursive] 1 tokens unmasked
2025-10-27 10:45:56,073 - GPU-1 - INFO -   [Cycle 4]
2025-10-27 10:45:56,073 - GPU-1 - DEBUG -     [Latent Recursive] Starting 1 steps of latent thinking
2025-10-27 10:45:56,122 - GPU-1 - DEBUG -       [Latent] Step 1/1
2025-10-27 10:45:56,301 - GPU-1 - DEBUG -       [After Latent Recursive] 1 tokens unmasked
2025-10-27 10:45:56,301 - GPU-1 - INFO -   [Cycle 5]
2025-10-27 10:45:56,301 - GPU-1 - DEBUG -     [Latent Recursive] Starting 1 steps of latent thinking
2025-10-27 10:45:56,350 - GPU-1 - DEBUG -       [Latent] Step 1/1
2025-10-27 10:45:56,529 - GPU-1 - DEBUG -       [After Latent Recursive] 1 tokens unmasked
2025-10-27 10:45:56,529 - GPU-1 - INFO -   [Cycle 6]
2025-10-27 10:45:56,529 - GPU-1 - DEBUG -     [Latent Recursive] Starting 1 steps of latent thinking
2025-10-27 10:45:56,578 - GPU-1 - DEBUG -       [Latent] Step 1/1
2025-10-27 10:45:56,757 - GPU-1 - DEBUG -       [After Latent Recursive] 1 tokens unmasked
2025-10-27 10:45:56,757 - GPU-1 - INFO -   [Cycle 7]
2025-10-27 10:45:56,757 - GPU-1 - DEBUG -     [Latent Recursive] Starting 1 steps of latent thinking
2025-10-27 10:45:56,806 - GPU-1 - DEBUG -       [Latent] Step 1/1
2025-10-27 10:45:56,985 - GPU-1 - DEBUG -       [After Latent Recursive] 1 tokens unmasked
2025-10-27 10:45:56,985 - GPU-1 - INFO -   [Cycle 8]
2025-10-27 10:45:56,985 - GPU-1 - DEBUG -     [Latent Recursive] Starting 1 steps of latent thinking
2025-10-27 10:45:57,034 - GPU-1 - DEBUG -       [Latent] Step 1/1
2025-10-27 10:45:57,213 - GPU-1 - DEBUG -       [After Latent Recursive] 1 tokens unmasked
2025-10-27 10:45:57,213 - GPU-1 - INFO -   [Cycle 9]
2025-10-27 10:45:57,214 - GPU-1 - DEBUG -     [Latent Recursive] Starting 1 steps of latent thinking
2025-10-27 10:45:57,262 - GPU-1 - DEBUG -       [Latent] Step 1/1
2025-10-27 10:45:57,442 - GPU-1 - DEBUG -       [After Latent Recursive] 1 tokens unmasked
2025-10-27 10:45:57,442 - GPU-1 - INFO -   [Cycle 10]
2025-10-27 10:45:57,442 - GPU-1 - DEBUG -     [Latent Recursive] Starting 1 steps of latent thinking
2025-10-27 10:45:57,491 - GPU-1 - DEBUG -       [Latent] Step 1/1
2025-10-27 10:45:57,670 - GPU-1 - DEBUG -       [After Latent Recursive] 1 tokens unmasked
2025-10-27 10:45:57,670 - GPU-1 - INFO -   [Cycle 11]
2025-10-27 10:45:57,670 - GPU-1 - DEBUG -     [Latent Recursive] Starting 1 steps of latent thinking
2025-10-27 10:45:57,719 - GPU-1 - DEBUG -       [Latent] Step 1/1
2025-10-27 10:45:57,898 - GPU-1 - DEBUG -       [After Latent Recursive] 1 tokens unmasked
2025-10-27 10:45:57,899 - GPU-1 - INFO -   [Cycle 12]
2025-10-27 10:45:57,899 - GPU-1 - DEBUG -     [Latent Recursive] Starting 1 steps of latent thinking
2025-10-27 10:45:57,947 - GPU-1 - DEBUG -       [Latent] Step 1/1
2025-10-27 10:45:58,127 - GPU-1 - DEBUG -       [After Latent Recursive] 1 tokens unmasked
2025-10-27 10:45:58,127 - GPU-1 - INFO -   [Cycle 13]
2025-10-27 10:45:58,127 - GPU-1 - DEBUG -     [Latent Recursive] Starting 1 steps of latent thinking
2025-10-27 10:45:58,176 - GPU-1 - DEBUG -       [Latent] Step 1/1
2025-10-27 10:45:58,355 - GPU-1 - DEBUG -       [After Latent Recursive] 1 tokens unmasked
2025-10-27 10:45:58,355 - GPU-1 - INFO -   [Cycle 14]
2025-10-27 10:45:58,356 - GPU-1 - DEBUG -     [Latent Recursive] Starting 1 steps of latent thinking
2025-10-27 10:45:58,404 - GPU-1 - DEBUG -       [Latent] Step 1/1
2025-10-27 10:45:58,583 - GPU-1 - DEBUG -       [After Latent Recursive] 1 tokens unmasked
2025-10-27 10:45:58,584 - GPU-1 - INFO -   [Cycle 15]
2025-10-27 10:45:58,584 - GPU-1 - DEBUG -     [Latent Recursive] Starting 1 steps of latent thinking
2025-10-27 10:45:58,632 - GPU-1 - DEBUG -       [Latent] Step 1/1
2025-10-27 10:45:58,812 - GPU-1 - DEBUG -       [After Latent Recursive] 1 tokens unmasked
2025-10-27 10:45:58,812 - GPU-1 - INFO -   [Cycle 16]
2025-10-27 10:45:58,812 - GPU-1 - DEBUG -     [Latent Recursive] Starting 1 steps of latent thinking
2025-10-27 10:45:58,861 - GPU-1 - DEBUG -       [Latent] Step 1/1
2025-10-27 10:45:59,040 - GPU-1 - DEBUG -       [After Latent Recursive] 1 tokens unmasked
2025-10-27 10:45:59,040 - GPU-1 - INFO -   [Cycle 17]
2025-10-27 10:45:59,041 - GPU-1 - DEBUG -     [Latent Recursive] Starting 1 steps of latent thinking
2025-10-27 10:45:59,089 - GPU-1 - DEBUG -       [Latent] Step 1/1
2025-10-27 10:45:59,269 - GPU-1 - DEBUG -       [After Latent Recursive] 1 tokens unmasked
2025-10-27 10:45:59,269 - GPU-1 - INFO -   [Cycle 18]
2025-10-27 10:45:59,269 - GPU-1 - DEBUG -     [Latent Recursive] Starting 1 steps of latent thinking
2025-10-27 10:45:59,318 - GPU-1 - DEBUG -       [Latent] Step 1/1
2025-10-27 10:45:59,497 - GPU-1 - DEBUG -       [After Latent Recursive] 1 tokens unmasked
2025-10-27 10:45:59,497 - GPU-1 - INFO -   [Cycle 19]
2025-10-27 10:45:59,498 - GPU-1 - DEBUG -     [Latent Recursive] Starting 1 steps of latent thinking
2025-10-27 10:45:59,546 - GPU-1 - DEBUG -       [Latent] Step 1/1
2025-10-27 10:45:59,726 - GPU-1 - DEBUG -       [After Latent Recursive] 1 tokens unmasked
2025-10-27 10:45:59,726 - GPU-1 - INFO -   [Cycle 20]
2025-10-27 10:45:59,726 - GPU-1 - DEBUG -     [Latent Recursive] Starting 1 steps of latent thinking
2025-10-27 10:45:59,775 - GPU-1 - DEBUG -       [Latent] Step 1/1
2025-10-27 10:45:59,954 - GPU-1 - DEBUG -       [After Latent Recursive] 1 tokens unmasked
2025-10-27 10:45:59,954 - GPU-1 - INFO -   [Cycle 21]
2025-10-27 10:45:59,954 - GPU-1 - DEBUG -     [Latent Recursive] Starting 1 steps of latent thinking
2025-10-27 10:46:00,003 - GPU-1 - DEBUG -       [Latent] Step 1/1
2025-10-27 10:46:00,183 - GPU-1 - DEBUG -       [After Latent Recursive] 1 tokens unmasked
2025-10-27 10:46:00,183 - GPU-1 - INFO -   [Cycle 22]
2025-10-27 10:46:00,184 - GPU-1 - DEBUG -     [Latent Recursive] Starting 1 steps of latent thinking
2025-10-27 10:46:00,232 - GPU-1 - DEBUG -       [Latent] Step 1/1
2025-10-27 10:46:00,412 - GPU-1 - DEBUG -       [After Latent Recursive] 1 tokens unmasked
2025-10-27 10:46:00,412 - GPU-1 - INFO -   [Cycle 23]
2025-10-27 10:46:00,412 - GPU-1 - DEBUG -     [Latent Recursive] Starting 1 steps of latent thinking
2025-10-27 10:46:00,461 - GPU-1 - DEBUG -       [Latent] Step 1/1
2025-10-27 10:46:00,641 - GPU-1 - DEBUG -       [After Latent Recursive] 1 tokens unmasked
2025-10-27 10:46:00,641 - GPU-1 - INFO -   [Cycle 24]
2025-10-27 10:46:00,641 - GPU-1 - DEBUG -     [Latent Recursive] Starting 1 steps of latent thinking
2025-10-27 10:46:00,690 - GPU-1 - DEBUG -       [Latent] Step 1/1
2025-10-27 10:46:00,869 - GPU-1 - DEBUG -       [After Latent Recursive] 1 tokens unmasked
2025-10-27 10:46:00,869 - GPU-1 - INFO -   [Cycle 25]
2025-10-27 10:46:00,870 - GPU-1 - DEBUG -     [Latent Recursive] Starting 1 steps of latent thinking
2025-10-27 10:46:00,918 - GPU-1 - DEBUG -       [Latent] Step 1/1
2025-10-27 10:46:01,098 - GPU-1 - DEBUG -       [After Latent Recursive] 1 tokens unmasked
2025-10-27 10:46:01,098 - GPU-1 - INFO -   [Cycle 26]
2025-10-27 10:46:01,098 - GPU-1 - DEBUG -     [Latent Recursive] Starting 1 steps of latent thinking
2025-10-27 10:46:01,147 - GPU-1 - DEBUG -       [Latent] Step 1/1
2025-10-27 10:46:01,326 - GPU-1 - DEBUG -       [After Latent Recursive] 1 tokens unmasked
2025-10-27 10:46:01,327 - GPU-1 - INFO -   [Cycle 27]
2025-10-27 10:46:01,327 - GPU-1 - DEBUG -     [Latent Recursive] Starting 1 steps of latent thinking
2025-10-27 10:46:01,376 - GPU-1 - DEBUG -       [Latent] Step 1/1
2025-10-27 10:46:01,555 - GPU-1 - DEBUG -       [After Latent Recursive] 1 tokens unmasked
2025-10-27 10:46:01,555 - GPU-1 - INFO -   [Cycle 28]
2025-10-27 10:46:01,556 - GPU-1 - DEBUG -     [Latent Recursive] Starting 1 steps of latent thinking
2025-10-27 10:46:01,604 - GPU-1 - DEBUG -       [Latent] Step 1/1
2025-10-27 10:46:01,784 - GPU-1 - DEBUG -       [After Latent Recursive] 1 tokens unmasked
2025-10-27 10:46:01,784 - GPU-1 - INFO -   [Cycle 29]
2025-10-27 10:46:01,784 - GPU-1 - DEBUG -     [Latent Recursive] Starting 1 steps of latent thinking
2025-10-27 10:46:01,833 - GPU-1 - DEBUG -       [Latent] Step 1/1
2025-10-27 10:46:02,012 - GPU-1 - DEBUG -       [After Latent Recursive] 1 tokens unmasked
2025-10-27 10:46:02,013 - GPU-1 - INFO -   [Cycle 30]
2025-10-27 10:46:02,013 - GPU-1 - DEBUG -     [Latent Recursive] Starting 1 steps of latent thinking
2025-10-27 10:46:02,061 - GPU-1 - DEBUG -       [Latent] Step 1/1
2025-10-27 10:46:02,241 - GPU-1 - DEBUG -       [After Latent Recursive] 1 tokens unmasked
2025-10-27 10:46:02,241 - GPU-1 - INFO -   [Cycle 31]
2025-10-27 10:46:02,241 - GPU-1 - DEBUG -     [Latent Recursive] Starting 1 steps of latent thinking
2025-10-27 10:46:02,290 - GPU-1 - DEBUG -       [Latent] Step 1/1
2025-10-27 10:46:02,470 - GPU-1 - DEBUG -       [After Latent Recursive] 1 tokens unmasked
2025-10-27 10:46:02,470 - GPU-1 - INFO - [Block 7/16] Processing tokens 316-348
2025-10-27 10:46:02,470 - GPU-1 - DEBUG - [Block 6] Before forward: use_cache=True, x.shape=torch.Size([1, 636])
2025-10-27 10:46:02,470 - GPU-1 - DEBUG - [Block 6] Model type: LLaDAModelLM
2025-10-27 10:46:02,470 - GPU-1 - DEBUG - [Block 6] Model config use_cache: True
2025-10-27 10:46:02,494 - GPU-1 - DEBUG - [Block 6] After forward: pkv is None? False
2025-10-27 10:46:02,494 - GPU-1 - DEBUG - [Block 6] out type: CausalLMOutputWithPast
2025-10-27 10:46:02,494 - GPU-1 - DEBUG - [Block 6] pkv type: <class 'list'>, len: 32
2025-10-27 10:46:02,495 - GPU-1 - DEBUG - [Block 6] pkv[0] type: <class 'tuple'>, len: 2
2025-10-27 10:46:02,495 - GPU-1 - DEBUG - [Block 6] pkv[0][0].shape: torch.Size([1, 32, 636, 128])
2025-10-27 10:46:02,589 - GPU-1 - INFO -   [Initial Forward] 1 tokens unmasked
2025-10-27 10:46:02,589 - GPU-1 - INFO -   [Cycle 1]
2025-10-27 10:46:02,589 - GPU-1 - DEBUG -     [Latent Recursive] Starting 1 steps of latent thinking
2025-10-27 10:46:02,638 - GPU-1 - DEBUG -       [Latent] Step 1/1
2025-10-27 10:46:02,817 - GPU-1 - DEBUG -       [After Latent Recursive] 1 tokens unmasked
2025-10-27 10:46:02,817 - GPU-1 - INFO -   [Cycle 2]
2025-10-27 10:46:02,817 - GPU-1 - DEBUG -     [Latent Recursive] Starting 1 steps of latent thinking
2025-10-27 10:46:02,866 - GPU-1 - DEBUG -       [Latent] Step 1/1
2025-10-27 10:46:03,045 - GPU-1 - DEBUG -       [After Latent Recursive] 1 tokens unmasked
2025-10-27 10:46:03,045 - GPU-1 - INFO -   [Cycle 3]
2025-10-27 10:46:03,045 - GPU-1 - DEBUG -     [Latent Recursive] Starting 1 steps of latent thinking
2025-10-27 10:46:03,094 - GPU-1 - DEBUG -       [Latent] Step 1/1
2025-10-27 10:46:03,273 - GPU-1 - DEBUG -       [After Latent Recursive] 1 tokens unmasked
2025-10-27 10:46:03,274 - GPU-1 - INFO -   [Cycle 4]
2025-10-27 10:46:03,274 - GPU-1 - DEBUG -     [Latent Recursive] Starting 1 steps of latent thinking
2025-10-27 10:46:03,322 - GPU-1 - DEBUG -       [Latent] Step 1/1
2025-10-27 10:46:03,501 - GPU-1 - DEBUG -       [After Latent Recursive] 1 tokens unmasked
2025-10-27 10:46:03,502 - GPU-1 - INFO -   [Cycle 5]
2025-10-27 10:46:03,502 - GPU-1 - DEBUG -     [Latent Recursive] Starting 1 steps of latent thinking
2025-10-27 10:46:03,550 - GPU-1 - DEBUG -       [Latent] Step 1/1
2025-10-27 10:46:03,729 - GPU-1 - DEBUG -       [After Latent Recursive] 1 tokens unmasked
2025-10-27 10:46:03,730 - GPU-1 - INFO -   [Cycle 6]
2025-10-27 10:46:03,730 - GPU-1 - DEBUG -     [Latent Recursive] Starting 1 steps of latent thinking
2025-10-27 10:46:03,778 - GPU-1 - DEBUG -       [Latent] Step 1/1
2025-10-27 10:46:03,957 - GPU-1 - DEBUG -       [After Latent Recursive] 1 tokens unmasked
2025-10-27 10:46:03,957 - GPU-1 - INFO -   [Cycle 7]
2025-10-27 10:46:03,957 - GPU-1 - DEBUG -     [Latent Recursive] Starting 1 steps of latent thinking
2025-10-27 10:46:04,006 - GPU-1 - DEBUG -       [Latent] Step 1/1
2025-10-27 10:46:04,185 - GPU-1 - DEBUG -       [After Latent Recursive] 1 tokens unmasked
2025-10-27 10:46:04,185 - GPU-1 - INFO -   [Cycle 8]
2025-10-27 10:46:04,186 - GPU-1 - DEBUG -     [Latent Recursive] Starting 1 steps of latent thinking
2025-10-27 10:46:04,234 - GPU-1 - DEBUG -       [Latent] Step 1/1
2025-10-27 10:46:04,413 - GPU-1 - DEBUG -       [After Latent Recursive] 1 tokens unmasked
2025-10-27 10:46:04,413 - GPU-1 - INFO -   [Cycle 9]
2025-10-27 10:46:04,413 - GPU-1 - DEBUG -     [Latent Recursive] Starting 1 steps of latent thinking
2025-10-27 10:46:04,462 - GPU-1 - DEBUG -       [Latent] Step 1/1
2025-10-27 10:46:04,641 - GPU-1 - DEBUG -       [After Latent Recursive] 1 tokens unmasked
2025-10-27 10:46:04,641 - GPU-1 - INFO -   [Cycle 10]
2025-10-27 10:46:04,641 - GPU-1 - DEBUG -     [Latent Recursive] Starting 1 steps of latent thinking
2025-10-27 10:46:04,690 - GPU-1 - DEBUG -       [Latent] Step 1/1
2025-10-27 10:46:04,868 - GPU-1 - DEBUG -       [After Latent Recursive] 1 tokens unmasked
2025-10-27 10:46:04,868 - GPU-1 - INFO -   [Cycle 11]
2025-10-27 10:46:04,869 - GPU-1 - DEBUG -     [Latent Recursive] Starting 1 steps of latent thinking
2025-10-27 10:46:04,917 - GPU-1 - DEBUG -       [Latent] Step 1/1
2025-10-27 10:46:05,096 - GPU-1 - DEBUG -       [After Latent Recursive] 1 tokens unmasked
2025-10-27 10:46:05,096 - GPU-1 - INFO -   [Cycle 12]
2025-10-27 10:46:05,096 - GPU-1 - DEBUG -     [Latent Recursive] Starting 1 steps of latent thinking
2025-10-27 10:46:05,145 - GPU-1 - DEBUG -       [Latent] Step 1/1
2025-10-27 10:46:05,323 - GPU-1 - DEBUG -       [After Latent Recursive] 1 tokens unmasked
2025-10-27 10:46:05,324 - GPU-1 - INFO -   [Cycle 13]
2025-10-27 10:46:05,324 - GPU-1 - DEBUG -     [Latent Recursive] Starting 1 steps of latent thinking
2025-10-27 10:46:05,373 - GPU-1 - DEBUG -       [Latent] Step 1/1
2025-10-27 10:46:05,551 - GPU-1 - DEBUG -       [After Latent Recursive] 1 tokens unmasked
2025-10-27 10:46:05,551 - GPU-1 - INFO -   [Cycle 14]
2025-10-27 10:46:05,552 - GPU-1 - DEBUG -     [Latent Recursive] Starting 1 steps of latent thinking
2025-10-27 10:46:05,600 - GPU-1 - DEBUG -       [Latent] Step 1/1
2025-10-27 10:46:05,779 - GPU-1 - DEBUG -       [After Latent Recursive] 1 tokens unmasked
2025-10-27 10:46:05,779 - GPU-1 - INFO -   [Cycle 15]
2025-10-27 10:46:05,779 - GPU-1 - DEBUG -     [Latent Recursive] Starting 1 steps of latent thinking
2025-10-27 10:46:05,828 - GPU-1 - DEBUG -       [Latent] Step 1/1
2025-10-27 10:46:06,006 - GPU-1 - DEBUG -       [After Latent Recursive] 1 tokens unmasked
2025-10-27 10:46:06,007 - GPU-1 - INFO -   [Cycle 16]
2025-10-27 10:46:06,007 - GPU-1 - DEBUG -     [Latent Recursive] Starting 1 steps of latent thinking
2025-10-27 10:46:06,056 - GPU-1 - DEBUG -       [Latent] Step 1/1
2025-10-27 10:46:06,234 - GPU-1 - DEBUG -       [After Latent Recursive] 1 tokens unmasked
2025-10-27 10:46:06,234 - GPU-1 - INFO -   [Cycle 17]
2025-10-27 10:46:06,235 - GPU-1 - DEBUG -     [Latent Recursive] Starting 1 steps of latent thinking
2025-10-27 10:46:06,283 - GPU-1 - DEBUG -       [Latent] Step 1/1
2025-10-27 10:46:06,462 - GPU-1 - DEBUG -       [After Latent Recursive] 1 tokens unmasked
2025-10-27 10:46:06,462 - GPU-1 - INFO -   [Cycle 18]
2025-10-27 10:46:06,462 - GPU-1 - DEBUG -     [Latent Recursive] Starting 1 steps of latent thinking
2025-10-27 10:46:06,511 - GPU-1 - DEBUG -       [Latent] Step 1/1
2025-10-27 10:46:06,689 - GPU-1 - DEBUG -       [After Latent Recursive] 1 tokens unmasked
2025-10-27 10:46:06,689 - GPU-1 - INFO -   [Cycle 19]
2025-10-27 10:46:06,690 - GPU-1 - DEBUG -     [Latent Recursive] Starting 1 steps of latent thinking
2025-10-27 10:46:06,738 - GPU-1 - DEBUG -       [Latent] Step 1/1
2025-10-27 10:46:06,916 - GPU-1 - DEBUG -       [After Latent Recursive] 1 tokens unmasked
2025-10-27 10:46:06,917 - GPU-1 - INFO -   [Cycle 20]
2025-10-27 10:46:06,917 - GPU-1 - DEBUG -     [Latent Recursive] Starting 1 steps of latent thinking
2025-10-27 10:46:06,965 - GPU-1 - DEBUG -       [Latent] Step 1/1
2025-10-27 10:46:07,143 - GPU-1 - DEBUG -       [After Latent Recursive] 1 tokens unmasked
2025-10-27 10:46:07,144 - GPU-1 - INFO -   [Cycle 21]
2025-10-27 10:46:07,144 - GPU-1 - DEBUG -     [Latent Recursive] Starting 1 steps of latent thinking
2025-10-27 10:46:07,193 - GPU-1 - DEBUG -       [Latent] Step 1/1
2025-10-27 10:46:07,371 - GPU-1 - DEBUG -       [After Latent Recursive] 1 tokens unmasked
2025-10-27 10:46:07,371 - GPU-1 - INFO -   [Cycle 22]
2025-10-27 10:46:07,372 - GPU-1 - DEBUG -     [Latent Recursive] Starting 1 steps of latent thinking
2025-10-27 10:46:07,420 - GPU-1 - DEBUG -       [Latent] Step 1/1
2025-10-27 10:46:07,598 - GPU-1 - DEBUG -       [After Latent Recursive] 1 tokens unmasked
2025-10-27 10:46:07,599 - GPU-1 - INFO -   [Cycle 23]
2025-10-27 10:46:07,599 - GPU-1 - DEBUG -     [Latent Recursive] Starting 1 steps of latent thinking
2025-10-27 10:46:07,648 - GPU-1 - DEBUG -       [Latent] Step 1/1
2025-10-27 10:46:07,826 - GPU-1 - DEBUG -       [After Latent Recursive] 1 tokens unmasked
2025-10-27 10:46:07,827 - GPU-1 - INFO -   [Cycle 24]
2025-10-27 10:46:07,827 - GPU-1 - DEBUG -     [Latent Recursive] Starting 1 steps of latent thinking
2025-10-27 10:46:07,875 - GPU-1 - DEBUG -       [Latent] Step 1/1
2025-10-27 10:46:08,054 - GPU-1 - DEBUG -       [After Latent Recursive] 1 tokens unmasked
2025-10-27 10:46:08,054 - GPU-1 - INFO -   [Cycle 25]
2025-10-27 10:46:08,054 - GPU-1 - DEBUG -     [Latent Recursive] Starting 1 steps of latent thinking
2025-10-27 10:46:08,103 - GPU-1 - DEBUG -       [Latent] Step 1/1
2025-10-27 10:46:08,281 - GPU-1 - DEBUG -       [After Latent Recursive] 1 tokens unmasked
2025-10-27 10:46:08,282 - GPU-1 - INFO -   [Cycle 26]
2025-10-27 10:46:08,282 - GPU-1 - DEBUG -     [Latent Recursive] Starting 1 steps of latent thinking
2025-10-27 10:46:08,331 - GPU-1 - DEBUG -       [Latent] Step 1/1
2025-10-27 10:46:08,509 - GPU-1 - DEBUG -       [After Latent Recursive] 1 tokens unmasked
2025-10-27 10:46:08,510 - GPU-1 - INFO -   [Cycle 27]
2025-10-27 10:46:08,510 - GPU-1 - DEBUG -     [Latent Recursive] Starting 1 steps of latent thinking
2025-10-27 10:46:08,559 - GPU-1 - DEBUG -       [Latent] Step 1/1
2025-10-27 10:46:08,737 - GPU-1 - DEBUG -       [After Latent Recursive] 1 tokens unmasked
2025-10-27 10:46:08,738 - GPU-1 - INFO -   [Cycle 28]
2025-10-27 10:46:08,738 - GPU-1 - DEBUG -     [Latent Recursive] Starting 1 steps of latent thinking
2025-10-27 10:46:08,786 - GPU-1 - DEBUG -       [Latent] Step 1/1
2025-10-27 10:46:08,965 - GPU-1 - DEBUG -       [After Latent Recursive] 1 tokens unmasked
2025-10-27 10:46:08,965 - GPU-1 - INFO -   [Cycle 29]
2025-10-27 10:46:08,966 - GPU-1 - DEBUG -     [Latent Recursive] Starting 1 steps of latent thinking
2025-10-27 10:46:09,014 - GPU-1 - DEBUG -       [Latent] Step 1/1
2025-10-27 10:46:09,193 - GPU-1 - DEBUG -       [After Latent Recursive] 1 tokens unmasked
2025-10-27 10:46:09,193 - GPU-1 - INFO -   [Cycle 30]
2025-10-27 10:46:09,193 - GPU-1 - DEBUG -     [Latent Recursive] Starting 1 steps of latent thinking
2025-10-27 10:46:09,242 - GPU-1 - DEBUG -       [Latent] Step 1/1
2025-10-27 10:46:09,420 - GPU-1 - DEBUG -       [After Latent Recursive] 1 tokens unmasked
2025-10-27 10:46:09,421 - GPU-1 - INFO -   [Cycle 31]
2025-10-27 10:46:09,421 - GPU-1 - DEBUG -     [Latent Recursive] Starting 1 steps of latent thinking
2025-10-27 10:46:09,469 - GPU-1 - DEBUG -       [Latent] Step 1/1
2025-10-27 10:46:09,648 - GPU-1 - DEBUG -       [After Latent Recursive] 1 tokens unmasked
2025-10-27 10:46:09,648 - GPU-1 - INFO - [Block 8/16] Processing tokens 348-380
2025-10-27 10:46:09,648 - GPU-1 - DEBUG - [Block 7] Before forward: use_cache=True, x.shape=torch.Size([1, 636])
2025-10-27 10:46:09,648 - GPU-1 - DEBUG - [Block 7] Model type: LLaDAModelLM
2025-10-27 10:46:09,648 - GPU-1 - DEBUG - [Block 7] Model config use_cache: True
2025-10-27 10:46:09,672 - GPU-1 - DEBUG - [Block 7] After forward: pkv is None? False
2025-10-27 10:46:09,672 - GPU-1 - DEBUG - [Block 7] out type: CausalLMOutputWithPast
2025-10-27 10:46:09,673 - GPU-1 - DEBUG - [Block 7] pkv type: <class 'list'>, len: 32
2025-10-27 10:46:09,673 - GPU-1 - DEBUG - [Block 7] pkv[0] type: <class 'tuple'>, len: 2
2025-10-27 10:46:09,673 - GPU-1 - DEBUG - [Block 7] pkv[0][0].shape: torch.Size([1, 32, 636, 128])
2025-10-27 10:46:09,767 - GPU-1 - INFO -   [Initial Forward] 1 tokens unmasked
2025-10-27 10:46:09,767 - GPU-1 - INFO -   [Cycle 1]
2025-10-27 10:46:09,768 - GPU-1 - DEBUG -     [Latent Recursive] Starting 1 steps of latent thinking
2025-10-27 10:46:09,816 - GPU-1 - DEBUG -       [Latent] Step 1/1
2025-10-27 10:46:09,993 - GPU-1 - DEBUG -       [After Latent Recursive] 1 tokens unmasked
2025-10-27 10:46:09,994 - GPU-1 - INFO -   [Cycle 2]
2025-10-27 10:46:09,994 - GPU-1 - DEBUG -     [Latent Recursive] Starting 1 steps of latent thinking
2025-10-27 10:46:10,043 - GPU-1 - DEBUG -       [Latent] Step 1/1
2025-10-27 10:46:10,219 - GPU-1 - DEBUG -       [After Latent Recursive] 1 tokens unmasked
2025-10-27 10:46:10,219 - GPU-1 - INFO -   [Cycle 3]
2025-10-27 10:46:10,219 - GPU-1 - DEBUG -     [Latent Recursive] Starting 1 steps of latent thinking
2025-10-27 10:46:10,268 - GPU-1 - DEBUG -       [Latent] Step 1/1
2025-10-27 10:46:10,444 - GPU-1 - DEBUG -       [After Latent Recursive] 1 tokens unmasked
2025-10-27 10:46:10,445 - GPU-1 - INFO -   [Cycle 4]
2025-10-27 10:46:10,445 - GPU-1 - DEBUG -     [Latent Recursive] Starting 1 steps of latent thinking
2025-10-27 10:46:10,493 - GPU-1 - DEBUG -       [Latent] Step 1/1
2025-10-27 10:46:10,670 - GPU-1 - DEBUG -       [After Latent Recursive] 1 tokens unmasked
2025-10-27 10:46:10,670 - GPU-1 - INFO -   [Cycle 5]
2025-10-27 10:46:10,670 - GPU-1 - DEBUG -     [Latent Recursive] Starting 1 steps of latent thinking
2025-10-27 10:46:10,719 - GPU-1 - DEBUG -       [Latent] Step 1/1
2025-10-27 10:46:10,895 - GPU-1 - DEBUG -       [After Latent Recursive] 1 tokens unmasked
2025-10-27 10:46:10,895 - GPU-1 - INFO -   [Cycle 6]
2025-10-27 10:46:10,896 - GPU-1 - DEBUG -     [Latent Recursive] Starting 1 steps of latent thinking
2025-10-27 10:46:10,944 - GPU-1 - DEBUG -       [Latent] Step 1/1
2025-10-27 10:46:11,120 - GPU-1 - DEBUG -       [After Latent Recursive] 1 tokens unmasked
2025-10-27 10:46:11,121 - GPU-1 - INFO -   [Cycle 7]
2025-10-27 10:46:11,121 - GPU-1 - DEBUG -     [Latent Recursive] Starting 1 steps of latent thinking
2025-10-27 10:46:11,169 - GPU-1 - DEBUG -       [Latent] Step 1/1
2025-10-27 10:46:11,346 - GPU-1 - DEBUG -       [After Latent Recursive] 1 tokens unmasked
2025-10-27 10:46:11,346 - GPU-1 - INFO -   [Cycle 8]
2025-10-27 10:46:11,347 - GPU-1 - DEBUG -     [Latent Recursive] Starting 1 steps of latent thinking
2025-10-27 10:46:11,395 - GPU-1 - DEBUG -       [Latent] Step 1/1
2025-10-27 10:46:11,571 - GPU-1 - DEBUG -       [After Latent Recursive] 1 tokens unmasked
2025-10-27 10:46:11,571 - GPU-1 - INFO -   [Cycle 9]
2025-10-27 10:46:11,572 - GPU-1 - DEBUG -     [Latent Recursive] Starting 1 steps of latent thinking
2025-10-27 10:46:11,620 - GPU-1 - DEBUG -       [Latent] Step 1/1
2025-10-27 10:46:11,796 - GPU-1 - DEBUG -       [After Latent Recursive] 1 tokens unmasked
2025-10-27 10:46:11,796 - GPU-1 - INFO -   [Cycle 10]
2025-10-27 10:46:11,797 - GPU-1 - DEBUG -     [Latent Recursive] Starting 1 steps of latent thinking
2025-10-27 10:46:11,845 - GPU-1 - DEBUG -       [Latent] Step 1/1
2025-10-27 10:46:12,021 - GPU-1 - DEBUG -       [After Latent Recursive] 1 tokens unmasked
2025-10-27 10:46:12,021 - GPU-1 - INFO -   [Cycle 11]
2025-10-27 10:46:12,022 - GPU-1 - DEBUG -     [Latent Recursive] Starting 1 steps of latent thinking
2025-10-27 10:46:12,070 - GPU-1 - DEBUG -       [Latent] Step 1/1
2025-10-27 10:46:12,246 - GPU-1 - DEBUG -       [After Latent Recursive] 1 tokens unmasked
2025-10-27 10:46:12,247 - GPU-1 - INFO -   [Cycle 12]
2025-10-27 10:46:12,247 - GPU-1 - DEBUG -     [Latent Recursive] Starting 1 steps of latent thinking
2025-10-27 10:46:12,295 - GPU-1 - DEBUG -       [Latent] Step 1/1
2025-10-27 10:46:12,473 - GPU-1 - DEBUG -       [After Latent Recursive] 1 tokens unmasked
2025-10-27 10:46:12,473 - GPU-1 - INFO -   [Cycle 13]
2025-10-27 10:46:12,473 - GPU-1 - DEBUG -     [Latent Recursive] Starting 1 steps of latent thinking
2025-10-27 10:46:12,522 - GPU-1 - DEBUG -       [Latent] Step 1/1
2025-10-27 10:46:12,698 - GPU-1 - DEBUG -       [After Latent Recursive] 1 tokens unmasked
2025-10-27 10:46:12,698 - GPU-1 - INFO -   [Cycle 14]
2025-10-27 10:46:12,698 - GPU-1 - DEBUG -     [Latent Recursive] Starting 1 steps of latent thinking
2025-10-27 10:46:12,747 - GPU-1 - DEBUG -       [Latent] Step 1/1
2025-10-27 10:46:12,923 - GPU-1 - DEBUG -       [After Latent Recursive] 1 tokens unmasked
2025-10-27 10:46:12,923 - GPU-1 - INFO -   [Cycle 15]
2025-10-27 10:46:12,924 - GPU-1 - DEBUG -     [Latent Recursive] Starting 1 steps of latent thinking
2025-10-27 10:46:12,972 - GPU-1 - DEBUG -       [Latent] Step 1/1
2025-10-27 10:46:13,148 - GPU-1 - DEBUG -       [After Latent Recursive] 1 tokens unmasked
2025-10-27 10:46:13,149 - GPU-1 - INFO -   [Cycle 16]
2025-10-27 10:46:13,149 - GPU-1 - DEBUG -     [Latent Recursive] Starting 1 steps of latent thinking
2025-10-27 10:46:13,197 - GPU-1 - DEBUG -       [Latent] Step 1/1
2025-10-27 10:46:13,373 - GPU-1 - DEBUG -       [After Latent Recursive] 1 tokens unmasked
2025-10-27 10:46:13,374 - GPU-1 - INFO -   [Cycle 17]
2025-10-27 10:46:13,374 - GPU-1 - DEBUG -     [Latent Recursive] Starting 1 steps of latent thinking
2025-10-27 10:46:13,423 - GPU-1 - DEBUG -       [Latent] Step 1/1
2025-10-27 10:46:13,599 - GPU-1 - DEBUG -       [After Latent Recursive] 1 tokens unmasked
2025-10-27 10:46:13,599 - GPU-1 - INFO -   [Cycle 18]
2025-10-27 10:46:13,600 - GPU-1 - DEBUG -     [Latent Recursive] Starting 1 steps of latent thinking
2025-10-27 10:46:13,648 - GPU-1 - DEBUG -       [Latent] Step 1/1
2025-10-27 10:46:13,824 - GPU-1 - DEBUG -       [After Latent Recursive] 1 tokens unmasked
2025-10-27 10:46:13,825 - GPU-1 - INFO -   [Cycle 19]
2025-10-27 10:46:13,825 - GPU-1 - DEBUG -     [Latent Recursive] Starting 1 steps of latent thinking
2025-10-27 10:46:13,874 - GPU-1 - DEBUG -       [Latent] Step 1/1
2025-10-27 10:46:14,050 - GPU-1 - DEBUG -       [After Latent Recursive] 1 tokens unmasked
2025-10-27 10:46:14,050 - GPU-1 - INFO -   [Cycle 20]
2025-10-27 10:46:14,051 - GPU-1 - DEBUG -     [Latent Recursive] Starting 1 steps of latent thinking
2025-10-27 10:46:14,099 - GPU-1 - DEBUG -       [Latent] Step 1/1
2025-10-27 10:46:14,276 - GPU-1 - DEBUG -       [After Latent Recursive] 1 tokens unmasked
2025-10-27 10:46:14,276 - GPU-1 - INFO -   [Cycle 21]
2025-10-27 10:46:14,276 - GPU-1 - DEBUG -     [Latent Recursive] Starting 1 steps of latent thinking
2025-10-27 10:46:14,325 - GPU-1 - DEBUG -       [Latent] Step 1/1
2025-10-27 10:46:14,503 - GPU-1 - DEBUG -       [After Latent Recursive] 1 tokens unmasked
2025-10-27 10:46:14,504 - GPU-1 - INFO -   [Cycle 22]
2025-10-27 10:46:14,504 - GPU-1 - DEBUG -     [Latent Recursive] Starting 1 steps of latent thinking
2025-10-27 10:46:14,552 - GPU-1 - DEBUG -       [Latent] Step 1/1
2025-10-27 10:46:14,728 - GPU-1 - DEBUG -       [After Latent Recursive] 1 tokens unmasked
2025-10-27 10:46:14,729 - GPU-1 - INFO -   [Cycle 23]
2025-10-27 10:46:14,729 - GPU-1 - DEBUG -     [Latent Recursive] Starting 1 steps of latent thinking
2025-10-27 10:46:14,777 - GPU-1 - DEBUG -       [Latent] Step 1/1
2025-10-27 10:46:14,954 - GPU-1 - DEBUG -       [After Latent Recursive] 1 tokens unmasked
2025-10-27 10:46:14,954 - GPU-1 - INFO -   [Cycle 24]
2025-10-27 10:46:14,954 - GPU-1 - DEBUG -     [Latent Recursive] Starting 1 steps of latent thinking
2025-10-27 10:46:15,002 - GPU-1 - DEBUG -       [Latent] Step 1/1
2025-10-27 10:46:15,179 - GPU-1 - DEBUG -       [After Latent Recursive] 1 tokens unmasked
2025-10-27 10:46:15,179 - GPU-1 - INFO -   [Cycle 25]
2025-10-27 10:46:15,179 - GPU-1 - DEBUG -     [Latent Recursive] Starting 1 steps of latent thinking
2025-10-27 10:46:15,228 - GPU-1 - DEBUG -       [Latent] Step 1/1
2025-10-27 10:46:15,404 - GPU-1 - DEBUG -       [After Latent Recursive] 1 tokens unmasked
2025-10-27 10:46:15,404 - GPU-1 - INFO -   [Cycle 26]
2025-10-27 10:46:15,405 - GPU-1 - DEBUG -     [Latent Recursive] Starting 1 steps of latent thinking
2025-10-27 10:46:15,453 - GPU-1 - DEBUG -       [Latent] Step 1/1
2025-10-27 10:46:15,629 - GPU-1 - DEBUG -       [After Latent Recursive] 1 tokens unmasked
2025-10-27 10:46:15,629 - GPU-1 - INFO -   [Cycle 27]
2025-10-27 10:46:15,630 - GPU-1 - DEBUG -     [Latent Recursive] Starting 1 steps of latent thinking
2025-10-27 10:46:15,678 - GPU-1 - DEBUG -       [Latent] Step 1/1
2025-10-27 10:46:15,854 - GPU-1 - DEBUG -       [After Latent Recursive] 1 tokens unmasked
2025-10-27 10:46:15,855 - GPU-1 - INFO -   [Cycle 28]
2025-10-27 10:46:15,855 - GPU-1 - DEBUG -     [Latent Recursive] Starting 1 steps of latent thinking
2025-10-27 10:46:15,903 - GPU-1 - DEBUG -       [Latent] Step 1/1
2025-10-27 10:46:16,079 - GPU-1 - DEBUG -       [After Latent Recursive] 1 tokens unmasked
2025-10-27 10:46:16,079 - GPU-1 - INFO -   [Cycle 29]
2025-10-27 10:46:16,080 - GPU-1 - DEBUG -     [Latent Recursive] Starting 1 steps of latent thinking
2025-10-27 10:46:16,128 - GPU-1 - DEBUG -       [Latent] Step 1/1
2025-10-27 10:46:16,304 - GPU-1 - DEBUG -       [After Latent Recursive] 1 tokens unmasked
2025-10-27 10:46:16,305 - GPU-1 - INFO -   [Cycle 30]
2025-10-27 10:46:16,305 - GPU-1 - DEBUG -     [Latent Recursive] Starting 1 steps of latent thinking
2025-10-27 10:46:16,353 - GPU-1 - DEBUG -       [Latent] Step 1/1
2025-10-27 10:46:16,529 - GPU-1 - DEBUG -       [After Latent Recursive] 1 tokens unmasked
2025-10-27 10:46:16,529 - GPU-1 - INFO -   [Cycle 31]
2025-10-27 10:46:16,529 - GPU-1 - DEBUG -     [Latent Recursive] Starting 1 steps of latent thinking
2025-10-27 10:46:16,578 - GPU-1 - DEBUG -       [Latent] Step 1/1
2025-10-27 10:46:16,754 - GPU-1 - DEBUG -       [After Latent Recursive] 1 tokens unmasked
2025-10-27 10:46:16,754 - GPU-1 - INFO - [Block 9/16] Processing tokens 380-412
2025-10-27 10:46:16,754 - GPU-1 - DEBUG - [Block 8] Before forward: use_cache=True, x.shape=torch.Size([1, 636])
2025-10-27 10:46:16,754 - GPU-1 - DEBUG - [Block 8] Model type: LLaDAModelLM
2025-10-27 10:46:16,754 - GPU-1 - DEBUG - [Block 8] Model config use_cache: True
2025-10-27 10:46:16,778 - GPU-1 - DEBUG - [Block 8] After forward: pkv is None? False
2025-10-27 10:46:16,778 - GPU-1 - DEBUG - [Block 8] out type: CausalLMOutputWithPast
2025-10-27 10:46:16,778 - GPU-1 - DEBUG - [Block 8] pkv type: <class 'list'>, len: 32
2025-10-27 10:46:16,778 - GPU-1 - DEBUG - [Block 8] pkv[0] type: <class 'tuple'>, len: 2
2025-10-27 10:46:16,778 - GPU-1 - DEBUG - [Block 8] pkv[0][0].shape: torch.Size([1, 32, 636, 128])
2025-10-27 10:46:16,873 - GPU-1 - INFO -   [Initial Forward] 1 tokens unmasked
2025-10-27 10:46:16,873 - GPU-1 - INFO -   [Cycle 1]
2025-10-27 10:46:16,873 - GPU-1 - DEBUG -     [Latent Recursive] Starting 1 steps of latent thinking
2025-10-27 10:46:16,922 - GPU-1 - DEBUG -       [Latent] Step 1/1
2025-10-27 10:46:17,098 - GPU-1 - DEBUG -       [After Latent Recursive] 1 tokens unmasked
2025-10-27 10:46:17,099 - GPU-1 - INFO -   [Cycle 2]
2025-10-27 10:46:17,099 - GPU-1 - DEBUG -     [Latent Recursive] Starting 1 steps of latent thinking
2025-10-27 10:46:17,147 - GPU-1 - DEBUG -       [Latent] Step 1/1
2025-10-27 10:46:17,322 - GPU-1 - DEBUG -       [After Latent Recursive] 1 tokens unmasked
2025-10-27 10:46:17,323 - GPU-1 - INFO -   [Cycle 3]
2025-10-27 10:46:17,323 - GPU-1 - DEBUG -     [Latent Recursive] Starting 1 steps of latent thinking
2025-10-27 10:46:17,371 - GPU-1 - DEBUG -       [Latent] Step 1/1
2025-10-27 10:46:17,546 - GPU-1 - DEBUG -       [After Latent Recursive] 1 tokens unmasked
2025-10-27 10:46:17,547 - GPU-1 - INFO -   [Cycle 4]
2025-10-27 10:46:17,547 - GPU-1 - DEBUG -     [Latent Recursive] Starting 1 steps of latent thinking
2025-10-27 10:46:17,596 - GPU-1 - DEBUG -       [Latent] Step 1/1
2025-10-27 10:46:17,770 - GPU-1 - DEBUG -       [After Latent Recursive] 1 tokens unmasked
2025-10-27 10:46:17,771 - GPU-1 - INFO -   [Cycle 5]
2025-10-27 10:46:17,771 - GPU-1 - DEBUG -     [Latent Recursive] Starting 1 steps of latent thinking
2025-10-27 10:46:17,820 - GPU-1 - DEBUG -       [Latent] Step 1/1
2025-10-27 10:46:17,995 - GPU-1 - DEBUG -       [After Latent Recursive] 1 tokens unmasked
2025-10-27 10:46:17,995 - GPU-1 - INFO -   [Cycle 6]
2025-10-27 10:46:17,995 - GPU-1 - DEBUG -     [Latent Recursive] Starting 1 steps of latent thinking
2025-10-27 10:46:18,044 - GPU-1 - DEBUG -       [Latent] Step 1/1
2025-10-27 10:46:18,219 - GPU-1 - DEBUG -       [After Latent Recursive] 1 tokens unmasked
2025-10-27 10:46:18,219 - GPU-1 - INFO -   [Cycle 7]
2025-10-27 10:46:18,219 - GPU-1 - DEBUG -     [Latent Recursive] Starting 1 steps of latent thinking
2025-10-27 10:46:18,268 - GPU-1 - DEBUG -       [Latent] Step 1/1
2025-10-27 10:46:18,443 - GPU-1 - DEBUG -       [After Latent Recursive] 1 tokens unmasked
2025-10-27 10:46:18,443 - GPU-1 - INFO -   [Cycle 8]
2025-10-27 10:46:18,443 - GPU-1 - DEBUG -     [Latent Recursive] Starting 1 steps of latent thinking
2025-10-27 10:46:18,492 - GPU-1 - DEBUG -       [Latent] Step 1/1
2025-10-27 10:46:18,668 - GPU-1 - DEBUG -       [After Latent Recursive] 1 tokens unmasked
2025-10-27 10:46:18,668 - GPU-1 - INFO -   [Cycle 9]
2025-10-27 10:46:18,669 - GPU-1 - DEBUG -     [Latent Recursive] Starting 1 steps of latent thinking
2025-10-27 10:46:18,717 - GPU-1 - DEBUG -       [Latent] Step 1/1
2025-10-27 10:46:18,894 - GPU-1 - DEBUG -       [After Latent Recursive] 1 tokens unmasked
2025-10-27 10:46:18,894 - GPU-1 - INFO -   [Cycle 10]
2025-10-27 10:46:18,894 - GPU-1 - DEBUG -     [Latent Recursive] Starting 1 steps of latent thinking
2025-10-27 10:46:18,943 - GPU-1 - DEBUG -       [Latent] Step 1/1
2025-10-27 10:46:19,119 - GPU-1 - DEBUG -       [After Latent Recursive] 1 tokens unmasked
2025-10-27 10:46:19,119 - GPU-1 - INFO -   [Cycle 11]
2025-10-27 10:46:19,120 - GPU-1 - DEBUG -     [Latent Recursive] Starting 1 steps of latent thinking
2025-10-27 10:46:19,168 - GPU-1 - DEBUG -       [Latent] Step 1/1
2025-10-27 10:46:19,345 - GPU-1 - DEBUG -       [After Latent Recursive] 1 tokens unmasked
2025-10-27 10:46:19,345 - GPU-1 - INFO -   [Cycle 12]
2025-10-27 10:46:19,346 - GPU-1 - DEBUG -     [Latent Recursive] Starting 1 steps of latent thinking
2025-10-27 10:46:19,394 - GPU-1 - DEBUG -       [Latent] Step 1/1
2025-10-27 10:46:19,570 - GPU-1 - DEBUG -       [After Latent Recursive] 1 tokens unmasked
2025-10-27 10:46:19,570 - GPU-1 - INFO -   [Cycle 13]
2025-10-27 10:46:19,570 - GPU-1 - DEBUG -     [Latent Recursive] Starting 1 steps of latent thinking
2025-10-27 10:46:19,618 - GPU-1 - DEBUG -       [Latent] Step 1/1
2025-10-27 10:46:19,796 - GPU-1 - DEBUG -       [After Latent Recursive] 1 tokens unmasked
2025-10-27 10:46:19,796 - GPU-1 - INFO -   [Cycle 14]
2025-10-27 10:46:19,796 - GPU-1 - DEBUG -     [Latent Recursive] Starting 1 steps of latent thinking
2025-10-27 10:46:19,845 - GPU-1 - DEBUG -       [Latent] Step 1/1
2025-10-27 10:46:20,021 - GPU-1 - DEBUG -       [After Latent Recursive] 1 tokens unmasked
2025-10-27 10:46:20,021 - GPU-1 - INFO -   [Cycle 15]
2025-10-27 10:46:20,021 - GPU-1 - DEBUG -     [Latent Recursive] Starting 1 steps of latent thinking
2025-10-27 10:46:20,070 - GPU-1 - DEBUG -       [Latent] Step 1/1
2025-10-27 10:46:20,246 - GPU-1 - DEBUG -       [After Latent Recursive] 1 tokens unmasked
2025-10-27 10:46:20,247 - GPU-1 - INFO -   [Cycle 16]
2025-10-27 10:46:20,247 - GPU-1 - DEBUG -     [Latent Recursive] Starting 1 steps of latent thinking
2025-10-27 10:46:20,295 - GPU-1 - DEBUG -       [Latent] Step 1/1
2025-10-27 10:46:20,472 - GPU-1 - DEBUG -       [After Latent Recursive] 1 tokens unmasked
2025-10-27 10:46:20,472 - GPU-1 - INFO -   [Cycle 17]
2025-10-27 10:46:20,473 - GPU-1 - DEBUG -     [Latent Recursive] Starting 1 steps of latent thinking
2025-10-27 10:46:20,521 - GPU-1 - DEBUG -       [Latent] Step 1/1
2025-10-27 10:46:20,699 - GPU-1 - DEBUG -       [After Latent Recursive] 1 tokens unmasked
2025-10-27 10:46:20,699 - GPU-1 - INFO -   [Cycle 18]
2025-10-27 10:46:20,700 - GPU-1 - DEBUG -     [Latent Recursive] Starting 1 steps of latent thinking
2025-10-27 10:46:20,748 - GPU-1 - DEBUG -       [Latent] Step 1/1
2025-10-27 10:46:20,923 - GPU-1 - DEBUG -       [After Latent Recursive] 1 tokens unmasked
2025-10-27 10:46:20,923 - GPU-1 - INFO -   [Cycle 19]
2025-10-27 10:46:20,923 - GPU-1 - DEBUG -     [Latent Recursive] Starting 1 steps of latent thinking
2025-10-27 10:46:20,972 - GPU-1 - DEBUG -       [Latent] Step 1/1
2025-10-27 10:46:21,147 - GPU-1 - DEBUG -       [After Latent Recursive] 1 tokens unmasked
2025-10-27 10:46:21,148 - GPU-1 - INFO -   [Cycle 20]
2025-10-27 10:46:21,148 - GPU-1 - DEBUG -     [Latent Recursive] Starting 1 steps of latent thinking
2025-10-27 10:46:21,196 - GPU-1 - DEBUG -       [Latent] Step 1/1
2025-10-27 10:46:21,371 - GPU-1 - DEBUG -       [After Latent Recursive] 1 tokens unmasked
2025-10-27 10:46:21,372 - GPU-1 - INFO -   [Cycle 21]
2025-10-27 10:46:21,372 - GPU-1 - DEBUG -     [Latent Recursive] Starting 1 steps of latent thinking
2025-10-27 10:46:21,421 - GPU-1 - DEBUG -       [Latent] Step 1/1
2025-10-27 10:46:21,596 - GPU-1 - DEBUG -       [After Latent Recursive] 1 tokens unmasked
2025-10-27 10:46:21,597 - GPU-1 - INFO -   [Cycle 22]
2025-10-27 10:46:21,597 - GPU-1 - DEBUG -     [Latent Recursive] Starting 1 steps of latent thinking
2025-10-27 10:46:21,646 - GPU-1 - DEBUG -       [Latent] Step 1/1
2025-10-27 10:46:21,821 - GPU-1 - DEBUG -       [After Latent Recursive] 1 tokens unmasked
2025-10-27 10:46:21,822 - GPU-1 - INFO -   [Cycle 23]
2025-10-27 10:46:21,822 - GPU-1 - DEBUG -     [Latent Recursive] Starting 1 steps of latent thinking
2025-10-27 10:46:21,870 - GPU-1 - DEBUG -       [Latent] Step 1/1
2025-10-27 10:46:22,045 - GPU-1 - DEBUG -       [After Latent Recursive] 1 tokens unmasked
2025-10-27 10:46:22,046 - GPU-1 - INFO -   [Cycle 24]
2025-10-27 10:46:22,046 - GPU-1 - DEBUG -     [Latent Recursive] Starting 1 steps of latent thinking
2025-10-27 10:46:22,095 - GPU-1 - DEBUG -       [Latent] Step 1/1
2025-10-27 10:46:22,270 - GPU-1 - DEBUG -       [After Latent Recursive] 1 tokens unmasked
2025-10-27 10:46:22,270 - GPU-1 - INFO -   [Cycle 25]
2025-10-27 10:46:22,270 - GPU-1 - DEBUG -     [Latent Recursive] Starting 1 steps of latent thinking
2025-10-27 10:46:22,319 - GPU-1 - DEBUG -       [Latent] Step 1/1
2025-10-27 10:46:22,494 - GPU-1 - DEBUG -       [After Latent Recursive] 1 tokens unmasked
2025-10-27 10:46:22,495 - GPU-1 - INFO -   [Cycle 26]
2025-10-27 10:46:22,495 - GPU-1 - DEBUG -     [Latent Recursive] Starting 1 steps of latent thinking
2025-10-27 10:46:22,543 - GPU-1 - DEBUG -       [Latent] Step 1/1
2025-10-27 10:46:22,719 - GPU-1 - DEBUG -       [After Latent Recursive] 1 tokens unmasked
2025-10-27 10:46:22,719 - GPU-1 - INFO -   [Cycle 27]
2025-10-27 10:46:22,719 - GPU-1 - DEBUG -     [Latent Recursive] Starting 1 steps of latent thinking
2025-10-27 10:46:22,767 - GPU-1 - DEBUG -       [Latent] Step 1/1
2025-10-27 10:46:22,943 - GPU-1 - DEBUG -       [After Latent Recursive] 1 tokens unmasked
2025-10-27 10:46:22,943 - GPU-1 - INFO -   [Cycle 28]
2025-10-27 10:46:22,943 - GPU-1 - DEBUG -     [Latent Recursive] Starting 1 steps of latent thinking
2025-10-27 10:46:22,992 - GPU-1 - DEBUG -       [Latent] Step 1/1
2025-10-27 10:46:23,167 - GPU-1 - DEBUG -       [After Latent Recursive] 1 tokens unmasked
2025-10-27 10:46:23,167 - GPU-1 - INFO -   [Cycle 29]
2025-10-27 10:46:23,167 - GPU-1 - DEBUG -     [Latent Recursive] Starting 1 steps of latent thinking
2025-10-27 10:46:23,216 - GPU-1 - DEBUG -       [Latent] Step 1/1
2025-10-27 10:46:23,391 - GPU-1 - DEBUG -       [After Latent Recursive] 1 tokens unmasked
2025-10-27 10:46:23,391 - GPU-1 - INFO -   [Cycle 30]
2025-10-27 10:46:23,391 - GPU-1 - DEBUG -     [Latent Recursive] Starting 1 steps of latent thinking
2025-10-27 10:46:23,440 - GPU-1 - DEBUG -       [Latent] Step 1/1
2025-10-27 10:46:23,615 - GPU-1 - DEBUG -       [After Latent Recursive] 1 tokens unmasked
2025-10-27 10:46:23,615 - GPU-1 - INFO -   [Cycle 31]
2025-10-27 10:46:23,616 - GPU-1 - DEBUG -     [Latent Recursive] Starting 1 steps of latent thinking
2025-10-27 10:46:23,664 - GPU-1 - DEBUG -       [Latent] Step 1/1
2025-10-27 10:46:23,839 - GPU-1 - DEBUG -       [After Latent Recursive] 1 tokens unmasked
2025-10-27 10:46:23,840 - GPU-1 - INFO - [Block 10/16] Processing tokens 412-444
2025-10-27 10:46:23,840 - GPU-1 - DEBUG - [Block 9] Before forward: use_cache=True, x.shape=torch.Size([1, 636])
2025-10-27 10:46:23,840 - GPU-1 - DEBUG - [Block 9] Model type: LLaDAModelLM
2025-10-27 10:46:23,840 - GPU-1 - DEBUG - [Block 9] Model config use_cache: True
2025-10-27 10:46:23,864 - GPU-1 - DEBUG - [Block 9] After forward: pkv is None? False
2025-10-27 10:46:23,864 - GPU-1 - DEBUG - [Block 9] out type: CausalLMOutputWithPast
2025-10-27 10:46:23,864 - GPU-1 - DEBUG - [Block 9] pkv type: <class 'list'>, len: 32
2025-10-27 10:46:23,864 - GPU-1 - DEBUG - [Block 9] pkv[0] type: <class 'tuple'>, len: 2
2025-10-27 10:46:23,865 - GPU-1 - DEBUG - [Block 9] pkv[0][0].shape: torch.Size([1, 32, 636, 128])
2025-10-27 10:46:23,959 - GPU-1 - INFO -   [Initial Forward] 1 tokens unmasked
2025-10-27 10:46:23,959 - GPU-1 - INFO -   [Cycle 1]
2025-10-27 10:46:23,960 - GPU-1 - DEBUG -     [Latent Recursive] Starting 1 steps of latent thinking
2025-10-27 10:46:24,008 - GPU-1 - DEBUG -       [Latent] Step 1/1
2025-10-27 10:46:24,181 - GPU-1 - DEBUG -       [After Latent Recursive] 1 tokens unmasked
2025-10-27 10:46:24,181 - GPU-1 - INFO -   [Cycle 2]
2025-10-27 10:46:24,181 - GPU-1 - DEBUG -     [Latent Recursive] Starting 1 steps of latent thinking
2025-10-27 10:46:24,230 - GPU-1 - DEBUG -       [Latent] Step 1/1
2025-10-27 10:46:24,403 - GPU-1 - DEBUG -       [After Latent Recursive] 1 tokens unmasked
2025-10-27 10:46:24,403 - GPU-1 - INFO -   [Cycle 3]
2025-10-27 10:46:24,403 - GPU-1 - DEBUG -     [Latent Recursive] Starting 1 steps of latent thinking
2025-10-27 10:46:24,452 - GPU-1 - DEBUG -       [Latent] Step 1/1
2025-10-27 10:46:24,625 - GPU-1 - DEBUG -       [After Latent Recursive] 1 tokens unmasked
2025-10-27 10:46:24,625 - GPU-1 - INFO -   [Cycle 4]
2025-10-27 10:46:24,625 - GPU-1 - DEBUG -     [Latent Recursive] Starting 1 steps of latent thinking
2025-10-27 10:46:24,674 - GPU-1 - DEBUG -       [Latent] Step 1/1
2025-10-27 10:46:24,847 - GPU-1 - DEBUG -       [After Latent Recursive] 1 tokens unmasked
2025-10-27 10:46:24,847 - GPU-1 - INFO -   [Cycle 5]
2025-10-27 10:46:24,847 - GPU-1 - DEBUG -     [Latent Recursive] Starting 1 steps of latent thinking
2025-10-27 10:46:24,896 - GPU-1 - DEBUG -       [Latent] Step 1/1
2025-10-27 10:46:25,069 - GPU-1 - DEBUG -       [After Latent Recursive] 1 tokens unmasked
2025-10-27 10:46:25,069 - GPU-1 - INFO -   [Cycle 6]
2025-10-27 10:46:25,069 - GPU-1 - DEBUG -     [Latent Recursive] Starting 1 steps of latent thinking
2025-10-27 10:46:25,118 - GPU-1 - DEBUG -       [Latent] Step 1/1
2025-10-27 10:46:25,291 - GPU-1 - DEBUG -       [After Latent Recursive] 1 tokens unmasked
2025-10-27 10:46:25,292 - GPU-1 - INFO -   [Cycle 7]
2025-10-27 10:46:25,292 - GPU-1 - DEBUG -     [Latent Recursive] Starting 1 steps of latent thinking
2025-10-27 10:46:25,340 - GPU-1 - DEBUG -       [Latent] Step 1/1
2025-10-27 10:46:25,513 - GPU-1 - DEBUG -       [After Latent Recursive] 1 tokens unmasked
2025-10-27 10:46:25,514 - GPU-1 - INFO -   [Cycle 8]
2025-10-27 10:46:25,514 - GPU-1 - DEBUG -     [Latent Recursive] Starting 1 steps of latent thinking
2025-10-27 10:46:25,562 - GPU-1 - DEBUG -       [Latent] Step 1/1
2025-10-27 10:46:25,736 - GPU-1 - DEBUG -       [After Latent Recursive] 1 tokens unmasked
2025-10-27 10:46:25,736 - GPU-1 - INFO -   [Cycle 9]
2025-10-27 10:46:25,737 - GPU-1 - DEBUG -     [Latent Recursive] Starting 1 steps of latent thinking
2025-10-27 10:46:25,785 - GPU-1 - DEBUG -       [Latent] Step 1/1
2025-10-27 10:46:25,958 - GPU-1 - DEBUG -       [After Latent Recursive] 1 tokens unmasked
2025-10-27 10:46:25,959 - GPU-1 - INFO -   [Cycle 10]
2025-10-27 10:46:25,959 - GPU-1 - DEBUG -     [Latent Recursive] Starting 1 steps of latent thinking
2025-10-27 10:46:26,007 - GPU-1 - DEBUG -       [Latent] Step 1/1
2025-10-27 10:46:26,181 - GPU-1 - DEBUG -       [After Latent Recursive] 1 tokens unmasked
2025-10-27 10:46:26,181 - GPU-1 - INFO -   [Cycle 11]
2025-10-27 10:46:26,181 - GPU-1 - DEBUG -     [Latent Recursive] Starting 1 steps of latent thinking
2025-10-27 10:46:26,230 - GPU-1 - DEBUG -       [Latent] Step 1/1
2025-10-27 10:46:26,403 - GPU-1 - DEBUG -       [After Latent Recursive] 1 tokens unmasked
2025-10-27 10:46:26,403 - GPU-1 - INFO -   [Cycle 12]
2025-10-27 10:46:26,403 - GPU-1 - DEBUG -     [Latent Recursive] Starting 1 steps of latent thinking
2025-10-27 10:46:26,452 - GPU-1 - DEBUG -       [Latent] Step 1/1
2025-10-27 10:46:26,625 - GPU-1 - DEBUG -       [After Latent Recursive] 1 tokens unmasked
2025-10-27 10:46:26,626 - GPU-1 - INFO -   [Cycle 13]
2025-10-27 10:46:26,626 - GPU-1 - DEBUG -     [Latent Recursive] Starting 1 steps of latent thinking
2025-10-27 10:46:26,675 - GPU-1 - DEBUG -       [Latent] Step 1/1
2025-10-27 10:46:26,848 - GPU-1 - DEBUG -       [After Latent Recursive] 1 tokens unmasked
2025-10-27 10:46:26,848 - GPU-1 - INFO -   [Cycle 14]
2025-10-27 10:46:26,848 - GPU-1 - DEBUG -     [Latent Recursive] Starting 1 steps of latent thinking
2025-10-27 10:46:26,897 - GPU-1 - DEBUG -       [Latent] Step 1/1
2025-10-27 10:46:27,070 - GPU-1 - DEBUG -       [After Latent Recursive] 1 tokens unmasked
2025-10-27 10:46:27,071 - GPU-1 - INFO -   [Cycle 15]
2025-10-27 10:46:27,071 - GPU-1 - DEBUG -     [Latent Recursive] Starting 1 steps of latent thinking
2025-10-27 10:46:27,119 - GPU-1 - DEBUG -       [Latent] Step 1/1
2025-10-27 10:46:27,294 - GPU-1 - DEBUG -       [After Latent Recursive] 1 tokens unmasked
2025-10-27 10:46:27,294 - GPU-1 - INFO -   [Cycle 16]
2025-10-27 10:46:27,294 - GPU-1 - DEBUG -     [Latent Recursive] Starting 1 steps of latent thinking
2025-10-27 10:46:27,343 - GPU-1 - DEBUG -       [Latent] Step 1/1
2025-10-27 10:46:27,516 - GPU-1 - DEBUG -       [After Latent Recursive] 1 tokens unmasked
2025-10-27 10:46:27,517 - GPU-1 - INFO -   [Cycle 17]
2025-10-27 10:46:27,517 - GPU-1 - DEBUG -     [Latent Recursive] Starting 1 steps of latent thinking
2025-10-27 10:46:27,565 - GPU-1 - DEBUG -       [Latent] Step 1/1
2025-10-27 10:46:27,738 - GPU-1 - DEBUG -       [After Latent Recursive] 1 tokens unmasked
2025-10-27 10:46:27,739 - GPU-1 - INFO -   [Cycle 18]
2025-10-27 10:46:27,739 - GPU-1 - DEBUG -     [Latent Recursive] Starting 1 steps of latent thinking
2025-10-27 10:46:27,787 - GPU-1 - DEBUG -       [Latent] Step 1/1
2025-10-27 10:46:27,960 - GPU-1 - DEBUG -       [After Latent Recursive] 1 tokens unmasked
2025-10-27 10:46:27,961 - GPU-1 - INFO -   [Cycle 19]
2025-10-27 10:46:27,961 - GPU-1 - DEBUG -     [Latent Recursive] Starting 1 steps of latent thinking
2025-10-27 10:46:28,009 - GPU-1 - DEBUG -       [Latent] Step 1/1
2025-10-27 10:46:28,183 - GPU-1 - DEBUG -       [After Latent Recursive] 1 tokens unmasked
2025-10-27 10:46:28,183 - GPU-1 - INFO -   [Cycle 20]
2025-10-27 10:46:28,183 - GPU-1 - DEBUG -     [Latent Recursive] Starting 1 steps of latent thinking
2025-10-27 10:46:28,232 - GPU-1 - DEBUG -       [Latent] Step 1/1
2025-10-27 10:46:28,405 - GPU-1 - DEBUG -       [After Latent Recursive] 1 tokens unmasked
2025-10-27 10:46:28,406 - GPU-1 - INFO -   [Cycle 21]
2025-10-27 10:46:28,406 - GPU-1 - DEBUG -     [Latent Recursive] Starting 1 steps of latent thinking
2025-10-27 10:46:28,454 - GPU-1 - DEBUG -       [Latent] Step 1/1
2025-10-27 10:46:28,627 - GPU-1 - DEBUG -       [After Latent Recursive] 1 tokens unmasked
2025-10-27 10:46:28,628 - GPU-1 - INFO -   [Cycle 22]
2025-10-27 10:46:28,628 - GPU-1 - DEBUG -     [Latent Recursive] Starting 1 steps of latent thinking
2025-10-27 10:46:28,676 - GPU-1 - DEBUG -       [Latent] Step 1/1
2025-10-27 10:46:28,850 - GPU-1 - DEBUG -       [After Latent Recursive] 1 tokens unmasked
2025-10-27 10:46:28,850 - GPU-1 - INFO -   [Cycle 23]
2025-10-27 10:46:28,850 - GPU-1 - DEBUG -     [Latent Recursive] Starting 1 steps of latent thinking
2025-10-27 10:46:28,899 - GPU-1 - DEBUG -       [Latent] Step 1/1
2025-10-27 10:46:29,072 - GPU-1 - DEBUG -       [After Latent Recursive] 1 tokens unmasked
2025-10-27 10:46:29,072 - GPU-1 - INFO -   [Cycle 24]
2025-10-27 10:46:29,072 - GPU-1 - DEBUG -     [Latent Recursive] Starting 1 steps of latent thinking
2025-10-27 10:46:29,121 - GPU-1 - DEBUG -       [Latent] Step 1/1
2025-10-27 10:46:29,294 - GPU-1 - DEBUG -       [After Latent Recursive] 1 tokens unmasked
2025-10-27 10:46:29,294 - GPU-1 - INFO -   [Cycle 25]
2025-10-27 10:46:29,295 - GPU-1 - DEBUG -     [Latent Recursive] Starting 1 steps of latent thinking
2025-10-27 10:46:29,343 - GPU-1 - DEBUG -       [Latent] Step 1/1
2025-10-27 10:46:29,516 - GPU-1 - DEBUG -       [After Latent Recursive] 1 tokens unmasked
2025-10-27 10:46:29,517 - GPU-1 - INFO -   [Cycle 26]
2025-10-27 10:46:29,517 - GPU-1 - DEBUG -     [Latent Recursive] Starting 1 steps of latent thinking
2025-10-27 10:46:29,565 - GPU-1 - DEBUG -       [Latent] Step 1/1
2025-10-27 10:46:29,738 - GPU-1 - DEBUG -       [After Latent Recursive] 1 tokens unmasked
2025-10-27 10:46:29,739 - GPU-1 - INFO -   [Cycle 27]
2025-10-27 10:46:29,739 - GPU-1 - DEBUG -     [Latent Recursive] Starting 1 steps of latent thinking
2025-10-27 10:46:29,787 - GPU-1 - DEBUG -       [Latent] Step 1/1
2025-10-27 10:46:29,960 - GPU-1 - DEBUG -       [After Latent Recursive] 1 tokens unmasked
2025-10-27 10:46:29,961 - GPU-1 - INFO -   [Cycle 28]
2025-10-27 10:46:29,961 - GPU-1 - DEBUG -     [Latent Recursive] Starting 1 steps of latent thinking
2025-10-27 10:46:30,009 - GPU-1 - DEBUG -       [Latent] Step 1/1
2025-10-27 10:46:30,183 - GPU-1 - DEBUG -       [After Latent Recursive] 1 tokens unmasked
2025-10-27 10:46:30,183 - GPU-1 - INFO -   [Cycle 29]
2025-10-27 10:46:30,183 - GPU-1 - DEBUG -     [Latent Recursive] Starting 1 steps of latent thinking
2025-10-27 10:46:30,232 - GPU-1 - DEBUG -       [Latent] Step 1/1
2025-10-27 10:46:30,405 - GPU-1 - DEBUG -       [After Latent Recursive] 1 tokens unmasked
2025-10-27 10:46:30,405 - GPU-1 - INFO -   [Cycle 30]
2025-10-27 10:46:30,405 - GPU-1 - DEBUG -     [Latent Recursive] Starting 1 steps of latent thinking
2025-10-27 10:46:30,454 - GPU-1 - DEBUG -       [Latent] Step 1/1
2025-10-27 10:46:30,627 - GPU-1 - DEBUG -       [After Latent Recursive] 1 tokens unmasked
2025-10-27 10:46:30,628 - GPU-1 - INFO -   [Cycle 31]
2025-10-27 10:46:30,628 - GPU-1 - DEBUG -     [Latent Recursive] Starting 1 steps of latent thinking
2025-10-27 10:46:30,676 - GPU-1 - DEBUG -       [Latent] Step 1/1
2025-10-27 10:46:30,849 - GPU-1 - DEBUG -       [After Latent Recursive] 1 tokens unmasked
2025-10-27 10:46:30,850 - GPU-1 - INFO - [Block 11/16] Processing tokens 444-476
2025-10-27 10:46:30,850 - GPU-1 - DEBUG - [Block 10] Before forward: use_cache=True, x.shape=torch.Size([1, 636])
2025-10-27 10:46:30,850 - GPU-1 - DEBUG - [Block 10] Model type: LLaDAModelLM
2025-10-27 10:46:30,851 - GPU-1 - DEBUG - [Block 10] Model config use_cache: True
2025-10-27 10:46:30,874 - GPU-1 - DEBUG - [Block 10] After forward: pkv is None? False
2025-10-27 10:46:30,875 - GPU-1 - DEBUG - [Block 10] out type: CausalLMOutputWithPast
2025-10-27 10:46:30,875 - GPU-1 - DEBUG - [Block 10] pkv type: <class 'list'>, len: 32
2025-10-27 10:46:30,875 - GPU-1 - DEBUG - [Block 10] pkv[0] type: <class 'tuple'>, len: 2
2025-10-27 10:46:30,875 - GPU-1 - DEBUG - [Block 10] pkv[0][0].shape: torch.Size([1, 32, 636, 128])
2025-10-27 10:46:30,969 - GPU-1 - INFO -   [Initial Forward] 1 tokens unmasked
2025-10-27 10:46:30,970 - GPU-1 - INFO -   [Cycle 1]
2025-10-27 10:46:30,970 - GPU-1 - DEBUG -     [Latent Recursive] Starting 1 steps of latent thinking
2025-10-27 10:46:31,019 - GPU-1 - DEBUG -       [Latent] Step 1/1
2025-10-27 10:46:31,191 - GPU-1 - DEBUG -       [After Latent Recursive] 1 tokens unmasked
2025-10-27 10:46:31,191 - GPU-1 - INFO -   [Cycle 2]
2025-10-27 10:46:31,191 - GPU-1 - DEBUG -     [Latent Recursive] Starting 1 steps of latent thinking
2025-10-27 10:46:31,240 - GPU-1 - DEBUG -       [Latent] Step 1/1
2025-10-27 10:46:31,412 - GPU-1 - DEBUG -       [After Latent Recursive] 1 tokens unmasked
2025-10-27 10:46:31,412 - GPU-1 - INFO -   [Cycle 3]
2025-10-27 10:46:31,413 - GPU-1 - DEBUG -     [Latent Recursive] Starting 1 steps of latent thinking
2025-10-27 10:46:31,461 - GPU-1 - DEBUG -       [Latent] Step 1/1
2025-10-27 10:46:31,633 - GPU-1 - DEBUG -       [After Latent Recursive] 1 tokens unmasked
2025-10-27 10:46:31,634 - GPU-1 - INFO -   [Cycle 4]
2025-10-27 10:46:31,634 - GPU-1 - DEBUG -     [Latent Recursive] Starting 1 steps of latent thinking
2025-10-27 10:46:31,683 - GPU-1 - DEBUG -       [Latent] Step 1/1
2025-10-27 10:46:31,855 - GPU-1 - DEBUG -       [After Latent Recursive] 1 tokens unmasked
2025-10-27 10:46:31,855 - GPU-1 - INFO -   [Cycle 5]
2025-10-27 10:46:31,855 - GPU-1 - DEBUG -     [Latent Recursive] Starting 1 steps of latent thinking
2025-10-27 10:46:31,904 - GPU-1 - DEBUG -       [Latent] Step 1/1
2025-10-27 10:46:32,075 - GPU-1 - DEBUG -       [After Latent Recursive] 1 tokens unmasked
2025-10-27 10:46:32,076 - GPU-1 - INFO -   [Cycle 6]
2025-10-27 10:46:32,076 - GPU-1 - DEBUG -     [Latent Recursive] Starting 1 steps of latent thinking
2025-10-27 10:46:32,124 - GPU-1 - DEBUG -       [Latent] Step 1/1
2025-10-27 10:46:32,296 - GPU-1 - DEBUG -       [After Latent Recursive] 1 tokens unmasked
2025-10-27 10:46:32,296 - GPU-1 - INFO -   [Cycle 7]
2025-10-27 10:46:32,297 - GPU-1 - DEBUG -     [Latent Recursive] Starting 1 steps of latent thinking
2025-10-27 10:46:32,345 - GPU-1 - DEBUG -       [Latent] Step 1/1
2025-10-27 10:46:32,517 - GPU-1 - DEBUG -       [After Latent Recursive] 1 tokens unmasked
2025-10-27 10:46:32,518 - GPU-1 - INFO -   [Cycle 8]
2025-10-27 10:46:32,518 - GPU-1 - DEBUG -     [Latent Recursive] Starting 1 steps of latent thinking
2025-10-27 10:46:32,566 - GPU-1 - DEBUG -       [Latent] Step 1/1
2025-10-27 10:46:32,739 - GPU-1 - DEBUG -       [After Latent Recursive] 1 tokens unmasked
2025-10-27 10:46:32,739 - GPU-1 - INFO -   [Cycle 9]
2025-10-27 10:46:32,739 - GPU-1 - DEBUG -     [Latent Recursive] Starting 1 steps of latent thinking
2025-10-27 10:46:32,788 - GPU-1 - DEBUG -       [Latent] Step 1/1
2025-10-27 10:46:32,960 - GPU-1 - DEBUG -       [After Latent Recursive] 1 tokens unmasked
2025-10-27 10:46:32,960 - GPU-1 - INFO -   [Cycle 10]
2025-10-27 10:46:32,960 - GPU-1 - DEBUG -     [Latent Recursive] Starting 1 steps of latent thinking
2025-10-27 10:46:33,009 - GPU-1 - DEBUG -       [Latent] Step 1/1
2025-10-27 10:46:33,182 - GPU-1 - DEBUG -       [After Latent Recursive] 1 tokens unmasked
2025-10-27 10:46:33,182 - GPU-1 - INFO -   [Cycle 11]
2025-10-27 10:46:33,182 - GPU-1 - DEBUG -     [Latent Recursive] Starting 1 steps of latent thinking
2025-10-27 10:46:33,231 - GPU-1 - DEBUG -       [Latent] Step 1/1
2025-10-27 10:46:33,403 - GPU-1 - DEBUG -       [After Latent Recursive] 1 tokens unmasked
2025-10-27 10:46:33,403 - GPU-1 - INFO -   [Cycle 12]
2025-10-27 10:46:33,403 - GPU-1 - DEBUG -     [Latent Recursive] Starting 1 steps of latent thinking
2025-10-27 10:46:33,452 - GPU-1 - DEBUG -       [Latent] Step 1/1
2025-10-27 10:46:33,624 - GPU-1 - DEBUG -       [After Latent Recursive] 1 tokens unmasked
2025-10-27 10:46:33,625 - GPU-1 - INFO -   [Cycle 13]
2025-10-27 10:46:33,625 - GPU-1 - DEBUG -     [Latent Recursive] Starting 1 steps of latent thinking
2025-10-27 10:46:33,673 - GPU-1 - DEBUG -       [Latent] Step 1/1
2025-10-27 10:46:33,845 - GPU-1 - DEBUG -       [After Latent Recursive] 1 tokens unmasked
2025-10-27 10:46:33,846 - GPU-1 - INFO -   [Cycle 14]
2025-10-27 10:46:33,846 - GPU-1 - DEBUG -     [Latent Recursive] Starting 1 steps of latent thinking
2025-10-27 10:46:33,895 - GPU-1 - DEBUG -       [Latent] Step 1/1
2025-10-27 10:46:34,067 - GPU-1 - DEBUG -       [After Latent Recursive] 1 tokens unmasked
2025-10-27 10:46:34,067 - GPU-1 - INFO -   [Cycle 15]
2025-10-27 10:46:34,068 - GPU-1 - DEBUG -     [Latent Recursive] Starting 1 steps of latent thinking
2025-10-27 10:46:34,116 - GPU-1 - DEBUG -       [Latent] Step 1/1
2025-10-27 10:46:34,288 - GPU-1 - DEBUG -       [After Latent Recursive] 1 tokens unmasked
2025-10-27 10:46:34,288 - GPU-1 - INFO -   [Cycle 16]
2025-10-27 10:46:34,288 - GPU-1 - DEBUG -     [Latent Recursive] Starting 1 steps of latent thinking
2025-10-27 10:46:34,337 - GPU-1 - DEBUG -       [Latent] Step 1/1
2025-10-27 10:46:34,509 - GPU-1 - DEBUG -       [After Latent Recursive] 1 tokens unmasked
2025-10-27 10:46:34,510 - GPU-1 - INFO -   [Cycle 17]
2025-10-27 10:46:34,510 - GPU-1 - DEBUG -     [Latent Recursive] Starting 1 steps of latent thinking
2025-10-27 10:46:34,558 - GPU-1 - DEBUG -       [Latent] Step 1/1
2025-10-27 10:46:34,730 - GPU-1 - DEBUG -       [After Latent Recursive] 1 tokens unmasked
2025-10-27 10:46:34,731 - GPU-1 - INFO -   [Cycle 18]
2025-10-27 10:46:34,731 - GPU-1 - DEBUG -     [Latent Recursive] Starting 1 steps of latent thinking
2025-10-27 10:46:34,780 - GPU-1 - DEBUG -       [Latent] Step 1/1
2025-10-27 10:46:34,952 - GPU-1 - DEBUG -       [After Latent Recursive] 1 tokens unmasked
2025-10-27 10:46:34,953 - GPU-1 - INFO -   [Cycle 19]
2025-10-27 10:46:34,953 - GPU-1 - DEBUG -     [Latent Recursive] Starting 1 steps of latent thinking
2025-10-27 10:46:35,001 - GPU-1 - DEBUG -       [Latent] Step 1/1
2025-10-27 10:46:35,173 - GPU-1 - DEBUG -       [After Latent Recursive] 1 tokens unmasked
2025-10-27 10:46:35,174 - GPU-1 - INFO -   [Cycle 20]
2025-10-27 10:46:35,174 - GPU-1 - DEBUG -     [Latent Recursive] Starting 1 steps of latent thinking
2025-10-27 10:46:35,222 - GPU-1 - DEBUG -       [Latent] Step 1/1
2025-10-27 10:46:35,395 - GPU-1 - DEBUG -       [After Latent Recursive] 1 tokens unmasked
2025-10-27 10:46:35,395 - GPU-1 - INFO -   [Cycle 21]
2025-10-27 10:46:35,395 - GPU-1 - DEBUG -     [Latent Recursive] Starting 1 steps of latent thinking
2025-10-27 10:46:35,444 - GPU-1 - DEBUG -       [Latent] Step 1/1
2025-10-27 10:46:35,616 - GPU-1 - DEBUG -       [After Latent Recursive] 1 tokens unmasked
2025-10-27 10:46:35,616 - GPU-1 - INFO -   [Cycle 22]
2025-10-27 10:46:35,617 - GPU-1 - DEBUG -     [Latent Recursive] Starting 1 steps of latent thinking
2025-10-27 10:46:35,665 - GPU-1 - DEBUG -       [Latent] Step 1/1
2025-10-27 10:46:35,837 - GPU-1 - DEBUG -       [After Latent Recursive] 1 tokens unmasked
2025-10-27 10:46:35,838 - GPU-1 - INFO -   [Cycle 23]
2025-10-27 10:46:35,838 - GPU-1 - DEBUG -     [Latent Recursive] Starting 1 steps of latent thinking
2025-10-27 10:46:35,886 - GPU-1 - DEBUG -       [Latent] Step 1/1
2025-10-27 10:46:36,059 - GPU-1 - DEBUG -       [After Latent Recursive] 1 tokens unmasked
2025-10-27 10:46:36,059 - GPU-1 - INFO -   [Cycle 24]
2025-10-27 10:46:36,059 - GPU-1 - DEBUG -     [Latent Recursive] Starting 1 steps of latent thinking
2025-10-27 10:46:36,108 - GPU-1 - DEBUG -       [Latent] Step 1/1
2025-10-27 10:46:36,280 - GPU-1 - DEBUG -       [After Latent Recursive] 1 tokens unmasked
2025-10-27 10:46:36,280 - GPU-1 - INFO -   [Cycle 25]
2025-10-27 10:46:36,280 - GPU-1 - DEBUG -     [Latent Recursive] Starting 1 steps of latent thinking
2025-10-27 10:46:36,329 - GPU-1 - DEBUG -       [Latent] Step 1/1
2025-10-27 10:46:36,501 - GPU-1 - DEBUG -       [After Latent Recursive] 1 tokens unmasked
2025-10-27 10:46:36,501 - GPU-1 - INFO -   [Cycle 26]
2025-10-27 10:46:36,501 - GPU-1 - DEBUG -     [Latent Recursive] Starting 1 steps of latent thinking
2025-10-27 10:46:36,550 - GPU-1 - DEBUG -       [Latent] Step 1/1
2025-10-27 10:46:36,722 - GPU-1 - DEBUG -       [After Latent Recursive] 1 tokens unmasked
2025-10-27 10:46:36,723 - GPU-1 - INFO -   [Cycle 27]
2025-10-27 10:46:36,723 - GPU-1 - DEBUG -     [Latent Recursive] Starting 1 steps of latent thinking
2025-10-27 10:46:36,771 - GPU-1 - DEBUG -       [Latent] Step 1/1
2025-10-27 10:46:36,943 - GPU-1 - DEBUG -       [After Latent Recursive] 1 tokens unmasked
2025-10-27 10:46:36,944 - GPU-1 - INFO -   [Cycle 28]
2025-10-27 10:46:36,944 - GPU-1 - DEBUG -     [Latent Recursive] Starting 1 steps of latent thinking
2025-10-27 10:46:36,993 - GPU-1 - DEBUG -       [Latent] Step 1/1
2025-10-27 10:46:37,165 - GPU-1 - DEBUG -       [After Latent Recursive] 1 tokens unmasked
2025-10-27 10:46:37,165 - GPU-1 - INFO -   [Cycle 29]
2025-10-27 10:46:37,166 - GPU-1 - DEBUG -     [Latent Recursive] Starting 1 steps of latent thinking
2025-10-27 10:46:37,214 - GPU-1 - DEBUG -       [Latent] Step 1/1
2025-10-27 10:46:37,386 - GPU-1 - DEBUG -       [After Latent Recursive] 1 tokens unmasked
2025-10-27 10:46:37,386 - GPU-1 - INFO -   [Cycle 30]
2025-10-27 10:46:37,387 - GPU-1 - DEBUG -     [Latent Recursive] Starting 1 steps of latent thinking
2025-10-27 10:46:37,435 - GPU-1 - DEBUG -       [Latent] Step 1/1
2025-10-27 10:46:37,608 - GPU-1 - DEBUG -       [After Latent Recursive] 1 tokens unmasked
2025-10-27 10:46:37,608 - GPU-1 - INFO -   [Cycle 31]
2025-10-27 10:46:37,608 - GPU-1 - DEBUG -     [Latent Recursive] Starting 1 steps of latent thinking
2025-10-27 10:46:37,657 - GPU-1 - DEBUG -       [Latent] Step 1/1
2025-10-27 10:46:37,829 - GPU-1 - DEBUG -       [After Latent Recursive] 1 tokens unmasked
2025-10-27 10:46:37,829 - GPU-1 - INFO - [Block 12/16] Processing tokens 476-508
2025-10-27 10:46:37,829 - GPU-1 - DEBUG - [Block 11] Before forward: use_cache=True, x.shape=torch.Size([1, 636])
2025-10-27 10:46:37,830 - GPU-1 - DEBUG - [Block 11] Model type: LLaDAModelLM
2025-10-27 10:46:37,830 - GPU-1 - DEBUG - [Block 11] Model config use_cache: True
2025-10-27 10:46:37,853 - GPU-1 - DEBUG - [Block 11] After forward: pkv is None? False
2025-10-27 10:46:37,854 - GPU-1 - DEBUG - [Block 11] out type: CausalLMOutputWithPast
2025-10-27 10:46:37,854 - GPU-1 - DEBUG - [Block 11] pkv type: <class 'list'>, len: 32
2025-10-27 10:46:37,854 - GPU-1 - DEBUG - [Block 11] pkv[0] type: <class 'tuple'>, len: 2
2025-10-27 10:46:37,854 - GPU-1 - DEBUG - [Block 11] pkv[0][0].shape: torch.Size([1, 32, 636, 128])
2025-10-27 10:46:37,948 - GPU-1 - INFO -   [Initial Forward] 1 tokens unmasked
2025-10-27 10:46:37,949 - GPU-1 - INFO -   [Cycle 1]
2025-10-27 10:46:37,949 - GPU-1 - DEBUG -     [Latent Recursive] Starting 1 steps of latent thinking
2025-10-27 10:46:37,998 - GPU-1 - DEBUG -       [Latent] Step 1/1
2025-10-27 10:46:38,169 - GPU-1 - DEBUG -       [After Latent Recursive] 1 tokens unmasked
2025-10-27 10:46:38,170 - GPU-1 - INFO -   [Cycle 2]
2025-10-27 10:46:38,170 - GPU-1 - DEBUG -     [Latent Recursive] Starting 1 steps of latent thinking
2025-10-27 10:46:38,218 - GPU-1 - DEBUG -       [Latent] Step 1/1
2025-10-27 10:46:38,390 - GPU-1 - DEBUG -       [After Latent Recursive] 1 tokens unmasked
2025-10-27 10:46:38,390 - GPU-1 - INFO -   [Cycle 3]
2025-10-27 10:46:38,390 - GPU-1 - DEBUG -     [Latent Recursive] Starting 1 steps of latent thinking
2025-10-27 10:46:38,438 - GPU-1 - DEBUG -       [Latent] Step 1/1
2025-10-27 10:46:38,610 - GPU-1 - DEBUG -       [After Latent Recursive] 1 tokens unmasked
2025-10-27 10:46:38,610 - GPU-1 - INFO -   [Cycle 4]
2025-10-27 10:46:38,610 - GPU-1 - DEBUG -     [Latent Recursive] Starting 1 steps of latent thinking
2025-10-27 10:46:38,659 - GPU-1 - DEBUG -       [Latent] Step 1/1
2025-10-27 10:46:38,831 - GPU-1 - DEBUG -       [After Latent Recursive] 1 tokens unmasked
2025-10-27 10:46:38,831 - GPU-1 - INFO -   [Cycle 5]
2025-10-27 10:46:38,831 - GPU-1 - DEBUG -     [Latent Recursive] Starting 1 steps of latent thinking
2025-10-27 10:46:38,879 - GPU-1 - DEBUG -       [Latent] Step 1/1
2025-10-27 10:46:39,051 - GPU-1 - DEBUG -       [After Latent Recursive] 1 tokens unmasked
2025-10-27 10:46:39,051 - GPU-1 - INFO -   [Cycle 6]
2025-10-27 10:46:39,051 - GPU-1 - DEBUG -     [Latent Recursive] Starting 1 steps of latent thinking
2025-10-27 10:46:39,100 - GPU-1 - DEBUG -       [Latent] Step 1/1
2025-10-27 10:46:39,271 - GPU-1 - DEBUG -       [After Latent Recursive] 1 tokens unmasked
2025-10-27 10:46:39,272 - GPU-1 - INFO -   [Cycle 7]
2025-10-27 10:46:39,272 - GPU-1 - DEBUG -     [Latent Recursive] Starting 1 steps of latent thinking
2025-10-27 10:46:39,320 - GPU-1 - DEBUG -       [Latent] Step 1/1
2025-10-27 10:46:39,492 - GPU-1 - DEBUG -       [After Latent Recursive] 1 tokens unmasked
2025-10-27 10:46:39,492 - GPU-1 - INFO -   [Cycle 8]
2025-10-27 10:46:39,492 - GPU-1 - DEBUG -     [Latent Recursive] Starting 1 steps of latent thinking
2025-10-27 10:46:39,541 - GPU-1 - DEBUG -       [Latent] Step 1/1
2025-10-27 10:46:39,712 - GPU-1 - DEBUG -       [After Latent Recursive] 1 tokens unmasked
2025-10-27 10:46:39,713 - GPU-1 - INFO -   [Cycle 9]
2025-10-27 10:46:39,713 - GPU-1 - DEBUG -     [Latent Recursive] Starting 1 steps of latent thinking
2025-10-27 10:46:39,761 - GPU-1 - DEBUG -       [Latent] Step 1/1
2025-10-27 10:46:39,933 - GPU-1 - DEBUG -       [After Latent Recursive] 1 tokens unmasked
2025-10-27 10:46:39,933 - GPU-1 - INFO -   [Cycle 10]
2025-10-27 10:46:39,933 - GPU-1 - DEBUG -     [Latent Recursive] Starting 1 steps of latent thinking
2025-10-27 10:46:39,982 - GPU-1 - DEBUG -       [Latent] Step 1/1
2025-10-27 10:46:40,153 - GPU-1 - DEBUG -       [After Latent Recursive] 1 tokens unmasked
2025-10-27 10:46:40,154 - GPU-1 - INFO -   [Cycle 11]
2025-10-27 10:46:40,154 - GPU-1 - DEBUG -     [Latent Recursive] Starting 1 steps of latent thinking
2025-10-27 10:46:40,202 - GPU-1 - DEBUG -       [Latent] Step 1/1
2025-10-27 10:46:40,374 - GPU-1 - DEBUG -       [After Latent Recursive] 1 tokens unmasked
2025-10-27 10:46:40,374 - GPU-1 - INFO -   [Cycle 12]
2025-10-27 10:46:40,374 - GPU-1 - DEBUG -     [Latent Recursive] Starting 1 steps of latent thinking
2025-10-27 10:46:40,423 - GPU-1 - DEBUG -       [Latent] Step 1/1
2025-10-27 10:46:40,594 - GPU-1 - DEBUG -       [After Latent Recursive] 1 tokens unmasked
2025-10-27 10:46:40,595 - GPU-1 - INFO -   [Cycle 13]
2025-10-27 10:46:40,595 - GPU-1 - DEBUG -     [Latent Recursive] Starting 1 steps of latent thinking
2025-10-27 10:46:40,643 - GPU-1 - DEBUG -       [Latent] Step 1/1
2025-10-27 10:46:40,815 - GPU-1 - DEBUG -       [After Latent Recursive] 1 tokens unmasked
2025-10-27 10:46:40,815 - GPU-1 - INFO -   [Cycle 14]
2025-10-27 10:46:40,815 - GPU-1 - DEBUG -     [Latent Recursive] Starting 1 steps of latent thinking
2025-10-27 10:46:40,864 - GPU-1 - DEBUG -       [Latent] Step 1/1
2025-10-27 10:46:41,035 - GPU-1 - DEBUG -       [After Latent Recursive] 1 tokens unmasked
2025-10-27 10:46:41,035 - GPU-1 - INFO -   [Cycle 15]
2025-10-27 10:46:41,036 - GPU-1 - DEBUG -     [Latent Recursive] Starting 1 steps of latent thinking
2025-10-27 10:46:41,084 - GPU-1 - DEBUG -       [Latent] Step 1/1
2025-10-27 10:46:41,256 - GPU-1 - DEBUG -       [After Latent Recursive] 1 tokens unmasked
2025-10-27 10:46:41,256 - GPU-1 - INFO -   [Cycle 16]
2025-10-27 10:46:41,256 - GPU-1 - DEBUG -     [Latent Recursive] Starting 1 steps of latent thinking
2025-10-27 10:46:41,305 - GPU-1 - DEBUG -       [Latent] Step 1/1
2025-10-27 10:46:41,476 - GPU-1 - DEBUG -       [After Latent Recursive] 1 tokens unmasked
2025-10-27 10:46:41,477 - GPU-1 - INFO -   [Cycle 17]
2025-10-27 10:46:41,477 - GPU-1 - DEBUG -     [Latent Recursive] Starting 1 steps of latent thinking
2025-10-27 10:46:41,525 - GPU-1 - DEBUG -       [Latent] Step 1/1
2025-10-27 10:46:41,697 - GPU-1 - DEBUG -       [After Latent Recursive] 1 tokens unmasked
2025-10-27 10:46:41,697 - GPU-1 - INFO -   [Cycle 18]
2025-10-27 10:46:41,697 - GPU-1 - DEBUG -     [Latent Recursive] Starting 1 steps of latent thinking
2025-10-27 10:46:41,746 - GPU-1 - DEBUG -       [Latent] Step 1/1
2025-10-27 10:46:41,917 - GPU-1 - DEBUG -       [After Latent Recursive] 1 tokens unmasked
2025-10-27 10:46:41,918 - GPU-1 - INFO -   [Cycle 19]
2025-10-27 10:46:41,918 - GPU-1 - DEBUG -     [Latent Recursive] Starting 1 steps of latent thinking
2025-10-27 10:46:41,966 - GPU-1 - DEBUG -       [Latent] Step 1/1
2025-10-27 10:46:42,138 - GPU-1 - DEBUG -       [After Latent Recursive] 1 tokens unmasked
2025-10-27 10:46:42,138 - GPU-1 - INFO -   [Cycle 20]
2025-10-27 10:46:42,138 - GPU-1 - DEBUG -     [Latent Recursive] Starting 1 steps of latent thinking
2025-10-27 10:46:42,187 - GPU-1 - DEBUG -       [Latent] Step 1/1
2025-10-27 10:46:42,359 - GPU-1 - DEBUG -       [After Latent Recursive] 1 tokens unmasked
2025-10-27 10:46:42,359 - GPU-1 - INFO -   [Cycle 21]
2025-10-27 10:46:42,359 - GPU-1 - DEBUG -     [Latent Recursive] Starting 1 steps of latent thinking
2025-10-27 10:46:42,407 - GPU-1 - DEBUG -       [Latent] Step 1/1
2025-10-27 10:46:42,579 - GPU-1 - DEBUG -       [After Latent Recursive] 1 tokens unmasked
2025-10-27 10:46:42,579 - GPU-1 - INFO -   [Cycle 22]
2025-10-27 10:46:42,579 - GPU-1 - DEBUG -     [Latent Recursive] Starting 1 steps of latent thinking
2025-10-27 10:46:42,628 - GPU-1 - DEBUG -       [Latent] Step 1/1
2025-10-27 10:46:42,799 - GPU-1 - DEBUG -       [After Latent Recursive] 1 tokens unmasked
2025-10-27 10:46:42,799 - GPU-1 - INFO -   [Cycle 23]
2025-10-27 10:46:42,800 - GPU-1 - DEBUG -     [Latent Recursive] Starting 1 steps of latent thinking
2025-10-27 10:46:42,848 - GPU-1 - DEBUG -       [Latent] Step 1/1
2025-10-27 10:46:43,019 - GPU-1 - DEBUG -       [After Latent Recursive] 1 tokens unmasked
2025-10-27 10:46:43,019 - GPU-1 - INFO -   [Cycle 24]
2025-10-27 10:46:43,020 - GPU-1 - DEBUG -     [Latent Recursive] Starting 1 steps of latent thinking
2025-10-27 10:46:43,068 - GPU-1 - DEBUG -       [Latent] Step 1/1
2025-10-27 10:46:43,239 - GPU-1 - DEBUG -       [After Latent Recursive] 1 tokens unmasked
2025-10-27 10:46:43,239 - GPU-1 - INFO -   [Cycle 25]
2025-10-27 10:46:43,239 - GPU-1 - DEBUG -     [Latent Recursive] Starting 1 steps of latent thinking
2025-10-27 10:46:43,288 - GPU-1 - DEBUG -       [Latent] Step 1/1
2025-10-27 10:46:43,459 - GPU-1 - DEBUG -       [After Latent Recursive] 1 tokens unmasked
2025-10-27 10:46:43,460 - GPU-1 - INFO -   [Cycle 26]
2025-10-27 10:46:43,460 - GPU-1 - DEBUG -     [Latent Recursive] Starting 1 steps of latent thinking
2025-10-27 10:46:43,508 - GPU-1 - DEBUG -       [Latent] Step 1/1
2025-10-27 10:46:43,680 - GPU-1 - DEBUG -       [After Latent Recursive] 1 tokens unmasked
2025-10-27 10:46:43,680 - GPU-1 - INFO -   [Cycle 27]
2025-10-27 10:46:43,680 - GPU-1 - DEBUG -     [Latent Recursive] Starting 1 steps of latent thinking
2025-10-27 10:46:43,729 - GPU-1 - DEBUG -       [Latent] Step 1/1
2025-10-27 10:46:43,900 - GPU-1 - DEBUG -       [After Latent Recursive] 1 tokens unmasked
2025-10-27 10:46:43,901 - GPU-1 - INFO -   [Cycle 28]
2025-10-27 10:46:43,901 - GPU-1 - DEBUG -     [Latent Recursive] Starting 1 steps of latent thinking
2025-10-27 10:46:43,949 - GPU-1 - DEBUG -       [Latent] Step 1/1
2025-10-27 10:46:44,121 - GPU-1 - DEBUG -       [After Latent Recursive] 1 tokens unmasked
2025-10-27 10:46:44,121 - GPU-1 - INFO -   [Cycle 29]
2025-10-27 10:46:44,121 - GPU-1 - DEBUG -     [Latent Recursive] Starting 1 steps of latent thinking
2025-10-27 10:46:44,170 - GPU-1 - DEBUG -       [Latent] Step 1/1
2025-10-27 10:46:44,341 - GPU-1 - DEBUG -       [After Latent Recursive] 1 tokens unmasked
2025-10-27 10:46:44,341 - GPU-1 - INFO -   [Cycle 30]
2025-10-27 10:46:44,342 - GPU-1 - DEBUG -     [Latent Recursive] Starting 1 steps of latent thinking
2025-10-27 10:46:44,390 - GPU-1 - DEBUG -       [Latent] Step 1/1
2025-10-27 10:46:44,561 - GPU-1 - DEBUG -       [After Latent Recursive] 1 tokens unmasked
2025-10-27 10:46:44,562 - GPU-1 - INFO -   [Cycle 31]
2025-10-27 10:46:44,562 - GPU-1 - DEBUG -     [Latent Recursive] Starting 1 steps of latent thinking
2025-10-27 10:46:44,610 - GPU-1 - DEBUG -       [Latent] Step 1/1
2025-10-27 10:46:44,782 - GPU-1 - DEBUG -       [After Latent Recursive] 1 tokens unmasked
2025-10-27 10:46:44,782 - GPU-1 - INFO - [Block 13/16] Processing tokens 508-540
2025-10-27 10:46:44,782 - GPU-1 - DEBUG - [Block 12] Before forward: use_cache=True, x.shape=torch.Size([1, 636])
2025-10-27 10:46:44,782 - GPU-1 - DEBUG - [Block 12] Model type: LLaDAModelLM
2025-10-27 10:46:44,783 - GPU-1 - DEBUG - [Block 12] Model config use_cache: True
2025-10-27 10:46:44,806 - GPU-1 - DEBUG - [Block 12] After forward: pkv is None? False
2025-10-27 10:46:44,806 - GPU-1 - DEBUG - [Block 12] out type: CausalLMOutputWithPast
2025-10-27 10:46:44,807 - GPU-1 - DEBUG - [Block 12] pkv type: <class 'list'>, len: 32
2025-10-27 10:46:44,807 - GPU-1 - DEBUG - [Block 12] pkv[0] type: <class 'tuple'>, len: 2
2025-10-27 10:46:44,807 - GPU-1 - DEBUG - [Block 12] pkv[0][0].shape: torch.Size([1, 32, 636, 128])
2025-10-27 10:46:44,901 - GPU-1 - INFO -   [Initial Forward] 1 tokens unmasked
2025-10-27 10:46:44,901 - GPU-1 - INFO -   [Cycle 1]
2025-10-27 10:46:44,901 - GPU-1 - DEBUG -     [Latent Recursive] Starting 1 steps of latent thinking
2025-10-27 10:46:44,950 - GPU-1 - DEBUG -       [Latent] Step 1/1
2025-10-27 10:46:45,119 - GPU-1 - DEBUG -       [After Latent Recursive] 1 tokens unmasked
2025-10-27 10:46:45,120 - GPU-1 - INFO -   [Cycle 2]
2025-10-27 10:46:45,120 - GPU-1 - DEBUG -     [Latent Recursive] Starting 1 steps of latent thinking
2025-10-27 10:46:45,168 - GPU-1 - DEBUG -       [Latent] Step 1/1
2025-10-27 10:46:45,337 - GPU-1 - DEBUG -       [After Latent Recursive] 1 tokens unmasked
2025-10-27 10:46:45,337 - GPU-1 - INFO -   [Cycle 3]
2025-10-27 10:46:45,338 - GPU-1 - DEBUG -     [Latent Recursive] Starting 1 steps of latent thinking
2025-10-27 10:46:45,386 - GPU-1 - DEBUG -       [Latent] Step 1/1
2025-10-27 10:46:45,555 - GPU-1 - DEBUG -       [After Latent Recursive] 1 tokens unmasked
2025-10-27 10:46:45,556 - GPU-1 - INFO -   [Cycle 4]
2025-10-27 10:46:45,556 - GPU-1 - DEBUG -     [Latent Recursive] Starting 1 steps of latent thinking
2025-10-27 10:46:45,604 - GPU-1 - DEBUG -       [Latent] Step 1/1
2025-10-27 10:46:45,773 - GPU-1 - DEBUG -       [After Latent Recursive] 1 tokens unmasked
2025-10-27 10:46:45,773 - GPU-1 - INFO -   [Cycle 5]
2025-10-27 10:46:45,773 - GPU-1 - DEBUG -     [Latent Recursive] Starting 1 steps of latent thinking
2025-10-27 10:46:45,822 - GPU-1 - DEBUG -       [Latent] Step 1/1
2025-10-27 10:46:45,991 - GPU-1 - DEBUG -       [After Latent Recursive] 1 tokens unmasked
2025-10-27 10:46:45,992 - GPU-1 - INFO -   [Cycle 6]
2025-10-27 10:46:45,992 - GPU-1 - DEBUG -     [Latent Recursive] Starting 1 steps of latent thinking
2025-10-27 10:46:46,040 - GPU-1 - DEBUG -       [Latent] Step 1/1
2025-10-27 10:46:46,209 - GPU-1 - DEBUG -       [After Latent Recursive] 1 tokens unmasked
2025-10-27 10:46:46,210 - GPU-1 - INFO -   [Cycle 7]
2025-10-27 10:46:46,210 - GPU-1 - DEBUG -     [Latent Recursive] Starting 1 steps of latent thinking
2025-10-27 10:46:46,258 - GPU-1 - DEBUG -       [Latent] Step 1/1
2025-10-27 10:46:46,427 - GPU-1 - DEBUG -       [After Latent Recursive] 1 tokens unmasked
2025-10-27 10:46:46,428 - GPU-1 - INFO -   [Cycle 8]
2025-10-27 10:46:46,428 - GPU-1 - DEBUG -     [Latent Recursive] Starting 1 steps of latent thinking
2025-10-27 10:46:46,476 - GPU-1 - DEBUG -       [Latent] Step 1/1
2025-10-27 10:46:46,645 - GPU-1 - DEBUG -       [After Latent Recursive] 1 tokens unmasked
2025-10-27 10:46:46,645 - GPU-1 - INFO -   [Cycle 9]
2025-10-27 10:46:46,646 - GPU-1 - DEBUG -     [Latent Recursive] Starting 1 steps of latent thinking
2025-10-27 10:46:46,694 - GPU-1 - DEBUG -       [Latent] Step 1/1
2025-10-27 10:46:46,863 - GPU-1 - DEBUG -       [After Latent Recursive] 1 tokens unmasked
2025-10-27 10:46:46,863 - GPU-1 - INFO -   [Cycle 10]
2025-10-27 10:46:46,863 - GPU-1 - DEBUG -     [Latent Recursive] Starting 1 steps of latent thinking
2025-10-27 10:46:46,912 - GPU-1 - DEBUG -       [Latent] Step 1/1
2025-10-27 10:46:47,081 - GPU-1 - DEBUG -       [After Latent Recursive] 1 tokens unmasked
2025-10-27 10:46:47,081 - GPU-1 - INFO -   [Cycle 11]
2025-10-27 10:46:47,081 - GPU-1 - DEBUG -     [Latent Recursive] Starting 1 steps of latent thinking
2025-10-27 10:46:47,130 - GPU-1 - DEBUG -       [Latent] Step 1/1
2025-10-27 10:46:47,299 - GPU-1 - DEBUG -       [After Latent Recursive] 1 tokens unmasked
2025-10-27 10:46:47,299 - GPU-1 - INFO -   [Cycle 12]
2025-10-27 10:46:47,299 - GPU-1 - DEBUG -     [Latent Recursive] Starting 1 steps of latent thinking
2025-10-27 10:46:47,348 - GPU-1 - DEBUG -       [Latent] Step 1/1
2025-10-27 10:46:47,517 - GPU-1 - DEBUG -       [After Latent Recursive] 1 tokens unmasked
2025-10-27 10:46:47,517 - GPU-1 - INFO -   [Cycle 13]
2025-10-27 10:46:47,517 - GPU-1 - DEBUG -     [Latent Recursive] Starting 1 steps of latent thinking
2025-10-27 10:46:47,566 - GPU-1 - DEBUG -       [Latent] Step 1/1
2025-10-27 10:46:47,735 - GPU-1 - DEBUG -       [After Latent Recursive] 1 tokens unmasked
2025-10-27 10:46:47,735 - GPU-1 - INFO -   [Cycle 14]
2025-10-27 10:46:47,735 - GPU-1 - DEBUG -     [Latent Recursive] Starting 1 steps of latent thinking
2025-10-27 10:46:47,784 - GPU-1 - DEBUG -       [Latent] Step 1/1
2025-10-27 10:46:47,953 - GPU-1 - DEBUG -       [After Latent Recursive] 1 tokens unmasked
2025-10-27 10:46:47,953 - GPU-1 - INFO -   [Cycle 15]
2025-10-27 10:46:47,953 - GPU-1 - DEBUG -     [Latent Recursive] Starting 1 steps of latent thinking
2025-10-27 10:46:48,002 - GPU-1 - DEBUG -       [Latent] Step 1/1
2025-10-27 10:46:48,171 - GPU-1 - DEBUG -       [After Latent Recursive] 1 tokens unmasked
2025-10-27 10:46:48,171 - GPU-1 - INFO -   [Cycle 16]
2025-10-27 10:46:48,172 - GPU-1 - DEBUG -     [Latent Recursive] Starting 1 steps of latent thinking
2025-10-27 10:46:48,220 - GPU-1 - DEBUG -       [Latent] Step 1/1
2025-10-27 10:46:48,389 - GPU-1 - DEBUG -       [After Latent Recursive] 1 tokens unmasked
2025-10-27 10:46:48,389 - GPU-1 - INFO -   [Cycle 17]
2025-10-27 10:46:48,390 - GPU-1 - DEBUG -     [Latent Recursive] Starting 1 steps of latent thinking
2025-10-27 10:46:48,438 - GPU-1 - DEBUG -       [Latent] Step 1/1
2025-10-27 10:46:48,607 - GPU-1 - DEBUG -       [After Latent Recursive] 1 tokens unmasked
2025-10-27 10:46:48,608 - GPU-1 - INFO -   [Cycle 18]
2025-10-27 10:46:48,608 - GPU-1 - DEBUG -     [Latent Recursive] Starting 1 steps of latent thinking
2025-10-27 10:46:48,656 - GPU-1 - DEBUG -       [Latent] Step 1/1
2025-10-27 10:46:48,825 - GPU-1 - DEBUG -       [After Latent Recursive] 1 tokens unmasked
2025-10-27 10:46:48,825 - GPU-1 - INFO -   [Cycle 19]
2025-10-27 10:46:48,826 - GPU-1 - DEBUG -     [Latent Recursive] Starting 1 steps of latent thinking
2025-10-27 10:46:48,874 - GPU-1 - DEBUG -       [Latent] Step 1/1
2025-10-27 10:46:49,043 - GPU-1 - DEBUG -       [After Latent Recursive] 1 tokens unmasked
2025-10-27 10:46:49,044 - GPU-1 - INFO -   [Cycle 20]
2025-10-27 10:46:49,044 - GPU-1 - DEBUG -     [Latent Recursive] Starting 1 steps of latent thinking
2025-10-27 10:46:49,092 - GPU-1 - DEBUG -       [Latent] Step 1/1
2025-10-27 10:46:49,261 - GPU-1 - DEBUG -       [After Latent Recursive] 1 tokens unmasked
2025-10-27 10:46:49,261 - GPU-1 - INFO -   [Cycle 21]
2025-10-27 10:46:49,261 - GPU-1 - DEBUG -     [Latent Recursive] Starting 1 steps of latent thinking
2025-10-27 10:46:49,310 - GPU-1 - DEBUG -       [Latent] Step 1/1
2025-10-27 10:46:49,479 - GPU-1 - DEBUG -       [After Latent Recursive] 1 tokens unmasked
2025-10-27 10:46:49,479 - GPU-1 - INFO -   [Cycle 22]
2025-10-27 10:46:49,479 - GPU-1 - DEBUG -     [Latent Recursive] Starting 1 steps of latent thinking
2025-10-27 10:46:49,528 - GPU-1 - DEBUG -       [Latent] Step 1/1
2025-10-27 10:46:49,696 - GPU-1 - DEBUG -       [After Latent Recursive] 1 tokens unmasked
2025-10-27 10:46:49,697 - GPU-1 - INFO -   [Cycle 23]
2025-10-27 10:46:49,697 - GPU-1 - DEBUG -     [Latent Recursive] Starting 1 steps of latent thinking
2025-10-27 10:46:49,745 - GPU-1 - DEBUG -       [Latent] Step 1/1
2025-10-27 10:46:49,914 - GPU-1 - DEBUG -       [After Latent Recursive] 1 tokens unmasked
2025-10-27 10:46:49,915 - GPU-1 - INFO -   [Cycle 24]
2025-10-27 10:46:49,915 - GPU-1 - DEBUG -     [Latent Recursive] Starting 1 steps of latent thinking
2025-10-27 10:46:49,963 - GPU-1 - DEBUG -       [Latent] Step 1/1
2025-10-27 10:46:50,132 - GPU-1 - DEBUG -       [After Latent Recursive] 1 tokens unmasked
2025-10-27 10:46:50,132 - GPU-1 - INFO -   [Cycle 25]
2025-10-27 10:46:50,133 - GPU-1 - DEBUG -     [Latent Recursive] Starting 1 steps of latent thinking
2025-10-27 10:46:50,181 - GPU-1 - DEBUG -       [Latent] Step 1/1
2025-10-27 10:46:50,350 - GPU-1 - DEBUG -       [After Latent Recursive] 1 tokens unmasked
2025-10-27 10:46:50,350 - GPU-1 - INFO -   [Cycle 26]
2025-10-27 10:46:50,351 - GPU-1 - DEBUG -     [Latent Recursive] Starting 1 steps of latent thinking
2025-10-27 10:46:50,399 - GPU-1 - DEBUG -       [Latent] Step 1/1
2025-10-27 10:46:50,568 - GPU-1 - DEBUG -       [After Latent Recursive] 1 tokens unmasked
2025-10-27 10:46:50,568 - GPU-1 - INFO -   [Cycle 27]
2025-10-27 10:46:50,568 - GPU-1 - DEBUG -     [Latent Recursive] Starting 1 steps of latent thinking
2025-10-27 10:46:50,617 - GPU-1 - DEBUG -       [Latent] Step 1/1
2025-10-27 10:46:50,786 - GPU-1 - DEBUG -       [After Latent Recursive] 1 tokens unmasked
2025-10-27 10:46:50,786 - GPU-1 - INFO -   [Cycle 28]
2025-10-27 10:46:50,786 - GPU-1 - DEBUG -     [Latent Recursive] Starting 1 steps of latent thinking
2025-10-27 10:46:50,835 - GPU-1 - DEBUG -       [Latent] Step 1/1
2025-10-27 10:46:51,004 - GPU-1 - DEBUG -       [After Latent Recursive] 1 tokens unmasked
2025-10-27 10:46:51,004 - GPU-1 - INFO -   [Cycle 29]
2025-10-27 10:46:51,005 - GPU-1 - DEBUG -     [Latent Recursive] Starting 1 steps of latent thinking
2025-10-27 10:46:51,053 - GPU-1 - DEBUG -       [Latent] Step 1/1
2025-10-27 10:46:51,222 - GPU-1 - DEBUG -       [After Latent Recursive] 1 tokens unmasked
2025-10-27 10:46:51,223 - GPU-1 - INFO -   [Cycle 30]
2025-10-27 10:46:51,223 - GPU-1 - DEBUG -     [Latent Recursive] Starting 1 steps of latent thinking
2025-10-27 10:46:51,271 - GPU-1 - DEBUG -       [Latent] Step 1/1
2025-10-27 10:46:51,440 - GPU-1 - DEBUG -       [After Latent Recursive] 1 tokens unmasked
2025-10-27 10:46:51,441 - GPU-1 - INFO -   [Cycle 31]
2025-10-27 10:46:51,441 - GPU-1 - DEBUG -     [Latent Recursive] Starting 1 steps of latent thinking
2025-10-27 10:46:51,490 - GPU-1 - DEBUG -       [Latent] Step 1/1
2025-10-27 10:46:51,659 - GPU-1 - DEBUG -       [After Latent Recursive] 1 tokens unmasked
2025-10-27 10:46:51,659 - GPU-1 - INFO - [Block 14/16] Processing tokens 540-572
2025-10-27 10:46:51,659 - GPU-1 - DEBUG - [Block 13] Before forward: use_cache=True, x.shape=torch.Size([1, 636])
2025-10-27 10:46:51,659 - GPU-1 - DEBUG - [Block 13] Model type: LLaDAModelLM
2025-10-27 10:46:51,660 - GPU-1 - DEBUG - [Block 13] Model config use_cache: True
2025-10-27 10:46:51,683 - GPU-1 - DEBUG - [Block 13] After forward: pkv is None? False
2025-10-27 10:46:51,683 - GPU-1 - DEBUG - [Block 13] out type: CausalLMOutputWithPast
2025-10-27 10:46:51,683 - GPU-1 - DEBUG - [Block 13] pkv type: <class 'list'>, len: 32
2025-10-27 10:46:51,684 - GPU-1 - DEBUG - [Block 13] pkv[0] type: <class 'tuple'>, len: 2
2025-10-27 10:46:51,684 - GPU-1 - DEBUG - [Block 13] pkv[0][0].shape: torch.Size([1, 32, 636, 128])
2025-10-27 10:46:51,778 - GPU-1 - INFO -   [Initial Forward] 1 tokens unmasked
2025-10-27 10:46:51,778 - GPU-1 - INFO -   [Cycle 1]
2025-10-27 10:46:51,778 - GPU-1 - DEBUG -     [Latent Recursive] Starting 1 steps of latent thinking
2025-10-27 10:46:51,827 - GPU-1 - DEBUG -       [Latent] Step 1/1
2025-10-27 10:46:51,995 - GPU-1 - DEBUG -       [After Latent Recursive] 1 tokens unmasked
2025-10-27 10:46:51,996 - GPU-1 - INFO -   [Cycle 2]
2025-10-27 10:46:51,996 - GPU-1 - DEBUG -     [Latent Recursive] Starting 1 steps of latent thinking
2025-10-27 10:46:52,044 - GPU-1 - DEBUG -       [Latent] Step 1/1
2025-10-27 10:46:52,212 - GPU-1 - DEBUG -       [After Latent Recursive] 1 tokens unmasked
2025-10-27 10:46:52,213 - GPU-1 - INFO -   [Cycle 3]
2025-10-27 10:46:52,213 - GPU-1 - DEBUG -     [Latent Recursive] Starting 1 steps of latent thinking
2025-10-27 10:46:52,262 - GPU-1 - DEBUG -       [Latent] Step 1/1
2025-10-27 10:46:52,430 - GPU-1 - DEBUG -       [After Latent Recursive] 1 tokens unmasked
2025-10-27 10:46:52,430 - GPU-1 - INFO -   [Cycle 4]
2025-10-27 10:46:52,430 - GPU-1 - DEBUG -     [Latent Recursive] Starting 1 steps of latent thinking
2025-10-27 10:46:52,479 - GPU-1 - DEBUG -       [Latent] Step 1/1
2025-10-27 10:46:52,647 - GPU-1 - DEBUG -       [After Latent Recursive] 1 tokens unmasked
2025-10-27 10:46:52,647 - GPU-1 - INFO -   [Cycle 5]
2025-10-27 10:46:52,647 - GPU-1 - DEBUG -     [Latent Recursive] Starting 1 steps of latent thinking
2025-10-27 10:46:52,696 - GPU-1 - DEBUG -       [Latent] Step 1/1
2025-10-27 10:46:52,864 - GPU-1 - DEBUG -       [After Latent Recursive] 1 tokens unmasked
2025-10-27 10:46:52,864 - GPU-1 - INFO -   [Cycle 6]
2025-10-27 10:46:52,865 - GPU-1 - DEBUG -     [Latent Recursive] Starting 1 steps of latent thinking
2025-10-27 10:46:52,913 - GPU-1 - DEBUG -       [Latent] Step 1/1
2025-10-27 10:46:53,081 - GPU-1 - DEBUG -       [After Latent Recursive] 1 tokens unmasked
2025-10-27 10:46:53,082 - GPU-1 - INFO -   [Cycle 7]
2025-10-27 10:46:53,082 - GPU-1 - DEBUG -     [Latent Recursive] Starting 1 steps of latent thinking
2025-10-27 10:46:53,130 - GPU-1 - DEBUG -       [Latent] Step 1/1
2025-10-27 10:46:53,299 - GPU-1 - DEBUG -       [After Latent Recursive] 1 tokens unmasked
2025-10-27 10:46:53,299 - GPU-1 - INFO -   [Cycle 8]
2025-10-27 10:46:53,299 - GPU-1 - DEBUG -     [Latent Recursive] Starting 1 steps of latent thinking
2025-10-27 10:46:53,348 - GPU-1 - DEBUG -       [Latent] Step 1/1
2025-10-27 10:46:53,516 - GPU-1 - DEBUG -       [After Latent Recursive] 1 tokens unmasked
2025-10-27 10:46:53,516 - GPU-1 - INFO -   [Cycle 9]
2025-10-27 10:46:53,516 - GPU-1 - DEBUG -     [Latent Recursive] Starting 1 steps of latent thinking
2025-10-27 10:46:53,565 - GPU-1 - DEBUG -       [Latent] Step 1/1
2025-10-27 10:46:53,733 - GPU-1 - DEBUG -       [After Latent Recursive] 1 tokens unmasked
2025-10-27 10:46:53,733 - GPU-1 - INFO -   [Cycle 10]
2025-10-27 10:46:53,733 - GPU-1 - DEBUG -     [Latent Recursive] Starting 1 steps of latent thinking
2025-10-27 10:46:53,782 - GPU-1 - DEBUG -       [Latent] Step 1/1
2025-10-27 10:46:53,950 - GPU-1 - DEBUG -       [After Latent Recursive] 1 tokens unmasked
2025-10-27 10:46:53,950 - GPU-1 - INFO -   [Cycle 11]
2025-10-27 10:46:53,951 - GPU-1 - DEBUG -     [Latent Recursive] Starting 1 steps of latent thinking
2025-10-27 10:46:53,999 - GPU-1 - DEBUG -       [Latent] Step 1/1
2025-10-27 10:46:54,167 - GPU-1 - DEBUG -       [After Latent Recursive] 1 tokens unmasked
2025-10-27 10:46:54,168 - GPU-1 - INFO -   [Cycle 12]
2025-10-27 10:46:54,168 - GPU-1 - DEBUG -     [Latent Recursive] Starting 1 steps of latent thinking
2025-10-27 10:46:54,217 - GPU-1 - DEBUG -       [Latent] Step 1/1
2025-10-27 10:46:54,384 - GPU-1 - DEBUG -       [After Latent Recursive] 1 tokens unmasked
2025-10-27 10:46:54,385 - GPU-1 - INFO -   [Cycle 13]
2025-10-27 10:46:54,385 - GPU-1 - DEBUG -     [Latent Recursive] Starting 1 steps of latent thinking
2025-10-27 10:46:54,434 - GPU-1 - DEBUG -       [Latent] Step 1/1
2025-10-27 10:46:54,601 - GPU-1 - DEBUG -       [After Latent Recursive] 1 tokens unmasked
2025-10-27 10:46:54,602 - GPU-1 - INFO -   [Cycle 14]
2025-10-27 10:46:54,602 - GPU-1 - DEBUG -     [Latent Recursive] Starting 1 steps of latent thinking
2025-10-27 10:46:54,650 - GPU-1 - DEBUG -       [Latent] Step 1/1
2025-10-27 10:46:54,818 - GPU-1 - DEBUG -       [After Latent Recursive] 1 tokens unmasked
2025-10-27 10:46:54,818 - GPU-1 - INFO -   [Cycle 15]
2025-10-27 10:46:54,819 - GPU-1 - DEBUG -     [Latent Recursive] Starting 1 steps of latent thinking
2025-10-27 10:46:54,867 - GPU-1 - DEBUG -       [Latent] Step 1/1
2025-10-27 10:46:55,035 - GPU-1 - DEBUG -       [After Latent Recursive] 1 tokens unmasked
2025-10-27 10:46:55,035 - GPU-1 - INFO -   [Cycle 16]
2025-10-27 10:46:55,036 - GPU-1 - DEBUG -     [Latent Recursive] Starting 1 steps of latent thinking
2025-10-27 10:46:55,084 - GPU-1 - DEBUG -       [Latent] Step 1/1
2025-10-27 10:46:55,252 - GPU-1 - DEBUG -       [After Latent Recursive] 1 tokens unmasked
2025-10-27 10:46:55,252 - GPU-1 - INFO -   [Cycle 17]
2025-10-27 10:46:55,252 - GPU-1 - DEBUG -     [Latent Recursive] Starting 1 steps of latent thinking
2025-10-27 10:46:55,301 - GPU-1 - DEBUG -       [Latent] Step 1/1
2025-10-27 10:46:55,469 - GPU-1 - DEBUG -       [After Latent Recursive] 1 tokens unmasked
2025-10-27 10:46:55,469 - GPU-1 - INFO -   [Cycle 18]
2025-10-27 10:46:55,469 - GPU-1 - DEBUG -     [Latent Recursive] Starting 1 steps of latent thinking
2025-10-27 10:46:55,518 - GPU-1 - DEBUG -       [Latent] Step 1/1
2025-10-27 10:46:55,686 - GPU-1 - DEBUG -       [After Latent Recursive] 1 tokens unmasked
2025-10-27 10:46:55,686 - GPU-1 - INFO -   [Cycle 19]
2025-10-27 10:46:55,686 - GPU-1 - DEBUG -     [Latent Recursive] Starting 1 steps of latent thinking
2025-10-27 10:46:55,735 - GPU-1 - DEBUG -       [Latent] Step 1/1
2025-10-27 10:46:55,902 - GPU-1 - DEBUG -       [After Latent Recursive] 1 tokens unmasked
2025-10-27 10:46:55,903 - GPU-1 - INFO -   [Cycle 20]
2025-10-27 10:46:55,903 - GPU-1 - DEBUG -     [Latent Recursive] Starting 1 steps of latent thinking
2025-10-27 10:46:55,951 - GPU-1 - DEBUG -       [Latent] Step 1/1
2025-10-27 10:46:56,120 - GPU-1 - DEBUG -       [After Latent Recursive] 1 tokens unmasked
2025-10-27 10:46:56,120 - GPU-1 - INFO -   [Cycle 21]
2025-10-27 10:46:56,120 - GPU-1 - DEBUG -     [Latent Recursive] Starting 1 steps of latent thinking
2025-10-27 10:46:56,169 - GPU-1 - DEBUG -       [Latent] Step 1/1
2025-10-27 10:46:56,337 - GPU-1 - DEBUG -       [After Latent Recursive] 1 tokens unmasked
2025-10-27 10:46:56,337 - GPU-1 - INFO -   [Cycle 22]
2025-10-27 10:46:56,337 - GPU-1 - DEBUG -     [Latent Recursive] Starting 1 steps of latent thinking
2025-10-27 10:46:56,386 - GPU-1 - DEBUG -       [Latent] Step 1/1
2025-10-27 10:46:56,554 - GPU-1 - DEBUG -       [After Latent Recursive] 1 tokens unmasked
2025-10-27 10:46:56,554 - GPU-1 - INFO -   [Cycle 23]
2025-10-27 10:46:56,555 - GPU-1 - DEBUG -     [Latent Recursive] Starting 1 steps of latent thinking
2025-10-27 10:46:56,603 - GPU-1 - DEBUG -       [Latent] Step 1/1
2025-10-27 10:46:56,772 - GPU-1 - DEBUG -       [After Latent Recursive] 1 tokens unmasked
2025-10-27 10:46:56,772 - GPU-1 - INFO -   [Cycle 24]
2025-10-27 10:46:56,772 - GPU-1 - DEBUG -     [Latent Recursive] Starting 1 steps of latent thinking
2025-10-27 10:46:56,821 - GPU-1 - DEBUG -       [Latent] Step 1/1
2025-10-27 10:46:56,989 - GPU-1 - DEBUG -       [After Latent Recursive] 1 tokens unmasked
2025-10-27 10:46:56,989 - GPU-1 - INFO -   [Cycle 25]
2025-10-27 10:46:56,989 - GPU-1 - DEBUG -     [Latent Recursive] Starting 1 steps of latent thinking
2025-10-27 10:46:57,038 - GPU-1 - DEBUG -       [Latent] Step 1/1
2025-10-27 10:46:57,206 - GPU-1 - DEBUG -       [After Latent Recursive] 1 tokens unmasked
2025-10-27 10:46:57,206 - GPU-1 - INFO -   [Cycle 26]
2025-10-27 10:46:57,206 - GPU-1 - DEBUG -     [Latent Recursive] Starting 1 steps of latent thinking
2025-10-27 10:46:57,255 - GPU-1 - DEBUG -       [Latent] Step 1/1
2025-10-27 10:46:57,423 - GPU-1 - DEBUG -       [After Latent Recursive] 1 tokens unmasked
2025-10-27 10:46:57,423 - GPU-1 - INFO -   [Cycle 27]
2025-10-27 10:46:57,423 - GPU-1 - DEBUG -     [Latent Recursive] Starting 1 steps of latent thinking
2025-10-27 10:46:57,472 - GPU-1 - DEBUG -       [Latent] Step 1/1
2025-10-27 10:46:57,640 - GPU-1 - DEBUG -       [After Latent Recursive] 1 tokens unmasked
2025-10-27 10:46:57,640 - GPU-1 - INFO -   [Cycle 28]
2025-10-27 10:46:57,640 - GPU-1 - DEBUG -     [Latent Recursive] Starting 1 steps of latent thinking
2025-10-27 10:46:57,689 - GPU-1 - DEBUG -       [Latent] Step 1/1
2025-10-27 10:46:57,857 - GPU-1 - DEBUG -       [After Latent Recursive] 1 tokens unmasked
2025-10-27 10:46:57,857 - GPU-1 - INFO -   [Cycle 29]
2025-10-27 10:46:57,857 - GPU-1 - DEBUG -     [Latent Recursive] Starting 1 steps of latent thinking
2025-10-27 10:46:57,906 - GPU-1 - DEBUG -       [Latent] Step 1/1
2025-10-27 10:46:58,073 - GPU-1 - DEBUG -       [After Latent Recursive] 1 tokens unmasked
2025-10-27 10:46:58,074 - GPU-1 - INFO -   [Cycle 30]
2025-10-27 10:46:58,074 - GPU-1 - DEBUG -     [Latent Recursive] Starting 1 steps of latent thinking
2025-10-27 10:46:58,123 - GPU-1 - DEBUG -       [Latent] Step 1/1
2025-10-27 10:46:58,291 - GPU-1 - DEBUG -       [After Latent Recursive] 1 tokens unmasked
2025-10-27 10:46:58,292 - GPU-1 - INFO -   [Cycle 31]
2025-10-27 10:46:58,292 - GPU-1 - DEBUG -     [Latent Recursive] Starting 1 steps of latent thinking
2025-10-27 10:46:58,340 - GPU-1 - DEBUG -       [Latent] Step 1/1
2025-10-27 10:46:58,508 - GPU-1 - DEBUG -       [After Latent Recursive] 1 tokens unmasked
2025-10-27 10:46:58,509 - GPU-1 - INFO - [Block 15/16] Processing tokens 572-604
2025-10-27 10:46:58,509 - GPU-1 - DEBUG - [Block 14] Before forward: use_cache=True, x.shape=torch.Size([1, 636])
2025-10-27 10:46:58,509 - GPU-1 - DEBUG - [Block 14] Model type: LLaDAModelLM
2025-10-27 10:46:58,509 - GPU-1 - DEBUG - [Block 14] Model config use_cache: True
2025-10-27 10:46:58,533 - GPU-1 - DEBUG - [Block 14] After forward: pkv is None? False
2025-10-27 10:46:58,533 - GPU-1 - DEBUG - [Block 14] out type: CausalLMOutputWithPast
2025-10-27 10:46:58,533 - GPU-1 - DEBUG - [Block 14] pkv type: <class 'list'>, len: 32
2025-10-27 10:46:58,533 - GPU-1 - DEBUG - [Block 14] pkv[0] type: <class 'tuple'>, len: 2
2025-10-27 10:46:58,533 - GPU-1 - DEBUG - [Block 14] pkv[0][0].shape: torch.Size([1, 32, 636, 128])
2025-10-27 10:46:58,628 - GPU-1 - INFO -   [Initial Forward] 1 tokens unmasked
2025-10-27 10:46:58,628 - GPU-1 - INFO -   [Cycle 1]
2025-10-27 10:46:58,628 - GPU-1 - DEBUG -     [Latent Recursive] Starting 1 steps of latent thinking
2025-10-27 10:46:58,677 - GPU-1 - DEBUG -       [Latent] Step 1/1
2025-10-27 10:46:58,843 - GPU-1 - DEBUG -       [After Latent Recursive] 1 tokens unmasked
2025-10-27 10:46:58,843 - GPU-1 - INFO -   [Cycle 2]
2025-10-27 10:46:58,843 - GPU-1 - DEBUG -     [Latent Recursive] Starting 1 steps of latent thinking
2025-10-27 10:46:58,892 - GPU-1 - DEBUG -       [Latent] Step 1/1
2025-10-27 10:46:59,057 - GPU-1 - DEBUG -       [After Latent Recursive] 1 tokens unmasked
2025-10-27 10:46:59,058 - GPU-1 - INFO -   [Cycle 3]
2025-10-27 10:46:59,058 - GPU-1 - DEBUG -     [Latent Recursive] Starting 1 steps of latent thinking
2025-10-27 10:46:59,106 - GPU-1 - DEBUG -       [Latent] Step 1/1
2025-10-27 10:46:59,272 - GPU-1 - DEBUG -       [After Latent Recursive] 1 tokens unmasked
2025-10-27 10:46:59,273 - GPU-1 - INFO -   [Cycle 4]
2025-10-27 10:46:59,273 - GPU-1 - DEBUG -     [Latent Recursive] Starting 1 steps of latent thinking
2025-10-27 10:46:59,321 - GPU-1 - DEBUG -       [Latent] Step 1/1
2025-10-27 10:46:59,487 - GPU-1 - DEBUG -       [After Latent Recursive] 1 tokens unmasked
2025-10-27 10:46:59,487 - GPU-1 - INFO -   [Cycle 5]
2025-10-27 10:46:59,488 - GPU-1 - DEBUG -     [Latent Recursive] Starting 1 steps of latent thinking
2025-10-27 10:46:59,536 - GPU-1 - DEBUG -       [Latent] Step 1/1
2025-10-27 10:46:59,702 - GPU-1 - DEBUG -       [After Latent Recursive] 1 tokens unmasked
2025-10-27 10:46:59,702 - GPU-1 - INFO -   [Cycle 6]
2025-10-27 10:46:59,703 - GPU-1 - DEBUG -     [Latent Recursive] Starting 1 steps of latent thinking
2025-10-27 10:46:59,751 - GPU-1 - DEBUG -       [Latent] Step 1/1
2025-10-27 10:46:59,917 - GPU-1 - DEBUG -       [After Latent Recursive] 1 tokens unmasked
2025-10-27 10:46:59,917 - GPU-1 - INFO -   [Cycle 7]
2025-10-27 10:46:59,917 - GPU-1 - DEBUG -     [Latent Recursive] Starting 1 steps of latent thinking
2025-10-27 10:46:59,966 - GPU-1 - DEBUG -       [Latent] Step 1/1
2025-10-27 10:47:00,132 - GPU-1 - DEBUG -       [After Latent Recursive] 1 tokens unmasked
2025-10-27 10:47:00,132 - GPU-1 - INFO -   [Cycle 8]
2025-10-27 10:47:00,132 - GPU-1 - DEBUG -     [Latent Recursive] Starting 1 steps of latent thinking
2025-10-27 10:47:00,181 - GPU-1 - DEBUG -       [Latent] Step 1/1
2025-10-27 10:47:00,346 - GPU-1 - DEBUG -       [After Latent Recursive] 1 tokens unmasked
2025-10-27 10:47:00,347 - GPU-1 - INFO -   [Cycle 9]
2025-10-27 10:47:00,347 - GPU-1 - DEBUG -     [Latent Recursive] Starting 1 steps of latent thinking
2025-10-27 10:47:00,395 - GPU-1 - DEBUG -       [Latent] Step 1/1
2025-10-27 10:47:00,561 - GPU-1 - DEBUG -       [After Latent Recursive] 1 tokens unmasked
2025-10-27 10:47:00,561 - GPU-1 - INFO -   [Cycle 10]
2025-10-27 10:47:00,561 - GPU-1 - DEBUG -     [Latent Recursive] Starting 1 steps of latent thinking
2025-10-27 10:47:00,610 - GPU-1 - DEBUG -       [Latent] Step 1/1
2025-10-27 10:47:00,775 - GPU-1 - DEBUG -       [After Latent Recursive] 1 tokens unmasked
2025-10-27 10:47:00,776 - GPU-1 - INFO -   [Cycle 11]
2025-10-27 10:47:00,776 - GPU-1 - DEBUG -     [Latent Recursive] Starting 1 steps of latent thinking
2025-10-27 10:47:00,824 - GPU-1 - DEBUG -       [Latent] Step 1/1
2025-10-27 10:47:00,990 - GPU-1 - DEBUG -       [After Latent Recursive] 1 tokens unmasked
2025-10-27 10:47:00,990 - GPU-1 - INFO -   [Cycle 12]
2025-10-27 10:47:00,991 - GPU-1 - DEBUG -     [Latent Recursive] Starting 1 steps of latent thinking
2025-10-27 10:47:01,039 - GPU-1 - DEBUG -       [Latent] Step 1/1
2025-10-27 10:47:01,205 - GPU-1 - DEBUG -       [After Latent Recursive] 1 tokens unmasked
2025-10-27 10:47:01,205 - GPU-1 - INFO -   [Cycle 13]
2025-10-27 10:47:01,205 - GPU-1 - DEBUG -     [Latent Recursive] Starting 1 steps of latent thinking
2025-10-27 10:47:01,254 - GPU-1 - DEBUG -       [Latent] Step 1/1
2025-10-27 10:47:01,419 - GPU-1 - DEBUG -       [After Latent Recursive] 1 tokens unmasked
2025-10-27 10:47:01,420 - GPU-1 - INFO -   [Cycle 14]
2025-10-27 10:47:01,420 - GPU-1 - DEBUG -     [Latent Recursive] Starting 1 steps of latent thinking
2025-10-27 10:47:01,469 - GPU-1 - DEBUG -       [Latent] Step 1/1
2025-10-27 10:47:01,635 - GPU-1 - DEBUG -       [After Latent Recursive] 1 tokens unmasked
2025-10-27 10:47:01,635 - GPU-1 - INFO -   [Cycle 15]
2025-10-27 10:47:01,635 - GPU-1 - DEBUG -     [Latent Recursive] Starting 1 steps of latent thinking
2025-10-27 10:47:01,683 - GPU-1 - DEBUG -       [Latent] Step 1/1
2025-10-27 10:47:01,849 - GPU-1 - DEBUG -       [After Latent Recursive] 1 tokens unmasked
2025-10-27 10:47:01,849 - GPU-1 - INFO -   [Cycle 16]
2025-10-27 10:47:01,849 - GPU-1 - DEBUG -     [Latent Recursive] Starting 1 steps of latent thinking
2025-10-27 10:47:01,898 - GPU-1 - DEBUG -       [Latent] Step 1/1
2025-10-27 10:47:02,063 - GPU-1 - DEBUG -       [After Latent Recursive] 1 tokens unmasked
2025-10-27 10:47:02,064 - GPU-1 - INFO -   [Cycle 17]
2025-10-27 10:47:02,064 - GPU-1 - DEBUG -     [Latent Recursive] Starting 1 steps of latent thinking
2025-10-27 10:47:02,112 - GPU-1 - DEBUG -       [Latent] Step 1/1
2025-10-27 10:47:02,278 - GPU-1 - DEBUG -       [After Latent Recursive] 1 tokens unmasked
2025-10-27 10:47:02,278 - GPU-1 - INFO -   [Cycle 18]
2025-10-27 10:47:02,278 - GPU-1 - DEBUG -     [Latent Recursive] Starting 1 steps of latent thinking
2025-10-27 10:47:02,326 - GPU-1 - DEBUG -       [Latent] Step 1/1
2025-10-27 10:47:02,492 - GPU-1 - DEBUG -       [After Latent Recursive] 1 tokens unmasked
2025-10-27 10:47:02,492 - GPU-1 - INFO -   [Cycle 19]
2025-10-27 10:47:02,492 - GPU-1 - DEBUG -     [Latent Recursive] Starting 1 steps of latent thinking
2025-10-27 10:47:02,541 - GPU-1 - DEBUG -       [Latent] Step 1/1
2025-10-27 10:47:02,707 - GPU-1 - DEBUG -       [After Latent Recursive] 1 tokens unmasked
2025-10-27 10:47:02,707 - GPU-1 - INFO -   [Cycle 20]
2025-10-27 10:47:02,707 - GPU-1 - DEBUG -     [Latent Recursive] Starting 1 steps of latent thinking
2025-10-27 10:47:02,756 - GPU-1 - DEBUG -       [Latent] Step 1/1
2025-10-27 10:47:02,921 - GPU-1 - DEBUG -       [After Latent Recursive] 1 tokens unmasked
2025-10-27 10:47:02,922 - GPU-1 - INFO -   [Cycle 21]
2025-10-27 10:47:02,922 - GPU-1 - DEBUG -     [Latent Recursive] Starting 1 steps of latent thinking
2025-10-27 10:47:02,970 - GPU-1 - DEBUG -       [Latent] Step 1/1
2025-10-27 10:47:03,136 - GPU-1 - DEBUG -       [After Latent Recursive] 1 tokens unmasked
2025-10-27 10:47:03,136 - GPU-1 - INFO -   [Cycle 22]
2025-10-27 10:47:03,137 - GPU-1 - DEBUG -     [Latent Recursive] Starting 1 steps of latent thinking
2025-10-27 10:47:03,185 - GPU-1 - DEBUG -       [Latent] Step 1/1
2025-10-27 10:47:03,351 - GPU-1 - DEBUG -       [After Latent Recursive] 1 tokens unmasked
2025-10-27 10:47:03,351 - GPU-1 - INFO -   [Cycle 23]
2025-10-27 10:47:03,351 - GPU-1 - DEBUG -     [Latent Recursive] Starting 1 steps of latent thinking
2025-10-27 10:47:03,400 - GPU-1 - DEBUG -       [Latent] Step 1/1
2025-10-27 10:47:03,566 - GPU-1 - DEBUG -       [After Latent Recursive] 1 tokens unmasked
2025-10-27 10:47:03,566 - GPU-1 - INFO -   [Cycle 24]
2025-10-27 10:47:03,566 - GPU-1 - DEBUG -     [Latent Recursive] Starting 1 steps of latent thinking
2025-10-27 10:47:03,615 - GPU-1 - DEBUG -       [Latent] Step 1/1
2025-10-27 10:47:03,780 - GPU-1 - DEBUG -       [After Latent Recursive] 1 tokens unmasked
2025-10-27 10:47:03,781 - GPU-1 - INFO -   [Cycle 25]
2025-10-27 10:47:03,781 - GPU-1 - DEBUG -     [Latent Recursive] Starting 1 steps of latent thinking
2025-10-27 10:47:03,829 - GPU-1 - DEBUG -       [Latent] Step 1/1
2025-10-27 10:47:03,995 - GPU-1 - DEBUG -       [After Latent Recursive] 1 tokens unmasked
2025-10-27 10:47:03,995 - GPU-1 - INFO -   [Cycle 26]
2025-10-27 10:47:03,995 - GPU-1 - DEBUG -     [Latent Recursive] Starting 1 steps of latent thinking
2025-10-27 10:47:04,044 - GPU-1 - DEBUG -       [Latent] Step 1/1
2025-10-27 10:47:04,209 - GPU-1 - DEBUG -       [After Latent Recursive] 1 tokens unmasked
2025-10-27 10:47:04,209 - GPU-1 - INFO -   [Cycle 27]
2025-10-27 10:47:04,210 - GPU-1 - DEBUG -     [Latent Recursive] Starting 1 steps of latent thinking
2025-10-27 10:47:04,258 - GPU-1 - DEBUG -       [Latent] Step 1/1
2025-10-27 10:47:04,423 - GPU-1 - DEBUG -       [After Latent Recursive] 1 tokens unmasked
2025-10-27 10:47:04,424 - GPU-1 - INFO -   [Cycle 28]
2025-10-27 10:47:04,424 - GPU-1 - DEBUG -     [Latent Recursive] Starting 1 steps of latent thinking
2025-10-27 10:47:04,472 - GPU-1 - DEBUG -       [Latent] Step 1/1
2025-10-27 10:47:04,638 - GPU-1 - DEBUG -       [After Latent Recursive] 1 tokens unmasked
2025-10-27 10:47:04,638 - GPU-1 - INFO -   [Cycle 29]
2025-10-27 10:47:04,638 - GPU-1 - DEBUG -     [Latent Recursive] Starting 1 steps of latent thinking
2025-10-27 10:47:04,687 - GPU-1 - DEBUG -       [Latent] Step 1/1
2025-10-27 10:47:04,852 - GPU-1 - DEBUG -       [After Latent Recursive] 1 tokens unmasked
2025-10-27 10:47:04,853 - GPU-1 - INFO -   [Cycle 30]
2025-10-27 10:47:04,853 - GPU-1 - DEBUG -     [Latent Recursive] Starting 1 steps of latent thinking
2025-10-27 10:47:04,901 - GPU-1 - DEBUG -       [Latent] Step 1/1
2025-10-27 10:47:05,067 - GPU-1 - DEBUG -       [After Latent Recursive] 1 tokens unmasked
2025-10-27 10:47:05,067 - GPU-1 - INFO -   [Cycle 31]
2025-10-27 10:47:05,067 - GPU-1 - DEBUG -     [Latent Recursive] Starting 1 steps of latent thinking
2025-10-27 10:47:05,115 - GPU-1 - DEBUG -       [Latent] Step 1/1
2025-10-27 10:47:05,281 - GPU-1 - DEBUG -       [After Latent Recursive] 1 tokens unmasked
2025-10-27 10:47:05,281 - GPU-1 - INFO - [Block 16/16] Processing tokens 604-636
2025-10-27 10:47:05,281 - GPU-1 - DEBUG - [Block 15] Before forward: use_cache=True, x.shape=torch.Size([1, 636])
2025-10-27 10:47:05,282 - GPU-1 - DEBUG - [Block 15] Model type: LLaDAModelLM
2025-10-27 10:47:05,282 - GPU-1 - DEBUG - [Block 15] Model config use_cache: True
2025-10-27 10:47:05,305 - GPU-1 - DEBUG - [Block 15] After forward: pkv is None? False
2025-10-27 10:47:05,305 - GPU-1 - DEBUG - [Block 15] out type: CausalLMOutputWithPast
2025-10-27 10:47:05,306 - GPU-1 - DEBUG - [Block 15] pkv type: <class 'list'>, len: 32
2025-10-27 10:47:05,306 - GPU-1 - DEBUG - [Block 15] pkv[0] type: <class 'tuple'>, len: 2
2025-10-27 10:47:05,306 - GPU-1 - DEBUG - [Block 15] pkv[0][0].shape: torch.Size([1, 32, 636, 128])
2025-10-27 10:47:05,400 - GPU-1 - INFO -   [Initial Forward] 1 tokens unmasked
2025-10-27 10:47:05,400 - GPU-1 - INFO -   [Cycle 1]
2025-10-27 10:47:05,401 - GPU-1 - DEBUG -     [Latent Recursive] Starting 1 steps of latent thinking
2025-10-27 10:47:05,449 - GPU-1 - DEBUG -       [Latent] Step 1/1
2025-10-27 10:47:05,615 - GPU-1 - DEBUG -       [After Latent Recursive] 1 tokens unmasked
2025-10-27 10:47:05,615 - GPU-1 - INFO -   [Cycle 2]
2025-10-27 10:47:05,615 - GPU-1 - DEBUG -     [Latent Recursive] Starting 1 steps of latent thinking
2025-10-27 10:47:05,664 - GPU-1 - DEBUG -       [Latent] Step 1/1
2025-10-27 10:47:05,829 - GPU-1 - DEBUG -       [After Latent Recursive] 1 tokens unmasked
2025-10-27 10:47:05,830 - GPU-1 - INFO -   [Cycle 3]
2025-10-27 10:47:05,830 - GPU-1 - DEBUG -     [Latent Recursive] Starting 1 steps of latent thinking
2025-10-27 10:47:05,878 - GPU-1 - DEBUG -       [Latent] Step 1/1
2025-10-27 10:47:06,043 - GPU-1 - DEBUG -       [After Latent Recursive] 1 tokens unmasked
2025-10-27 10:47:06,044 - GPU-1 - INFO -   [Cycle 4]
2025-10-27 10:47:06,044 - GPU-1 - DEBUG -     [Latent Recursive] Starting 1 steps of latent thinking
2025-10-27 10:47:06,093 - GPU-1 - DEBUG -       [Latent] Step 1/1
2025-10-27 10:47:06,258 - GPU-1 - DEBUG -       [After Latent Recursive] 1 tokens unmasked
2025-10-27 10:47:06,258 - GPU-1 - INFO -   [Cycle 5]
2025-10-27 10:47:06,258 - GPU-1 - DEBUG -     [Latent Recursive] Starting 1 steps of latent thinking
2025-10-27 10:47:06,307 - GPU-1 - DEBUG -       [Latent] Step 1/1
2025-10-27 10:47:06,472 - GPU-1 - DEBUG -       [After Latent Recursive] 1 tokens unmasked
2025-10-27 10:47:06,473 - GPU-1 - INFO -   [Cycle 6]
2025-10-27 10:47:06,473 - GPU-1 - DEBUG -     [Latent Recursive] Starting 1 steps of latent thinking
2025-10-27 10:47:06,521 - GPU-1 - DEBUG -       [Latent] Step 1/1
2025-10-27 10:47:06,686 - GPU-1 - DEBUG -       [After Latent Recursive] 1 tokens unmasked
2025-10-27 10:47:06,687 - GPU-1 - INFO -   [Cycle 7]
2025-10-27 10:47:06,687 - GPU-1 - DEBUG -     [Latent Recursive] Starting 1 steps of latent thinking
2025-10-27 10:47:06,735 - GPU-1 - DEBUG -       [Latent] Step 1/1
2025-10-27 10:47:06,901 - GPU-1 - DEBUG -       [After Latent Recursive] 1 tokens unmasked
2025-10-27 10:47:06,901 - GPU-1 - INFO -   [Cycle 8]
2025-10-27 10:47:06,901 - GPU-1 - DEBUG -     [Latent Recursive] Starting 1 steps of latent thinking
2025-10-27 10:47:06,950 - GPU-1 - DEBUG -       [Latent] Step 1/1
2025-10-27 10:47:07,115 - GPU-1 - DEBUG -       [After Latent Recursive] 1 tokens unmasked
2025-10-27 10:47:07,116 - GPU-1 - INFO -   [Cycle 9]
2025-10-27 10:47:07,116 - GPU-1 - DEBUG -     [Latent Recursive] Starting 1 steps of latent thinking
2025-10-27 10:47:07,165 - GPU-1 - DEBUG -       [Latent] Step 1/1
2025-10-27 10:47:07,330 - GPU-1 - DEBUG -       [After Latent Recursive] 1 tokens unmasked
2025-10-27 10:47:07,330 - GPU-1 - INFO -   [Cycle 10]
2025-10-27 10:47:07,330 - GPU-1 - DEBUG -     [Latent Recursive] Starting 1 steps of latent thinking
2025-10-27 10:47:07,379 - GPU-1 - DEBUG -       [Latent] Step 1/1
2025-10-27 10:47:07,544 - GPU-1 - DEBUG -       [After Latent Recursive] 1 tokens unmasked
2025-10-27 10:47:07,545 - GPU-1 - INFO -   [Cycle 11]
2025-10-27 10:47:07,545 - GPU-1 - DEBUG -     [Latent Recursive] Starting 1 steps of latent thinking
2025-10-27 10:47:07,594 - GPU-1 - DEBUG -       [Latent] Step 1/1
2025-10-27 10:47:07,759 - GPU-1 - DEBUG -       [After Latent Recursive] 1 tokens unmasked
2025-10-27 10:47:07,760 - GPU-1 - INFO -   [Cycle 12]
2025-10-27 10:47:07,760 - GPU-1 - DEBUG -     [Latent Recursive] Starting 1 steps of latent thinking
2025-10-27 10:47:07,809 - GPU-1 - DEBUG -       [Latent] Step 1/1
2025-10-27 10:47:07,974 - GPU-1 - DEBUG -       [After Latent Recursive] 1 tokens unmasked
2025-10-27 10:47:07,974 - GPU-1 - INFO -   [Cycle 13]
2025-10-27 10:47:07,975 - GPU-1 - DEBUG -     [Latent Recursive] Starting 1 steps of latent thinking
2025-10-27 10:47:08,023 - GPU-1 - DEBUG -       [Latent] Step 1/1
2025-10-27 10:47:08,189 - GPU-1 - DEBUG -       [After Latent Recursive] 1 tokens unmasked
2025-10-27 10:47:08,189 - GPU-1 - INFO -   [Cycle 14]
2025-10-27 10:47:08,189 - GPU-1 - DEBUG -     [Latent Recursive] Starting 1 steps of latent thinking
2025-10-27 10:47:08,238 - GPU-1 - DEBUG -       [Latent] Step 1/1
2025-10-27 10:47:08,403 - GPU-1 - DEBUG -       [After Latent Recursive] 1 tokens unmasked
2025-10-27 10:47:08,404 - GPU-1 - INFO -   [Cycle 15]
2025-10-27 10:47:08,404 - GPU-1 - DEBUG -     [Latent Recursive] Starting 1 steps of latent thinking
2025-10-27 10:47:08,453 - GPU-1 - DEBUG -       [Latent] Step 1/1
2025-10-27 10:47:08,618 - GPU-1 - DEBUG -       [After Latent Recursive] 1 tokens unmasked
2025-10-27 10:47:08,618 - GPU-1 - INFO -   [Cycle 16]
2025-10-27 10:47:08,619 - GPU-1 - DEBUG -     [Latent Recursive] Starting 1 steps of latent thinking
2025-10-27 10:47:08,668 - GPU-1 - DEBUG -       [Latent] Step 1/1
2025-10-27 10:47:08,833 - GPU-1 - DEBUG -       [After Latent Recursive] 1 tokens unmasked
2025-10-27 10:47:08,834 - GPU-1 - INFO -   [Cycle 17]
2025-10-27 10:47:08,834 - GPU-1 - DEBUG -     [Latent Recursive] Starting 1 steps of latent thinking
2025-10-27 10:47:08,883 - GPU-1 - DEBUG -       [Latent] Step 1/1
2025-10-27 10:47:09,048 - GPU-1 - DEBUG -       [After Latent Recursive] 1 tokens unmasked
2025-10-27 10:47:09,048 - GPU-1 - INFO -   [Cycle 18]
2025-10-27 10:47:09,049 - GPU-1 - DEBUG -     [Latent Recursive] Starting 1 steps of latent thinking
2025-10-27 10:47:09,097 - GPU-1 - DEBUG -       [Latent] Step 1/1
2025-10-27 10:47:09,263 - GPU-1 - DEBUG -       [After Latent Recursive] 1 tokens unmasked
2025-10-27 10:47:09,263 - GPU-1 - INFO -   [Cycle 19]
2025-10-27 10:47:09,264 - GPU-1 - DEBUG -     [Latent Recursive] Starting 1 steps of latent thinking
2025-10-27 10:47:09,312 - GPU-1 - DEBUG -       [Latent] Step 1/1
2025-10-27 10:47:09,477 - GPU-1 - DEBUG -       [After Latent Recursive] 1 tokens unmasked
2025-10-27 10:47:09,478 - GPU-1 - INFO -   [Cycle 20]
2025-10-27 10:47:09,478 - GPU-1 - DEBUG -     [Latent Recursive] Starting 1 steps of latent thinking
2025-10-27 10:47:09,527 - GPU-1 - DEBUG -       [Latent] Step 1/1
2025-10-27 10:47:09,692 - GPU-1 - DEBUG -       [After Latent Recursive] 1 tokens unmasked
2025-10-27 10:47:09,693 - GPU-1 - INFO -   [Cycle 21]
2025-10-27 10:47:09,693 - GPU-1 - DEBUG -     [Latent Recursive] Starting 1 steps of latent thinking
2025-10-27 10:47:09,741 - GPU-1 - DEBUG -       [Latent] Step 1/1
2025-10-27 10:47:09,907 - GPU-1 - DEBUG -       [After Latent Recursive] 1 tokens unmasked
2025-10-27 10:47:09,907 - GPU-1 - INFO -   [Cycle 22]
2025-10-27 10:47:09,907 - GPU-1 - DEBUG -     [Latent Recursive] Starting 1 steps of latent thinking
2025-10-27 10:47:09,956 - GPU-1 - DEBUG -       [Latent] Step 1/1
2025-10-27 10:47:10,121 - GPU-1 - DEBUG -       [After Latent Recursive] 1 tokens unmasked
2025-10-27 10:47:10,122 - GPU-1 - INFO -   [Cycle 23]
2025-10-27 10:47:10,122 - GPU-1 - DEBUG -     [Latent Recursive] Starting 1 steps of latent thinking
2025-10-27 10:47:10,171 - GPU-1 - DEBUG -       [Latent] Step 1/1
2025-10-27 10:47:10,336 - GPU-1 - DEBUG -       [After Latent Recursive] 1 tokens unmasked
2025-10-27 10:47:10,336 - GPU-1 - INFO -   [Cycle 24]
2025-10-27 10:47:10,336 - GPU-1 - DEBUG -     [Latent Recursive] Starting 1 steps of latent thinking
2025-10-27 10:47:10,385 - GPU-1 - DEBUG -       [Latent] Step 1/1
2025-10-27 10:47:10,550 - GPU-1 - DEBUG -       [After Latent Recursive] 1 tokens unmasked
2025-10-27 10:47:10,551 - GPU-1 - INFO -   [Cycle 25]
2025-10-27 10:47:10,551 - GPU-1 - DEBUG -     [Latent Recursive] Starting 1 steps of latent thinking
2025-10-27 10:47:10,600 - GPU-1 - DEBUG -       [Latent] Step 1/1
2025-10-27 10:47:10,765 - GPU-1 - DEBUG -       [After Latent Recursive] 1 tokens unmasked
2025-10-27 10:47:10,766 - GPU-1 - INFO -   [Cycle 26]
2025-10-27 10:47:10,766 - GPU-1 - DEBUG -     [Latent Recursive] Starting 1 steps of latent thinking
2025-10-27 10:47:10,815 - GPU-1 - DEBUG -       [Latent] Step 1/1
2025-10-27 10:47:10,980 - GPU-1 - DEBUG -       [After Latent Recursive] 1 tokens unmasked
2025-10-27 10:47:10,981 - GPU-1 - INFO -   [Cycle 27]
2025-10-27 10:47:10,981 - GPU-1 - DEBUG -     [Latent Recursive] Starting 1 steps of latent thinking
2025-10-27 10:47:11,030 - GPU-1 - DEBUG -       [Latent] Step 1/1
2025-10-27 10:47:11,195 - GPU-1 - DEBUG -       [After Latent Recursive] 1 tokens unmasked
2025-10-27 10:47:11,195 - GPU-1 - INFO -   [Cycle 28]
2025-10-27 10:47:11,195 - GPU-1 - DEBUG -     [Latent Recursive] Starting 1 steps of latent thinking
2025-10-27 10:47:11,244 - GPU-1 - DEBUG -       [Latent] Step 1/1
2025-10-27 10:47:11,409 - GPU-1 - DEBUG -       [After Latent Recursive] 1 tokens unmasked
2025-10-27 10:47:11,410 - GPU-1 - INFO -   [Cycle 29]
2025-10-27 10:47:11,410 - GPU-1 - DEBUG -     [Latent Recursive] Starting 1 steps of latent thinking
2025-10-27 10:47:11,459 - GPU-1 - DEBUG -       [Latent] Step 1/1
2025-10-27 10:47:11,624 - GPU-1 - DEBUG -       [After Latent Recursive] 1 tokens unmasked
2025-10-27 10:47:11,625 - GPU-1 - INFO -   [Cycle 30]
2025-10-27 10:47:11,625 - GPU-1 - DEBUG -     [Latent Recursive] Starting 1 steps of latent thinking
2025-10-27 10:47:11,674 - GPU-1 - DEBUG -       [Latent] Step 1/1
2025-10-27 10:47:11,839 - GPU-1 - DEBUG -       [After Latent Recursive] 1 tokens unmasked
2025-10-27 10:47:11,839 - GPU-1 - INFO -   [Cycle 31]
2025-10-27 10:47:11,840 - GPU-1 - DEBUG -     [Latent Recursive] Starting 1 steps of latent thinking
2025-10-27 10:47:11,888 - GPU-1 - DEBUG -       [Latent] Step 1/1
2025-10-27 10:47:12,054 - GPU-1 - DEBUG -       [After Latent Recursive] 1 tokens unmasked
