2025-10-27 10:41:50,601 - GPU-2 - INFO - [GPU 2] Loaded freeze config from metadata.json: freeze_first_half_layers=False, trainable_layer_start_idx=0
2025-10-27 10:41:50,842 - GPU-2 - INFO - === Starting generate_with_prefix_cache ===
2025-10-27 10:41:50,842 - GPU-2 - INFO - use_cache=True, R=1, N=1
2025-10-27 10:41:50,850 - GPU-2 - INFO - [Block 1/16] Processing tokens 62-94
2025-10-27 10:41:50,851 - GPU-2 - DEBUG - [Block 0] Before forward: use_cache=True, x.shape=torch.Size([1, 574])
2025-10-27 10:41:50,851 - GPU-2 - DEBUG - [Block 0] Model type: LLaDAModelLM
2025-10-27 10:41:50,851 - GPU-2 - DEBUG - [Block 0] Model config use_cache: True
2025-10-27 10:41:51,173 - GPU-2 - DEBUG - [Block 0] After forward: pkv is None? False
2025-10-27 10:41:51,173 - GPU-2 - DEBUG - [Block 0] out type: CausalLMOutputWithPast
2025-10-27 10:41:51,173 - GPU-2 - DEBUG - [Block 0] pkv type: <class 'list'>, len: 32
2025-10-27 10:41:51,173 - GPU-2 - DEBUG - [Block 0] pkv[0] type: <class 'tuple'>, len: 2
2025-10-27 10:41:51,173 - GPU-2 - DEBUG - [Block 0] pkv[0][0].shape: torch.Size([1, 32, 574, 128])
2025-10-27 10:41:51,277 - GPU-2 - INFO -   [Initial Forward] 2 tokens unmasked
2025-10-27 10:41:51,278 - GPU-2 - INFO -   [Cycle 1]
2025-10-27 10:41:51,278 - GPU-2 - DEBUG -     [Latent Recursive] Starting 1 steps of latent thinking
2025-10-27 10:41:51,381 - GPU-2 - DEBUG -       [Latent] Step 1/1
2025-10-27 10:41:51,555 - GPU-2 - DEBUG -       [After Latent Recursive] 2 tokens unmasked
2025-10-27 10:41:51,555 - GPU-2 - INFO -   [Cycle 2]
2025-10-27 10:41:51,556 - GPU-2 - DEBUG -     [Latent Recursive] Starting 1 steps of latent thinking
2025-10-27 10:41:51,600 - GPU-2 - DEBUG -       [Latent] Step 1/1
2025-10-27 10:41:51,775 - GPU-2 - DEBUG -       [After Latent Recursive] 2 tokens unmasked
2025-10-27 10:41:51,775 - GPU-2 - INFO -   [Cycle 3]
2025-10-27 10:41:51,775 - GPU-2 - DEBUG -     [Latent Recursive] Starting 1 steps of latent thinking
2025-10-27 10:41:51,820 - GPU-2 - DEBUG -       [Latent] Step 1/1
2025-10-27 10:41:51,993 - GPU-2 - DEBUG -       [After Latent Recursive] 2 tokens unmasked
2025-10-27 10:41:51,994 - GPU-2 - INFO -   [Cycle 4]
2025-10-27 10:41:51,994 - GPU-2 - DEBUG -     [Latent Recursive] Starting 1 steps of latent thinking
2025-10-27 10:41:52,039 - GPU-2 - DEBUG -       [Latent] Step 1/1
2025-10-27 10:41:52,213 - GPU-2 - DEBUG -       [After Latent Recursive] 2 tokens unmasked
2025-10-27 10:41:52,213 - GPU-2 - INFO -   [Cycle 5]
2025-10-27 10:41:52,213 - GPU-2 - DEBUG -     [Latent Recursive] Starting 1 steps of latent thinking
2025-10-27 10:41:52,258 - GPU-2 - DEBUG -       [Latent] Step 1/1
2025-10-27 10:41:52,432 - GPU-2 - DEBUG -       [After Latent Recursive] 2 tokens unmasked
2025-10-27 10:41:52,432 - GPU-2 - INFO -   [Cycle 6]
2025-10-27 10:41:52,432 - GPU-2 - DEBUG -     [Latent Recursive] Starting 1 steps of latent thinking
2025-10-27 10:41:52,477 - GPU-2 - DEBUG -       [Latent] Step 1/1
2025-10-27 10:41:52,651 - GPU-2 - DEBUG -       [After Latent Recursive] 2 tokens unmasked
2025-10-27 10:41:52,651 - GPU-2 - INFO -   [Cycle 7]
2025-10-27 10:41:52,651 - GPU-2 - DEBUG -     [Latent Recursive] Starting 1 steps of latent thinking
2025-10-27 10:41:52,696 - GPU-2 - DEBUG -       [Latent] Step 1/1
2025-10-27 10:41:52,870 - GPU-2 - DEBUG -       [After Latent Recursive] 2 tokens unmasked
2025-10-27 10:41:52,870 - GPU-2 - INFO -   [Cycle 8]
2025-10-27 10:41:52,870 - GPU-2 - DEBUG -     [Latent Recursive] Starting 1 steps of latent thinking
2025-10-27 10:41:52,915 - GPU-2 - DEBUG -       [Latent] Step 1/1
2025-10-27 10:41:53,089 - GPU-2 - DEBUG -       [After Latent Recursive] 2 tokens unmasked
2025-10-27 10:41:53,089 - GPU-2 - INFO -   [Cycle 9]
2025-10-27 10:41:53,089 - GPU-2 - DEBUG -     [Latent Recursive] Starting 1 steps of latent thinking
2025-10-27 10:41:53,134 - GPU-2 - DEBUG -       [Latent] Step 1/1
2025-10-27 10:41:53,307 - GPU-2 - DEBUG -       [After Latent Recursive] 2 tokens unmasked
2025-10-27 10:41:53,308 - GPU-2 - INFO -   [Cycle 10]
2025-10-27 10:41:53,308 - GPU-2 - DEBUG -     [Latent Recursive] Starting 1 steps of latent thinking
2025-10-27 10:41:53,353 - GPU-2 - DEBUG -       [Latent] Step 1/1
2025-10-27 10:41:53,527 - GPU-2 - DEBUG -       [After Latent Recursive] 2 tokens unmasked
2025-10-27 10:41:53,528 - GPU-2 - INFO -   [Cycle 11]
2025-10-27 10:41:53,528 - GPU-2 - DEBUG -     [Latent Recursive] Starting 1 steps of latent thinking
2025-10-27 10:41:53,573 - GPU-2 - DEBUG -       [Latent] Step 1/1
2025-10-27 10:41:53,747 - GPU-2 - DEBUG -       [After Latent Recursive] 2 tokens unmasked
2025-10-27 10:41:53,747 - GPU-2 - INFO -   [Cycle 12]
2025-10-27 10:41:53,747 - GPU-2 - DEBUG -     [Latent Recursive] Starting 1 steps of latent thinking
2025-10-27 10:41:53,792 - GPU-2 - DEBUG -       [Latent] Step 1/1
2025-10-27 10:41:53,965 - GPU-2 - DEBUG -       [After Latent Recursive] 2 tokens unmasked
2025-10-27 10:41:53,966 - GPU-2 - INFO -   [Cycle 13]
2025-10-27 10:41:53,966 - GPU-2 - DEBUG -     [Latent Recursive] Starting 1 steps of latent thinking
2025-10-27 10:41:54,010 - GPU-2 - DEBUG -       [Latent] Step 1/1
2025-10-27 10:41:54,184 - GPU-2 - DEBUG -       [After Latent Recursive] 2 tokens unmasked
2025-10-27 10:41:54,185 - GPU-2 - INFO -   [Cycle 14]
2025-10-27 10:41:54,185 - GPU-2 - DEBUG -     [Latent Recursive] Starting 1 steps of latent thinking
2025-10-27 10:41:54,229 - GPU-2 - DEBUG -       [Latent] Step 1/1
2025-10-27 10:41:54,403 - GPU-2 - DEBUG -       [After Latent Recursive] 2 tokens unmasked
2025-10-27 10:41:54,403 - GPU-2 - INFO -   [Cycle 15]
2025-10-27 10:41:54,404 - GPU-2 - DEBUG -     [Latent Recursive] Starting 1 steps of latent thinking
2025-10-27 10:41:54,448 - GPU-2 - DEBUG -       [Latent] Step 1/1
2025-10-27 10:41:54,622 - GPU-2 - DEBUG -       [After Latent Recursive] 2 tokens unmasked
2025-10-27 10:41:54,622 - GPU-2 - INFO - [Block 2/16] Processing tokens 94-126
2025-10-27 10:41:54,623 - GPU-2 - DEBUG - [Block 1] Before forward: use_cache=True, x.shape=torch.Size([1, 574])
2025-10-27 10:41:54,623 - GPU-2 - DEBUG - [Block 1] Model type: LLaDAModelLM
2025-10-27 10:41:54,623 - GPU-2 - DEBUG - [Block 1] Model config use_cache: True
2025-10-27 10:41:54,645 - GPU-2 - DEBUG - [Block 1] After forward: pkv is None? False
2025-10-27 10:41:54,646 - GPU-2 - DEBUG - [Block 1] out type: CausalLMOutputWithPast
2025-10-27 10:41:54,646 - GPU-2 - DEBUG - [Block 1] pkv type: <class 'list'>, len: 32
2025-10-27 10:41:54,646 - GPU-2 - DEBUG - [Block 1] pkv[0] type: <class 'tuple'>, len: 2
2025-10-27 10:41:54,646 - GPU-2 - DEBUG - [Block 1] pkv[0][0].shape: torch.Size([1, 32, 574, 128])
2025-10-27 10:41:54,733 - GPU-2 - INFO -   [Initial Forward] 2 tokens unmasked
2025-10-27 10:41:54,734 - GPU-2 - INFO -   [Cycle 1]
2025-10-27 10:41:54,734 - GPU-2 - DEBUG -     [Latent Recursive] Starting 1 steps of latent thinking
2025-10-27 10:41:54,779 - GPU-2 - DEBUG -       [Latent] Step 1/1
2025-10-27 10:41:54,951 - GPU-2 - DEBUG -       [After Latent Recursive] 2 tokens unmasked
2025-10-27 10:41:54,952 - GPU-2 - INFO -   [Cycle 2]
2025-10-27 10:41:54,952 - GPU-2 - DEBUG -     [Latent Recursive] Starting 1 steps of latent thinking
2025-10-27 10:41:54,997 - GPU-2 - DEBUG -       [Latent] Step 1/1
2025-10-27 10:41:55,169 - GPU-2 - DEBUG -       [After Latent Recursive] 2 tokens unmasked
2025-10-27 10:41:55,170 - GPU-2 - INFO -   [Cycle 3]
2025-10-27 10:41:55,170 - GPU-2 - DEBUG -     [Latent Recursive] Starting 1 steps of latent thinking
2025-10-27 10:41:55,215 - GPU-2 - DEBUG -       [Latent] Step 1/1
2025-10-27 10:41:55,388 - GPU-2 - DEBUG -       [After Latent Recursive] 2 tokens unmasked
2025-10-27 10:41:55,388 - GPU-2 - INFO -   [Cycle 4]
2025-10-27 10:41:55,388 - GPU-2 - DEBUG -     [Latent Recursive] Starting 1 steps of latent thinking
2025-10-27 10:41:55,433 - GPU-2 - DEBUG -       [Latent] Step 1/1
2025-10-27 10:41:55,605 - GPU-2 - DEBUG -       [After Latent Recursive] 2 tokens unmasked
2025-10-27 10:41:55,606 - GPU-2 - INFO -   [Cycle 5]
2025-10-27 10:41:55,606 - GPU-2 - DEBUG -     [Latent Recursive] Starting 1 steps of latent thinking
2025-10-27 10:41:55,651 - GPU-2 - DEBUG -       [Latent] Step 1/1
2025-10-27 10:41:55,823 - GPU-2 - DEBUG -       [After Latent Recursive] 2 tokens unmasked
2025-10-27 10:41:55,824 - GPU-2 - INFO -   [Cycle 6]
2025-10-27 10:41:55,824 - GPU-2 - DEBUG -     [Latent Recursive] Starting 1 steps of latent thinking
2025-10-27 10:41:55,869 - GPU-2 - DEBUG -       [Latent] Step 1/1
2025-10-27 10:41:56,041 - GPU-2 - DEBUG -       [After Latent Recursive] 2 tokens unmasked
2025-10-27 10:41:56,042 - GPU-2 - INFO -   [Cycle 7]
2025-10-27 10:41:56,042 - GPU-2 - DEBUG -     [Latent Recursive] Starting 1 steps of latent thinking
2025-10-27 10:41:56,086 - GPU-2 - DEBUG -       [Latent] Step 1/1
2025-10-27 10:41:56,259 - GPU-2 - DEBUG -       [After Latent Recursive] 2 tokens unmasked
2025-10-27 10:41:56,259 - GPU-2 - INFO -   [Cycle 8]
2025-10-27 10:41:56,259 - GPU-2 - DEBUG -     [Latent Recursive] Starting 1 steps of latent thinking
2025-10-27 10:41:56,304 - GPU-2 - DEBUG -       [Latent] Step 1/1
2025-10-27 10:41:56,477 - GPU-2 - DEBUG -       [After Latent Recursive] 2 tokens unmasked
2025-10-27 10:41:56,477 - GPU-2 - INFO -   [Cycle 9]
2025-10-27 10:41:56,477 - GPU-2 - DEBUG -     [Latent Recursive] Starting 1 steps of latent thinking
2025-10-27 10:41:56,522 - GPU-2 - DEBUG -       [Latent] Step 1/1
2025-10-27 10:41:56,695 - GPU-2 - DEBUG -       [After Latent Recursive] 2 tokens unmasked
2025-10-27 10:41:56,695 - GPU-2 - INFO -   [Cycle 10]
2025-10-27 10:41:56,695 - GPU-2 - DEBUG -     [Latent Recursive] Starting 1 steps of latent thinking
2025-10-27 10:41:56,740 - GPU-2 - DEBUG -       [Latent] Step 1/1
2025-10-27 10:41:56,913 - GPU-2 - DEBUG -       [After Latent Recursive] 2 tokens unmasked
2025-10-27 10:41:56,913 - GPU-2 - INFO -   [Cycle 11]
2025-10-27 10:41:56,913 - GPU-2 - DEBUG -     [Latent Recursive] Starting 1 steps of latent thinking
2025-10-27 10:41:56,958 - GPU-2 - DEBUG -       [Latent] Step 1/1
2025-10-27 10:41:57,130 - GPU-2 - DEBUG -       [After Latent Recursive] 2 tokens unmasked
2025-10-27 10:41:57,131 - GPU-2 - INFO -   [Cycle 12]
2025-10-27 10:41:57,131 - GPU-2 - DEBUG -     [Latent Recursive] Starting 1 steps of latent thinking
2025-10-27 10:41:57,176 - GPU-2 - DEBUG -       [Latent] Step 1/1
2025-10-27 10:41:57,348 - GPU-2 - DEBUG -       [After Latent Recursive] 2 tokens unmasked
2025-10-27 10:41:57,349 - GPU-2 - INFO -   [Cycle 13]
2025-10-27 10:41:57,349 - GPU-2 - DEBUG -     [Latent Recursive] Starting 1 steps of latent thinking
2025-10-27 10:41:57,393 - GPU-2 - DEBUG -       [Latent] Step 1/1
2025-10-27 10:41:57,566 - GPU-2 - DEBUG -       [After Latent Recursive] 2 tokens unmasked
2025-10-27 10:41:57,567 - GPU-2 - INFO -   [Cycle 14]
2025-10-27 10:41:57,567 - GPU-2 - DEBUG -     [Latent Recursive] Starting 1 steps of latent thinking
2025-10-27 10:41:57,611 - GPU-2 - DEBUG -       [Latent] Step 1/1
2025-10-27 10:41:57,784 - GPU-2 - DEBUG -       [After Latent Recursive] 2 tokens unmasked
2025-10-27 10:41:57,784 - GPU-2 - INFO -   [Cycle 15]
2025-10-27 10:41:57,784 - GPU-2 - DEBUG -     [Latent Recursive] Starting 1 steps of latent thinking
2025-10-27 10:41:57,829 - GPU-2 - DEBUG -       [Latent] Step 1/1
2025-10-27 10:41:58,002 - GPU-2 - DEBUG -       [After Latent Recursive] 2 tokens unmasked
2025-10-27 10:41:58,002 - GPU-2 - INFO - [Block 3/16] Processing tokens 126-158
2025-10-27 10:41:58,003 - GPU-2 - DEBUG - [Block 2] Before forward: use_cache=True, x.shape=torch.Size([1, 574])
2025-10-27 10:41:58,003 - GPU-2 - DEBUG - [Block 2] Model type: LLaDAModelLM
2025-10-27 10:41:58,003 - GPU-2 - DEBUG - [Block 2] Model config use_cache: True
2025-10-27 10:41:58,025 - GPU-2 - DEBUG - [Block 2] After forward: pkv is None? False
2025-10-27 10:41:58,025 - GPU-2 - DEBUG - [Block 2] out type: CausalLMOutputWithPast
2025-10-27 10:41:58,025 - GPU-2 - DEBUG - [Block 2] pkv type: <class 'list'>, len: 32
2025-10-27 10:41:58,025 - GPU-2 - DEBUG - [Block 2] pkv[0] type: <class 'tuple'>, len: 2
2025-10-27 10:41:58,025 - GPU-2 - DEBUG - [Block 2] pkv[0][0].shape: torch.Size([1, 32, 574, 128])
2025-10-27 10:41:58,113 - GPU-2 - INFO -   [Initial Forward] 2 tokens unmasked
2025-10-27 10:41:58,113 - GPU-2 - INFO -   [Cycle 1]
2025-10-27 10:41:58,114 - GPU-2 - DEBUG -     [Latent Recursive] Starting 1 steps of latent thinking
2025-10-27 10:41:58,159 - GPU-2 - DEBUG -       [Latent] Step 1/1
2025-10-27 10:41:58,329 - GPU-2 - DEBUG -       [After Latent Recursive] 2 tokens unmasked
2025-10-27 10:41:58,330 - GPU-2 - INFO -   [Cycle 2]
2025-10-27 10:41:58,330 - GPU-2 - DEBUG -     [Latent Recursive] Starting 1 steps of latent thinking
2025-10-27 10:41:58,375 - GPU-2 - DEBUG -       [Latent] Step 1/1
2025-10-27 10:41:58,545 - GPU-2 - DEBUG -       [After Latent Recursive] 2 tokens unmasked
2025-10-27 10:41:58,546 - GPU-2 - INFO -   [Cycle 3]
2025-10-27 10:41:58,546 - GPU-2 - DEBUG -     [Latent Recursive] Starting 1 steps of latent thinking
2025-10-27 10:41:58,590 - GPU-2 - DEBUG -       [Latent] Step 1/1
2025-10-27 10:41:58,761 - GPU-2 - DEBUG -       [After Latent Recursive] 2 tokens unmasked
2025-10-27 10:41:58,761 - GPU-2 - INFO -   [Cycle 4]
2025-10-27 10:41:58,761 - GPU-2 - DEBUG -     [Latent Recursive] Starting 1 steps of latent thinking
2025-10-27 10:41:58,806 - GPU-2 - DEBUG -       [Latent] Step 1/1
2025-10-27 10:41:58,977 - GPU-2 - DEBUG -       [After Latent Recursive] 2 tokens unmasked
2025-10-27 10:41:58,977 - GPU-2 - INFO -   [Cycle 5]
2025-10-27 10:41:58,977 - GPU-2 - DEBUG -     [Latent Recursive] Starting 1 steps of latent thinking
2025-10-27 10:41:59,022 - GPU-2 - DEBUG -       [Latent] Step 1/1
2025-10-27 10:41:59,192 - GPU-2 - DEBUG -       [After Latent Recursive] 2 tokens unmasked
2025-10-27 10:41:59,193 - GPU-2 - INFO -   [Cycle 6]
2025-10-27 10:41:59,193 - GPU-2 - DEBUG -     [Latent Recursive] Starting 1 steps of latent thinking
2025-10-27 10:41:59,237 - GPU-2 - DEBUG -       [Latent] Step 1/1
2025-10-27 10:41:59,408 - GPU-2 - DEBUG -       [After Latent Recursive] 2 tokens unmasked
2025-10-27 10:41:59,408 - GPU-2 - INFO -   [Cycle 7]
2025-10-27 10:41:59,409 - GPU-2 - DEBUG -     [Latent Recursive] Starting 1 steps of latent thinking
2025-10-27 10:41:59,453 - GPU-2 - DEBUG -       [Latent] Step 1/1
2025-10-27 10:41:59,623 - GPU-2 - DEBUG -       [After Latent Recursive] 2 tokens unmasked
2025-10-27 10:41:59,624 - GPU-2 - INFO -   [Cycle 8]
2025-10-27 10:41:59,624 - GPU-2 - DEBUG -     [Latent Recursive] Starting 1 steps of latent thinking
2025-10-27 10:41:59,668 - GPU-2 - DEBUG -       [Latent] Step 1/1
2025-10-27 10:41:59,839 - GPU-2 - DEBUG -       [After Latent Recursive] 2 tokens unmasked
2025-10-27 10:41:59,840 - GPU-2 - INFO -   [Cycle 9]
2025-10-27 10:41:59,840 - GPU-2 - DEBUG -     [Latent Recursive] Starting 1 steps of latent thinking
2025-10-27 10:41:59,884 - GPU-2 - DEBUG -       [Latent] Step 1/1
2025-10-27 10:42:00,055 - GPU-2 - DEBUG -       [After Latent Recursive] 2 tokens unmasked
2025-10-27 10:42:00,055 - GPU-2 - INFO -   [Cycle 10]
2025-10-27 10:42:00,055 - GPU-2 - DEBUG -     [Latent Recursive] Starting 1 steps of latent thinking
2025-10-27 10:42:00,100 - GPU-2 - DEBUG -       [Latent] Step 1/1
2025-10-27 10:42:00,271 - GPU-2 - DEBUG -       [After Latent Recursive] 2 tokens unmasked
2025-10-27 10:42:00,271 - GPU-2 - INFO -   [Cycle 11]
2025-10-27 10:42:00,271 - GPU-2 - DEBUG -     [Latent Recursive] Starting 1 steps of latent thinking
2025-10-27 10:42:00,316 - GPU-2 - DEBUG -       [Latent] Step 1/1
2025-10-27 10:42:00,486 - GPU-2 - DEBUG -       [After Latent Recursive] 2 tokens unmasked
2025-10-27 10:42:00,487 - GPU-2 - INFO -   [Cycle 12]
2025-10-27 10:42:00,487 - GPU-2 - DEBUG -     [Latent Recursive] Starting 1 steps of latent thinking
2025-10-27 10:42:00,531 - GPU-2 - DEBUG -       [Latent] Step 1/1
2025-10-27 10:42:00,702 - GPU-2 - DEBUG -       [After Latent Recursive] 2 tokens unmasked
2025-10-27 10:42:00,702 - GPU-2 - INFO -   [Cycle 13]
2025-10-27 10:42:00,702 - GPU-2 - DEBUG -     [Latent Recursive] Starting 1 steps of latent thinking
2025-10-27 10:42:00,747 - GPU-2 - DEBUG -       [Latent] Step 1/1
2025-10-27 10:42:00,917 - GPU-2 - DEBUG -       [After Latent Recursive] 2 tokens unmasked
2025-10-27 10:42:00,917 - GPU-2 - INFO -   [Cycle 14]
2025-10-27 10:42:00,917 - GPU-2 - DEBUG -     [Latent Recursive] Starting 1 steps of latent thinking
2025-10-27 10:42:00,962 - GPU-2 - DEBUG -       [Latent] Step 1/1
2025-10-27 10:42:01,132 - GPU-2 - DEBUG -       [After Latent Recursive] 2 tokens unmasked
2025-10-27 10:42:01,133 - GPU-2 - INFO -   [Cycle 15]
2025-10-27 10:42:01,133 - GPU-2 - DEBUG -     [Latent Recursive] Starting 1 steps of latent thinking
2025-10-27 10:42:01,177 - GPU-2 - DEBUG -       [Latent] Step 1/1
2025-10-27 10:42:01,348 - GPU-2 - DEBUG -       [After Latent Recursive] 2 tokens unmasked
2025-10-27 10:42:01,348 - GPU-2 - INFO - [Block 4/16] Processing tokens 158-190
2025-10-27 10:42:01,348 - GPU-2 - DEBUG - [Block 3] Before forward: use_cache=True, x.shape=torch.Size([1, 574])
2025-10-27 10:42:01,348 - GPU-2 - DEBUG - [Block 3] Model type: LLaDAModelLM
2025-10-27 10:42:01,348 - GPU-2 - DEBUG - [Block 3] Model config use_cache: True
2025-10-27 10:42:01,371 - GPU-2 - DEBUG - [Block 3] After forward: pkv is None? False
2025-10-27 10:42:01,371 - GPU-2 - DEBUG - [Block 3] out type: CausalLMOutputWithPast
2025-10-27 10:42:01,371 - GPU-2 - DEBUG - [Block 3] pkv type: <class 'list'>, len: 32
2025-10-27 10:42:01,371 - GPU-2 - DEBUG - [Block 3] pkv[0] type: <class 'tuple'>, len: 2
2025-10-27 10:42:01,371 - GPU-2 - DEBUG - [Block 3] pkv[0][0].shape: torch.Size([1, 32, 574, 128])
2025-10-27 10:42:01,458 - GPU-2 - INFO -   [Initial Forward] 2 tokens unmasked
2025-10-27 10:42:01,459 - GPU-2 - INFO -   [Cycle 1]
2025-10-27 10:42:01,459 - GPU-2 - DEBUG -     [Latent Recursive] Starting 1 steps of latent thinking
2025-10-27 10:42:01,504 - GPU-2 - DEBUG -       [Latent] Step 1/1
2025-10-27 10:42:01,673 - GPU-2 - DEBUG -       [After Latent Recursive] 2 tokens unmasked
2025-10-27 10:42:01,674 - GPU-2 - INFO -   [Cycle 2]
2025-10-27 10:42:01,674 - GPU-2 - DEBUG -     [Latent Recursive] Starting 1 steps of latent thinking
2025-10-27 10:42:01,718 - GPU-2 - DEBUG -       [Latent] Step 1/1
2025-10-27 10:42:01,888 - GPU-2 - DEBUG -       [After Latent Recursive] 2 tokens unmasked
2025-10-27 10:42:01,888 - GPU-2 - INFO -   [Cycle 3]
2025-10-27 10:42:01,888 - GPU-2 - DEBUG -     [Latent Recursive] Starting 1 steps of latent thinking
2025-10-27 10:42:01,933 - GPU-2 - DEBUG -       [Latent] Step 1/1
2025-10-27 10:42:02,103 - GPU-2 - DEBUG -       [After Latent Recursive] 2 tokens unmasked
2025-10-27 10:42:02,103 - GPU-2 - INFO -   [Cycle 4]
2025-10-27 10:42:02,103 - GPU-2 - DEBUG -     [Latent Recursive] Starting 1 steps of latent thinking
2025-10-27 10:42:02,148 - GPU-2 - DEBUG -       [Latent] Step 1/1
2025-10-27 10:42:02,319 - GPU-2 - DEBUG -       [After Latent Recursive] 2 tokens unmasked
2025-10-27 10:42:02,319 - GPU-2 - INFO -   [Cycle 5]
2025-10-27 10:42:02,319 - GPU-2 - DEBUG -     [Latent Recursive] Starting 1 steps of latent thinking
2025-10-27 10:42:02,364 - GPU-2 - DEBUG -       [Latent] Step 1/1
2025-10-27 10:42:02,533 - GPU-2 - DEBUG -       [After Latent Recursive] 2 tokens unmasked
2025-10-27 10:42:02,534 - GPU-2 - INFO -   [Cycle 6]
2025-10-27 10:42:02,534 - GPU-2 - DEBUG -     [Latent Recursive] Starting 1 steps of latent thinking
2025-10-27 10:42:02,578 - GPU-2 - DEBUG -       [Latent] Step 1/1
2025-10-27 10:42:02,748 - GPU-2 - DEBUG -       [After Latent Recursive] 2 tokens unmasked
2025-10-27 10:42:02,748 - GPU-2 - INFO -   [Cycle 7]
2025-10-27 10:42:02,748 - GPU-2 - DEBUG -     [Latent Recursive] Starting 1 steps of latent thinking
2025-10-27 10:42:02,793 - GPU-2 - DEBUG -       [Latent] Step 1/1
2025-10-27 10:42:02,962 - GPU-2 - DEBUG -       [After Latent Recursive] 2 tokens unmasked
2025-10-27 10:42:02,963 - GPU-2 - INFO -   [Cycle 8]
2025-10-27 10:42:02,963 - GPU-2 - DEBUG -     [Latent Recursive] Starting 1 steps of latent thinking
2025-10-27 10:42:03,007 - GPU-2 - DEBUG -       [Latent] Step 1/1
2025-10-27 10:42:03,177 - GPU-2 - DEBUG -       [After Latent Recursive] 2 tokens unmasked
2025-10-27 10:42:03,177 - GPU-2 - INFO -   [Cycle 9]
2025-10-27 10:42:03,178 - GPU-2 - DEBUG -     [Latent Recursive] Starting 1 steps of latent thinking
2025-10-27 10:42:03,222 - GPU-2 - DEBUG -       [Latent] Step 1/1
2025-10-27 10:42:03,391 - GPU-2 - DEBUG -       [After Latent Recursive] 2 tokens unmasked
2025-10-27 10:42:03,392 - GPU-2 - INFO -   [Cycle 10]
2025-10-27 10:42:03,392 - GPU-2 - DEBUG -     [Latent Recursive] Starting 1 steps of latent thinking
2025-10-27 10:42:03,437 - GPU-2 - DEBUG -       [Latent] Step 1/1
2025-10-27 10:42:03,606 - GPU-2 - DEBUG -       [After Latent Recursive] 2 tokens unmasked
2025-10-27 10:42:03,607 - GPU-2 - INFO -   [Cycle 11]
2025-10-27 10:42:03,607 - GPU-2 - DEBUG -     [Latent Recursive] Starting 1 steps of latent thinking
2025-10-27 10:42:03,651 - GPU-2 - DEBUG -       [Latent] Step 1/1
2025-10-27 10:42:03,821 - GPU-2 - DEBUG -       [After Latent Recursive] 2 tokens unmasked
2025-10-27 10:42:03,821 - GPU-2 - INFO -   [Cycle 12]
2025-10-27 10:42:03,821 - GPU-2 - DEBUG -     [Latent Recursive] Starting 1 steps of latent thinking
2025-10-27 10:42:03,866 - GPU-2 - DEBUG -       [Latent] Step 1/1
2025-10-27 10:42:04,035 - GPU-2 - DEBUG -       [After Latent Recursive] 2 tokens unmasked
2025-10-27 10:42:04,036 - GPU-2 - INFO -   [Cycle 13]
2025-10-27 10:42:04,036 - GPU-2 - DEBUG -     [Latent Recursive] Starting 1 steps of latent thinking
2025-10-27 10:42:04,081 - GPU-2 - DEBUG -       [Latent] Step 1/1
2025-10-27 10:42:04,250 - GPU-2 - DEBUG -       [After Latent Recursive] 2 tokens unmasked
2025-10-27 10:42:04,250 - GPU-2 - INFO -   [Cycle 14]
2025-10-27 10:42:04,251 - GPU-2 - DEBUG -     [Latent Recursive] Starting 1 steps of latent thinking
2025-10-27 10:42:04,295 - GPU-2 - DEBUG -       [Latent] Step 1/1
2025-10-27 10:42:04,465 - GPU-2 - DEBUG -       [After Latent Recursive] 2 tokens unmasked
2025-10-27 10:42:04,465 - GPU-2 - INFO -   [Cycle 15]
2025-10-27 10:42:04,465 - GPU-2 - DEBUG -     [Latent Recursive] Starting 1 steps of latent thinking
2025-10-27 10:42:04,510 - GPU-2 - DEBUG -       [Latent] Step 1/1
2025-10-27 10:42:04,679 - GPU-2 - DEBUG -       [After Latent Recursive] 2 tokens unmasked
2025-10-27 10:42:04,680 - GPU-2 - INFO - [Block 5/16] Processing tokens 190-222
2025-10-27 10:42:04,680 - GPU-2 - DEBUG - [Block 4] Before forward: use_cache=True, x.shape=torch.Size([1, 574])
2025-10-27 10:42:04,680 - GPU-2 - DEBUG - [Block 4] Model type: LLaDAModelLM
2025-10-27 10:42:04,680 - GPU-2 - DEBUG - [Block 4] Model config use_cache: True
2025-10-27 10:42:04,702 - GPU-2 - DEBUG - [Block 4] After forward: pkv is None? False
2025-10-27 10:42:04,702 - GPU-2 - DEBUG - [Block 4] out type: CausalLMOutputWithPast
2025-10-27 10:42:04,703 - GPU-2 - DEBUG - [Block 4] pkv type: <class 'list'>, len: 32
2025-10-27 10:42:04,703 - GPU-2 - DEBUG - [Block 4] pkv[0] type: <class 'tuple'>, len: 2
2025-10-27 10:42:04,703 - GPU-2 - DEBUG - [Block 4] pkv[0][0].shape: torch.Size([1, 32, 574, 128])
2025-10-27 10:42:04,790 - GPU-2 - INFO -   [Initial Forward] 2 tokens unmasked
2025-10-27 10:42:04,791 - GPU-2 - INFO -   [Cycle 1]
2025-10-27 10:42:04,791 - GPU-2 - DEBUG -     [Latent Recursive] Starting 1 steps of latent thinking
2025-10-27 10:42:04,836 - GPU-2 - DEBUG -       [Latent] Step 1/1
2025-10-27 10:42:05,003 - GPU-2 - DEBUG -       [After Latent Recursive] 2 tokens unmasked
2025-10-27 10:42:05,003 - GPU-2 - INFO -   [Cycle 2]
2025-10-27 10:42:05,003 - GPU-2 - DEBUG -     [Latent Recursive] Starting 1 steps of latent thinking
2025-10-27 10:42:05,048 - GPU-2 - DEBUG -       [Latent] Step 1/1
2025-10-27 10:42:05,215 - GPU-2 - DEBUG -       [After Latent Recursive] 2 tokens unmasked
2025-10-27 10:42:05,216 - GPU-2 - INFO -   [Cycle 3]
2025-10-27 10:42:05,216 - GPU-2 - DEBUG -     [Latent Recursive] Starting 1 steps of latent thinking
2025-10-27 10:42:05,261 - GPU-2 - DEBUG -       [Latent] Step 1/1
2025-10-27 10:42:05,428 - GPU-2 - DEBUG -       [After Latent Recursive] 2 tokens unmasked
2025-10-27 10:42:05,429 - GPU-2 - INFO -   [Cycle 4]
2025-10-27 10:42:05,429 - GPU-2 - DEBUG -     [Latent Recursive] Starting 1 steps of latent thinking
2025-10-27 10:42:05,474 - GPU-2 - DEBUG -       [Latent] Step 1/1
2025-10-27 10:42:05,642 - GPU-2 - DEBUG -       [After Latent Recursive] 2 tokens unmasked
2025-10-27 10:42:05,642 - GPU-2 - INFO -   [Cycle 5]
2025-10-27 10:42:05,642 - GPU-2 - DEBUG -     [Latent Recursive] Starting 1 steps of latent thinking
2025-10-27 10:42:05,687 - GPU-2 - DEBUG -       [Latent] Step 1/1
2025-10-27 10:42:05,854 - GPU-2 - DEBUG -       [After Latent Recursive] 2 tokens unmasked
2025-10-27 10:42:05,854 - GPU-2 - INFO -   [Cycle 6]
2025-10-27 10:42:05,854 - GPU-2 - DEBUG -     [Latent Recursive] Starting 1 steps of latent thinking
2025-10-27 10:42:05,899 - GPU-2 - DEBUG -       [Latent] Step 1/1
2025-10-27 10:42:06,067 - GPU-2 - DEBUG -       [After Latent Recursive] 2 tokens unmasked
2025-10-27 10:42:06,068 - GPU-2 - INFO -   [Cycle 7]
2025-10-27 10:42:06,068 - GPU-2 - DEBUG -     [Latent Recursive] Starting 1 steps of latent thinking
2025-10-27 10:42:06,113 - GPU-2 - DEBUG -       [Latent] Step 1/1
2025-10-27 10:42:06,280 - GPU-2 - DEBUG -       [After Latent Recursive] 2 tokens unmasked
2025-10-27 10:42:06,281 - GPU-2 - INFO -   [Cycle 8]
2025-10-27 10:42:06,281 - GPU-2 - DEBUG -     [Latent Recursive] Starting 1 steps of latent thinking
2025-10-27 10:42:06,326 - GPU-2 - DEBUG -       [Latent] Step 1/1
2025-10-27 10:42:06,494 - GPU-2 - DEBUG -       [After Latent Recursive] 2 tokens unmasked
2025-10-27 10:42:06,495 - GPU-2 - INFO -   [Cycle 9]
2025-10-27 10:42:06,495 - GPU-2 - DEBUG -     [Latent Recursive] Starting 1 steps of latent thinking
2025-10-27 10:42:06,539 - GPU-2 - DEBUG -       [Latent] Step 1/1
2025-10-27 10:42:06,707 - GPU-2 - DEBUG -       [After Latent Recursive] 2 tokens unmasked
2025-10-27 10:42:06,707 - GPU-2 - INFO -   [Cycle 10]
2025-10-27 10:42:06,707 - GPU-2 - DEBUG -     [Latent Recursive] Starting 1 steps of latent thinking
2025-10-27 10:42:06,752 - GPU-2 - DEBUG -       [Latent] Step 1/1
2025-10-27 10:42:06,920 - GPU-2 - DEBUG -       [After Latent Recursive] 2 tokens unmasked
2025-10-27 10:42:06,920 - GPU-2 - INFO -   [Cycle 11]
2025-10-27 10:42:06,921 - GPU-2 - DEBUG -     [Latent Recursive] Starting 1 steps of latent thinking
2025-10-27 10:42:06,966 - GPU-2 - DEBUG -       [Latent] Step 1/1
2025-10-27 10:42:07,133 - GPU-2 - DEBUG -       [After Latent Recursive] 2 tokens unmasked
2025-10-27 10:42:07,133 - GPU-2 - INFO -   [Cycle 12]
2025-10-27 10:42:07,133 - GPU-2 - DEBUG -     [Latent Recursive] Starting 1 steps of latent thinking
2025-10-27 10:42:07,178 - GPU-2 - DEBUG -       [Latent] Step 1/1
2025-10-27 10:42:07,346 - GPU-2 - DEBUG -       [After Latent Recursive] 2 tokens unmasked
2025-10-27 10:42:07,346 - GPU-2 - INFO -   [Cycle 13]
2025-10-27 10:42:07,346 - GPU-2 - DEBUG -     [Latent Recursive] Starting 1 steps of latent thinking
2025-10-27 10:42:07,391 - GPU-2 - DEBUG -       [Latent] Step 1/1
2025-10-27 10:42:07,558 - GPU-2 - DEBUG -       [After Latent Recursive] 2 tokens unmasked
2025-10-27 10:42:07,559 - GPU-2 - INFO -   [Cycle 14]
2025-10-27 10:42:07,559 - GPU-2 - DEBUG -     [Latent Recursive] Starting 1 steps of latent thinking
2025-10-27 10:42:07,604 - GPU-2 - DEBUG -       [Latent] Step 1/1
2025-10-27 10:42:07,771 - GPU-2 - DEBUG -       [After Latent Recursive] 2 tokens unmasked
2025-10-27 10:42:07,772 - GPU-2 - INFO -   [Cycle 15]
2025-10-27 10:42:07,772 - GPU-2 - DEBUG -     [Latent Recursive] Starting 1 steps of latent thinking
2025-10-27 10:42:07,817 - GPU-2 - DEBUG -       [Latent] Step 1/1
2025-10-27 10:42:07,984 - GPU-2 - DEBUG -       [After Latent Recursive] 2 tokens unmasked
2025-10-27 10:42:07,985 - GPU-2 - INFO - [Block 6/16] Processing tokens 222-254
2025-10-27 10:42:07,985 - GPU-2 - DEBUG - [Block 5] Before forward: use_cache=True, x.shape=torch.Size([1, 574])
2025-10-27 10:42:07,985 - GPU-2 - DEBUG - [Block 5] Model type: LLaDAModelLM
2025-10-27 10:42:07,985 - GPU-2 - DEBUG - [Block 5] Model config use_cache: True
2025-10-27 10:42:08,008 - GPU-2 - DEBUG - [Block 5] After forward: pkv is None? False
2025-10-27 10:42:08,008 - GPU-2 - DEBUG - [Block 5] out type: CausalLMOutputWithPast
2025-10-27 10:42:08,008 - GPU-2 - DEBUG - [Block 5] pkv type: <class 'list'>, len: 32
2025-10-27 10:42:08,008 - GPU-2 - DEBUG - [Block 5] pkv[0] type: <class 'tuple'>, len: 2
2025-10-27 10:42:08,008 - GPU-2 - DEBUG - [Block 5] pkv[0][0].shape: torch.Size([1, 32, 574, 128])
2025-10-27 10:42:08,096 - GPU-2 - INFO -   [Initial Forward] 2 tokens unmasked
2025-10-27 10:42:08,096 - GPU-2 - INFO -   [Cycle 1]
2025-10-27 10:42:08,096 - GPU-2 - DEBUG -     [Latent Recursive] Starting 1 steps of latent thinking
2025-10-27 10:42:08,141 - GPU-2 - DEBUG -       [Latent] Step 1/1
2025-10-27 10:42:08,307 - GPU-2 - DEBUG -       [After Latent Recursive] 2 tokens unmasked
2025-10-27 10:42:08,308 - GPU-2 - INFO -   [Cycle 2]
2025-10-27 10:42:08,308 - GPU-2 - DEBUG -     [Latent Recursive] Starting 1 steps of latent thinking
2025-10-27 10:42:08,353 - GPU-2 - DEBUG -       [Latent] Step 1/1
2025-10-27 10:42:08,519 - GPU-2 - DEBUG -       [After Latent Recursive] 2 tokens unmasked
2025-10-27 10:42:08,520 - GPU-2 - INFO -   [Cycle 3]
2025-10-27 10:42:08,520 - GPU-2 - DEBUG -     [Latent Recursive] Starting 1 steps of latent thinking
2025-10-27 10:42:08,565 - GPU-2 - DEBUG -       [Latent] Step 1/1
2025-10-27 10:42:08,731 - GPU-2 - DEBUG -       [After Latent Recursive] 2 tokens unmasked
2025-10-27 10:42:08,732 - GPU-2 - INFO -   [Cycle 4]
2025-10-27 10:42:08,732 - GPU-2 - DEBUG -     [Latent Recursive] Starting 1 steps of latent thinking
2025-10-27 10:42:08,777 - GPU-2 - DEBUG -       [Latent] Step 1/1
2025-10-27 10:42:08,943 - GPU-2 - DEBUG -       [After Latent Recursive] 2 tokens unmasked
2025-10-27 10:42:08,944 - GPU-2 - INFO -   [Cycle 5]
2025-10-27 10:42:08,944 - GPU-2 - DEBUG -     [Latent Recursive] Starting 1 steps of latent thinking
2025-10-27 10:42:08,989 - GPU-2 - DEBUG -       [Latent] Step 1/1
2025-10-27 10:42:09,155 - GPU-2 - DEBUG -       [After Latent Recursive] 2 tokens unmasked
2025-10-27 10:42:09,156 - GPU-2 - INFO -   [Cycle 6]
2025-10-27 10:42:09,156 - GPU-2 - DEBUG -     [Latent Recursive] Starting 1 steps of latent thinking
2025-10-27 10:42:09,201 - GPU-2 - DEBUG -       [Latent] Step 1/1
2025-10-27 10:42:09,367 - GPU-2 - DEBUG -       [After Latent Recursive] 2 tokens unmasked
2025-10-27 10:42:09,368 - GPU-2 - INFO -   [Cycle 7]
2025-10-27 10:42:09,368 - GPU-2 - DEBUG -     [Latent Recursive] Starting 1 steps of latent thinking
2025-10-27 10:42:09,413 - GPU-2 - DEBUG -       [Latent] Step 1/1
2025-10-27 10:42:09,579 - GPU-2 - DEBUG -       [After Latent Recursive] 2 tokens unmasked
2025-10-27 10:42:09,580 - GPU-2 - INFO -   [Cycle 8]
2025-10-27 10:42:09,580 - GPU-2 - DEBUG -     [Latent Recursive] Starting 1 steps of latent thinking
2025-10-27 10:42:09,625 - GPU-2 - DEBUG -       [Latent] Step 1/1
2025-10-27 10:42:09,791 - GPU-2 - DEBUG -       [After Latent Recursive] 2 tokens unmasked
2025-10-27 10:42:09,792 - GPU-2 - INFO -   [Cycle 9]
2025-10-27 10:42:09,792 - GPU-2 - DEBUG -     [Latent Recursive] Starting 1 steps of latent thinking
2025-10-27 10:42:09,837 - GPU-2 - DEBUG -       [Latent] Step 1/1
2025-10-27 10:42:10,003 - GPU-2 - DEBUG -       [After Latent Recursive] 2 tokens unmasked
2025-10-27 10:42:10,004 - GPU-2 - INFO -   [Cycle 10]
2025-10-27 10:42:10,004 - GPU-2 - DEBUG -     [Latent Recursive] Starting 1 steps of latent thinking
2025-10-27 10:42:10,049 - GPU-2 - DEBUG -       [Latent] Step 1/1
2025-10-27 10:42:10,216 - GPU-2 - DEBUG -       [After Latent Recursive] 2 tokens unmasked
2025-10-27 10:42:10,216 - GPU-2 - INFO -   [Cycle 11]
2025-10-27 10:42:10,216 - GPU-2 - DEBUG -     [Latent Recursive] Starting 1 steps of latent thinking
2025-10-27 10:42:10,261 - GPU-2 - DEBUG -       [Latent] Step 1/1
2025-10-27 10:42:10,427 - GPU-2 - DEBUG -       [After Latent Recursive] 2 tokens unmasked
2025-10-27 10:42:10,428 - GPU-2 - INFO -   [Cycle 12]
2025-10-27 10:42:10,428 - GPU-2 - DEBUG -     [Latent Recursive] Starting 1 steps of latent thinking
2025-10-27 10:42:10,472 - GPU-2 - DEBUG -       [Latent] Step 1/1
2025-10-27 10:42:10,639 - GPU-2 - DEBUG -       [After Latent Recursive] 2 tokens unmasked
2025-10-27 10:42:10,640 - GPU-2 - INFO -   [Cycle 13]
2025-10-27 10:42:10,640 - GPU-2 - DEBUG -     [Latent Recursive] Starting 1 steps of latent thinking
2025-10-27 10:42:10,684 - GPU-2 - DEBUG -       [Latent] Step 1/1
2025-10-27 10:42:10,851 - GPU-2 - DEBUG -       [After Latent Recursive] 2 tokens unmasked
2025-10-27 10:42:10,851 - GPU-2 - INFO -   [Cycle 14]
2025-10-27 10:42:10,851 - GPU-2 - DEBUG -     [Latent Recursive] Starting 1 steps of latent thinking
2025-10-27 10:42:10,896 - GPU-2 - DEBUG -       [Latent] Step 1/1
2025-10-27 10:42:11,063 - GPU-2 - DEBUG -       [After Latent Recursive] 2 tokens unmasked
2025-10-27 10:42:11,063 - GPU-2 - INFO -   [Cycle 15]
2025-10-27 10:42:11,063 - GPU-2 - DEBUG -     [Latent Recursive] Starting 1 steps of latent thinking
2025-10-27 10:42:11,108 - GPU-2 - DEBUG -       [Latent] Step 1/1
2025-10-27 10:42:11,274 - GPU-2 - DEBUG -       [After Latent Recursive] 2 tokens unmasked
2025-10-27 10:42:11,275 - GPU-2 - INFO - [Block 7/16] Processing tokens 254-286
2025-10-27 10:42:11,275 - GPU-2 - DEBUG - [Block 6] Before forward: use_cache=True, x.shape=torch.Size([1, 574])
2025-10-27 10:42:11,275 - GPU-2 - DEBUG - [Block 6] Model type: LLaDAModelLM
2025-10-27 10:42:11,275 - GPU-2 - DEBUG - [Block 6] Model config use_cache: True
2025-10-27 10:42:11,297 - GPU-2 - DEBUG - [Block 6] After forward: pkv is None? False
2025-10-27 10:42:11,297 - GPU-2 - DEBUG - [Block 6] out type: CausalLMOutputWithPast
2025-10-27 10:42:11,298 - GPU-2 - DEBUG - [Block 6] pkv type: <class 'list'>, len: 32
2025-10-27 10:42:11,298 - GPU-2 - DEBUG - [Block 6] pkv[0] type: <class 'tuple'>, len: 2
2025-10-27 10:42:11,298 - GPU-2 - DEBUG - [Block 6] pkv[0][0].shape: torch.Size([1, 32, 574, 128])
2025-10-27 10:42:11,385 - GPU-2 - INFO -   [Initial Forward] 2 tokens unmasked
2025-10-27 10:42:11,386 - GPU-2 - INFO -   [Cycle 1]
2025-10-27 10:42:11,386 - GPU-2 - DEBUG -     [Latent Recursive] Starting 1 steps of latent thinking
2025-10-27 10:42:11,431 - GPU-2 - DEBUG -       [Latent] Step 1/1
2025-10-27 10:42:11,596 - GPU-2 - DEBUG -       [After Latent Recursive] 2 tokens unmasked
2025-10-27 10:42:11,597 - GPU-2 - INFO -   [Cycle 2]
2025-10-27 10:42:11,597 - GPU-2 - DEBUG -     [Latent Recursive] Starting 1 steps of latent thinking
2025-10-27 10:42:11,642 - GPU-2 - DEBUG -       [Latent] Step 1/1
2025-10-27 10:42:11,807 - GPU-2 - DEBUG -       [After Latent Recursive] 2 tokens unmasked
2025-10-27 10:42:11,808 - GPU-2 - INFO -   [Cycle 3]
2025-10-27 10:42:11,808 - GPU-2 - DEBUG -     [Latent Recursive] Starting 1 steps of latent thinking
2025-10-27 10:42:11,853 - GPU-2 - DEBUG -       [Latent] Step 1/1
2025-10-27 10:42:12,019 - GPU-2 - DEBUG -       [After Latent Recursive] 2 tokens unmasked
2025-10-27 10:42:12,019 - GPU-2 - INFO -   [Cycle 4]
2025-10-27 10:42:12,019 - GPU-2 - DEBUG -     [Latent Recursive] Starting 1 steps of latent thinking
2025-10-27 10:42:12,064 - GPU-2 - DEBUG -       [Latent] Step 1/1
2025-10-27 10:42:12,230 - GPU-2 - DEBUG -       [After Latent Recursive] 2 tokens unmasked
2025-10-27 10:42:12,230 - GPU-2 - INFO -   [Cycle 5]
2025-10-27 10:42:12,230 - GPU-2 - DEBUG -     [Latent Recursive] Starting 1 steps of latent thinking
2025-10-27 10:42:12,275 - GPU-2 - DEBUG -       [Latent] Step 1/1
2025-10-27 10:42:12,441 - GPU-2 - DEBUG -       [After Latent Recursive] 2 tokens unmasked
2025-10-27 10:42:12,441 - GPU-2 - INFO -   [Cycle 6]
2025-10-27 10:42:12,441 - GPU-2 - DEBUG -     [Latent Recursive] Starting 1 steps of latent thinking
2025-10-27 10:42:12,486 - GPU-2 - DEBUG -       [Latent] Step 1/1
2025-10-27 10:42:12,652 - GPU-2 - DEBUG -       [After Latent Recursive] 2 tokens unmasked
2025-10-27 10:42:12,652 - GPU-2 - INFO -   [Cycle 7]
2025-10-27 10:42:12,652 - GPU-2 - DEBUG -     [Latent Recursive] Starting 1 steps of latent thinking
2025-10-27 10:42:12,697 - GPU-2 - DEBUG -       [Latent] Step 1/1
2025-10-27 10:42:12,863 - GPU-2 - DEBUG -       [After Latent Recursive] 2 tokens unmasked
2025-10-27 10:42:12,863 - GPU-2 - INFO -   [Cycle 8]
2025-10-27 10:42:12,863 - GPU-2 - DEBUG -     [Latent Recursive] Starting 1 steps of latent thinking
2025-10-27 10:42:12,908 - GPU-2 - DEBUG -       [Latent] Step 1/1
2025-10-27 10:42:13,074 - GPU-2 - DEBUG -       [After Latent Recursive] 2 tokens unmasked
2025-10-27 10:42:13,075 - GPU-2 - INFO -   [Cycle 9]
2025-10-27 10:42:13,075 - GPU-2 - DEBUG -     [Latent Recursive] Starting 1 steps of latent thinking
2025-10-27 10:42:13,120 - GPU-2 - DEBUG -       [Latent] Step 1/1
2025-10-27 10:42:13,286 - GPU-2 - DEBUG -       [After Latent Recursive] 2 tokens unmasked
2025-10-27 10:42:13,286 - GPU-2 - INFO -   [Cycle 10]
2025-10-27 10:42:13,287 - GPU-2 - DEBUG -     [Latent Recursive] Starting 1 steps of latent thinking
2025-10-27 10:42:13,331 - GPU-2 - DEBUG -       [Latent] Step 1/1
2025-10-27 10:42:13,498 - GPU-2 - DEBUG -       [After Latent Recursive] 2 tokens unmasked
2025-10-27 10:42:13,498 - GPU-2 - INFO -   [Cycle 11]
2025-10-27 10:42:13,498 - GPU-2 - DEBUG -     [Latent Recursive] Starting 1 steps of latent thinking
2025-10-27 10:42:13,543 - GPU-2 - DEBUG -       [Latent] Step 1/1
2025-10-27 10:42:13,709 - GPU-2 - DEBUG -       [After Latent Recursive] 2 tokens unmasked
2025-10-27 10:42:13,710 - GPU-2 - INFO -   [Cycle 12]
2025-10-27 10:42:13,710 - GPU-2 - DEBUG -     [Latent Recursive] Starting 1 steps of latent thinking
2025-10-27 10:42:13,754 - GPU-2 - DEBUG -       [Latent] Step 1/1
2025-10-27 10:42:13,921 - GPU-2 - DEBUG -       [After Latent Recursive] 2 tokens unmasked
2025-10-27 10:42:13,921 - GPU-2 - INFO -   [Cycle 13]
2025-10-27 10:42:13,921 - GPU-2 - DEBUG -     [Latent Recursive] Starting 1 steps of latent thinking
2025-10-27 10:42:13,966 - GPU-2 - DEBUG -       [Latent] Step 1/1
2025-10-27 10:42:14,132 - GPU-2 - DEBUG -       [After Latent Recursive] 2 tokens unmasked
2025-10-27 10:42:14,132 - GPU-2 - INFO -   [Cycle 14]
2025-10-27 10:42:14,132 - GPU-2 - DEBUG -     [Latent Recursive] Starting 1 steps of latent thinking
2025-10-27 10:42:14,177 - GPU-2 - DEBUG -       [Latent] Step 1/1
2025-10-27 10:42:14,343 - GPU-2 - DEBUG -       [After Latent Recursive] 2 tokens unmasked
2025-10-27 10:42:14,343 - GPU-2 - INFO -   [Cycle 15]
2025-10-27 10:42:14,343 - GPU-2 - DEBUG -     [Latent Recursive] Starting 1 steps of latent thinking
2025-10-27 10:42:14,388 - GPU-2 - DEBUG -       [Latent] Step 1/1
2025-10-27 10:42:14,554 - GPU-2 - DEBUG -       [After Latent Recursive] 2 tokens unmasked
2025-10-27 10:42:14,554 - GPU-2 - INFO - [Block 8/16] Processing tokens 286-318
2025-10-27 10:42:14,555 - GPU-2 - DEBUG - [Block 7] Before forward: use_cache=True, x.shape=torch.Size([1, 574])
2025-10-27 10:42:14,555 - GPU-2 - DEBUG - [Block 7] Model type: LLaDAModelLM
2025-10-27 10:42:14,555 - GPU-2 - DEBUG - [Block 7] Model config use_cache: True
2025-10-27 10:42:14,577 - GPU-2 - DEBUG - [Block 7] After forward: pkv is None? False
2025-10-27 10:42:14,577 - GPU-2 - DEBUG - [Block 7] out type: CausalLMOutputWithPast
2025-10-27 10:42:14,577 - GPU-2 - DEBUG - [Block 7] pkv type: <class 'list'>, len: 32
2025-10-27 10:42:14,577 - GPU-2 - DEBUG - [Block 7] pkv[0] type: <class 'tuple'>, len: 2
2025-10-27 10:42:14,577 - GPU-2 - DEBUG - [Block 7] pkv[0][0].shape: torch.Size([1, 32, 574, 128])
2025-10-27 10:42:14,665 - GPU-2 - INFO -   [Initial Forward] 2 tokens unmasked
2025-10-27 10:42:14,665 - GPU-2 - INFO -   [Cycle 1]
2025-10-27 10:42:14,666 - GPU-2 - DEBUG -     [Latent Recursive] Starting 1 steps of latent thinking
2025-10-27 10:42:14,710 - GPU-2 - DEBUG -       [Latent] Step 1/1
2025-10-27 10:42:14,874 - GPU-2 - DEBUG -       [After Latent Recursive] 2 tokens unmasked
2025-10-27 10:42:14,874 - GPU-2 - INFO -   [Cycle 2]
2025-10-27 10:42:14,875 - GPU-2 - DEBUG -     [Latent Recursive] Starting 1 steps of latent thinking
2025-10-27 10:42:14,920 - GPU-2 - DEBUG -       [Latent] Step 1/1
2025-10-27 10:42:15,083 - GPU-2 - DEBUG -       [After Latent Recursive] 2 tokens unmasked
2025-10-27 10:42:15,083 - GPU-2 - INFO -   [Cycle 3]
2025-10-27 10:42:15,084 - GPU-2 - DEBUG -     [Latent Recursive] Starting 1 steps of latent thinking
2025-10-27 10:42:15,129 - GPU-2 - DEBUG -       [Latent] Step 1/1
2025-10-27 10:42:15,293 - GPU-2 - DEBUG -       [After Latent Recursive] 2 tokens unmasked
2025-10-27 10:42:15,293 - GPU-2 - INFO -   [Cycle 4]
2025-10-27 10:42:15,293 - GPU-2 - DEBUG -     [Latent Recursive] Starting 1 steps of latent thinking
2025-10-27 10:42:15,338 - GPU-2 - DEBUG -       [Latent] Step 1/1
2025-10-27 10:42:15,501 - GPU-2 - DEBUG -       [After Latent Recursive] 2 tokens unmasked
2025-10-27 10:42:15,502 - GPU-2 - INFO -   [Cycle 5]
2025-10-27 10:42:15,502 - GPU-2 - DEBUG -     [Latent Recursive] Starting 1 steps of latent thinking
2025-10-27 10:42:15,546 - GPU-2 - DEBUG -       [Latent] Step 1/1
2025-10-27 10:42:15,710 - GPU-2 - DEBUG -       [After Latent Recursive] 2 tokens unmasked
2025-10-27 10:42:15,710 - GPU-2 - INFO -   [Cycle 6]
2025-10-27 10:42:15,711 - GPU-2 - DEBUG -     [Latent Recursive] Starting 1 steps of latent thinking
2025-10-27 10:42:15,755 - GPU-2 - DEBUG -       [Latent] Step 1/1
2025-10-27 10:42:15,919 - GPU-2 - DEBUG -       [After Latent Recursive] 2 tokens unmasked
2025-10-27 10:42:15,920 - GPU-2 - INFO -   [Cycle 7]
2025-10-27 10:42:15,920 - GPU-2 - DEBUG -     [Latent Recursive] Starting 1 steps of latent thinking
2025-10-27 10:42:15,964 - GPU-2 - DEBUG -       [Latent] Step 1/1
2025-10-27 10:42:16,129 - GPU-2 - DEBUG -       [After Latent Recursive] 2 tokens unmasked
2025-10-27 10:42:16,129 - GPU-2 - INFO -   [Cycle 8]
2025-10-27 10:42:16,129 - GPU-2 - DEBUG -     [Latent Recursive] Starting 1 steps of latent thinking
2025-10-27 10:42:16,174 - GPU-2 - DEBUG -       [Latent] Step 1/1
2025-10-27 10:42:16,338 - GPU-2 - DEBUG -       [After Latent Recursive] 2 tokens unmasked
2025-10-27 10:42:16,338 - GPU-2 - INFO -   [Cycle 9]
2025-10-27 10:42:16,338 - GPU-2 - DEBUG -     [Latent Recursive] Starting 1 steps of latent thinking
2025-10-27 10:42:16,383 - GPU-2 - DEBUG -       [Latent] Step 1/1
2025-10-27 10:42:16,547 - GPU-2 - DEBUG -       [After Latent Recursive] 2 tokens unmasked
2025-10-27 10:42:16,547 - GPU-2 - INFO -   [Cycle 10]
2025-10-27 10:42:16,547 - GPU-2 - DEBUG -     [Latent Recursive] Starting 1 steps of latent thinking
2025-10-27 10:42:16,592 - GPU-2 - DEBUG -       [Latent] Step 1/1
2025-10-27 10:42:16,756 - GPU-2 - DEBUG -       [After Latent Recursive] 2 tokens unmasked
2025-10-27 10:42:16,757 - GPU-2 - INFO -   [Cycle 11]
2025-10-27 10:42:16,757 - GPU-2 - DEBUG -     [Latent Recursive] Starting 1 steps of latent thinking
2025-10-27 10:42:16,801 - GPU-2 - DEBUG -       [Latent] Step 1/1
2025-10-27 10:42:16,965 - GPU-2 - DEBUG -       [After Latent Recursive] 2 tokens unmasked
2025-10-27 10:42:16,966 - GPU-2 - INFO -   [Cycle 12]
2025-10-27 10:42:16,966 - GPU-2 - DEBUG -     [Latent Recursive] Starting 1 steps of latent thinking
2025-10-27 10:42:17,010 - GPU-2 - DEBUG -       [Latent] Step 1/1
2025-10-27 10:42:17,175 - GPU-2 - DEBUG -       [After Latent Recursive] 2 tokens unmasked
2025-10-27 10:42:17,175 - GPU-2 - INFO -   [Cycle 13]
2025-10-27 10:42:17,175 - GPU-2 - DEBUG -     [Latent Recursive] Starting 1 steps of latent thinking
2025-10-27 10:42:17,220 - GPU-2 - DEBUG -       [Latent] Step 1/1
2025-10-27 10:42:17,386 - GPU-2 - DEBUG -       [After Latent Recursive] 2 tokens unmasked
2025-10-27 10:42:17,386 - GPU-2 - INFO -   [Cycle 14]
2025-10-27 10:42:17,386 - GPU-2 - DEBUG -     [Latent Recursive] Starting 1 steps of latent thinking
2025-10-27 10:42:17,431 - GPU-2 - DEBUG -       [Latent] Step 1/1
2025-10-27 10:42:17,599 - GPU-2 - DEBUG -       [After Latent Recursive] 2 tokens unmasked
2025-10-27 10:42:17,599 - GPU-2 - INFO -   [Cycle 15]
2025-10-27 10:42:17,599 - GPU-2 - DEBUG -     [Latent Recursive] Starting 1 steps of latent thinking
2025-10-27 10:42:17,644 - GPU-2 - DEBUG -       [Latent] Step 1/1
2025-10-27 10:42:17,809 - GPU-2 - DEBUG -       [After Latent Recursive] 2 tokens unmasked
2025-10-27 10:42:17,810 - GPU-2 - INFO - [Block 9/16] Processing tokens 318-350
2025-10-27 10:42:17,810 - GPU-2 - DEBUG - [Block 8] Before forward: use_cache=True, x.shape=torch.Size([1, 574])
2025-10-27 10:42:17,810 - GPU-2 - DEBUG - [Block 8] Model type: LLaDAModelLM
2025-10-27 10:42:17,810 - GPU-2 - DEBUG - [Block 8] Model config use_cache: True
2025-10-27 10:42:17,832 - GPU-2 - DEBUG - [Block 8] After forward: pkv is None? False
2025-10-27 10:42:17,833 - GPU-2 - DEBUG - [Block 8] out type: CausalLMOutputWithPast
2025-10-27 10:42:17,833 - GPU-2 - DEBUG - [Block 8] pkv type: <class 'list'>, len: 32
2025-10-27 10:42:17,833 - GPU-2 - DEBUG - [Block 8] pkv[0] type: <class 'tuple'>, len: 2
2025-10-27 10:42:17,833 - GPU-2 - DEBUG - [Block 8] pkv[0][0].shape: torch.Size([1, 32, 574, 128])
2025-10-27 10:42:17,921 - GPU-2 - INFO -   [Initial Forward] 2 tokens unmasked
2025-10-27 10:42:17,921 - GPU-2 - INFO -   [Cycle 1]
2025-10-27 10:42:17,921 - GPU-2 - DEBUG -     [Latent Recursive] Starting 1 steps of latent thinking
2025-10-27 10:42:17,966 - GPU-2 - DEBUG -       [Latent] Step 1/1
2025-10-27 10:42:18,132 - GPU-2 - DEBUG -       [After Latent Recursive] 2 tokens unmasked
2025-10-27 10:42:18,133 - GPU-2 - INFO -   [Cycle 2]
2025-10-27 10:42:18,133 - GPU-2 - DEBUG -     [Latent Recursive] Starting 1 steps of latent thinking
2025-10-27 10:42:18,178 - GPU-2 - DEBUG -       [Latent] Step 1/1
2025-10-27 10:42:18,343 - GPU-2 - DEBUG -       [After Latent Recursive] 2 tokens unmasked
2025-10-27 10:42:18,344 - GPU-2 - INFO -   [Cycle 3]
2025-10-27 10:42:18,344 - GPU-2 - DEBUG -     [Latent Recursive] Starting 1 steps of latent thinking
2025-10-27 10:42:18,388 - GPU-2 - DEBUG -       [Latent] Step 1/1
2025-10-27 10:42:18,554 - GPU-2 - DEBUG -       [After Latent Recursive] 2 tokens unmasked
2025-10-27 10:42:18,555 - GPU-2 - INFO -   [Cycle 4]
2025-10-27 10:42:18,555 - GPU-2 - DEBUG -     [Latent Recursive] Starting 1 steps of latent thinking
2025-10-27 10:42:18,600 - GPU-2 - DEBUG -       [Latent] Step 1/1
2025-10-27 10:42:18,764 - GPU-2 - DEBUG -       [After Latent Recursive] 2 tokens unmasked
2025-10-27 10:42:18,765 - GPU-2 - INFO -   [Cycle 5]
2025-10-27 10:42:18,765 - GPU-2 - DEBUG -     [Latent Recursive] Starting 1 steps of latent thinking
2025-10-27 10:42:18,810 - GPU-2 - DEBUG -       [Latent] Step 1/1
2025-10-27 10:42:18,977 - GPU-2 - DEBUG -       [After Latent Recursive] 2 tokens unmasked
2025-10-27 10:42:18,978 - GPU-2 - INFO -   [Cycle 6]
2025-10-27 10:42:18,978 - GPU-2 - DEBUG -     [Latent Recursive] Starting 1 steps of latent thinking
2025-10-27 10:42:19,023 - GPU-2 - DEBUG -       [Latent] Step 1/1
2025-10-27 10:42:19,190 - GPU-2 - DEBUG -       [After Latent Recursive] 2 tokens unmasked
2025-10-27 10:42:19,190 - GPU-2 - INFO -   [Cycle 7]
2025-10-27 10:42:19,190 - GPU-2 - DEBUG -     [Latent Recursive] Starting 1 steps of latent thinking
2025-10-27 10:42:19,235 - GPU-2 - DEBUG -       [Latent] Step 1/1
2025-10-27 10:42:19,397 - GPU-2 - DEBUG -       [After Latent Recursive] 2 tokens unmasked
2025-10-27 10:42:19,398 - GPU-2 - INFO -   [Cycle 8]
2025-10-27 10:42:19,398 - GPU-2 - DEBUG -     [Latent Recursive] Starting 1 steps of latent thinking
2025-10-27 10:42:19,443 - GPU-2 - DEBUG -       [Latent] Step 1/1
2025-10-27 10:42:19,606 - GPU-2 - DEBUG -       [After Latent Recursive] 2 tokens unmasked
2025-10-27 10:42:19,606 - GPU-2 - INFO -   [Cycle 9]
2025-10-27 10:42:19,606 - GPU-2 - DEBUG -     [Latent Recursive] Starting 1 steps of latent thinking
2025-10-27 10:42:19,651 - GPU-2 - DEBUG -       [Latent] Step 1/1
2025-10-27 10:42:19,814 - GPU-2 - DEBUG -       [After Latent Recursive] 2 tokens unmasked
2025-10-27 10:42:19,814 - GPU-2 - INFO -   [Cycle 10]
2025-10-27 10:42:19,814 - GPU-2 - DEBUG -     [Latent Recursive] Starting 1 steps of latent thinking
2025-10-27 10:42:19,859 - GPU-2 - DEBUG -       [Latent] Step 1/1
2025-10-27 10:42:20,022 - GPU-2 - DEBUG -       [After Latent Recursive] 2 tokens unmasked
2025-10-27 10:42:20,022 - GPU-2 - INFO -   [Cycle 11]
2025-10-27 10:42:20,022 - GPU-2 - DEBUG -     [Latent Recursive] Starting 1 steps of latent thinking
2025-10-27 10:42:20,067 - GPU-2 - DEBUG -       [Latent] Step 1/1
2025-10-27 10:42:20,230 - GPU-2 - DEBUG -       [After Latent Recursive] 2 tokens unmasked
2025-10-27 10:42:20,230 - GPU-2 - INFO -   [Cycle 12]
2025-10-27 10:42:20,230 - GPU-2 - DEBUG -     [Latent Recursive] Starting 1 steps of latent thinking
2025-10-27 10:42:20,275 - GPU-2 - DEBUG -       [Latent] Step 1/1
2025-10-27 10:42:20,438 - GPU-2 - DEBUG -       [After Latent Recursive] 2 tokens unmasked
2025-10-27 10:42:20,438 - GPU-2 - INFO -   [Cycle 13]
2025-10-27 10:42:20,438 - GPU-2 - DEBUG -     [Latent Recursive] Starting 1 steps of latent thinking
2025-10-27 10:42:20,483 - GPU-2 - DEBUG -       [Latent] Step 1/1
2025-10-27 10:42:20,646 - GPU-2 - DEBUG -       [After Latent Recursive] 2 tokens unmasked
2025-10-27 10:42:20,646 - GPU-2 - INFO -   [Cycle 14]
2025-10-27 10:42:20,646 - GPU-2 - DEBUG -     [Latent Recursive] Starting 1 steps of latent thinking
2025-10-27 10:42:20,691 - GPU-2 - DEBUG -       [Latent] Step 1/1
2025-10-27 10:42:20,854 - GPU-2 - DEBUG -       [After Latent Recursive] 2 tokens unmasked
2025-10-27 10:42:20,855 - GPU-2 - INFO -   [Cycle 15]
2025-10-27 10:42:20,855 - GPU-2 - DEBUG -     [Latent Recursive] Starting 1 steps of latent thinking
2025-10-27 10:42:20,899 - GPU-2 - DEBUG -       [Latent] Step 1/1
2025-10-27 10:42:21,062 - GPU-2 - DEBUG -       [After Latent Recursive] 2 tokens unmasked
2025-10-27 10:42:21,063 - GPU-2 - INFO - [Block 10/16] Processing tokens 350-382
2025-10-27 10:42:21,063 - GPU-2 - DEBUG - [Block 9] Before forward: use_cache=True, x.shape=torch.Size([1, 574])
2025-10-27 10:42:21,063 - GPU-2 - DEBUG - [Block 9] Model type: LLaDAModelLM
2025-10-27 10:42:21,063 - GPU-2 - DEBUG - [Block 9] Model config use_cache: True
2025-10-27 10:42:21,085 - GPU-2 - DEBUG - [Block 9] After forward: pkv is None? False
2025-10-27 10:42:21,085 - GPU-2 - DEBUG - [Block 9] out type: CausalLMOutputWithPast
2025-10-27 10:42:21,085 - GPU-2 - DEBUG - [Block 9] pkv type: <class 'list'>, len: 32
2025-10-27 10:42:21,086 - GPU-2 - DEBUG - [Block 9] pkv[0] type: <class 'tuple'>, len: 2
2025-10-27 10:42:21,086 - GPU-2 - DEBUG - [Block 9] pkv[0][0].shape: torch.Size([1, 32, 574, 128])
2025-10-27 10:42:21,173 - GPU-2 - INFO -   [Initial Forward] 2 tokens unmasked
2025-10-27 10:42:21,174 - GPU-2 - INFO -   [Cycle 1]
2025-10-27 10:42:21,174 - GPU-2 - DEBUG -     [Latent Recursive] Starting 1 steps of latent thinking
2025-10-27 10:42:21,219 - GPU-2 - DEBUG -       [Latent] Step 1/1
2025-10-27 10:42:21,380 - GPU-2 - DEBUG -       [After Latent Recursive] 2 tokens unmasked
2025-10-27 10:42:21,380 - GPU-2 - INFO -   [Cycle 2]
2025-10-27 10:42:21,380 - GPU-2 - DEBUG -     [Latent Recursive] Starting 1 steps of latent thinking
2025-10-27 10:42:21,425 - GPU-2 - DEBUG -       [Latent] Step 1/1
2025-10-27 10:42:21,586 - GPU-2 - DEBUG -       [After Latent Recursive] 2 tokens unmasked
2025-10-27 10:42:21,586 - GPU-2 - INFO -   [Cycle 3]
2025-10-27 10:42:21,586 - GPU-2 - DEBUG -     [Latent Recursive] Starting 1 steps of latent thinking
2025-10-27 10:42:21,631 - GPU-2 - DEBUG -       [Latent] Step 1/1
2025-10-27 10:42:21,792 - GPU-2 - DEBUG -       [After Latent Recursive] 2 tokens unmasked
2025-10-27 10:42:21,792 - GPU-2 - INFO -   [Cycle 4]
2025-10-27 10:42:21,792 - GPU-2 - DEBUG -     [Latent Recursive] Starting 1 steps of latent thinking
2025-10-27 10:42:21,837 - GPU-2 - DEBUG -       [Latent] Step 1/1
2025-10-27 10:42:21,997 - GPU-2 - DEBUG -       [After Latent Recursive] 2 tokens unmasked
2025-10-27 10:42:21,998 - GPU-2 - INFO -   [Cycle 5]
2025-10-27 10:42:21,998 - GPU-2 - DEBUG -     [Latent Recursive] Starting 1 steps of latent thinking
2025-10-27 10:42:22,043 - GPU-2 - DEBUG -       [Latent] Step 1/1
2025-10-27 10:42:22,203 - GPU-2 - DEBUG -       [After Latent Recursive] 2 tokens unmasked
2025-10-27 10:42:22,204 - GPU-2 - INFO -   [Cycle 6]
2025-10-27 10:42:22,204 - GPU-2 - DEBUG -     [Latent Recursive] Starting 1 steps of latent thinking
2025-10-27 10:42:22,249 - GPU-2 - DEBUG -       [Latent] Step 1/1
2025-10-27 10:42:22,409 - GPU-2 - DEBUG -       [After Latent Recursive] 2 tokens unmasked
2025-10-27 10:42:22,410 - GPU-2 - INFO -   [Cycle 7]
2025-10-27 10:42:22,410 - GPU-2 - DEBUG -     [Latent Recursive] Starting 1 steps of latent thinking
2025-10-27 10:42:22,455 - GPU-2 - DEBUG -       [Latent] Step 1/1
2025-10-27 10:42:22,615 - GPU-2 - DEBUG -       [After Latent Recursive] 2 tokens unmasked
2025-10-27 10:42:22,616 - GPU-2 - INFO -   [Cycle 8]
2025-10-27 10:42:22,616 - GPU-2 - DEBUG -     [Latent Recursive] Starting 1 steps of latent thinking
2025-10-27 10:42:22,661 - GPU-2 - DEBUG -       [Latent] Step 1/1
2025-10-27 10:42:22,821 - GPU-2 - DEBUG -       [After Latent Recursive] 2 tokens unmasked
2025-10-27 10:42:22,821 - GPU-2 - INFO -   [Cycle 9]
2025-10-27 10:42:22,822 - GPU-2 - DEBUG -     [Latent Recursive] Starting 1 steps of latent thinking
2025-10-27 10:42:22,866 - GPU-2 - DEBUG -       [Latent] Step 1/1
2025-10-27 10:42:23,027 - GPU-2 - DEBUG -       [After Latent Recursive] 2 tokens unmasked
2025-10-27 10:42:23,028 - GPU-2 - INFO -   [Cycle 10]
2025-10-27 10:42:23,028 - GPU-2 - DEBUG -     [Latent Recursive] Starting 1 steps of latent thinking
2025-10-27 10:42:23,072 - GPU-2 - DEBUG -       [Latent] Step 1/1
2025-10-27 10:42:23,233 - GPU-2 - DEBUG -       [After Latent Recursive] 2 tokens unmasked
2025-10-27 10:42:23,233 - GPU-2 - INFO -   [Cycle 11]
2025-10-27 10:42:23,233 - GPU-2 - DEBUG -     [Latent Recursive] Starting 1 steps of latent thinking
2025-10-27 10:42:23,278 - GPU-2 - DEBUG -       [Latent] Step 1/1
2025-10-27 10:42:23,439 - GPU-2 - DEBUG -       [After Latent Recursive] 2 tokens unmasked
2025-10-27 10:42:23,439 - GPU-2 - INFO -   [Cycle 12]
2025-10-27 10:42:23,440 - GPU-2 - DEBUG -     [Latent Recursive] Starting 1 steps of latent thinking
2025-10-27 10:42:23,484 - GPU-2 - DEBUG -       [Latent] Step 1/1
2025-10-27 10:42:23,645 - GPU-2 - DEBUG -       [After Latent Recursive] 2 tokens unmasked
2025-10-27 10:42:23,645 - GPU-2 - INFO -   [Cycle 13]
2025-10-27 10:42:23,645 - GPU-2 - DEBUG -     [Latent Recursive] Starting 1 steps of latent thinking
2025-10-27 10:42:23,690 - GPU-2 - DEBUG -       [Latent] Step 1/1
2025-10-27 10:42:23,851 - GPU-2 - DEBUG -       [After Latent Recursive] 2 tokens unmasked
2025-10-27 10:42:23,851 - GPU-2 - INFO -   [Cycle 14]
2025-10-27 10:42:23,852 - GPU-2 - DEBUG -     [Latent Recursive] Starting 1 steps of latent thinking
2025-10-27 10:42:23,896 - GPU-2 - DEBUG -       [Latent] Step 1/1
2025-10-27 10:42:24,057 - GPU-2 - DEBUG -       [After Latent Recursive] 2 tokens unmasked
2025-10-27 10:42:24,057 - GPU-2 - INFO -   [Cycle 15]
2025-10-27 10:42:24,057 - GPU-2 - DEBUG -     [Latent Recursive] Starting 1 steps of latent thinking
2025-10-27 10:42:24,102 - GPU-2 - DEBUG -       [Latent] Step 1/1
2025-10-27 10:42:24,263 - GPU-2 - DEBUG -       [After Latent Recursive] 2 tokens unmasked
2025-10-27 10:42:24,263 - GPU-2 - INFO - [Block 11/16] Processing tokens 382-414
2025-10-27 10:42:24,263 - GPU-2 - DEBUG - [Block 10] Before forward: use_cache=True, x.shape=torch.Size([1, 574])
2025-10-27 10:42:24,263 - GPU-2 - DEBUG - [Block 10] Model type: LLaDAModelLM
2025-10-27 10:42:24,264 - GPU-2 - DEBUG - [Block 10] Model config use_cache: True
2025-10-27 10:42:24,286 - GPU-2 - DEBUG - [Block 10] After forward: pkv is None? False
2025-10-27 10:42:24,286 - GPU-2 - DEBUG - [Block 10] out type: CausalLMOutputWithPast
2025-10-27 10:42:24,286 - GPU-2 - DEBUG - [Block 10] pkv type: <class 'list'>, len: 32
2025-10-27 10:42:24,286 - GPU-2 - DEBUG - [Block 10] pkv[0] type: <class 'tuple'>, len: 2
2025-10-27 10:42:24,286 - GPU-2 - DEBUG - [Block 10] pkv[0][0].shape: torch.Size([1, 32, 574, 128])
2025-10-27 10:42:24,374 - GPU-2 - INFO -   [Initial Forward] 2 tokens unmasked
2025-10-27 10:42:24,374 - GPU-2 - INFO -   [Cycle 1]
2025-10-27 10:42:24,374 - GPU-2 - DEBUG -     [Latent Recursive] Starting 1 steps of latent thinking
2025-10-27 10:42:24,419 - GPU-2 - DEBUG -       [Latent] Step 1/1
2025-10-27 10:42:24,579 - GPU-2 - DEBUG -       [After Latent Recursive] 2 tokens unmasked
2025-10-27 10:42:24,579 - GPU-2 - INFO -   [Cycle 2]
2025-10-27 10:42:24,579 - GPU-2 - DEBUG -     [Latent Recursive] Starting 1 steps of latent thinking
2025-10-27 10:42:24,624 - GPU-2 - DEBUG -       [Latent] Step 1/1
2025-10-27 10:42:24,784 - GPU-2 - DEBUG -       [After Latent Recursive] 2 tokens unmasked
2025-10-27 10:42:24,784 - GPU-2 - INFO -   [Cycle 3]
2025-10-27 10:42:24,784 - GPU-2 - DEBUG -     [Latent Recursive] Starting 1 steps of latent thinking
2025-10-27 10:42:24,829 - GPU-2 - DEBUG -       [Latent] Step 1/1
2025-10-27 10:42:24,989 - GPU-2 - DEBUG -       [After Latent Recursive] 2 tokens unmasked
2025-10-27 10:42:24,989 - GPU-2 - INFO -   [Cycle 4]
2025-10-27 10:42:24,989 - GPU-2 - DEBUG -     [Latent Recursive] Starting 1 steps of latent thinking
2025-10-27 10:42:25,034 - GPU-2 - DEBUG -       [Latent] Step 1/1
2025-10-27 10:42:25,194 - GPU-2 - DEBUG -       [After Latent Recursive] 2 tokens unmasked
2025-10-27 10:42:25,194 - GPU-2 - INFO -   [Cycle 5]
2025-10-27 10:42:25,194 - GPU-2 - DEBUG -     [Latent Recursive] Starting 1 steps of latent thinking
2025-10-27 10:42:25,239 - GPU-2 - DEBUG -       [Latent] Step 1/1
2025-10-27 10:42:25,399 - GPU-2 - DEBUG -       [After Latent Recursive] 2 tokens unmasked
2025-10-27 10:42:25,399 - GPU-2 - INFO -   [Cycle 6]
2025-10-27 10:42:25,399 - GPU-2 - DEBUG -     [Latent Recursive] Starting 1 steps of latent thinking
2025-10-27 10:42:25,444 - GPU-2 - DEBUG -       [Latent] Step 1/1
2025-10-27 10:42:25,603 - GPU-2 - DEBUG -       [After Latent Recursive] 2 tokens unmasked
2025-10-27 10:42:25,604 - GPU-2 - INFO -   [Cycle 7]
2025-10-27 10:42:25,604 - GPU-2 - DEBUG -     [Latent Recursive] Starting 1 steps of latent thinking
2025-10-27 10:42:25,649 - GPU-2 - DEBUG -       [Latent] Step 1/1
2025-10-27 10:42:25,809 - GPU-2 - DEBUG -       [After Latent Recursive] 2 tokens unmasked
2025-10-27 10:42:25,809 - GPU-2 - INFO -   [Cycle 8]
2025-10-27 10:42:25,809 - GPU-2 - DEBUG -     [Latent Recursive] Starting 1 steps of latent thinking
2025-10-27 10:42:25,854 - GPU-2 - DEBUG -       [Latent] Step 1/1
2025-10-27 10:42:26,013 - GPU-2 - DEBUG -       [After Latent Recursive] 2 tokens unmasked
2025-10-27 10:42:26,014 - GPU-2 - INFO -   [Cycle 9]
2025-10-27 10:42:26,014 - GPU-2 - DEBUG -     [Latent Recursive] Starting 1 steps of latent thinking
2025-10-27 10:42:26,059 - GPU-2 - DEBUG -       [Latent] Step 1/1
2025-10-27 10:42:26,219 - GPU-2 - DEBUG -       [After Latent Recursive] 2 tokens unmasked
2025-10-27 10:42:26,219 - GPU-2 - INFO -   [Cycle 10]
2025-10-27 10:42:26,219 - GPU-2 - DEBUG -     [Latent Recursive] Starting 1 steps of latent thinking
2025-10-27 10:42:26,264 - GPU-2 - DEBUG -       [Latent] Step 1/1
2025-10-27 10:42:26,424 - GPU-2 - DEBUG -       [After Latent Recursive] 2 tokens unmasked
2025-10-27 10:42:26,424 - GPU-2 - INFO -   [Cycle 11]
2025-10-27 10:42:26,424 - GPU-2 - DEBUG -     [Latent Recursive] Starting 1 steps of latent thinking
2025-10-27 10:42:26,469 - GPU-2 - DEBUG -       [Latent] Step 1/1
2025-10-27 10:42:26,629 - GPU-2 - DEBUG -       [After Latent Recursive] 2 tokens unmasked
2025-10-27 10:42:26,629 - GPU-2 - INFO -   [Cycle 12]
2025-10-27 10:42:26,629 - GPU-2 - DEBUG -     [Latent Recursive] Starting 1 steps of latent thinking
2025-10-27 10:42:26,674 - GPU-2 - DEBUG -       [Latent] Step 1/1
2025-10-27 10:42:26,834 - GPU-2 - DEBUG -       [After Latent Recursive] 2 tokens unmasked
2025-10-27 10:42:26,834 - GPU-2 - INFO -   [Cycle 13]
2025-10-27 10:42:26,834 - GPU-2 - DEBUG -     [Latent Recursive] Starting 1 steps of latent thinking
2025-10-27 10:42:26,879 - GPU-2 - DEBUG -       [Latent] Step 1/1
2025-10-27 10:42:27,039 - GPU-2 - DEBUG -       [After Latent Recursive] 2 tokens unmasked
2025-10-27 10:42:27,039 - GPU-2 - INFO -   [Cycle 14]
2025-10-27 10:42:27,039 - GPU-2 - DEBUG -     [Latent Recursive] Starting 1 steps of latent thinking
2025-10-27 10:42:27,084 - GPU-2 - DEBUG -       [Latent] Step 1/1
2025-10-27 10:42:27,244 - GPU-2 - DEBUG -       [After Latent Recursive] 2 tokens unmasked
2025-10-27 10:42:27,244 - GPU-2 - INFO -   [Cycle 15]
2025-10-27 10:42:27,244 - GPU-2 - DEBUG -     [Latent Recursive] Starting 1 steps of latent thinking
2025-10-27 10:42:27,289 - GPU-2 - DEBUG -       [Latent] Step 1/1
2025-10-27 10:42:27,448 - GPU-2 - DEBUG -       [After Latent Recursive] 2 tokens unmasked
2025-10-27 10:42:27,449 - GPU-2 - INFO - [Block 12/16] Processing tokens 414-446
2025-10-27 10:42:27,449 - GPU-2 - DEBUG - [Block 11] Before forward: use_cache=True, x.shape=torch.Size([1, 574])
2025-10-27 10:42:27,449 - GPU-2 - DEBUG - [Block 11] Model type: LLaDAModelLM
2025-10-27 10:42:27,449 - GPU-2 - DEBUG - [Block 11] Model config use_cache: True
2025-10-27 10:42:27,471 - GPU-2 - DEBUG - [Block 11] After forward: pkv is None? False
2025-10-27 10:42:27,471 - GPU-2 - DEBUG - [Block 11] out type: CausalLMOutputWithPast
2025-10-27 10:42:27,472 - GPU-2 - DEBUG - [Block 11] pkv type: <class 'list'>, len: 32
2025-10-27 10:42:27,472 - GPU-2 - DEBUG - [Block 11] pkv[0] type: <class 'tuple'>, len: 2
2025-10-27 10:42:27,472 - GPU-2 - DEBUG - [Block 11] pkv[0][0].shape: torch.Size([1, 32, 574, 128])
2025-10-27 10:42:27,559 - GPU-2 - INFO -   [Initial Forward] 2 tokens unmasked
2025-10-27 10:42:27,560 - GPU-2 - INFO -   [Cycle 1]
2025-10-27 10:42:27,560 - GPU-2 - DEBUG -     [Latent Recursive] Starting 1 steps of latent thinking
2025-10-27 10:42:27,605 - GPU-2 - DEBUG -       [Latent] Step 1/1
2025-10-27 10:42:27,764 - GPU-2 - DEBUG -       [After Latent Recursive] 2 tokens unmasked
2025-10-27 10:42:27,764 - GPU-2 - INFO -   [Cycle 2]
2025-10-27 10:42:27,764 - GPU-2 - DEBUG -     [Latent Recursive] Starting 1 steps of latent thinking
2025-10-27 10:42:27,809 - GPU-2 - DEBUG -       [Latent] Step 1/1
2025-10-27 10:42:27,968 - GPU-2 - DEBUG -       [After Latent Recursive] 2 tokens unmasked
2025-10-27 10:42:27,969 - GPU-2 - INFO -   [Cycle 3]
2025-10-27 10:42:27,969 - GPU-2 - DEBUG -     [Latent Recursive] Starting 1 steps of latent thinking
2025-10-27 10:42:28,014 - GPU-2 - DEBUG -       [Latent] Step 1/1
2025-10-27 10:42:28,172 - GPU-2 - DEBUG -       [After Latent Recursive] 2 tokens unmasked
2025-10-27 10:42:28,173 - GPU-2 - INFO -   [Cycle 4]
2025-10-27 10:42:28,173 - GPU-2 - DEBUG -     [Latent Recursive] Starting 1 steps of latent thinking
2025-10-27 10:42:28,218 - GPU-2 - DEBUG -       [Latent] Step 1/1
2025-10-27 10:42:28,377 - GPU-2 - DEBUG -       [After Latent Recursive] 2 tokens unmasked
2025-10-27 10:42:28,377 - GPU-2 - INFO -   [Cycle 5]
2025-10-27 10:42:28,377 - GPU-2 - DEBUG -     [Latent Recursive] Starting 1 steps of latent thinking
2025-10-27 10:42:28,422 - GPU-2 - DEBUG -       [Latent] Step 1/1
2025-10-27 10:42:28,581 - GPU-2 - DEBUG -       [After Latent Recursive] 2 tokens unmasked
2025-10-27 10:42:28,582 - GPU-2 - INFO -   [Cycle 6]
2025-10-27 10:42:28,582 - GPU-2 - DEBUG -     [Latent Recursive] Starting 1 steps of latent thinking
2025-10-27 10:42:28,627 - GPU-2 - DEBUG -       [Latent] Step 1/1
2025-10-27 10:42:28,785 - GPU-2 - DEBUG -       [After Latent Recursive] 2 tokens unmasked
2025-10-27 10:42:28,786 - GPU-2 - INFO -   [Cycle 7]
2025-10-27 10:42:28,786 - GPU-2 - DEBUG -     [Latent Recursive] Starting 1 steps of latent thinking
2025-10-27 10:42:28,831 - GPU-2 - DEBUG -       [Latent] Step 1/1
2025-10-27 10:42:28,990 - GPU-2 - DEBUG -       [After Latent Recursive] 2 tokens unmasked
2025-10-27 10:42:28,990 - GPU-2 - INFO -   [Cycle 8]
2025-10-27 10:42:28,990 - GPU-2 - DEBUG -     [Latent Recursive] Starting 1 steps of latent thinking
2025-10-27 10:42:29,035 - GPU-2 - DEBUG -       [Latent] Step 1/1
2025-10-27 10:42:29,194 - GPU-2 - DEBUG -       [After Latent Recursive] 2 tokens unmasked
2025-10-27 10:42:29,194 - GPU-2 - INFO -   [Cycle 9]
2025-10-27 10:42:29,194 - GPU-2 - DEBUG -     [Latent Recursive] Starting 1 steps of latent thinking
2025-10-27 10:42:29,239 - GPU-2 - DEBUG -       [Latent] Step 1/1
2025-10-27 10:42:29,398 - GPU-2 - DEBUG -       [After Latent Recursive] 2 tokens unmasked
2025-10-27 10:42:29,399 - GPU-2 - INFO -   [Cycle 10]
2025-10-27 10:42:29,399 - GPU-2 - DEBUG -     [Latent Recursive] Starting 1 steps of latent thinking
2025-10-27 10:42:29,444 - GPU-2 - DEBUG -       [Latent] Step 1/1
2025-10-27 10:42:29,602 - GPU-2 - DEBUG -       [After Latent Recursive] 2 tokens unmasked
2025-10-27 10:42:29,603 - GPU-2 - INFO -   [Cycle 11]
2025-10-27 10:42:29,603 - GPU-2 - DEBUG -     [Latent Recursive] Starting 1 steps of latent thinking
2025-10-27 10:42:29,648 - GPU-2 - DEBUG -       [Latent] Step 1/1
2025-10-27 10:42:29,807 - GPU-2 - DEBUG -       [After Latent Recursive] 2 tokens unmasked
2025-10-27 10:42:29,807 - GPU-2 - INFO -   [Cycle 12]
2025-10-27 10:42:29,807 - GPU-2 - DEBUG -     [Latent Recursive] Starting 1 steps of latent thinking
2025-10-27 10:42:29,852 - GPU-2 - DEBUG -       [Latent] Step 1/1
2025-10-27 10:42:30,011 - GPU-2 - DEBUG -       [After Latent Recursive] 2 tokens unmasked
2025-10-27 10:42:30,011 - GPU-2 - INFO -   [Cycle 13]
2025-10-27 10:42:30,012 - GPU-2 - DEBUG -     [Latent Recursive] Starting 1 steps of latent thinking
2025-10-27 10:42:30,056 - GPU-2 - DEBUG -       [Latent] Step 1/1
2025-10-27 10:42:30,215 - GPU-2 - DEBUG -       [After Latent Recursive] 2 tokens unmasked
2025-10-27 10:42:30,216 - GPU-2 - INFO -   [Cycle 14]
2025-10-27 10:42:30,216 - GPU-2 - DEBUG -     [Latent Recursive] Starting 1 steps of latent thinking
2025-10-27 10:42:30,261 - GPU-2 - DEBUG -       [Latent] Step 1/1
2025-10-27 10:42:30,420 - GPU-2 - DEBUG -       [After Latent Recursive] 2 tokens unmasked
2025-10-27 10:42:30,420 - GPU-2 - INFO -   [Cycle 15]
2025-10-27 10:42:30,420 - GPU-2 - DEBUG -     [Latent Recursive] Starting 1 steps of latent thinking
2025-10-27 10:42:30,465 - GPU-2 - DEBUG -       [Latent] Step 1/1
2025-10-27 10:42:30,624 - GPU-2 - DEBUG -       [After Latent Recursive] 2 tokens unmasked
2025-10-27 10:42:30,624 - GPU-2 - INFO - [Block 13/16] Processing tokens 446-478
2025-10-27 10:42:30,624 - GPU-2 - DEBUG - [Block 12] Before forward: use_cache=True, x.shape=torch.Size([1, 574])
2025-10-27 10:42:30,624 - GPU-2 - DEBUG - [Block 12] Model type: LLaDAModelLM
2025-10-27 10:42:30,624 - GPU-2 - DEBUG - [Block 12] Model config use_cache: True
2025-10-27 10:42:30,647 - GPU-2 - DEBUG - [Block 12] After forward: pkv is None? False
2025-10-27 10:42:30,647 - GPU-2 - DEBUG - [Block 12] out type: CausalLMOutputWithPast
2025-10-27 10:42:30,647 - GPU-2 - DEBUG - [Block 12] pkv type: <class 'list'>, len: 32
2025-10-27 10:42:30,647 - GPU-2 - DEBUG - [Block 12] pkv[0] type: <class 'tuple'>, len: 2
2025-10-27 10:42:30,647 - GPU-2 - DEBUG - [Block 12] pkv[0][0].shape: torch.Size([1, 32, 574, 128])
2025-10-27 10:42:30,735 - GPU-2 - INFO -   [Initial Forward] 2 tokens unmasked
2025-10-27 10:42:30,735 - GPU-2 - INFO -   [Cycle 1]
2025-10-27 10:42:30,735 - GPU-2 - DEBUG -     [Latent Recursive] Starting 1 steps of latent thinking
2025-10-27 10:42:30,780 - GPU-2 - DEBUG -       [Latent] Step 1/1
2025-10-27 10:42:30,937 - GPU-2 - DEBUG -       [After Latent Recursive] 2 tokens unmasked
2025-10-27 10:42:30,937 - GPU-2 - INFO -   [Cycle 2]
2025-10-27 10:42:30,937 - GPU-2 - DEBUG -     [Latent Recursive] Starting 1 steps of latent thinking
2025-10-27 10:42:30,982 - GPU-2 - DEBUG -       [Latent] Step 1/1
2025-10-27 10:42:31,139 - GPU-2 - DEBUG -       [After Latent Recursive] 2 tokens unmasked
2025-10-27 10:42:31,139 - GPU-2 - INFO -   [Cycle 3]
2025-10-27 10:42:31,139 - GPU-2 - DEBUG -     [Latent Recursive] Starting 1 steps of latent thinking
2025-10-27 10:42:31,184 - GPU-2 - DEBUG -       [Latent] Step 1/1
2025-10-27 10:42:31,340 - GPU-2 - DEBUG -       [After Latent Recursive] 2 tokens unmasked
2025-10-27 10:42:31,341 - GPU-2 - INFO -   [Cycle 4]
2025-10-27 10:42:31,341 - GPU-2 - DEBUG -     [Latent Recursive] Starting 1 steps of latent thinking
2025-10-27 10:42:31,386 - GPU-2 - DEBUG -       [Latent] Step 1/1
2025-10-27 10:42:31,542 - GPU-2 - DEBUG -       [After Latent Recursive] 2 tokens unmasked
2025-10-27 10:42:31,543 - GPU-2 - INFO -   [Cycle 5]
2025-10-27 10:42:31,543 - GPU-2 - DEBUG -     [Latent Recursive] Starting 1 steps of latent thinking
2025-10-27 10:42:31,587 - GPU-2 - DEBUG -       [Latent] Step 1/1
2025-10-27 10:42:31,744 - GPU-2 - DEBUG -       [After Latent Recursive] 2 tokens unmasked
2025-10-27 10:42:31,744 - GPU-2 - INFO -   [Cycle 6]
2025-10-27 10:42:31,744 - GPU-2 - DEBUG -     [Latent Recursive] Starting 1 steps of latent thinking
2025-10-27 10:42:31,789 - GPU-2 - DEBUG -       [Latent] Step 1/1
2025-10-27 10:42:31,945 - GPU-2 - DEBUG -       [After Latent Recursive] 2 tokens unmasked
2025-10-27 10:42:31,946 - GPU-2 - INFO -   [Cycle 7]
2025-10-27 10:42:31,946 - GPU-2 - DEBUG -     [Latent Recursive] Starting 1 steps of latent thinking
2025-10-27 10:42:31,991 - GPU-2 - DEBUG -       [Latent] Step 1/1
2025-10-27 10:42:32,147 - GPU-2 - DEBUG -       [After Latent Recursive] 2 tokens unmasked
2025-10-27 10:42:32,147 - GPU-2 - INFO -   [Cycle 8]
2025-10-27 10:42:32,147 - GPU-2 - DEBUG -     [Latent Recursive] Starting 1 steps of latent thinking
2025-10-27 10:42:32,192 - GPU-2 - DEBUG -       [Latent] Step 1/1
2025-10-27 10:42:32,349 - GPU-2 - DEBUG -       [After Latent Recursive] 2 tokens unmasked
2025-10-27 10:42:32,349 - GPU-2 - INFO -   [Cycle 9]
2025-10-27 10:42:32,349 - GPU-2 - DEBUG -     [Latent Recursive] Starting 1 steps of latent thinking
2025-10-27 10:42:32,394 - GPU-2 - DEBUG -       [Latent] Step 1/1
2025-10-27 10:42:32,550 - GPU-2 - DEBUG -       [After Latent Recursive] 2 tokens unmasked
2025-10-27 10:42:32,551 - GPU-2 - INFO -   [Cycle 10]
2025-10-27 10:42:32,551 - GPU-2 - DEBUG -     [Latent Recursive] Starting 1 steps of latent thinking
2025-10-27 10:42:32,595 - GPU-2 - DEBUG -       [Latent] Step 1/1
2025-10-27 10:42:32,752 - GPU-2 - DEBUG -       [After Latent Recursive] 2 tokens unmasked
2025-10-27 10:42:32,753 - GPU-2 - INFO -   [Cycle 11]
2025-10-27 10:42:32,753 - GPU-2 - DEBUG -     [Latent Recursive] Starting 1 steps of latent thinking
2025-10-27 10:42:32,797 - GPU-2 - DEBUG -       [Latent] Step 1/1
2025-10-27 10:42:32,954 - GPU-2 - DEBUG -       [After Latent Recursive] 2 tokens unmasked
2025-10-27 10:42:32,954 - GPU-2 - INFO -   [Cycle 12]
2025-10-27 10:42:32,954 - GPU-2 - DEBUG -     [Latent Recursive] Starting 1 steps of latent thinking
2025-10-27 10:42:32,999 - GPU-2 - DEBUG -       [Latent] Step 1/1
2025-10-27 10:42:33,156 - GPU-2 - DEBUG -       [After Latent Recursive] 2 tokens unmasked
2025-10-27 10:42:33,156 - GPU-2 - INFO -   [Cycle 13]
2025-10-27 10:42:33,156 - GPU-2 - DEBUG -     [Latent Recursive] Starting 1 steps of latent thinking
2025-10-27 10:42:33,201 - GPU-2 - DEBUG -       [Latent] Step 1/1
2025-10-27 10:42:33,357 - GPU-2 - DEBUG -       [After Latent Recursive] 2 tokens unmasked
2025-10-27 10:42:33,357 - GPU-2 - INFO -   [Cycle 14]
2025-10-27 10:42:33,358 - GPU-2 - DEBUG -     [Latent Recursive] Starting 1 steps of latent thinking
2025-10-27 10:42:33,402 - GPU-2 - DEBUG -       [Latent] Step 1/1
2025-10-27 10:42:33,559 - GPU-2 - DEBUG -       [After Latent Recursive] 2 tokens unmasked
2025-10-27 10:42:33,559 - GPU-2 - INFO -   [Cycle 15]
2025-10-27 10:42:33,560 - GPU-2 - DEBUG -     [Latent Recursive] Starting 1 steps of latent thinking
2025-10-27 10:42:33,604 - GPU-2 - DEBUG -       [Latent] Step 1/1
2025-10-27 10:42:33,761 - GPU-2 - DEBUG -       [After Latent Recursive] 2 tokens unmasked
2025-10-27 10:42:33,761 - GPU-2 - INFO - [Block 14/16] Processing tokens 478-510
2025-10-27 10:42:33,761 - GPU-2 - DEBUG - [Block 13] Before forward: use_cache=True, x.shape=torch.Size([1, 574])
2025-10-27 10:42:33,761 - GPU-2 - DEBUG - [Block 13] Model type: LLaDAModelLM
2025-10-27 10:42:33,761 - GPU-2 - DEBUG - [Block 13] Model config use_cache: True
2025-10-27 10:42:33,784 - GPU-2 - DEBUG - [Block 13] After forward: pkv is None? False
2025-10-27 10:42:33,784 - GPU-2 - DEBUG - [Block 13] out type: CausalLMOutputWithPast
2025-10-27 10:42:33,784 - GPU-2 - DEBUG - [Block 13] pkv type: <class 'list'>, len: 32
2025-10-27 10:42:33,784 - GPU-2 - DEBUG - [Block 13] pkv[0] type: <class 'tuple'>, len: 2
2025-10-27 10:42:33,784 - GPU-2 - DEBUG - [Block 13] pkv[0][0].shape: torch.Size([1, 32, 574, 128])
2025-10-27 10:42:33,872 - GPU-2 - INFO -   [Initial Forward] 2 tokens unmasked
2025-10-27 10:42:33,872 - GPU-2 - INFO -   [Cycle 1]
2025-10-27 10:42:33,873 - GPU-2 - DEBUG -     [Latent Recursive] Starting 1 steps of latent thinking
2025-10-27 10:42:33,917 - GPU-2 - DEBUG -       [Latent] Step 1/1
2025-10-27 10:42:34,073 - GPU-2 - DEBUG -       [After Latent Recursive] 2 tokens unmasked
2025-10-27 10:42:34,074 - GPU-2 - INFO -   [Cycle 2]
2025-10-27 10:42:34,074 - GPU-2 - DEBUG -     [Latent Recursive] Starting 1 steps of latent thinking
2025-10-27 10:42:34,119 - GPU-2 - DEBUG -       [Latent] Step 1/1
2025-10-27 10:42:34,274 - GPU-2 - DEBUG -       [After Latent Recursive] 2 tokens unmasked
2025-10-27 10:42:34,275 - GPU-2 - INFO -   [Cycle 3]
2025-10-27 10:42:34,275 - GPU-2 - DEBUG -     [Latent Recursive] Starting 1 steps of latent thinking
2025-10-27 10:42:34,320 - GPU-2 - DEBUG -       [Latent] Step 1/1
2025-10-27 10:42:34,476 - GPU-2 - DEBUG -       [After Latent Recursive] 2 tokens unmasked
2025-10-27 10:42:34,476 - GPU-2 - INFO -   [Cycle 4]
2025-10-27 10:42:34,476 - GPU-2 - DEBUG -     [Latent Recursive] Starting 1 steps of latent thinking
2025-10-27 10:42:34,521 - GPU-2 - DEBUG -       [Latent] Step 1/1
2025-10-27 10:42:34,677 - GPU-2 - DEBUG -       [After Latent Recursive] 2 tokens unmasked
2025-10-27 10:42:34,677 - GPU-2 - INFO -   [Cycle 5]
2025-10-27 10:42:34,677 - GPU-2 - DEBUG -     [Latent Recursive] Starting 1 steps of latent thinking
2025-10-27 10:42:34,722 - GPU-2 - DEBUG -       [Latent] Step 1/1
2025-10-27 10:42:34,877 - GPU-2 - DEBUG -       [After Latent Recursive] 2 tokens unmasked
2025-10-27 10:42:34,878 - GPU-2 - INFO -   [Cycle 6]
2025-10-27 10:42:34,878 - GPU-2 - DEBUG -     [Latent Recursive] Starting 1 steps of latent thinking
2025-10-27 10:42:34,922 - GPU-2 - DEBUG -       [Latent] Step 1/1
2025-10-27 10:42:35,078 - GPU-2 - DEBUG -       [After Latent Recursive] 2 tokens unmasked
2025-10-27 10:42:35,078 - GPU-2 - INFO -   [Cycle 7]
2025-10-27 10:42:35,078 - GPU-2 - DEBUG -     [Latent Recursive] Starting 1 steps of latent thinking
2025-10-27 10:42:35,123 - GPU-2 - DEBUG -       [Latent] Step 1/1
2025-10-27 10:42:35,279 - GPU-2 - DEBUG -       [After Latent Recursive] 2 tokens unmasked
2025-10-27 10:42:35,279 - GPU-2 - INFO -   [Cycle 8]
2025-10-27 10:42:35,279 - GPU-2 - DEBUG -     [Latent Recursive] Starting 1 steps of latent thinking
2025-10-27 10:42:35,324 - GPU-2 - DEBUG -       [Latent] Step 1/1
2025-10-27 10:42:35,479 - GPU-2 - DEBUG -       [After Latent Recursive] 2 tokens unmasked
2025-10-27 10:42:35,479 - GPU-2 - INFO -   [Cycle 9]
2025-10-27 10:42:35,480 - GPU-2 - DEBUG -     [Latent Recursive] Starting 1 steps of latent thinking
2025-10-27 10:42:35,524 - GPU-2 - DEBUG -       [Latent] Step 1/1
2025-10-27 10:42:35,680 - GPU-2 - DEBUG -       [After Latent Recursive] 2 tokens unmasked
2025-10-27 10:42:35,681 - GPU-2 - INFO -   [Cycle 10]
2025-10-27 10:42:35,681 - GPU-2 - DEBUG -     [Latent Recursive] Starting 1 steps of latent thinking
2025-10-27 10:42:35,725 - GPU-2 - DEBUG -       [Latent] Step 1/1
2025-10-27 10:42:35,881 - GPU-2 - DEBUG -       [After Latent Recursive] 2 tokens unmasked
2025-10-27 10:42:35,882 - GPU-2 - INFO -   [Cycle 11]
2025-10-27 10:42:35,882 - GPU-2 - DEBUG -     [Latent Recursive] Starting 1 steps of latent thinking
2025-10-27 10:42:35,926 - GPU-2 - DEBUG -       [Latent] Step 1/1
2025-10-27 10:42:36,082 - GPU-2 - DEBUG -       [After Latent Recursive] 2 tokens unmasked
2025-10-27 10:42:36,082 - GPU-2 - INFO -   [Cycle 12]
2025-10-27 10:42:36,082 - GPU-2 - DEBUG -     [Latent Recursive] Starting 1 steps of latent thinking
2025-10-27 10:42:36,127 - GPU-2 - DEBUG -       [Latent] Step 1/1
2025-10-27 10:42:36,282 - GPU-2 - DEBUG -       [After Latent Recursive] 2 tokens unmasked
2025-10-27 10:42:36,283 - GPU-2 - INFO -   [Cycle 13]
2025-10-27 10:42:36,283 - GPU-2 - DEBUG -     [Latent Recursive] Starting 1 steps of latent thinking
2025-10-27 10:42:36,328 - GPU-2 - DEBUG -       [Latent] Step 1/1
2025-10-27 10:42:36,483 - GPU-2 - DEBUG -       [After Latent Recursive] 2 tokens unmasked
2025-10-27 10:42:36,483 - GPU-2 - INFO -   [Cycle 14]
2025-10-27 10:42:36,484 - GPU-2 - DEBUG -     [Latent Recursive] Starting 1 steps of latent thinking
2025-10-27 10:42:36,528 - GPU-2 - DEBUG -       [Latent] Step 1/1
2025-10-27 10:42:36,683 - GPU-2 - DEBUG -       [After Latent Recursive] 2 tokens unmasked
2025-10-27 10:42:36,684 - GPU-2 - INFO -   [Cycle 15]
2025-10-27 10:42:36,684 - GPU-2 - DEBUG -     [Latent Recursive] Starting 1 steps of latent thinking
2025-10-27 10:42:36,729 - GPU-2 - DEBUG -       [Latent] Step 1/1
2025-10-27 10:42:36,885 - GPU-2 - DEBUG -       [After Latent Recursive] 2 tokens unmasked
2025-10-27 10:42:36,885 - GPU-2 - INFO - [Block 15/16] Processing tokens 510-542
2025-10-27 10:42:36,885 - GPU-2 - DEBUG - [Block 14] Before forward: use_cache=True, x.shape=torch.Size([1, 574])
2025-10-27 10:42:36,885 - GPU-2 - DEBUG - [Block 14] Model type: LLaDAModelLM
2025-10-27 10:42:36,885 - GPU-2 - DEBUG - [Block 14] Model config use_cache: True
2025-10-27 10:42:36,908 - GPU-2 - DEBUG - [Block 14] After forward: pkv is None? False
2025-10-27 10:42:36,908 - GPU-2 - DEBUG - [Block 14] out type: CausalLMOutputWithPast
2025-10-27 10:42:36,908 - GPU-2 - DEBUG - [Block 14] pkv type: <class 'list'>, len: 32
2025-10-27 10:42:36,908 - GPU-2 - DEBUG - [Block 14] pkv[0] type: <class 'tuple'>, len: 2
2025-10-27 10:42:36,908 - GPU-2 - DEBUG - [Block 14] pkv[0][0].shape: torch.Size([1, 32, 574, 128])
2025-10-27 10:42:36,996 - GPU-2 - INFO -   [Initial Forward] 2 tokens unmasked
2025-10-27 10:42:36,996 - GPU-2 - INFO -   [Cycle 1]
2025-10-27 10:42:36,997 - GPU-2 - DEBUG -     [Latent Recursive] Starting 1 steps of latent thinking
2025-10-27 10:42:37,042 - GPU-2 - DEBUG -       [Latent] Step 1/1
2025-10-27 10:42:37,195 - GPU-2 - DEBUG -       [After Latent Recursive] 2 tokens unmasked
2025-10-27 10:42:37,195 - GPU-2 - INFO -   [Cycle 2]
2025-10-27 10:42:37,195 - GPU-2 - DEBUG -     [Latent Recursive] Starting 1 steps of latent thinking
2025-10-27 10:42:37,240 - GPU-2 - DEBUG -       [Latent] Step 1/1
2025-10-27 10:42:37,393 - GPU-2 - DEBUG -       [After Latent Recursive] 2 tokens unmasked
2025-10-27 10:42:37,393 - GPU-2 - INFO -   [Cycle 3]
2025-10-27 10:42:37,393 - GPU-2 - DEBUG -     [Latent Recursive] Starting 1 steps of latent thinking
2025-10-27 10:42:37,438 - GPU-2 - DEBUG -       [Latent] Step 1/1
2025-10-27 10:42:37,591 - GPU-2 - DEBUG -       [After Latent Recursive] 2 tokens unmasked
2025-10-27 10:42:37,591 - GPU-2 - INFO -   [Cycle 4]
2025-10-27 10:42:37,591 - GPU-2 - DEBUG -     [Latent Recursive] Starting 1 steps of latent thinking
2025-10-27 10:42:37,636 - GPU-2 - DEBUG -       [Latent] Step 1/1
2025-10-27 10:42:37,789 - GPU-2 - DEBUG -       [After Latent Recursive] 2 tokens unmasked
2025-10-27 10:42:37,789 - GPU-2 - INFO -   [Cycle 5]
2025-10-27 10:42:37,790 - GPU-2 - DEBUG -     [Latent Recursive] Starting 1 steps of latent thinking
2025-10-27 10:42:37,835 - GPU-2 - DEBUG -       [Latent] Step 1/1
2025-10-27 10:42:37,988 - GPU-2 - DEBUG -       [After Latent Recursive] 2 tokens unmasked
2025-10-27 10:42:37,988 - GPU-2 - INFO -   [Cycle 6]
2025-10-27 10:42:37,988 - GPU-2 - DEBUG -     [Latent Recursive] Starting 1 steps of latent thinking
2025-10-27 10:42:38,033 - GPU-2 - DEBUG -       [Latent] Step 1/1
2025-10-27 10:42:38,186 - GPU-2 - DEBUG -       [After Latent Recursive] 2 tokens unmasked
2025-10-27 10:42:38,187 - GPU-2 - INFO -   [Cycle 7]
2025-10-27 10:42:38,187 - GPU-2 - DEBUG -     [Latent Recursive] Starting 1 steps of latent thinking
2025-10-27 10:42:38,232 - GPU-2 - DEBUG -       [Latent] Step 1/1
2025-10-27 10:42:38,385 - GPU-2 - DEBUG -       [After Latent Recursive] 2 tokens unmasked
2025-10-27 10:42:38,385 - GPU-2 - INFO -   [Cycle 8]
2025-10-27 10:42:38,385 - GPU-2 - DEBUG -     [Latent Recursive] Starting 1 steps of latent thinking
2025-10-27 10:42:38,430 - GPU-2 - DEBUG -       [Latent] Step 1/1
2025-10-27 10:42:38,583 - GPU-2 - DEBUG -       [After Latent Recursive] 2 tokens unmasked
2025-10-27 10:42:38,583 - GPU-2 - INFO -   [Cycle 9]
2025-10-27 10:42:38,584 - GPU-2 - DEBUG -     [Latent Recursive] Starting 1 steps of latent thinking
2025-10-27 10:42:38,628 - GPU-2 - DEBUG -       [Latent] Step 1/1
2025-10-27 10:42:38,781 - GPU-2 - DEBUG -       [After Latent Recursive] 2 tokens unmasked
2025-10-27 10:42:38,781 - GPU-2 - INFO -   [Cycle 10]
2025-10-27 10:42:38,782 - GPU-2 - DEBUG -     [Latent Recursive] Starting 1 steps of latent thinking
2025-10-27 10:42:38,826 - GPU-2 - DEBUG -       [Latent] Step 1/1
2025-10-27 10:42:38,980 - GPU-2 - DEBUG -       [After Latent Recursive] 2 tokens unmasked
2025-10-27 10:42:38,980 - GPU-2 - INFO -   [Cycle 11]
2025-10-27 10:42:38,980 - GPU-2 - DEBUG -     [Latent Recursive] Starting 1 steps of latent thinking
2025-10-27 10:42:39,025 - GPU-2 - DEBUG -       [Latent] Step 1/1
2025-10-27 10:42:39,178 - GPU-2 - DEBUG -       [After Latent Recursive] 2 tokens unmasked
2025-10-27 10:42:39,178 - GPU-2 - INFO -   [Cycle 12]
2025-10-27 10:42:39,178 - GPU-2 - DEBUG -     [Latent Recursive] Starting 1 steps of latent thinking
2025-10-27 10:42:39,223 - GPU-2 - DEBUG -       [Latent] Step 1/1
2025-10-27 10:42:39,376 - GPU-2 - DEBUG -       [After Latent Recursive] 2 tokens unmasked
2025-10-27 10:42:39,376 - GPU-2 - INFO -   [Cycle 13]
2025-10-27 10:42:39,376 - GPU-2 - DEBUG -     [Latent Recursive] Starting 1 steps of latent thinking
2025-10-27 10:42:39,421 - GPU-2 - DEBUG -       [Latent] Step 1/1
2025-10-27 10:42:39,574 - GPU-2 - DEBUG -       [After Latent Recursive] 2 tokens unmasked
2025-10-27 10:42:39,574 - GPU-2 - INFO -   [Cycle 14]
2025-10-27 10:42:39,575 - GPU-2 - DEBUG -     [Latent Recursive] Starting 1 steps of latent thinking
2025-10-27 10:42:39,619 - GPU-2 - DEBUG -       [Latent] Step 1/1
2025-10-27 10:42:39,773 - GPU-2 - DEBUG -       [After Latent Recursive] 2 tokens unmasked
2025-10-27 10:42:39,773 - GPU-2 - INFO -   [Cycle 15]
2025-10-27 10:42:39,773 - GPU-2 - DEBUG -     [Latent Recursive] Starting 1 steps of latent thinking
2025-10-27 10:42:39,818 - GPU-2 - DEBUG -       [Latent] Step 1/1
2025-10-27 10:42:39,971 - GPU-2 - DEBUG -       [After Latent Recursive] 2 tokens unmasked
2025-10-27 10:42:39,971 - GPU-2 - INFO - [Block 16/16] Processing tokens 542-574
2025-10-27 10:42:39,971 - GPU-2 - DEBUG - [Block 15] Before forward: use_cache=True, x.shape=torch.Size([1, 574])
2025-10-27 10:42:39,972 - GPU-2 - DEBUG - [Block 15] Model type: LLaDAModelLM
2025-10-27 10:42:39,972 - GPU-2 - DEBUG - [Block 15] Model config use_cache: True
2025-10-27 10:42:39,994 - GPU-2 - DEBUG - [Block 15] After forward: pkv is None? False
2025-10-27 10:42:39,994 - GPU-2 - DEBUG - [Block 15] out type: CausalLMOutputWithPast
2025-10-27 10:42:39,994 - GPU-2 - DEBUG - [Block 15] pkv type: <class 'list'>, len: 32
2025-10-27 10:42:39,994 - GPU-2 - DEBUG - [Block 15] pkv[0] type: <class 'tuple'>, len: 2
2025-10-27 10:42:39,994 - GPU-2 - DEBUG - [Block 15] pkv[0][0].shape: torch.Size([1, 32, 574, 128])
2025-10-27 10:42:40,082 - GPU-2 - INFO -   [Initial Forward] 2 tokens unmasked
2025-10-27 10:42:40,082 - GPU-2 - INFO -   [Cycle 1]
2025-10-27 10:42:40,082 - GPU-2 - DEBUG -     [Latent Recursive] Starting 1 steps of latent thinking
2025-10-27 10:42:40,127 - GPU-2 - DEBUG -       [Latent] Step 1/1
2025-10-27 10:42:40,280 - GPU-2 - DEBUG -       [After Latent Recursive] 2 tokens unmasked
2025-10-27 10:42:40,280 - GPU-2 - INFO -   [Cycle 2]
2025-10-27 10:42:40,280 - GPU-2 - DEBUG -     [Latent Recursive] Starting 1 steps of latent thinking
2025-10-27 10:42:40,325 - GPU-2 - DEBUG -       [Latent] Step 1/1
2025-10-27 10:42:40,478 - GPU-2 - DEBUG -       [After Latent Recursive] 2 tokens unmasked
2025-10-27 10:42:40,478 - GPU-2 - INFO -   [Cycle 3]
2025-10-27 10:42:40,478 - GPU-2 - DEBUG -     [Latent Recursive] Starting 1 steps of latent thinking
2025-10-27 10:42:40,523 - GPU-2 - DEBUG -       [Latent] Step 1/1
2025-10-27 10:42:40,676 - GPU-2 - DEBUG -       [After Latent Recursive] 2 tokens unmasked
2025-10-27 10:42:40,676 - GPU-2 - INFO -   [Cycle 4]
2025-10-27 10:42:40,676 - GPU-2 - DEBUG -     [Latent Recursive] Starting 1 steps of latent thinking
2025-10-27 10:42:40,721 - GPU-2 - DEBUG -       [Latent] Step 1/1
2025-10-27 10:42:40,873 - GPU-2 - DEBUG -       [After Latent Recursive] 2 tokens unmasked
2025-10-27 10:42:40,874 - GPU-2 - INFO -   [Cycle 5]
2025-10-27 10:42:40,874 - GPU-2 - DEBUG -     [Latent Recursive] Starting 1 steps of latent thinking
2025-10-27 10:42:40,919 - GPU-2 - DEBUG -       [Latent] Step 1/1
2025-10-27 10:42:41,071 - GPU-2 - DEBUG -       [After Latent Recursive] 2 tokens unmasked
2025-10-27 10:42:41,072 - GPU-2 - INFO -   [Cycle 6]
2025-10-27 10:42:41,072 - GPU-2 - DEBUG -     [Latent Recursive] Starting 1 steps of latent thinking
2025-10-27 10:42:41,117 - GPU-2 - DEBUG -       [Latent] Step 1/1
2025-10-27 10:42:41,269 - GPU-2 - DEBUG -       [After Latent Recursive] 2 tokens unmasked
2025-10-27 10:42:41,270 - GPU-2 - INFO -   [Cycle 7]
2025-10-27 10:42:41,270 - GPU-2 - DEBUG -     [Latent Recursive] Starting 1 steps of latent thinking
2025-10-27 10:42:41,315 - GPU-2 - DEBUG -       [Latent] Step 1/1
2025-10-27 10:42:41,468 - GPU-2 - DEBUG -       [After Latent Recursive] 2 tokens unmasked
2025-10-27 10:42:41,468 - GPU-2 - INFO -   [Cycle 8]
2025-10-27 10:42:41,468 - GPU-2 - DEBUG -     [Latent Recursive] Starting 1 steps of latent thinking
2025-10-27 10:42:41,513 - GPU-2 - DEBUG -       [Latent] Step 1/1
2025-10-27 10:42:41,665 - GPU-2 - DEBUG -       [After Latent Recursive] 2 tokens unmasked
2025-10-27 10:42:41,666 - GPU-2 - INFO -   [Cycle 9]
2025-10-27 10:42:41,666 - GPU-2 - DEBUG -     [Latent Recursive] Starting 1 steps of latent thinking
2025-10-27 10:42:41,710 - GPU-2 - DEBUG -       [Latent] Step 1/1
2025-10-27 10:42:41,863 - GPU-2 - DEBUG -       [After Latent Recursive] 2 tokens unmasked
2025-10-27 10:42:41,863 - GPU-2 - INFO -   [Cycle 10]
2025-10-27 10:42:41,863 - GPU-2 - DEBUG -     [Latent Recursive] Starting 1 steps of latent thinking
2025-10-27 10:42:41,908 - GPU-2 - DEBUG -       [Latent] Step 1/1
2025-10-27 10:42:42,061 - GPU-2 - DEBUG -       [After Latent Recursive] 2 tokens unmasked
2025-10-27 10:42:42,062 - GPU-2 - INFO -   [Cycle 11]
2025-10-27 10:42:42,062 - GPU-2 - DEBUG -     [Latent Recursive] Starting 1 steps of latent thinking
2025-10-27 10:42:42,106 - GPU-2 - DEBUG -       [Latent] Step 1/1
2025-10-27 10:42:42,259 - GPU-2 - DEBUG -       [After Latent Recursive] 2 tokens unmasked
2025-10-27 10:42:42,259 - GPU-2 - INFO -   [Cycle 12]
2025-10-27 10:42:42,259 - GPU-2 - DEBUG -     [Latent Recursive] Starting 1 steps of latent thinking
2025-10-27 10:42:42,304 - GPU-2 - DEBUG -       [Latent] Step 1/1
2025-10-27 10:42:42,457 - GPU-2 - DEBUG -       [After Latent Recursive] 2 tokens unmasked
2025-10-27 10:42:42,457 - GPU-2 - INFO -   [Cycle 13]
2025-10-27 10:42:42,457 - GPU-2 - DEBUG -     [Latent Recursive] Starting 1 steps of latent thinking
2025-10-27 10:42:42,502 - GPU-2 - DEBUG -       [Latent] Step 1/1
2025-10-27 10:42:42,654 - GPU-2 - DEBUG -       [After Latent Recursive] 2 tokens unmasked
2025-10-27 10:42:42,655 - GPU-2 - INFO -   [Cycle 14]
2025-10-27 10:42:42,655 - GPU-2 - DEBUG -     [Latent Recursive] Starting 1 steps of latent thinking
2025-10-27 10:42:42,700 - GPU-2 - DEBUG -       [Latent] Step 1/1
2025-10-27 10:42:42,852 - GPU-2 - DEBUG -       [After Latent Recursive] 2 tokens unmasked
2025-10-27 10:42:42,853 - GPU-2 - INFO -   [Cycle 15]
2025-10-27 10:42:42,853 - GPU-2 - DEBUG -     [Latent Recursive] Starting 1 steps of latent thinking
2025-10-27 10:42:42,897 - GPU-2 - DEBUG -       [Latent] Step 1/1
2025-10-27 10:42:43,050 - GPU-2 - DEBUG -       [After Latent Recursive] 2 tokens unmasked
2025-10-27 10:45:18,324 - GPU-2 - INFO - [GPU 2] Loaded freeze config from metadata.json: freeze_first_half_layers=False, trainable_layer_start_idx=0
2025-10-27 10:45:18,562 - GPU-2 - INFO - === Starting generate_with_prefix_cache ===
2025-10-27 10:45:18,562 - GPU-2 - INFO - use_cache=True, R=1, N=1
2025-10-27 10:45:18,566 - GPU-2 - INFO - [Block 1/16] Processing tokens 109-141
2025-10-27 10:45:18,566 - GPU-2 - DEBUG - [Block 0] Before forward: use_cache=True, x.shape=torch.Size([1, 621])
2025-10-27 10:45:18,566 - GPU-2 - DEBUG - [Block 0] Model type: LLaDAModelLM
2025-10-27 10:45:18,566 - GPU-2 - DEBUG - [Block 0] Model config use_cache: True
2025-10-27 10:45:18,865 - GPU-2 - DEBUG - [Block 0] After forward: pkv is None? False
2025-10-27 10:45:18,866 - GPU-2 - DEBUG - [Block 0] out type: CausalLMOutputWithPast
2025-10-27 10:45:18,866 - GPU-2 - DEBUG - [Block 0] pkv type: <class 'list'>, len: 32
2025-10-27 10:45:18,866 - GPU-2 - DEBUG - [Block 0] pkv[0] type: <class 'tuple'>, len: 2
2025-10-27 10:45:18,866 - GPU-2 - DEBUG - [Block 0] pkv[0][0].shape: torch.Size([1, 32, 621, 128])
2025-10-27 10:45:18,953 - GPU-2 - INFO -   [Initial Forward] 1 tokens unmasked
2025-10-27 10:45:18,954 - GPU-2 - INFO -   [Cycle 1]
2025-10-27 10:45:18,954 - GPU-2 - DEBUG -     [Latent Recursive] Starting 1 steps of latent thinking
2025-10-27 10:45:19,060 - GPU-2 - DEBUG -       [Latent] Step 1/1
2025-10-27 10:45:19,247 - GPU-2 - DEBUG -       [After Latent Recursive] 1 tokens unmasked
2025-10-27 10:45:19,248 - GPU-2 - INFO -   [Cycle 2]
2025-10-27 10:45:19,248 - GPU-2 - DEBUG -     [Latent Recursive] Starting 1 steps of latent thinking
2025-10-27 10:45:19,296 - GPU-2 - DEBUG -       [Latent] Step 1/1
2025-10-27 10:45:19,483 - GPU-2 - DEBUG -       [After Latent Recursive] 1 tokens unmasked
2025-10-27 10:45:19,484 - GPU-2 - INFO -   [Cycle 3]
2025-10-27 10:45:19,484 - GPU-2 - DEBUG -     [Latent Recursive] Starting 1 steps of latent thinking
2025-10-27 10:45:19,532 - GPU-2 - DEBUG -       [Latent] Step 1/1
2025-10-27 10:45:19,719 - GPU-2 - DEBUG -       [After Latent Recursive] 1 tokens unmasked
2025-10-27 10:45:19,720 - GPU-2 - INFO -   [Cycle 4]
2025-10-27 10:45:19,720 - GPU-2 - DEBUG -     [Latent Recursive] Starting 1 steps of latent thinking
2025-10-27 10:45:19,768 - GPU-2 - DEBUG -       [Latent] Step 1/1
2025-10-27 10:45:19,954 - GPU-2 - DEBUG -       [After Latent Recursive] 1 tokens unmasked
2025-10-27 10:45:19,954 - GPU-2 - INFO -   [Cycle 5]
2025-10-27 10:45:19,955 - GPU-2 - DEBUG -     [Latent Recursive] Starting 1 steps of latent thinking
2025-10-27 10:45:20,003 - GPU-2 - DEBUG -       [Latent] Step 1/1
2025-10-27 10:45:20,190 - GPU-2 - DEBUG -       [After Latent Recursive] 1 tokens unmasked
2025-10-27 10:45:20,191 - GPU-2 - INFO -   [Cycle 6]
2025-10-27 10:45:20,191 - GPU-2 - DEBUG -     [Latent Recursive] Starting 1 steps of latent thinking
2025-10-27 10:45:20,239 - GPU-2 - DEBUG -       [Latent] Step 1/1
2025-10-27 10:45:20,428 - GPU-2 - DEBUG -       [After Latent Recursive] 1 tokens unmasked
2025-10-27 10:45:20,428 - GPU-2 - INFO -   [Cycle 7]
2025-10-27 10:45:20,428 - GPU-2 - DEBUG -     [Latent Recursive] Starting 1 steps of latent thinking
2025-10-27 10:45:20,476 - GPU-2 - DEBUG -       [Latent] Step 1/1
2025-10-27 10:45:20,664 - GPU-2 - DEBUG -       [After Latent Recursive] 1 tokens unmasked
2025-10-27 10:45:20,664 - GPU-2 - INFO -   [Cycle 8]
2025-10-27 10:45:20,665 - GPU-2 - DEBUG -     [Latent Recursive] Starting 1 steps of latent thinking
2025-10-27 10:45:20,713 - GPU-2 - DEBUG -       [Latent] Step 1/1
2025-10-27 10:45:20,899 - GPU-2 - DEBUG -       [After Latent Recursive] 1 tokens unmasked
2025-10-27 10:45:20,899 - GPU-2 - INFO -   [Cycle 9]
2025-10-27 10:45:20,899 - GPU-2 - DEBUG -     [Latent Recursive] Starting 1 steps of latent thinking
2025-10-27 10:45:20,948 - GPU-2 - DEBUG -       [Latent] Step 1/1
2025-10-27 10:45:21,133 - GPU-2 - DEBUG -       [After Latent Recursive] 1 tokens unmasked
2025-10-27 10:45:21,134 - GPU-2 - INFO -   [Cycle 10]
2025-10-27 10:45:21,134 - GPU-2 - DEBUG -     [Latent Recursive] Starting 1 steps of latent thinking
2025-10-27 10:45:21,182 - GPU-2 - DEBUG -       [Latent] Step 1/1
2025-10-27 10:45:21,368 - GPU-2 - DEBUG -       [After Latent Recursive] 1 tokens unmasked
2025-10-27 10:45:21,368 - GPU-2 - INFO -   [Cycle 11]
2025-10-27 10:45:21,369 - GPU-2 - DEBUG -     [Latent Recursive] Starting 1 steps of latent thinking
2025-10-27 10:45:21,417 - GPU-2 - DEBUG -       [Latent] Step 1/1
2025-10-27 10:45:21,602 - GPU-2 - DEBUG -       [After Latent Recursive] 1 tokens unmasked
2025-10-27 10:45:21,603 - GPU-2 - INFO -   [Cycle 12]
2025-10-27 10:45:21,603 - GPU-2 - DEBUG -     [Latent Recursive] Starting 1 steps of latent thinking
2025-10-27 10:45:21,651 - GPU-2 - DEBUG -       [Latent] Step 1/1
2025-10-27 10:45:21,837 - GPU-2 - DEBUG -       [After Latent Recursive] 1 tokens unmasked
2025-10-27 10:45:21,837 - GPU-2 - INFO -   [Cycle 13]
2025-10-27 10:45:21,837 - GPU-2 - DEBUG -     [Latent Recursive] Starting 1 steps of latent thinking
2025-10-27 10:45:21,885 - GPU-2 - DEBUG -       [Latent] Step 1/1
2025-10-27 10:45:22,071 - GPU-2 - DEBUG -       [After Latent Recursive] 1 tokens unmasked
2025-10-27 10:45:22,072 - GPU-2 - INFO -   [Cycle 14]
2025-10-27 10:45:22,072 - GPU-2 - DEBUG -     [Latent Recursive] Starting 1 steps of latent thinking
2025-10-27 10:45:22,120 - GPU-2 - DEBUG -       [Latent] Step 1/1
2025-10-27 10:45:22,306 - GPU-2 - DEBUG -       [After Latent Recursive] 1 tokens unmasked
2025-10-27 10:45:22,306 - GPU-2 - INFO -   [Cycle 15]
2025-10-27 10:45:22,306 - GPU-2 - DEBUG -     [Latent Recursive] Starting 1 steps of latent thinking
2025-10-27 10:45:22,354 - GPU-2 - DEBUG -       [Latent] Step 1/1
2025-10-27 10:45:22,540 - GPU-2 - DEBUG -       [After Latent Recursive] 1 tokens unmasked
2025-10-27 10:45:22,540 - GPU-2 - INFO -   [Cycle 16]
2025-10-27 10:45:22,540 - GPU-2 - DEBUG -     [Latent Recursive] Starting 1 steps of latent thinking
2025-10-27 10:45:22,589 - GPU-2 - DEBUG -       [Latent] Step 1/1
2025-10-27 10:45:22,774 - GPU-2 - DEBUG -       [After Latent Recursive] 1 tokens unmasked
2025-10-27 10:45:22,775 - GPU-2 - INFO -   [Cycle 17]
2025-10-27 10:45:22,775 - GPU-2 - DEBUG -     [Latent Recursive] Starting 1 steps of latent thinking
2025-10-27 10:45:22,823 - GPU-2 - DEBUG -       [Latent] Step 1/1
2025-10-27 10:45:23,009 - GPU-2 - DEBUG -       [After Latent Recursive] 1 tokens unmasked
2025-10-27 10:45:23,009 - GPU-2 - INFO -   [Cycle 18]
2025-10-27 10:45:23,009 - GPU-2 - DEBUG -     [Latent Recursive] Starting 1 steps of latent thinking
2025-10-27 10:45:23,058 - GPU-2 - DEBUG -       [Latent] Step 1/1
2025-10-27 10:45:23,243 - GPU-2 - DEBUG -       [After Latent Recursive] 1 tokens unmasked
2025-10-27 10:45:23,244 - GPU-2 - INFO -   [Cycle 19]
2025-10-27 10:45:23,244 - GPU-2 - DEBUG -     [Latent Recursive] Starting 1 steps of latent thinking
2025-10-27 10:45:23,292 - GPU-2 - DEBUG -       [Latent] Step 1/1
2025-10-27 10:45:23,478 - GPU-2 - DEBUG -       [After Latent Recursive] 1 tokens unmasked
2025-10-27 10:45:23,478 - GPU-2 - INFO -   [Cycle 20]
2025-10-27 10:45:23,478 - GPU-2 - DEBUG -     [Latent Recursive] Starting 1 steps of latent thinking
2025-10-27 10:45:23,527 - GPU-2 - DEBUG -       [Latent] Step 1/1
2025-10-27 10:45:23,712 - GPU-2 - DEBUG -       [After Latent Recursive] 1 tokens unmasked
2025-10-27 10:45:23,712 - GPU-2 - INFO -   [Cycle 21]
2025-10-27 10:45:23,713 - GPU-2 - DEBUG -     [Latent Recursive] Starting 1 steps of latent thinking
2025-10-27 10:45:23,761 - GPU-2 - DEBUG -       [Latent] Step 1/1
2025-10-27 10:45:23,947 - GPU-2 - DEBUG -       [After Latent Recursive] 1 tokens unmasked
2025-10-27 10:45:23,947 - GPU-2 - INFO -   [Cycle 22]
2025-10-27 10:45:23,947 - GPU-2 - DEBUG -     [Latent Recursive] Starting 1 steps of latent thinking
2025-10-27 10:45:23,995 - GPU-2 - DEBUG -       [Latent] Step 1/1
2025-10-27 10:45:24,181 - GPU-2 - DEBUG -       [After Latent Recursive] 1 tokens unmasked
2025-10-27 10:45:24,182 - GPU-2 - INFO -   [Cycle 23]
2025-10-27 10:45:24,182 - GPU-2 - DEBUG -     [Latent Recursive] Starting 1 steps of latent thinking
2025-10-27 10:45:24,230 - GPU-2 - DEBUG -       [Latent] Step 1/1
2025-10-27 10:45:24,416 - GPU-2 - DEBUG -       [After Latent Recursive] 1 tokens unmasked
2025-10-27 10:45:24,416 - GPU-2 - INFO -   [Cycle 24]
2025-10-27 10:45:24,416 - GPU-2 - DEBUG -     [Latent Recursive] Starting 1 steps of latent thinking
2025-10-27 10:45:24,464 - GPU-2 - DEBUG -       [Latent] Step 1/1
2025-10-27 10:45:24,650 - GPU-2 - DEBUG -       [After Latent Recursive] 1 tokens unmasked
2025-10-27 10:45:24,651 - GPU-2 - INFO -   [Cycle 25]
2025-10-27 10:45:24,651 - GPU-2 - DEBUG -     [Latent Recursive] Starting 1 steps of latent thinking
2025-10-27 10:45:24,699 - GPU-2 - DEBUG -       [Latent] Step 1/1
2025-10-27 10:45:24,884 - GPU-2 - DEBUG -       [After Latent Recursive] 1 tokens unmasked
2025-10-27 10:45:24,885 - GPU-2 - INFO -   [Cycle 26]
2025-10-27 10:45:24,885 - GPU-2 - DEBUG -     [Latent Recursive] Starting 1 steps of latent thinking
2025-10-27 10:45:24,933 - GPU-2 - DEBUG -       [Latent] Step 1/1
2025-10-27 10:45:25,119 - GPU-2 - DEBUG -       [After Latent Recursive] 1 tokens unmasked
2025-10-27 10:45:25,120 - GPU-2 - INFO -   [Cycle 27]
2025-10-27 10:45:25,120 - GPU-2 - DEBUG -     [Latent Recursive] Starting 1 steps of latent thinking
2025-10-27 10:45:25,168 - GPU-2 - DEBUG -       [Latent] Step 1/1
2025-10-27 10:45:25,354 - GPU-2 - DEBUG -       [After Latent Recursive] 1 tokens unmasked
2025-10-27 10:45:25,355 - GPU-2 - INFO -   [Cycle 28]
2025-10-27 10:45:25,355 - GPU-2 - DEBUG -     [Latent Recursive] Starting 1 steps of latent thinking
2025-10-27 10:45:25,403 - GPU-2 - DEBUG -       [Latent] Step 1/1
2025-10-27 10:45:25,589 - GPU-2 - DEBUG -       [After Latent Recursive] 1 tokens unmasked
2025-10-27 10:45:25,589 - GPU-2 - INFO -   [Cycle 29]
2025-10-27 10:45:25,589 - GPU-2 - DEBUG -     [Latent Recursive] Starting 1 steps of latent thinking
2025-10-27 10:45:25,637 - GPU-2 - DEBUG -       [Latent] Step 1/1
2025-10-27 10:45:25,824 - GPU-2 - DEBUG -       [After Latent Recursive] 1 tokens unmasked
2025-10-27 10:45:25,824 - GPU-2 - INFO -   [Cycle 30]
2025-10-27 10:45:25,824 - GPU-2 - DEBUG -     [Latent Recursive] Starting 1 steps of latent thinking
2025-10-27 10:45:25,872 - GPU-2 - DEBUG -       [Latent] Step 1/1
2025-10-27 10:45:26,058 - GPU-2 - DEBUG -       [After Latent Recursive] 1 tokens unmasked
2025-10-27 10:45:26,059 - GPU-2 - INFO -   [Cycle 31]
2025-10-27 10:45:26,059 - GPU-2 - DEBUG -     [Latent Recursive] Starting 1 steps of latent thinking
2025-10-27 10:45:26,107 - GPU-2 - DEBUG -       [Latent] Step 1/1
2025-10-27 10:45:26,293 - GPU-2 - DEBUG -       [After Latent Recursive] 1 tokens unmasked
2025-10-27 10:45:26,293 - GPU-2 - INFO - [Block 2/16] Processing tokens 141-173
2025-10-27 10:45:26,293 - GPU-2 - DEBUG - [Block 1] Before forward: use_cache=True, x.shape=torch.Size([1, 621])
2025-10-27 10:45:26,294 - GPU-2 - DEBUG - [Block 1] Model type: LLaDAModelLM
2025-10-27 10:45:26,294 - GPU-2 - DEBUG - [Block 1] Model config use_cache: True
2025-10-27 10:45:26,317 - GPU-2 - DEBUG - [Block 1] After forward: pkv is None? False
2025-10-27 10:45:26,318 - GPU-2 - DEBUG - [Block 1] out type: CausalLMOutputWithPast
2025-10-27 10:45:26,318 - GPU-2 - DEBUG - [Block 1] pkv type: <class 'list'>, len: 32
2025-10-27 10:45:26,318 - GPU-2 - DEBUG - [Block 1] pkv[0] type: <class 'tuple'>, len: 2
2025-10-27 10:45:26,318 - GPU-2 - DEBUG - [Block 1] pkv[0][0].shape: torch.Size([1, 32, 621, 128])
2025-10-27 10:45:26,410 - GPU-2 - INFO -   [Initial Forward] 1 tokens unmasked
2025-10-27 10:45:26,411 - GPU-2 - INFO -   [Cycle 1]
2025-10-27 10:45:26,411 - GPU-2 - DEBUG -     [Latent Recursive] Starting 1 steps of latent thinking
2025-10-27 10:45:26,459 - GPU-2 - DEBUG -       [Latent] Step 1/1
2025-10-27 10:45:26,644 - GPU-2 - DEBUG -       [After Latent Recursive] 1 tokens unmasked
2025-10-27 10:45:26,645 - GPU-2 - INFO -   [Cycle 2]
2025-10-27 10:45:26,645 - GPU-2 - DEBUG -     [Latent Recursive] Starting 1 steps of latent thinking
2025-10-27 10:45:26,693 - GPU-2 - DEBUG -       [Latent] Step 1/1
2025-10-27 10:45:26,878 - GPU-2 - DEBUG -       [After Latent Recursive] 1 tokens unmasked
2025-10-27 10:45:26,878 - GPU-2 - INFO -   [Cycle 3]
2025-10-27 10:45:26,879 - GPU-2 - DEBUG -     [Latent Recursive] Starting 1 steps of latent thinking
2025-10-27 10:45:26,927 - GPU-2 - DEBUG -       [Latent] Step 1/1
2025-10-27 10:45:27,112 - GPU-2 - DEBUG -       [After Latent Recursive] 1 tokens unmasked
2025-10-27 10:45:27,112 - GPU-2 - INFO -   [Cycle 4]
2025-10-27 10:45:27,113 - GPU-2 - DEBUG -     [Latent Recursive] Starting 1 steps of latent thinking
2025-10-27 10:45:27,161 - GPU-2 - DEBUG -       [Latent] Step 1/1
2025-10-27 10:45:27,346 - GPU-2 - DEBUG -       [After Latent Recursive] 1 tokens unmasked
2025-10-27 10:45:27,346 - GPU-2 - INFO -   [Cycle 5]
2025-10-27 10:45:27,346 - GPU-2 - DEBUG -     [Latent Recursive] Starting 1 steps of latent thinking
2025-10-27 10:45:27,395 - GPU-2 - DEBUG -       [Latent] Step 1/1
2025-10-27 10:45:27,579 - GPU-2 - DEBUG -       [After Latent Recursive] 1 tokens unmasked
2025-10-27 10:45:27,580 - GPU-2 - INFO -   [Cycle 6]
2025-10-27 10:45:27,580 - GPU-2 - DEBUG -     [Latent Recursive] Starting 1 steps of latent thinking
2025-10-27 10:45:27,628 - GPU-2 - DEBUG -       [Latent] Step 1/1
2025-10-27 10:45:27,814 - GPU-2 - DEBUG -       [After Latent Recursive] 1 tokens unmasked
2025-10-27 10:45:27,814 - GPU-2 - INFO -   [Cycle 7]
2025-10-27 10:45:27,814 - GPU-2 - DEBUG -     [Latent Recursive] Starting 1 steps of latent thinking
2025-10-27 10:45:27,862 - GPU-2 - DEBUG -       [Latent] Step 1/1
2025-10-27 10:45:28,047 - GPU-2 - DEBUG -       [After Latent Recursive] 1 tokens unmasked
2025-10-27 10:45:28,048 - GPU-2 - INFO -   [Cycle 8]
2025-10-27 10:45:28,048 - GPU-2 - DEBUG -     [Latent Recursive] Starting 1 steps of latent thinking
2025-10-27 10:45:28,096 - GPU-2 - DEBUG -       [Latent] Step 1/1
2025-10-27 10:45:28,281 - GPU-2 - DEBUG -       [After Latent Recursive] 1 tokens unmasked
2025-10-27 10:45:28,281 - GPU-2 - INFO -   [Cycle 9]
2025-10-27 10:45:28,282 - GPU-2 - DEBUG -     [Latent Recursive] Starting 1 steps of latent thinking
2025-10-27 10:45:28,330 - GPU-2 - DEBUG -       [Latent] Step 1/1
2025-10-27 10:45:28,515 - GPU-2 - DEBUG -       [After Latent Recursive] 1 tokens unmasked
2025-10-27 10:45:28,515 - GPU-2 - INFO -   [Cycle 10]
2025-10-27 10:45:28,515 - GPU-2 - DEBUG -     [Latent Recursive] Starting 1 steps of latent thinking
2025-10-27 10:45:28,564 - GPU-2 - DEBUG -       [Latent] Step 1/1
2025-10-27 10:45:28,749 - GPU-2 - DEBUG -       [After Latent Recursive] 1 tokens unmasked
2025-10-27 10:45:28,749 - GPU-2 - INFO -   [Cycle 11]
2025-10-27 10:45:28,749 - GPU-2 - DEBUG -     [Latent Recursive] Starting 1 steps of latent thinking
2025-10-27 10:45:28,797 - GPU-2 - DEBUG -       [Latent] Step 1/1
2025-10-27 10:45:28,983 - GPU-2 - DEBUG -       [After Latent Recursive] 1 tokens unmasked
2025-10-27 10:45:28,983 - GPU-2 - INFO -   [Cycle 12]
2025-10-27 10:45:28,983 - GPU-2 - DEBUG -     [Latent Recursive] Starting 1 steps of latent thinking
2025-10-27 10:45:29,031 - GPU-2 - DEBUG -       [Latent] Step 1/1
2025-10-27 10:45:29,216 - GPU-2 - DEBUG -       [After Latent Recursive] 1 tokens unmasked
2025-10-27 10:45:29,216 - GPU-2 - INFO -   [Cycle 13]
2025-10-27 10:45:29,217 - GPU-2 - DEBUG -     [Latent Recursive] Starting 1 steps of latent thinking
2025-10-27 10:45:29,265 - GPU-2 - DEBUG -       [Latent] Step 1/1
2025-10-27 10:45:29,450 - GPU-2 - DEBUG -       [After Latent Recursive] 1 tokens unmasked
2025-10-27 10:45:29,450 - GPU-2 - INFO -   [Cycle 14]
2025-10-27 10:45:29,450 - GPU-2 - DEBUG -     [Latent Recursive] Starting 1 steps of latent thinking
2025-10-27 10:45:29,499 - GPU-2 - DEBUG -       [Latent] Step 1/1
2025-10-27 10:45:29,684 - GPU-2 - DEBUG -       [After Latent Recursive] 1 tokens unmasked
2025-10-27 10:45:29,684 - GPU-2 - INFO -   [Cycle 15]
2025-10-27 10:45:29,684 - GPU-2 - DEBUG -     [Latent Recursive] Starting 1 steps of latent thinking
2025-10-27 10:45:29,733 - GPU-2 - DEBUG -       [Latent] Step 1/1
2025-10-27 10:45:29,918 - GPU-2 - DEBUG -       [After Latent Recursive] 1 tokens unmasked
2025-10-27 10:45:29,918 - GPU-2 - INFO -   [Cycle 16]
2025-10-27 10:45:29,918 - GPU-2 - DEBUG -     [Latent Recursive] Starting 1 steps of latent thinking
2025-10-27 10:45:29,966 - GPU-2 - DEBUG -       [Latent] Step 1/1
2025-10-27 10:45:30,151 - GPU-2 - DEBUG -       [After Latent Recursive] 1 tokens unmasked
2025-10-27 10:45:30,152 - GPU-2 - INFO -   [Cycle 17]
2025-10-27 10:45:30,152 - GPU-2 - DEBUG -     [Latent Recursive] Starting 1 steps of latent thinking
2025-10-27 10:45:30,200 - GPU-2 - DEBUG -       [Latent] Step 1/1
2025-10-27 10:45:30,385 - GPU-2 - DEBUG -       [After Latent Recursive] 1 tokens unmasked
2025-10-27 10:45:30,386 - GPU-2 - INFO -   [Cycle 18]
2025-10-27 10:45:30,386 - GPU-2 - DEBUG -     [Latent Recursive] Starting 1 steps of latent thinking
2025-10-27 10:45:30,434 - GPU-2 - DEBUG -       [Latent] Step 1/1
2025-10-27 10:45:30,619 - GPU-2 - DEBUG -       [After Latent Recursive] 1 tokens unmasked
2025-10-27 10:45:30,620 - GPU-2 - INFO -   [Cycle 19]
2025-10-27 10:45:30,620 - GPU-2 - DEBUG -     [Latent Recursive] Starting 1 steps of latent thinking
2025-10-27 10:45:30,668 - GPU-2 - DEBUG -       [Latent] Step 1/1
2025-10-27 10:45:30,853 - GPU-2 - DEBUG -       [After Latent Recursive] 1 tokens unmasked
2025-10-27 10:45:30,853 - GPU-2 - INFO -   [Cycle 20]
2025-10-27 10:45:30,854 - GPU-2 - DEBUG -     [Latent Recursive] Starting 1 steps of latent thinking
2025-10-27 10:45:30,902 - GPU-2 - DEBUG -       [Latent] Step 1/1
2025-10-27 10:45:31,087 - GPU-2 - DEBUG -       [After Latent Recursive] 1 tokens unmasked
2025-10-27 10:45:31,087 - GPU-2 - INFO -   [Cycle 21]
2025-10-27 10:45:31,087 - GPU-2 - DEBUG -     [Latent Recursive] Starting 1 steps of latent thinking
2025-10-27 10:45:31,135 - GPU-2 - DEBUG -       [Latent] Step 1/1
2025-10-27 10:45:31,320 - GPU-2 - DEBUG -       [After Latent Recursive] 1 tokens unmasked
2025-10-27 10:45:31,320 - GPU-2 - INFO -   [Cycle 22]
2025-10-27 10:45:31,320 - GPU-2 - DEBUG -     [Latent Recursive] Starting 1 steps of latent thinking
2025-10-27 10:45:31,369 - GPU-2 - DEBUG -       [Latent] Step 1/1
2025-10-27 10:45:31,553 - GPU-2 - DEBUG -       [After Latent Recursive] 1 tokens unmasked
2025-10-27 10:45:31,553 - GPU-2 - INFO -   [Cycle 23]
2025-10-27 10:45:31,553 - GPU-2 - DEBUG -     [Latent Recursive] Starting 1 steps of latent thinking
2025-10-27 10:45:31,602 - GPU-2 - DEBUG -       [Latent] Step 1/1
2025-10-27 10:45:31,787 - GPU-2 - DEBUG -       [After Latent Recursive] 1 tokens unmasked
2025-10-27 10:45:31,787 - GPU-2 - INFO -   [Cycle 24]
2025-10-27 10:45:31,787 - GPU-2 - DEBUG -     [Latent Recursive] Starting 1 steps of latent thinking
2025-10-27 10:45:31,835 - GPU-2 - DEBUG -       [Latent] Step 1/1
2025-10-27 10:45:32,020 - GPU-2 - DEBUG -       [After Latent Recursive] 1 tokens unmasked
2025-10-27 10:45:32,020 - GPU-2 - INFO -   [Cycle 25]
2025-10-27 10:45:32,020 - GPU-2 - DEBUG -     [Latent Recursive] Starting 1 steps of latent thinking
2025-10-27 10:45:32,068 - GPU-2 - DEBUG -       [Latent] Step 1/1
2025-10-27 10:45:32,253 - GPU-2 - DEBUG -       [After Latent Recursive] 1 tokens unmasked
2025-10-27 10:45:32,253 - GPU-2 - INFO -   [Cycle 26]
2025-10-27 10:45:32,253 - GPU-2 - DEBUG -     [Latent Recursive] Starting 1 steps of latent thinking
2025-10-27 10:45:32,302 - GPU-2 - DEBUG -       [Latent] Step 1/1
2025-10-27 10:45:32,486 - GPU-2 - DEBUG -       [After Latent Recursive] 1 tokens unmasked
2025-10-27 10:45:32,487 - GPU-2 - INFO -   [Cycle 27]
2025-10-27 10:45:32,487 - GPU-2 - DEBUG -     [Latent Recursive] Starting 1 steps of latent thinking
2025-10-27 10:45:32,536 - GPU-2 - DEBUG -       [Latent] Step 1/1
2025-10-27 10:45:32,720 - GPU-2 - DEBUG -       [After Latent Recursive] 1 tokens unmasked
2025-10-27 10:45:32,720 - GPU-2 - INFO -   [Cycle 28]
2025-10-27 10:45:32,721 - GPU-2 - DEBUG -     [Latent Recursive] Starting 1 steps of latent thinking
2025-10-27 10:45:32,769 - GPU-2 - DEBUG -       [Latent] Step 1/1
2025-10-27 10:45:32,953 - GPU-2 - DEBUG -       [After Latent Recursive] 1 tokens unmasked
2025-10-27 10:45:32,954 - GPU-2 - INFO -   [Cycle 29]
2025-10-27 10:45:32,954 - GPU-2 - DEBUG -     [Latent Recursive] Starting 1 steps of latent thinking
2025-10-27 10:45:33,003 - GPU-2 - DEBUG -       [Latent] Step 1/1
2025-10-27 10:45:33,187 - GPU-2 - DEBUG -       [After Latent Recursive] 1 tokens unmasked
2025-10-27 10:45:33,188 - GPU-2 - INFO -   [Cycle 30]
2025-10-27 10:45:33,188 - GPU-2 - DEBUG -     [Latent Recursive] Starting 1 steps of latent thinking
2025-10-27 10:45:33,236 - GPU-2 - DEBUG -       [Latent] Step 1/1
2025-10-27 10:45:33,421 - GPU-2 - DEBUG -       [After Latent Recursive] 1 tokens unmasked
2025-10-27 10:45:33,421 - GPU-2 - INFO -   [Cycle 31]
2025-10-27 10:45:33,421 - GPU-2 - DEBUG -     [Latent Recursive] Starting 1 steps of latent thinking
2025-10-27 10:45:33,470 - GPU-2 - DEBUG -       [Latent] Step 1/1
2025-10-27 10:45:33,654 - GPU-2 - DEBUG -       [After Latent Recursive] 1 tokens unmasked
2025-10-27 10:45:33,655 - GPU-2 - INFO - [Block 3/16] Processing tokens 173-205
2025-10-27 10:45:33,655 - GPU-2 - DEBUG - [Block 2] Before forward: use_cache=True, x.shape=torch.Size([1, 621])
2025-10-27 10:45:33,655 - GPU-2 - DEBUG - [Block 2] Model type: LLaDAModelLM
2025-10-27 10:45:33,655 - GPU-2 - DEBUG - [Block 2] Model config use_cache: True
2025-10-27 10:45:33,679 - GPU-2 - DEBUG - [Block 2] After forward: pkv is None? False
2025-10-27 10:45:33,679 - GPU-2 - DEBUG - [Block 2] out type: CausalLMOutputWithPast
2025-10-27 10:45:33,679 - GPU-2 - DEBUG - [Block 2] pkv type: <class 'list'>, len: 32
2025-10-27 10:45:33,679 - GPU-2 - DEBUG - [Block 2] pkv[0] type: <class 'tuple'>, len: 2
2025-10-27 10:45:33,679 - GPU-2 - DEBUG - [Block 2] pkv[0][0].shape: torch.Size([1, 32, 621, 128])
2025-10-27 10:45:33,772 - GPU-2 - INFO -   [Initial Forward] 1 tokens unmasked
2025-10-27 10:45:33,772 - GPU-2 - INFO -   [Cycle 1]
2025-10-27 10:45:33,772 - GPU-2 - DEBUG -     [Latent Recursive] Starting 1 steps of latent thinking
2025-10-27 10:45:33,821 - GPU-2 - DEBUG -       [Latent] Step 1/1
2025-10-27 10:45:34,003 - GPU-2 - DEBUG -       [After Latent Recursive] 1 tokens unmasked
2025-10-27 10:45:34,003 - GPU-2 - INFO -   [Cycle 2]
2025-10-27 10:45:34,004 - GPU-2 - DEBUG -     [Latent Recursive] Starting 1 steps of latent thinking
2025-10-27 10:45:34,052 - GPU-2 - DEBUG -       [Latent] Step 1/1
2025-10-27 10:45:34,234 - GPU-2 - DEBUG -       [After Latent Recursive] 1 tokens unmasked
2025-10-27 10:45:34,234 - GPU-2 - INFO -   [Cycle 3]
2025-10-27 10:45:34,234 - GPU-2 - DEBUG -     [Latent Recursive] Starting 1 steps of latent thinking
2025-10-27 10:45:34,283 - GPU-2 - DEBUG -       [Latent] Step 1/1
2025-10-27 10:45:34,465 - GPU-2 - DEBUG -       [After Latent Recursive] 1 tokens unmasked
2025-10-27 10:45:34,465 - GPU-2 - INFO -   [Cycle 4]
2025-10-27 10:45:34,466 - GPU-2 - DEBUG -     [Latent Recursive] Starting 1 steps of latent thinking
2025-10-27 10:45:34,514 - GPU-2 - DEBUG -       [Latent] Step 1/1
2025-10-27 10:45:34,696 - GPU-2 - DEBUG -       [After Latent Recursive] 1 tokens unmasked
2025-10-27 10:45:34,697 - GPU-2 - INFO -   [Cycle 5]
2025-10-27 10:45:34,697 - GPU-2 - DEBUG -     [Latent Recursive] Starting 1 steps of latent thinking
2025-10-27 10:45:34,745 - GPU-2 - DEBUG -       [Latent] Step 1/1
2025-10-27 10:45:34,927 - GPU-2 - DEBUG -       [After Latent Recursive] 1 tokens unmasked
2025-10-27 10:45:34,927 - GPU-2 - INFO -   [Cycle 6]
2025-10-27 10:45:34,928 - GPU-2 - DEBUG -     [Latent Recursive] Starting 1 steps of latent thinking
2025-10-27 10:45:34,976 - GPU-2 - DEBUG -       [Latent] Step 1/1
2025-10-27 10:45:35,158 - GPU-2 - DEBUG -       [After Latent Recursive] 1 tokens unmasked
2025-10-27 10:45:35,158 - GPU-2 - INFO -   [Cycle 7]
2025-10-27 10:45:35,159 - GPU-2 - DEBUG -     [Latent Recursive] Starting 1 steps of latent thinking
2025-10-27 10:45:35,207 - GPU-2 - DEBUG -       [Latent] Step 1/1
2025-10-27 10:45:35,389 - GPU-2 - DEBUG -       [After Latent Recursive] 1 tokens unmasked
2025-10-27 10:45:35,390 - GPU-2 - INFO -   [Cycle 8]
2025-10-27 10:45:35,390 - GPU-2 - DEBUG -     [Latent Recursive] Starting 1 steps of latent thinking
2025-10-27 10:45:35,438 - GPU-2 - DEBUG -       [Latent] Step 1/1
2025-10-27 10:45:35,621 - GPU-2 - DEBUG -       [After Latent Recursive] 1 tokens unmasked
2025-10-27 10:45:35,621 - GPU-2 - INFO -   [Cycle 9]
2025-10-27 10:45:35,621 - GPU-2 - DEBUG -     [Latent Recursive] Starting 1 steps of latent thinking
2025-10-27 10:45:35,670 - GPU-2 - DEBUG -       [Latent] Step 1/1
2025-10-27 10:45:35,852 - GPU-2 - DEBUG -       [After Latent Recursive] 1 tokens unmasked
2025-10-27 10:45:35,853 - GPU-2 - INFO -   [Cycle 10]
2025-10-27 10:45:35,853 - GPU-2 - DEBUG -     [Latent Recursive] Starting 1 steps of latent thinking
2025-10-27 10:45:35,901 - GPU-2 - DEBUG -       [Latent] Step 1/1
2025-10-27 10:45:36,084 - GPU-2 - DEBUG -       [After Latent Recursive] 1 tokens unmasked
2025-10-27 10:45:36,084 - GPU-2 - INFO -   [Cycle 11]
2025-10-27 10:45:36,084 - GPU-2 - DEBUG -     [Latent Recursive] Starting 1 steps of latent thinking
2025-10-27 10:45:36,132 - GPU-2 - DEBUG -       [Latent] Step 1/1
2025-10-27 10:45:36,315 - GPU-2 - DEBUG -       [After Latent Recursive] 1 tokens unmasked
2025-10-27 10:45:36,315 - GPU-2 - INFO -   [Cycle 12]
2025-10-27 10:45:36,315 - GPU-2 - DEBUG -     [Latent Recursive] Starting 1 steps of latent thinking
2025-10-27 10:45:36,364 - GPU-2 - DEBUG -       [Latent] Step 1/1
2025-10-27 10:45:36,546 - GPU-2 - DEBUG -       [After Latent Recursive] 1 tokens unmasked
2025-10-27 10:45:36,547 - GPU-2 - INFO -   [Cycle 13]
2025-10-27 10:45:36,547 - GPU-2 - DEBUG -     [Latent Recursive] Starting 1 steps of latent thinking
2025-10-27 10:45:36,595 - GPU-2 - DEBUG -       [Latent] Step 1/1
2025-10-27 10:45:36,778 - GPU-2 - DEBUG -       [After Latent Recursive] 1 tokens unmasked
2025-10-27 10:45:36,778 - GPU-2 - INFO -   [Cycle 14]
2025-10-27 10:45:36,778 - GPU-2 - DEBUG -     [Latent Recursive] Starting 1 steps of latent thinking
2025-10-27 10:45:36,827 - GPU-2 - DEBUG -       [Latent] Step 1/1
2025-10-27 10:45:37,010 - GPU-2 - DEBUG -       [After Latent Recursive] 1 tokens unmasked
2025-10-27 10:45:37,010 - GPU-2 - INFO -   [Cycle 15]
2025-10-27 10:45:37,010 - GPU-2 - DEBUG -     [Latent Recursive] Starting 1 steps of latent thinking
2025-10-27 10:45:37,059 - GPU-2 - DEBUG -       [Latent] Step 1/1
2025-10-27 10:45:37,242 - GPU-2 - DEBUG -       [After Latent Recursive] 1 tokens unmasked
2025-10-27 10:45:37,242 - GPU-2 - INFO -   [Cycle 16]
2025-10-27 10:45:37,242 - GPU-2 - DEBUG -     [Latent Recursive] Starting 1 steps of latent thinking
2025-10-27 10:45:37,291 - GPU-2 - DEBUG -       [Latent] Step 1/1
2025-10-27 10:45:37,475 - GPU-2 - DEBUG -       [After Latent Recursive] 1 tokens unmasked
2025-10-27 10:45:37,476 - GPU-2 - INFO -   [Cycle 17]
2025-10-27 10:45:37,476 - GPU-2 - DEBUG -     [Latent Recursive] Starting 1 steps of latent thinking
2025-10-27 10:45:37,524 - GPU-2 - DEBUG -       [Latent] Step 1/1
2025-10-27 10:45:37,708 - GPU-2 - DEBUG -       [After Latent Recursive] 1 tokens unmasked
2025-10-27 10:45:37,708 - GPU-2 - INFO -   [Cycle 18]
2025-10-27 10:45:37,708 - GPU-2 - DEBUG -     [Latent Recursive] Starting 1 steps of latent thinking
2025-10-27 10:45:37,756 - GPU-2 - DEBUG -       [Latent] Step 1/1
2025-10-27 10:45:37,939 - GPU-2 - DEBUG -       [After Latent Recursive] 1 tokens unmasked
2025-10-27 10:45:37,940 - GPU-2 - INFO -   [Cycle 19]
2025-10-27 10:45:37,940 - GPU-2 - DEBUG -     [Latent Recursive] Starting 1 steps of latent thinking
2025-10-27 10:45:37,988 - GPU-2 - DEBUG -       [Latent] Step 1/1
2025-10-27 10:45:38,171 - GPU-2 - DEBUG -       [After Latent Recursive] 1 tokens unmasked
2025-10-27 10:45:38,172 - GPU-2 - INFO -   [Cycle 20]
2025-10-27 10:45:38,172 - GPU-2 - DEBUG -     [Latent Recursive] Starting 1 steps of latent thinking
2025-10-27 10:45:38,220 - GPU-2 - DEBUG -       [Latent] Step 1/1
2025-10-27 10:45:38,403 - GPU-2 - DEBUG -       [After Latent Recursive] 1 tokens unmasked
2025-10-27 10:45:38,404 - GPU-2 - INFO -   [Cycle 21]
2025-10-27 10:45:38,404 - GPU-2 - DEBUG -     [Latent Recursive] Starting 1 steps of latent thinking
2025-10-27 10:45:38,452 - GPU-2 - DEBUG -       [Latent] Step 1/1
2025-10-27 10:45:38,635 - GPU-2 - DEBUG -       [After Latent Recursive] 1 tokens unmasked
2025-10-27 10:45:38,636 - GPU-2 - INFO -   [Cycle 22]
2025-10-27 10:45:38,636 - GPU-2 - DEBUG -     [Latent Recursive] Starting 1 steps of latent thinking
2025-10-27 10:45:38,685 - GPU-2 - DEBUG -       [Latent] Step 1/1
2025-10-27 10:45:38,869 - GPU-2 - DEBUG -       [After Latent Recursive] 1 tokens unmasked
2025-10-27 10:45:38,870 - GPU-2 - INFO -   [Cycle 23]
2025-10-27 10:45:38,870 - GPU-2 - DEBUG -     [Latent Recursive] Starting 1 steps of latent thinking
2025-10-27 10:45:38,918 - GPU-2 - DEBUG -       [Latent] Step 1/1
2025-10-27 10:45:39,101 - GPU-2 - DEBUG -       [After Latent Recursive] 1 tokens unmasked
2025-10-27 10:45:39,102 - GPU-2 - INFO -   [Cycle 24]
2025-10-27 10:45:39,102 - GPU-2 - DEBUG -     [Latent Recursive] Starting 1 steps of latent thinking
2025-10-27 10:45:39,150 - GPU-2 - DEBUG -       [Latent] Step 1/1
2025-10-27 10:45:39,333 - GPU-2 - DEBUG -       [After Latent Recursive] 1 tokens unmasked
2025-10-27 10:45:39,334 - GPU-2 - INFO -   [Cycle 25]
2025-10-27 10:45:39,334 - GPU-2 - DEBUG -     [Latent Recursive] Starting 1 steps of latent thinking
2025-10-27 10:45:39,383 - GPU-2 - DEBUG -       [Latent] Step 1/1
2025-10-27 10:45:39,567 - GPU-2 - DEBUG -       [After Latent Recursive] 1 tokens unmasked
2025-10-27 10:45:39,568 - GPU-2 - INFO -   [Cycle 26]
2025-10-27 10:45:39,568 - GPU-2 - DEBUG -     [Latent Recursive] Starting 1 steps of latent thinking
2025-10-27 10:45:39,617 - GPU-2 - DEBUG -       [Latent] Step 1/1
2025-10-27 10:45:39,801 - GPU-2 - DEBUG -       [After Latent Recursive] 1 tokens unmasked
2025-10-27 10:45:39,801 - GPU-2 - INFO -   [Cycle 27]
2025-10-27 10:45:39,802 - GPU-2 - DEBUG -     [Latent Recursive] Starting 1 steps of latent thinking
2025-10-27 10:45:39,850 - GPU-2 - DEBUG -       [Latent] Step 1/1
2025-10-27 10:45:40,034 - GPU-2 - DEBUG -       [After Latent Recursive] 1 tokens unmasked
2025-10-27 10:45:40,034 - GPU-2 - INFO -   [Cycle 28]
2025-10-27 10:45:40,034 - GPU-2 - DEBUG -     [Latent Recursive] Starting 1 steps of latent thinking
2025-10-27 10:45:40,083 - GPU-2 - DEBUG -       [Latent] Step 1/1
2025-10-27 10:45:40,266 - GPU-2 - DEBUG -       [After Latent Recursive] 1 tokens unmasked
2025-10-27 10:45:40,266 - GPU-2 - INFO -   [Cycle 29]
2025-10-27 10:45:40,266 - GPU-2 - DEBUG -     [Latent Recursive] Starting 1 steps of latent thinking
2025-10-27 10:45:40,315 - GPU-2 - DEBUG -       [Latent] Step 1/1
2025-10-27 10:45:40,498 - GPU-2 - DEBUG -       [After Latent Recursive] 1 tokens unmasked
2025-10-27 10:45:40,498 - GPU-2 - INFO -   [Cycle 30]
2025-10-27 10:45:40,498 - GPU-2 - DEBUG -     [Latent Recursive] Starting 1 steps of latent thinking
2025-10-27 10:45:40,547 - GPU-2 - DEBUG -       [Latent] Step 1/1
2025-10-27 10:45:40,729 - GPU-2 - DEBUG -       [After Latent Recursive] 1 tokens unmasked
2025-10-27 10:45:40,730 - GPU-2 - INFO -   [Cycle 31]
2025-10-27 10:45:40,730 - GPU-2 - DEBUG -     [Latent Recursive] Starting 1 steps of latent thinking
2025-10-27 10:45:40,778 - GPU-2 - DEBUG -       [Latent] Step 1/1
2025-10-27 10:45:40,962 - GPU-2 - DEBUG -       [After Latent Recursive] 1 tokens unmasked
2025-10-27 10:45:40,962 - GPU-2 - INFO - [Block 4/16] Processing tokens 205-237
2025-10-27 10:45:40,962 - GPU-2 - DEBUG - [Block 3] Before forward: use_cache=True, x.shape=torch.Size([1, 621])
2025-10-27 10:45:40,963 - GPU-2 - DEBUG - [Block 3] Model type: LLaDAModelLM
2025-10-27 10:45:40,963 - GPU-2 - DEBUG - [Block 3] Model config use_cache: True
2025-10-27 10:45:40,986 - GPU-2 - DEBUG - [Block 3] After forward: pkv is None? False
2025-10-27 10:45:40,987 - GPU-2 - DEBUG - [Block 3] out type: CausalLMOutputWithPast
2025-10-27 10:45:40,987 - GPU-2 - DEBUG - [Block 3] pkv type: <class 'list'>, len: 32
2025-10-27 10:45:40,987 - GPU-2 - DEBUG - [Block 3] pkv[0] type: <class 'tuple'>, len: 2
2025-10-27 10:45:40,987 - GPU-2 - DEBUG - [Block 3] pkv[0][0].shape: torch.Size([1, 32, 621, 128])
2025-10-27 10:45:41,080 - GPU-2 - INFO -   [Initial Forward] 1 tokens unmasked
2025-10-27 10:45:41,080 - GPU-2 - INFO -   [Cycle 1]
2025-10-27 10:45:41,080 - GPU-2 - DEBUG -     [Latent Recursive] Starting 1 steps of latent thinking
2025-10-27 10:45:41,129 - GPU-2 - DEBUG -       [Latent] Step 1/1
2025-10-27 10:45:41,311 - GPU-2 - DEBUG -       [After Latent Recursive] 1 tokens unmasked
2025-10-27 10:45:41,311 - GPU-2 - INFO -   [Cycle 2]
2025-10-27 10:45:41,312 - GPU-2 - DEBUG -     [Latent Recursive] Starting 1 steps of latent thinking
2025-10-27 10:45:41,360 - GPU-2 - DEBUG -       [Latent] Step 1/1
2025-10-27 10:45:41,542 - GPU-2 - DEBUG -       [After Latent Recursive] 1 tokens unmasked
2025-10-27 10:45:41,543 - GPU-2 - INFO -   [Cycle 3]
2025-10-27 10:45:41,543 - GPU-2 - DEBUG -     [Latent Recursive] Starting 1 steps of latent thinking
2025-10-27 10:45:41,591 - GPU-2 - DEBUG -       [Latent] Step 1/1
2025-10-27 10:45:41,774 - GPU-2 - DEBUG -       [After Latent Recursive] 1 tokens unmasked
2025-10-27 10:45:41,774 - GPU-2 - INFO -   [Cycle 4]
2025-10-27 10:45:41,774 - GPU-2 - DEBUG -     [Latent Recursive] Starting 1 steps of latent thinking
2025-10-27 10:45:41,823 - GPU-2 - DEBUG -       [Latent] Step 1/1
2025-10-27 10:45:42,005 - GPU-2 - DEBUG -       [After Latent Recursive] 1 tokens unmasked
2025-10-27 10:45:42,005 - GPU-2 - INFO -   [Cycle 5]
2025-10-27 10:45:42,005 - GPU-2 - DEBUG -     [Latent Recursive] Starting 1 steps of latent thinking
2025-10-27 10:45:42,054 - GPU-2 - DEBUG -       [Latent] Step 1/1
2025-10-27 10:45:42,236 - GPU-2 - DEBUG -       [After Latent Recursive] 1 tokens unmasked
2025-10-27 10:45:42,236 - GPU-2 - INFO -   [Cycle 6]
2025-10-27 10:45:42,236 - GPU-2 - DEBUG -     [Latent Recursive] Starting 1 steps of latent thinking
2025-10-27 10:45:42,285 - GPU-2 - DEBUG -       [Latent] Step 1/1
2025-10-27 10:45:42,467 - GPU-2 - DEBUG -       [After Latent Recursive] 1 tokens unmasked
2025-10-27 10:45:42,468 - GPU-2 - INFO -   [Cycle 7]
2025-10-27 10:45:42,468 - GPU-2 - DEBUG -     [Latent Recursive] Starting 1 steps of latent thinking
2025-10-27 10:45:42,516 - GPU-2 - DEBUG -       [Latent] Step 1/1
2025-10-27 10:45:42,698 - GPU-2 - DEBUG -       [After Latent Recursive] 1 tokens unmasked
2025-10-27 10:45:42,699 - GPU-2 - INFO -   [Cycle 8]
2025-10-27 10:45:42,699 - GPU-2 - DEBUG -     [Latent Recursive] Starting 1 steps of latent thinking
2025-10-27 10:45:42,748 - GPU-2 - DEBUG -       [Latent] Step 1/1
2025-10-27 10:45:42,930 - GPU-2 - DEBUG -       [After Latent Recursive] 1 tokens unmasked
2025-10-27 10:45:42,931 - GPU-2 - INFO -   [Cycle 9]
2025-10-27 10:45:42,931 - GPU-2 - DEBUG -     [Latent Recursive] Starting 1 steps of latent thinking
2025-10-27 10:45:42,979 - GPU-2 - DEBUG -       [Latent] Step 1/1
2025-10-27 10:45:43,162 - GPU-2 - DEBUG -       [After Latent Recursive] 1 tokens unmasked
2025-10-27 10:45:43,162 - GPU-2 - INFO -   [Cycle 10]
2025-10-27 10:45:43,162 - GPU-2 - DEBUG -     [Latent Recursive] Starting 1 steps of latent thinking
2025-10-27 10:45:43,211 - GPU-2 - DEBUG -       [Latent] Step 1/1
2025-10-27 10:45:43,393 - GPU-2 - DEBUG -       [After Latent Recursive] 1 tokens unmasked
2025-10-27 10:45:43,393 - GPU-2 - INFO -   [Cycle 11]
2025-10-27 10:45:43,394 - GPU-2 - DEBUG -     [Latent Recursive] Starting 1 steps of latent thinking
2025-10-27 10:45:43,442 - GPU-2 - DEBUG -       [Latent] Step 1/1
2025-10-27 10:45:43,624 - GPU-2 - DEBUG -       [After Latent Recursive] 1 tokens unmasked
2025-10-27 10:45:43,624 - GPU-2 - INFO -   [Cycle 12]
2025-10-27 10:45:43,624 - GPU-2 - DEBUG -     [Latent Recursive] Starting 1 steps of latent thinking
2025-10-27 10:45:43,673 - GPU-2 - DEBUG -       [Latent] Step 1/1
2025-10-27 10:45:43,855 - GPU-2 - DEBUG -       [After Latent Recursive] 1 tokens unmasked
2025-10-27 10:45:43,855 - GPU-2 - INFO -   [Cycle 13]
2025-10-27 10:45:43,855 - GPU-2 - DEBUG -     [Latent Recursive] Starting 1 steps of latent thinking
2025-10-27 10:45:43,904 - GPU-2 - DEBUG -       [Latent] Step 1/1
2025-10-27 10:45:44,086 - GPU-2 - DEBUG -       [After Latent Recursive] 1 tokens unmasked
2025-10-27 10:45:44,086 - GPU-2 - INFO -   [Cycle 14]
2025-10-27 10:45:44,086 - GPU-2 - DEBUG -     [Latent Recursive] Starting 1 steps of latent thinking
2025-10-27 10:45:44,135 - GPU-2 - DEBUG -       [Latent] Step 1/1
2025-10-27 10:45:44,317 - GPU-2 - DEBUG -       [After Latent Recursive] 1 tokens unmasked
2025-10-27 10:45:44,318 - GPU-2 - INFO -   [Cycle 15]
2025-10-27 10:45:44,318 - GPU-2 - DEBUG -     [Latent Recursive] Starting 1 steps of latent thinking
2025-10-27 10:45:44,366 - GPU-2 - DEBUG -       [Latent] Step 1/1
2025-10-27 10:45:44,549 - GPU-2 - DEBUG -       [After Latent Recursive] 1 tokens unmasked
2025-10-27 10:45:44,549 - GPU-2 - INFO -   [Cycle 16]
2025-10-27 10:45:44,549 - GPU-2 - DEBUG -     [Latent Recursive] Starting 1 steps of latent thinking
2025-10-27 10:45:44,598 - GPU-2 - DEBUG -       [Latent] Step 1/1
2025-10-27 10:45:44,780 - GPU-2 - DEBUG -       [After Latent Recursive] 1 tokens unmasked
2025-10-27 10:45:44,781 - GPU-2 - INFO -   [Cycle 17]
2025-10-27 10:45:44,781 - GPU-2 - DEBUG -     [Latent Recursive] Starting 1 steps of latent thinking
2025-10-27 10:45:44,829 - GPU-2 - DEBUG -       [Latent] Step 1/1
2025-10-27 10:45:45,011 - GPU-2 - DEBUG -       [After Latent Recursive] 1 tokens unmasked
2025-10-27 10:45:45,011 - GPU-2 - INFO -   [Cycle 18]
2025-10-27 10:45:45,012 - GPU-2 - DEBUG -     [Latent Recursive] Starting 1 steps of latent thinking
2025-10-27 10:45:45,060 - GPU-2 - DEBUG -       [Latent] Step 1/1
2025-10-27 10:45:45,242 - GPU-2 - DEBUG -       [After Latent Recursive] 1 tokens unmasked
2025-10-27 10:45:45,242 - GPU-2 - INFO -   [Cycle 19]
2025-10-27 10:45:45,242 - GPU-2 - DEBUG -     [Latent Recursive] Starting 1 steps of latent thinking
2025-10-27 10:45:45,291 - GPU-2 - DEBUG -       [Latent] Step 1/1
2025-10-27 10:45:45,473 - GPU-2 - DEBUG -       [After Latent Recursive] 1 tokens unmasked
2025-10-27 10:45:45,474 - GPU-2 - INFO -   [Cycle 20]
2025-10-27 10:45:45,474 - GPU-2 - DEBUG -     [Latent Recursive] Starting 1 steps of latent thinking
2025-10-27 10:45:45,522 - GPU-2 - DEBUG -       [Latent] Step 1/1
2025-10-27 10:45:45,704 - GPU-2 - DEBUG -       [After Latent Recursive] 1 tokens unmasked
2025-10-27 10:45:45,705 - GPU-2 - INFO -   [Cycle 21]
2025-10-27 10:45:45,705 - GPU-2 - DEBUG -     [Latent Recursive] Starting 1 steps of latent thinking
2025-10-27 10:45:45,753 - GPU-2 - DEBUG -       [Latent] Step 1/1
2025-10-27 10:45:45,935 - GPU-2 - DEBUG -       [After Latent Recursive] 1 tokens unmasked
2025-10-27 10:45:45,936 - GPU-2 - INFO -   [Cycle 22]
2025-10-27 10:45:45,936 - GPU-2 - DEBUG -     [Latent Recursive] Starting 1 steps of latent thinking
2025-10-27 10:45:45,984 - GPU-2 - DEBUG -       [Latent] Step 1/1
2025-10-27 10:45:46,167 - GPU-2 - DEBUG -       [After Latent Recursive] 1 tokens unmasked
2025-10-27 10:45:46,167 - GPU-2 - INFO -   [Cycle 23]
2025-10-27 10:45:46,168 - GPU-2 - DEBUG -     [Latent Recursive] Starting 1 steps of latent thinking
2025-10-27 10:45:46,216 - GPU-2 - DEBUG -       [Latent] Step 1/1
2025-10-27 10:45:46,399 - GPU-2 - DEBUG -       [After Latent Recursive] 1 tokens unmasked
2025-10-27 10:45:46,399 - GPU-2 - INFO -   [Cycle 24]
2025-10-27 10:45:46,399 - GPU-2 - DEBUG -     [Latent Recursive] Starting 1 steps of latent thinking
2025-10-27 10:45:46,448 - GPU-2 - DEBUG -       [Latent] Step 1/1
2025-10-27 10:45:46,630 - GPU-2 - DEBUG -       [After Latent Recursive] 1 tokens unmasked
2025-10-27 10:45:46,630 - GPU-2 - INFO -   [Cycle 25]
2025-10-27 10:45:46,630 - GPU-2 - DEBUG -     [Latent Recursive] Starting 1 steps of latent thinking
2025-10-27 10:45:46,679 - GPU-2 - DEBUG -       [Latent] Step 1/1
2025-10-27 10:45:46,861 - GPU-2 - DEBUG -       [After Latent Recursive] 1 tokens unmasked
2025-10-27 10:45:46,862 - GPU-2 - INFO -   [Cycle 26]
2025-10-27 10:45:46,862 - GPU-2 - DEBUG -     [Latent Recursive] Starting 1 steps of latent thinking
2025-10-27 10:45:46,910 - GPU-2 - DEBUG -       [Latent] Step 1/1
2025-10-27 10:45:47,093 - GPU-2 - DEBUG -       [After Latent Recursive] 1 tokens unmasked
2025-10-27 10:45:47,094 - GPU-2 - INFO -   [Cycle 27]
2025-10-27 10:45:47,094 - GPU-2 - DEBUG -     [Latent Recursive] Starting 1 steps of latent thinking
2025-10-27 10:45:47,142 - GPU-2 - DEBUG -       [Latent] Step 1/1
2025-10-27 10:45:47,324 - GPU-2 - DEBUG -       [After Latent Recursive] 1 tokens unmasked
2025-10-27 10:45:47,324 - GPU-2 - INFO -   [Cycle 28]
2025-10-27 10:45:47,325 - GPU-2 - DEBUG -     [Latent Recursive] Starting 1 steps of latent thinking
2025-10-27 10:45:47,373 - GPU-2 - DEBUG -       [Latent] Step 1/1
2025-10-27 10:45:47,555 - GPU-2 - DEBUG -       [After Latent Recursive] 1 tokens unmasked
2025-10-27 10:45:47,555 - GPU-2 - INFO -   [Cycle 29]
2025-10-27 10:45:47,556 - GPU-2 - DEBUG -     [Latent Recursive] Starting 1 steps of latent thinking
2025-10-27 10:45:47,604 - GPU-2 - DEBUG -       [Latent] Step 1/1
2025-10-27 10:45:47,787 - GPU-2 - DEBUG -       [After Latent Recursive] 1 tokens unmasked
2025-10-27 10:45:47,787 - GPU-2 - INFO -   [Cycle 30]
2025-10-27 10:45:47,787 - GPU-2 - DEBUG -     [Latent Recursive] Starting 1 steps of latent thinking
2025-10-27 10:45:47,836 - GPU-2 - DEBUG -       [Latent] Step 1/1
2025-10-27 10:45:48,018 - GPU-2 - DEBUG -       [After Latent Recursive] 1 tokens unmasked
2025-10-27 10:45:48,018 - GPU-2 - INFO -   [Cycle 31]
2025-10-27 10:45:48,018 - GPU-2 - DEBUG -     [Latent Recursive] Starting 1 steps of latent thinking
2025-10-27 10:45:48,067 - GPU-2 - DEBUG -       [Latent] Step 1/1
2025-10-27 10:45:48,249 - GPU-2 - DEBUG -       [After Latent Recursive] 1 tokens unmasked
2025-10-27 10:45:48,249 - GPU-2 - INFO - [Block 5/16] Processing tokens 237-269
2025-10-27 10:45:48,249 - GPU-2 - DEBUG - [Block 4] Before forward: use_cache=True, x.shape=torch.Size([1, 621])
2025-10-27 10:45:48,249 - GPU-2 - DEBUG - [Block 4] Model type: LLaDAModelLM
2025-10-27 10:45:48,250 - GPU-2 - DEBUG - [Block 4] Model config use_cache: True
2025-10-27 10:45:48,274 - GPU-2 - DEBUG - [Block 4] After forward: pkv is None? False
2025-10-27 10:45:48,274 - GPU-2 - DEBUG - [Block 4] out type: CausalLMOutputWithPast
2025-10-27 10:45:48,274 - GPU-2 - DEBUG - [Block 4] pkv type: <class 'list'>, len: 32
2025-10-27 10:45:48,274 - GPU-2 - DEBUG - [Block 4] pkv[0] type: <class 'tuple'>, len: 2
2025-10-27 10:45:48,274 - GPU-2 - DEBUG - [Block 4] pkv[0][0].shape: torch.Size([1, 32, 621, 128])
2025-10-27 10:45:48,367 - GPU-2 - INFO -   [Initial Forward] 1 tokens unmasked
2025-10-27 10:45:48,367 - GPU-2 - INFO -   [Cycle 1]
2025-10-27 10:45:48,367 - GPU-2 - DEBUG -     [Latent Recursive] Starting 1 steps of latent thinking
2025-10-27 10:45:48,416 - GPU-2 - DEBUG -       [Latent] Step 1/1
2025-10-27 10:45:48,595 - GPU-2 - DEBUG -       [After Latent Recursive] 1 tokens unmasked
2025-10-27 10:45:48,596 - GPU-2 - INFO -   [Cycle 2]
2025-10-27 10:45:48,596 - GPU-2 - DEBUG -     [Latent Recursive] Starting 1 steps of latent thinking
2025-10-27 10:45:48,644 - GPU-2 - DEBUG -       [Latent] Step 1/1
2025-10-27 10:45:48,824 - GPU-2 - DEBUG -       [After Latent Recursive] 1 tokens unmasked
2025-10-27 10:45:48,824 - GPU-2 - INFO -   [Cycle 3]
2025-10-27 10:45:48,825 - GPU-2 - DEBUG -     [Latent Recursive] Starting 1 steps of latent thinking
2025-10-27 10:45:48,873 - GPU-2 - DEBUG -       [Latent] Step 1/1
2025-10-27 10:45:49,054 - GPU-2 - DEBUG -       [After Latent Recursive] 1 tokens unmasked
2025-10-27 10:45:49,054 - GPU-2 - INFO -   [Cycle 4]
2025-10-27 10:45:49,055 - GPU-2 - DEBUG -     [Latent Recursive] Starting 1 steps of latent thinking
2025-10-27 10:45:49,103 - GPU-2 - DEBUG -       [Latent] Step 1/1
2025-10-27 10:45:49,283 - GPU-2 - DEBUG -       [After Latent Recursive] 1 tokens unmasked
2025-10-27 10:45:49,284 - GPU-2 - INFO -   [Cycle 5]
2025-10-27 10:45:49,284 - GPU-2 - DEBUG -     [Latent Recursive] Starting 1 steps of latent thinking
2025-10-27 10:45:49,332 - GPU-2 - DEBUG -       [Latent] Step 1/1
2025-10-27 10:45:49,512 - GPU-2 - DEBUG -       [After Latent Recursive] 1 tokens unmasked
2025-10-27 10:45:49,513 - GPU-2 - INFO -   [Cycle 6]
2025-10-27 10:45:49,513 - GPU-2 - DEBUG -     [Latent Recursive] Starting 1 steps of latent thinking
2025-10-27 10:45:49,561 - GPU-2 - DEBUG -       [Latent] Step 1/1
2025-10-27 10:45:49,741 - GPU-2 - DEBUG -       [After Latent Recursive] 1 tokens unmasked
2025-10-27 10:45:49,742 - GPU-2 - INFO -   [Cycle 7]
2025-10-27 10:45:49,742 - GPU-2 - DEBUG -     [Latent Recursive] Starting 1 steps of latent thinking
2025-10-27 10:45:49,790 - GPU-2 - DEBUG -       [Latent] Step 1/1
2025-10-27 10:45:49,970 - GPU-2 - DEBUG -       [After Latent Recursive] 1 tokens unmasked
2025-10-27 10:45:49,970 - GPU-2 - INFO -   [Cycle 8]
2025-10-27 10:45:49,971 - GPU-2 - DEBUG -     [Latent Recursive] Starting 1 steps of latent thinking
2025-10-27 10:45:50,019 - GPU-2 - DEBUG -       [Latent] Step 1/1
2025-10-27 10:45:50,199 - GPU-2 - DEBUG -       [After Latent Recursive] 1 tokens unmasked
2025-10-27 10:45:50,199 - GPU-2 - INFO -   [Cycle 9]
2025-10-27 10:45:50,199 - GPU-2 - DEBUG -     [Latent Recursive] Starting 1 steps of latent thinking
2025-10-27 10:45:50,248 - GPU-2 - DEBUG -       [Latent] Step 1/1
2025-10-27 10:45:50,429 - GPU-2 - DEBUG -       [After Latent Recursive] 1 tokens unmasked
2025-10-27 10:45:50,429 - GPU-2 - INFO -   [Cycle 10]
2025-10-27 10:45:50,429 - GPU-2 - DEBUG -     [Latent Recursive] Starting 1 steps of latent thinking
2025-10-27 10:45:50,478 - GPU-2 - DEBUG -       [Latent] Step 1/1
2025-10-27 10:45:50,658 - GPU-2 - DEBUG -       [After Latent Recursive] 1 tokens unmasked
2025-10-27 10:45:50,658 - GPU-2 - INFO -   [Cycle 11]
2025-10-27 10:45:50,658 - GPU-2 - DEBUG -     [Latent Recursive] Starting 1 steps of latent thinking
2025-10-27 10:45:50,707 - GPU-2 - DEBUG -       [Latent] Step 1/1
2025-10-27 10:45:50,887 - GPU-2 - DEBUG -       [After Latent Recursive] 1 tokens unmasked
2025-10-27 10:45:50,887 - GPU-2 - INFO -   [Cycle 12]
2025-10-27 10:45:50,887 - GPU-2 - DEBUG -     [Latent Recursive] Starting 1 steps of latent thinking
2025-10-27 10:45:50,936 - GPU-2 - DEBUG -       [Latent] Step 1/1
2025-10-27 10:45:51,115 - GPU-2 - DEBUG -       [After Latent Recursive] 1 tokens unmasked
2025-10-27 10:45:51,116 - GPU-2 - INFO -   [Cycle 13]
2025-10-27 10:45:51,116 - GPU-2 - DEBUG -     [Latent Recursive] Starting 1 steps of latent thinking
2025-10-27 10:45:51,165 - GPU-2 - DEBUG -       [Latent] Step 1/1
2025-10-27 10:45:51,346 - GPU-2 - DEBUG -       [After Latent Recursive] 1 tokens unmasked
2025-10-27 10:45:51,347 - GPU-2 - INFO -   [Cycle 14]
2025-10-27 10:45:51,347 - GPU-2 - DEBUG -     [Latent Recursive] Starting 1 steps of latent thinking
2025-10-27 10:45:51,395 - GPU-2 - DEBUG -       [Latent] Step 1/1
2025-10-27 10:45:51,576 - GPU-2 - DEBUG -       [After Latent Recursive] 1 tokens unmasked
2025-10-27 10:45:51,576 - GPU-2 - INFO -   [Cycle 15]
2025-10-27 10:45:51,576 - GPU-2 - DEBUG -     [Latent Recursive] Starting 1 steps of latent thinking
2025-10-27 10:45:51,625 - GPU-2 - DEBUG -       [Latent] Step 1/1
2025-10-27 10:45:51,805 - GPU-2 - DEBUG -       [After Latent Recursive] 1 tokens unmasked
2025-10-27 10:45:51,805 - GPU-2 - INFO -   [Cycle 16]
2025-10-27 10:45:51,805 - GPU-2 - DEBUG -     [Latent Recursive] Starting 1 steps of latent thinking
2025-10-27 10:45:51,854 - GPU-2 - DEBUG -       [Latent] Step 1/1
2025-10-27 10:45:52,034 - GPU-2 - DEBUG -       [After Latent Recursive] 1 tokens unmasked
2025-10-27 10:45:52,035 - GPU-2 - INFO -   [Cycle 17]
2025-10-27 10:45:52,035 - GPU-2 - DEBUG -     [Latent Recursive] Starting 1 steps of latent thinking
2025-10-27 10:45:52,083 - GPU-2 - DEBUG -       [Latent] Step 1/1
2025-10-27 10:45:52,263 - GPU-2 - DEBUG -       [After Latent Recursive] 1 tokens unmasked
2025-10-27 10:45:52,264 - GPU-2 - INFO -   [Cycle 18]
2025-10-27 10:45:52,264 - GPU-2 - DEBUG -     [Latent Recursive] Starting 1 steps of latent thinking
2025-10-27 10:45:52,312 - GPU-2 - DEBUG -       [Latent] Step 1/1
2025-10-27 10:45:52,493 - GPU-2 - DEBUG -       [After Latent Recursive] 1 tokens unmasked
2025-10-27 10:45:52,493 - GPU-2 - INFO -   [Cycle 19]
2025-10-27 10:45:52,493 - GPU-2 - DEBUG -     [Latent Recursive] Starting 1 steps of latent thinking
2025-10-27 10:45:52,542 - GPU-2 - DEBUG -       [Latent] Step 1/1
2025-10-27 10:45:52,722 - GPU-2 - DEBUG -       [After Latent Recursive] 1 tokens unmasked
2025-10-27 10:45:52,722 - GPU-2 - INFO -   [Cycle 20]
2025-10-27 10:45:52,723 - GPU-2 - DEBUG -     [Latent Recursive] Starting 1 steps of latent thinking
2025-10-27 10:45:52,771 - GPU-2 - DEBUG -       [Latent] Step 1/1
2025-10-27 10:45:52,951 - GPU-2 - DEBUG -       [After Latent Recursive] 1 tokens unmasked
2025-10-27 10:45:52,952 - GPU-2 - INFO -   [Cycle 21]
2025-10-27 10:45:52,952 - GPU-2 - DEBUG -     [Latent Recursive] Starting 1 steps of latent thinking
2025-10-27 10:45:53,000 - GPU-2 - DEBUG -       [Latent] Step 1/1
2025-10-27 10:45:53,181 - GPU-2 - DEBUG -       [After Latent Recursive] 1 tokens unmasked
2025-10-27 10:45:53,181 - GPU-2 - INFO -   [Cycle 22]
2025-10-27 10:45:53,181 - GPU-2 - DEBUG -     [Latent Recursive] Starting 1 steps of latent thinking
2025-10-27 10:45:53,230 - GPU-2 - DEBUG -       [Latent] Step 1/1
2025-10-27 10:45:53,411 - GPU-2 - DEBUG -       [After Latent Recursive] 1 tokens unmasked
2025-10-27 10:45:53,411 - GPU-2 - INFO -   [Cycle 23]
2025-10-27 10:45:53,411 - GPU-2 - DEBUG -     [Latent Recursive] Starting 1 steps of latent thinking
2025-10-27 10:45:53,460 - GPU-2 - DEBUG -       [Latent] Step 1/1
2025-10-27 10:45:53,640 - GPU-2 - DEBUG -       [After Latent Recursive] 1 tokens unmasked
2025-10-27 10:45:53,640 - GPU-2 - INFO -   [Cycle 24]
2025-10-27 10:45:53,640 - GPU-2 - DEBUG -     [Latent Recursive] Starting 1 steps of latent thinking
2025-10-27 10:45:53,689 - GPU-2 - DEBUG -       [Latent] Step 1/1
2025-10-27 10:45:53,869 - GPU-2 - DEBUG -       [After Latent Recursive] 1 tokens unmasked
2025-10-27 10:45:53,870 - GPU-2 - INFO -   [Cycle 25]
2025-10-27 10:45:53,870 - GPU-2 - DEBUG -     [Latent Recursive] Starting 1 steps of latent thinking
2025-10-27 10:45:53,918 - GPU-2 - DEBUG -       [Latent] Step 1/1
2025-10-27 10:45:54,098 - GPU-2 - DEBUG -       [After Latent Recursive] 1 tokens unmasked
2025-10-27 10:45:54,099 - GPU-2 - INFO -   [Cycle 26]
2025-10-27 10:45:54,099 - GPU-2 - DEBUG -     [Latent Recursive] Starting 1 steps of latent thinking
2025-10-27 10:45:54,148 - GPU-2 - DEBUG -       [Latent] Step 1/1
2025-10-27 10:45:54,328 - GPU-2 - DEBUG -       [After Latent Recursive] 1 tokens unmasked
2025-10-27 10:45:54,328 - GPU-2 - INFO -   [Cycle 27]
2025-10-27 10:45:54,328 - GPU-2 - DEBUG -     [Latent Recursive] Starting 1 steps of latent thinking
2025-10-27 10:45:54,377 - GPU-2 - DEBUG -       [Latent] Step 1/1
2025-10-27 10:45:54,557 - GPU-2 - DEBUG -       [After Latent Recursive] 1 tokens unmasked
2025-10-27 10:45:54,557 - GPU-2 - INFO -   [Cycle 28]
2025-10-27 10:45:54,557 - GPU-2 - DEBUG -     [Latent Recursive] Starting 1 steps of latent thinking
2025-10-27 10:45:54,606 - GPU-2 - DEBUG -       [Latent] Step 1/1
2025-10-27 10:45:54,786 - GPU-2 - DEBUG -       [After Latent Recursive] 1 tokens unmasked
2025-10-27 10:45:54,787 - GPU-2 - INFO -   [Cycle 29]
2025-10-27 10:45:54,787 - GPU-2 - DEBUG -     [Latent Recursive] Starting 1 steps of latent thinking
2025-10-27 10:45:54,835 - GPU-2 - DEBUG -       [Latent] Step 1/1
2025-10-27 10:45:55,015 - GPU-2 - DEBUG -       [After Latent Recursive] 1 tokens unmasked
2025-10-27 10:45:55,016 - GPU-2 - INFO -   [Cycle 30]
2025-10-27 10:45:55,016 - GPU-2 - DEBUG -     [Latent Recursive] Starting 1 steps of latent thinking
2025-10-27 10:45:55,064 - GPU-2 - DEBUG -       [Latent] Step 1/1
2025-10-27 10:45:55,244 - GPU-2 - DEBUG -       [After Latent Recursive] 1 tokens unmasked
2025-10-27 10:45:55,244 - GPU-2 - INFO -   [Cycle 31]
2025-10-27 10:45:55,245 - GPU-2 - DEBUG -     [Latent Recursive] Starting 1 steps of latent thinking
2025-10-27 10:45:55,293 - GPU-2 - DEBUG -       [Latent] Step 1/1
2025-10-27 10:45:55,473 - GPU-2 - DEBUG -       [After Latent Recursive] 1 tokens unmasked
2025-10-27 10:45:55,473 - GPU-2 - INFO - [Block 6/16] Processing tokens 269-301
2025-10-27 10:45:55,474 - GPU-2 - DEBUG - [Block 5] Before forward: use_cache=True, x.shape=torch.Size([1, 621])
2025-10-27 10:45:55,474 - GPU-2 - DEBUG - [Block 5] Model type: LLaDAModelLM
2025-10-27 10:45:55,474 - GPU-2 - DEBUG - [Block 5] Model config use_cache: True
2025-10-27 10:45:55,498 - GPU-2 - DEBUG - [Block 5] After forward: pkv is None? False
2025-10-27 10:45:55,498 - GPU-2 - DEBUG - [Block 5] out type: CausalLMOutputWithPast
2025-10-27 10:45:55,498 - GPU-2 - DEBUG - [Block 5] pkv type: <class 'list'>, len: 32
2025-10-27 10:45:55,498 - GPU-2 - DEBUG - [Block 5] pkv[0] type: <class 'tuple'>, len: 2
2025-10-27 10:45:55,498 - GPU-2 - DEBUG - [Block 5] pkv[0][0].shape: torch.Size([1, 32, 621, 128])
2025-10-27 10:45:55,591 - GPU-2 - INFO -   [Initial Forward] 1 tokens unmasked
2025-10-27 10:45:55,592 - GPU-2 - INFO -   [Cycle 1]
2025-10-27 10:45:55,592 - GPU-2 - DEBUG -     [Latent Recursive] Starting 1 steps of latent thinking
2025-10-27 10:45:55,641 - GPU-2 - DEBUG -       [Latent] Step 1/1
2025-10-27 10:45:55,821 - GPU-2 - DEBUG -       [After Latent Recursive] 1 tokens unmasked
2025-10-27 10:45:55,821 - GPU-2 - INFO -   [Cycle 2]
2025-10-27 10:45:55,822 - GPU-2 - DEBUG -     [Latent Recursive] Starting 1 steps of latent thinking
2025-10-27 10:45:55,871 - GPU-2 - DEBUG -       [Latent] Step 1/1
2025-10-27 10:45:56,052 - GPU-2 - DEBUG -       [After Latent Recursive] 1 tokens unmasked
2025-10-27 10:45:56,052 - GPU-2 - INFO -   [Cycle 3]
2025-10-27 10:45:56,052 - GPU-2 - DEBUG -     [Latent Recursive] Starting 1 steps of latent thinking
2025-10-27 10:45:56,101 - GPU-2 - DEBUG -       [Latent] Step 1/1
2025-10-27 10:45:56,281 - GPU-2 - DEBUG -       [After Latent Recursive] 1 tokens unmasked
2025-10-27 10:45:56,281 - GPU-2 - INFO -   [Cycle 4]
2025-10-27 10:45:56,281 - GPU-2 - DEBUG -     [Latent Recursive] Starting 1 steps of latent thinking
2025-10-27 10:45:56,330 - GPU-2 - DEBUG -       [Latent] Step 1/1
2025-10-27 10:45:56,509 - GPU-2 - DEBUG -       [After Latent Recursive] 1 tokens unmasked
2025-10-27 10:45:56,510 - GPU-2 - INFO -   [Cycle 5]
2025-10-27 10:45:56,510 - GPU-2 - DEBUG -     [Latent Recursive] Starting 1 steps of latent thinking
2025-10-27 10:45:56,558 - GPU-2 - DEBUG -       [Latent] Step 1/1
2025-10-27 10:45:56,737 - GPU-2 - DEBUG -       [After Latent Recursive] 1 tokens unmasked
2025-10-27 10:45:56,738 - GPU-2 - INFO -   [Cycle 6]
2025-10-27 10:45:56,738 - GPU-2 - DEBUG -     [Latent Recursive] Starting 1 steps of latent thinking
2025-10-27 10:45:56,786 - GPU-2 - DEBUG -       [Latent] Step 1/1
2025-10-27 10:45:56,965 - GPU-2 - DEBUG -       [After Latent Recursive] 1 tokens unmasked
2025-10-27 10:45:56,966 - GPU-2 - INFO -   [Cycle 7]
2025-10-27 10:45:56,966 - GPU-2 - DEBUG -     [Latent Recursive] Starting 1 steps of latent thinking
2025-10-27 10:45:57,015 - GPU-2 - DEBUG -       [Latent] Step 1/1
2025-10-27 10:45:57,194 - GPU-2 - DEBUG -       [After Latent Recursive] 1 tokens unmasked
2025-10-27 10:45:57,194 - GPU-2 - INFO -   [Cycle 8]
2025-10-27 10:45:57,195 - GPU-2 - DEBUG -     [Latent Recursive] Starting 1 steps of latent thinking
2025-10-27 10:45:57,243 - GPU-2 - DEBUG -       [Latent] Step 1/1
2025-10-27 10:45:57,422 - GPU-2 - DEBUG -       [After Latent Recursive] 1 tokens unmasked
2025-10-27 10:45:57,422 - GPU-2 - INFO -   [Cycle 9]
2025-10-27 10:45:57,423 - GPU-2 - DEBUG -     [Latent Recursive] Starting 1 steps of latent thinking
2025-10-27 10:45:57,471 - GPU-2 - DEBUG -       [Latent] Step 1/1
2025-10-27 10:45:57,650 - GPU-2 - DEBUG -       [After Latent Recursive] 1 tokens unmasked
2025-10-27 10:45:57,651 - GPU-2 - INFO -   [Cycle 10]
2025-10-27 10:45:57,651 - GPU-2 - DEBUG -     [Latent Recursive] Starting 1 steps of latent thinking
2025-10-27 10:45:57,700 - GPU-2 - DEBUG -       [Latent] Step 1/1
2025-10-27 10:45:57,879 - GPU-2 - DEBUG -       [After Latent Recursive] 1 tokens unmasked
2025-10-27 10:45:57,879 - GPU-2 - INFO -   [Cycle 11]
2025-10-27 10:45:57,879 - GPU-2 - DEBUG -     [Latent Recursive] Starting 1 steps of latent thinking
2025-10-27 10:45:57,928 - GPU-2 - DEBUG -       [Latent] Step 1/1
2025-10-27 10:45:58,107 - GPU-2 - DEBUG -       [After Latent Recursive] 1 tokens unmasked
2025-10-27 10:45:58,107 - GPU-2 - INFO -   [Cycle 12]
2025-10-27 10:45:58,108 - GPU-2 - DEBUG -     [Latent Recursive] Starting 1 steps of latent thinking
2025-10-27 10:45:58,156 - GPU-2 - DEBUG -       [Latent] Step 1/1
2025-10-27 10:45:58,336 - GPU-2 - DEBUG -       [After Latent Recursive] 1 tokens unmasked
2025-10-27 10:45:58,336 - GPU-2 - INFO -   [Cycle 13]
2025-10-27 10:45:58,336 - GPU-2 - DEBUG -     [Latent Recursive] Starting 1 steps of latent thinking
2025-10-27 10:45:58,385 - GPU-2 - DEBUG -       [Latent] Step 1/1
2025-10-27 10:45:58,564 - GPU-2 - DEBUG -       [After Latent Recursive] 1 tokens unmasked
2025-10-27 10:45:58,564 - GPU-2 - INFO -   [Cycle 14]
2025-10-27 10:45:58,564 - GPU-2 - DEBUG -     [Latent Recursive] Starting 1 steps of latent thinking
2025-10-27 10:45:58,613 - GPU-2 - DEBUG -       [Latent] Step 1/1
2025-10-27 10:45:58,792 - GPU-2 - DEBUG -       [After Latent Recursive] 1 tokens unmasked
2025-10-27 10:45:58,792 - GPU-2 - INFO -   [Cycle 15]
2025-10-27 10:45:58,793 - GPU-2 - DEBUG -     [Latent Recursive] Starting 1 steps of latent thinking
2025-10-27 10:45:58,841 - GPU-2 - DEBUG -       [Latent] Step 1/1
2025-10-27 10:45:59,021 - GPU-2 - DEBUG -       [After Latent Recursive] 1 tokens unmasked
2025-10-27 10:45:59,021 - GPU-2 - INFO -   [Cycle 16]
2025-10-27 10:45:59,021 - GPU-2 - DEBUG -     [Latent Recursive] Starting 1 steps of latent thinking
2025-10-27 10:45:59,069 - GPU-2 - DEBUG -       [Latent] Step 1/1
2025-10-27 10:45:59,249 - GPU-2 - DEBUG -       [After Latent Recursive] 1 tokens unmasked
2025-10-27 10:45:59,249 - GPU-2 - INFO -   [Cycle 17]
2025-10-27 10:45:59,249 - GPU-2 - DEBUG -     [Latent Recursive] Starting 1 steps of latent thinking
2025-10-27 10:45:59,298 - GPU-2 - DEBUG -       [Latent] Step 1/1
2025-10-27 10:45:59,477 - GPU-2 - DEBUG -       [After Latent Recursive] 1 tokens unmasked
2025-10-27 10:45:59,477 - GPU-2 - INFO -   [Cycle 18]
2025-10-27 10:45:59,477 - GPU-2 - DEBUG -     [Latent Recursive] Starting 1 steps of latent thinking
2025-10-27 10:45:59,526 - GPU-2 - DEBUG -       [Latent] Step 1/1
2025-10-27 10:45:59,705 - GPU-2 - DEBUG -       [After Latent Recursive] 1 tokens unmasked
2025-10-27 10:45:59,705 - GPU-2 - INFO -   [Cycle 19]
2025-10-27 10:45:59,705 - GPU-2 - DEBUG -     [Latent Recursive] Starting 1 steps of latent thinking
2025-10-27 10:45:59,754 - GPU-2 - DEBUG -       [Latent] Step 1/1
2025-10-27 10:45:59,933 - GPU-2 - DEBUG -       [After Latent Recursive] 1 tokens unmasked
2025-10-27 10:45:59,933 - GPU-2 - INFO -   [Cycle 20]
2025-10-27 10:45:59,934 - GPU-2 - DEBUG -     [Latent Recursive] Starting 1 steps of latent thinking
2025-10-27 10:45:59,982 - GPU-2 - DEBUG -       [Latent] Step 1/1
2025-10-27 10:46:00,161 - GPU-2 - DEBUG -       [After Latent Recursive] 1 tokens unmasked
2025-10-27 10:46:00,161 - GPU-2 - INFO -   [Cycle 21]
2025-10-27 10:46:00,162 - GPU-2 - DEBUG -     [Latent Recursive] Starting 1 steps of latent thinking
2025-10-27 10:46:00,210 - GPU-2 - DEBUG -       [Latent] Step 1/1
2025-10-27 10:46:00,390 - GPU-2 - DEBUG -       [After Latent Recursive] 1 tokens unmasked
2025-10-27 10:46:00,390 - GPU-2 - INFO -   [Cycle 22]
2025-10-27 10:46:00,390 - GPU-2 - DEBUG -     [Latent Recursive] Starting 1 steps of latent thinking
2025-10-27 10:46:00,439 - GPU-2 - DEBUG -       [Latent] Step 1/1
2025-10-27 10:46:00,618 - GPU-2 - DEBUG -       [After Latent Recursive] 1 tokens unmasked
2025-10-27 10:46:00,618 - GPU-2 - INFO -   [Cycle 23]
2025-10-27 10:46:00,619 - GPU-2 - DEBUG -     [Latent Recursive] Starting 1 steps of latent thinking
2025-10-27 10:46:00,667 - GPU-2 - DEBUG -       [Latent] Step 1/1
2025-10-27 10:46:00,846 - GPU-2 - DEBUG -       [After Latent Recursive] 1 tokens unmasked
2025-10-27 10:46:00,847 - GPU-2 - INFO -   [Cycle 24]
2025-10-27 10:46:00,847 - GPU-2 - DEBUG -     [Latent Recursive] Starting 1 steps of latent thinking
2025-10-27 10:46:00,895 - GPU-2 - DEBUG -       [Latent] Step 1/1
2025-10-27 10:46:01,075 - GPU-2 - DEBUG -       [After Latent Recursive] 1 tokens unmasked
2025-10-27 10:46:01,075 - GPU-2 - INFO -   [Cycle 25]
2025-10-27 10:46:01,075 - GPU-2 - DEBUG -     [Latent Recursive] Starting 1 steps of latent thinking
2025-10-27 10:46:01,124 - GPU-2 - DEBUG -       [Latent] Step 1/1
2025-10-27 10:46:01,303 - GPU-2 - DEBUG -       [After Latent Recursive] 1 tokens unmasked
2025-10-27 10:46:01,303 - GPU-2 - INFO -   [Cycle 26]
2025-10-27 10:46:01,304 - GPU-2 - DEBUG -     [Latent Recursive] Starting 1 steps of latent thinking
2025-10-27 10:46:01,352 - GPU-2 - DEBUG -       [Latent] Step 1/1
2025-10-27 10:46:01,532 - GPU-2 - DEBUG -       [After Latent Recursive] 1 tokens unmasked
2025-10-27 10:46:01,533 - GPU-2 - INFO -   [Cycle 27]
2025-10-27 10:46:01,533 - GPU-2 - DEBUG -     [Latent Recursive] Starting 1 steps of latent thinking
2025-10-27 10:46:01,581 - GPU-2 - DEBUG -       [Latent] Step 1/1
2025-10-27 10:46:01,760 - GPU-2 - DEBUG -       [After Latent Recursive] 1 tokens unmasked
2025-10-27 10:46:01,760 - GPU-2 - INFO -   [Cycle 28]
2025-10-27 10:46:01,761 - GPU-2 - DEBUG -     [Latent Recursive] Starting 1 steps of latent thinking
2025-10-27 10:46:01,809 - GPU-2 - DEBUG -       [Latent] Step 1/1
2025-10-27 10:46:01,989 - GPU-2 - DEBUG -       [After Latent Recursive] 1 tokens unmasked
2025-10-27 10:46:01,989 - GPU-2 - INFO -   [Cycle 29]
2025-10-27 10:46:01,989 - GPU-2 - DEBUG -     [Latent Recursive] Starting 1 steps of latent thinking
2025-10-27 10:46:02,038 - GPU-2 - DEBUG -       [Latent] Step 1/1
2025-10-27 10:46:02,217 - GPU-2 - DEBUG -       [After Latent Recursive] 1 tokens unmasked
2025-10-27 10:46:02,217 - GPU-2 - INFO -   [Cycle 30]
2025-10-27 10:46:02,217 - GPU-2 - DEBUG -     [Latent Recursive] Starting 1 steps of latent thinking
2025-10-27 10:46:02,266 - GPU-2 - DEBUG -       [Latent] Step 1/1
2025-10-27 10:46:02,445 - GPU-2 - DEBUG -       [After Latent Recursive] 1 tokens unmasked
2025-10-27 10:46:02,446 - GPU-2 - INFO -   [Cycle 31]
2025-10-27 10:46:02,446 - GPU-2 - DEBUG -     [Latent Recursive] Starting 1 steps of latent thinking
2025-10-27 10:46:02,494 - GPU-2 - DEBUG -       [Latent] Step 1/1
2025-10-27 10:46:02,673 - GPU-2 - DEBUG -       [After Latent Recursive] 1 tokens unmasked
2025-10-27 10:46:02,674 - GPU-2 - INFO - [Block 7/16] Processing tokens 301-333
2025-10-27 10:46:02,674 - GPU-2 - DEBUG - [Block 6] Before forward: use_cache=True, x.shape=torch.Size([1, 621])
2025-10-27 10:46:02,674 - GPU-2 - DEBUG - [Block 6] Model type: LLaDAModelLM
2025-10-27 10:46:02,674 - GPU-2 - DEBUG - [Block 6] Model config use_cache: True
2025-10-27 10:46:02,698 - GPU-2 - DEBUG - [Block 6] After forward: pkv is None? False
2025-10-27 10:46:02,698 - GPU-2 - DEBUG - [Block 6] out type: CausalLMOutputWithPast
2025-10-27 10:46:02,698 - GPU-2 - DEBUG - [Block 6] pkv type: <class 'list'>, len: 32
2025-10-27 10:46:02,698 - GPU-2 - DEBUG - [Block 6] pkv[0] type: <class 'tuple'>, len: 2
2025-10-27 10:46:02,699 - GPU-2 - DEBUG - [Block 6] pkv[0][0].shape: torch.Size([1, 32, 621, 128])
2025-10-27 10:46:02,791 - GPU-2 - INFO -   [Initial Forward] 1 tokens unmasked
2025-10-27 10:46:02,792 - GPU-2 - INFO -   [Cycle 1]
2025-10-27 10:46:02,792 - GPU-2 - DEBUG -     [Latent Recursive] Starting 1 steps of latent thinking
2025-10-27 10:46:02,841 - GPU-2 - DEBUG -       [Latent] Step 1/1
2025-10-27 10:46:03,018 - GPU-2 - DEBUG -       [After Latent Recursive] 1 tokens unmasked
2025-10-27 10:46:03,019 - GPU-2 - INFO -   [Cycle 2]
2025-10-27 10:46:03,019 - GPU-2 - DEBUG -     [Latent Recursive] Starting 1 steps of latent thinking
2025-10-27 10:46:03,067 - GPU-2 - DEBUG -       [Latent] Step 1/1
2025-10-27 10:46:03,246 - GPU-2 - DEBUG -       [After Latent Recursive] 1 tokens unmasked
2025-10-27 10:46:03,246 - GPU-2 - INFO -   [Cycle 3]
2025-10-27 10:46:03,247 - GPU-2 - DEBUG -     [Latent Recursive] Starting 1 steps of latent thinking
2025-10-27 10:46:03,295 - GPU-2 - DEBUG -       [Latent] Step 1/1
2025-10-27 10:46:03,473 - GPU-2 - DEBUG -       [After Latent Recursive] 1 tokens unmasked
2025-10-27 10:46:03,473 - GPU-2 - INFO -   [Cycle 4]
2025-10-27 10:46:03,474 - GPU-2 - DEBUG -     [Latent Recursive] Starting 1 steps of latent thinking
2025-10-27 10:46:03,522 - GPU-2 - DEBUG -       [Latent] Step 1/1
2025-10-27 10:46:03,700 - GPU-2 - DEBUG -       [After Latent Recursive] 1 tokens unmasked
2025-10-27 10:46:03,701 - GPU-2 - INFO -   [Cycle 5]
2025-10-27 10:46:03,701 - GPU-2 - DEBUG -     [Latent Recursive] Starting 1 steps of latent thinking
2025-10-27 10:46:03,749 - GPU-2 - DEBUG -       [Latent] Step 1/1
2025-10-27 10:46:03,927 - GPU-2 - DEBUG -       [After Latent Recursive] 1 tokens unmasked
2025-10-27 10:46:03,928 - GPU-2 - INFO -   [Cycle 6]
2025-10-27 10:46:03,928 - GPU-2 - DEBUG -     [Latent Recursive] Starting 1 steps of latent thinking
2025-10-27 10:46:03,976 - GPU-2 - DEBUG -       [Latent] Step 1/1
2025-10-27 10:46:04,154 - GPU-2 - DEBUG -       [After Latent Recursive] 1 tokens unmasked
2025-10-27 10:46:04,155 - GPU-2 - INFO -   [Cycle 7]
2025-10-27 10:46:04,155 - GPU-2 - DEBUG -     [Latent Recursive] Starting 1 steps of latent thinking
2025-10-27 10:46:04,203 - GPU-2 - DEBUG -       [Latent] Step 1/1
2025-10-27 10:46:04,382 - GPU-2 - DEBUG -       [After Latent Recursive] 1 tokens unmasked
2025-10-27 10:46:04,382 - GPU-2 - INFO -   [Cycle 8]
2025-10-27 10:46:04,382 - GPU-2 - DEBUG -     [Latent Recursive] Starting 1 steps of latent thinking
2025-10-27 10:46:04,431 - GPU-2 - DEBUG -       [Latent] Step 1/1
2025-10-27 10:46:04,609 - GPU-2 - DEBUG -       [After Latent Recursive] 1 tokens unmasked
2025-10-27 10:46:04,609 - GPU-2 - INFO -   [Cycle 9]
2025-10-27 10:46:04,609 - GPU-2 - DEBUG -     [Latent Recursive] Starting 1 steps of latent thinking
2025-10-27 10:46:04,658 - GPU-2 - DEBUG -       [Latent] Step 1/1
2025-10-27 10:46:04,836 - GPU-2 - DEBUG -       [After Latent Recursive] 1 tokens unmasked
2025-10-27 10:46:04,836 - GPU-2 - INFO -   [Cycle 10]
2025-10-27 10:46:04,836 - GPU-2 - DEBUG -     [Latent Recursive] Starting 1 steps of latent thinking
2025-10-27 10:46:04,885 - GPU-2 - DEBUG -       [Latent] Step 1/1
2025-10-27 10:46:05,063 - GPU-2 - DEBUG -       [After Latent Recursive] 1 tokens unmasked
2025-10-27 10:46:05,064 - GPU-2 - INFO -   [Cycle 11]
2025-10-27 10:46:05,064 - GPU-2 - DEBUG -     [Latent Recursive] Starting 1 steps of latent thinking
2025-10-27 10:46:05,112 - GPU-2 - DEBUG -       [Latent] Step 1/1
2025-10-27 10:46:05,291 - GPU-2 - DEBUG -       [After Latent Recursive] 1 tokens unmasked
2025-10-27 10:46:05,291 - GPU-2 - INFO -   [Cycle 12]
2025-10-27 10:46:05,291 - GPU-2 - DEBUG -     [Latent Recursive] Starting 1 steps of latent thinking
2025-10-27 10:46:05,340 - GPU-2 - DEBUG -       [Latent] Step 1/1
2025-10-27 10:46:05,518 - GPU-2 - DEBUG -       [After Latent Recursive] 1 tokens unmasked
2025-10-27 10:46:05,518 - GPU-2 - INFO -   [Cycle 13]
2025-10-27 10:46:05,518 - GPU-2 - DEBUG -     [Latent Recursive] Starting 1 steps of latent thinking
2025-10-27 10:46:05,567 - GPU-2 - DEBUG -       [Latent] Step 1/1
2025-10-27 10:46:05,746 - GPU-2 - DEBUG -       [After Latent Recursive] 1 tokens unmasked
2025-10-27 10:46:05,746 - GPU-2 - INFO -   [Cycle 14]
2025-10-27 10:46:05,747 - GPU-2 - DEBUG -     [Latent Recursive] Starting 1 steps of latent thinking
2025-10-27 10:46:05,795 - GPU-2 - DEBUG -       [Latent] Step 1/1
2025-10-27 10:46:05,973 - GPU-2 - DEBUG -       [After Latent Recursive] 1 tokens unmasked
2025-10-27 10:46:05,974 - GPU-2 - INFO -   [Cycle 15]
2025-10-27 10:46:05,974 - GPU-2 - DEBUG -     [Latent Recursive] Starting 1 steps of latent thinking
2025-10-27 10:46:06,022 - GPU-2 - DEBUG -       [Latent] Step 1/1
2025-10-27 10:46:06,201 - GPU-2 - DEBUG -       [After Latent Recursive] 1 tokens unmasked
2025-10-27 10:46:06,201 - GPU-2 - INFO -   [Cycle 16]
2025-10-27 10:46:06,201 - GPU-2 - DEBUG -     [Latent Recursive] Starting 1 steps of latent thinking
2025-10-27 10:46:06,250 - GPU-2 - DEBUG -       [Latent] Step 1/1
2025-10-27 10:46:06,429 - GPU-2 - DEBUG -       [After Latent Recursive] 1 tokens unmasked
2025-10-27 10:46:06,429 - GPU-2 - INFO -   [Cycle 17]
2025-10-27 10:46:06,429 - GPU-2 - DEBUG -     [Latent Recursive] Starting 1 steps of latent thinking
2025-10-27 10:46:06,478 - GPU-2 - DEBUG -       [Latent] Step 1/1
2025-10-27 10:46:06,656 - GPU-2 - DEBUG -       [After Latent Recursive] 1 tokens unmasked
2025-10-27 10:46:06,656 - GPU-2 - INFO -   [Cycle 18]
2025-10-27 10:46:06,657 - GPU-2 - DEBUG -     [Latent Recursive] Starting 1 steps of latent thinking
2025-10-27 10:46:06,705 - GPU-2 - DEBUG -       [Latent] Step 1/1
2025-10-27 10:46:06,884 - GPU-2 - DEBUG -       [After Latent Recursive] 1 tokens unmasked
2025-10-27 10:46:06,884 - GPU-2 - INFO -   [Cycle 19]
2025-10-27 10:46:06,884 - GPU-2 - DEBUG -     [Latent Recursive] Starting 1 steps of latent thinking
2025-10-27 10:46:06,933 - GPU-2 - DEBUG -       [Latent] Step 1/1
2025-10-27 10:46:07,111 - GPU-2 - DEBUG -       [After Latent Recursive] 1 tokens unmasked
2025-10-27 10:46:07,112 - GPU-2 - INFO -   [Cycle 20]
2025-10-27 10:46:07,112 - GPU-2 - DEBUG -     [Latent Recursive] Starting 1 steps of latent thinking
2025-10-27 10:46:07,161 - GPU-2 - DEBUG -       [Latent] Step 1/1
2025-10-27 10:46:07,339 - GPU-2 - DEBUG -       [After Latent Recursive] 1 tokens unmasked
2025-10-27 10:46:07,340 - GPU-2 - INFO -   [Cycle 21]
2025-10-27 10:46:07,340 - GPU-2 - DEBUG -     [Latent Recursive] Starting 1 steps of latent thinking
2025-10-27 10:46:07,388 - GPU-2 - DEBUG -       [Latent] Step 1/1
2025-10-27 10:46:07,566 - GPU-2 - DEBUG -       [After Latent Recursive] 1 tokens unmasked
2025-10-27 10:46:07,567 - GPU-2 - INFO -   [Cycle 22]
2025-10-27 10:46:07,567 - GPU-2 - DEBUG -     [Latent Recursive] Starting 1 steps of latent thinking
2025-10-27 10:46:07,615 - GPU-2 - DEBUG -       [Latent] Step 1/1
2025-10-27 10:46:07,794 - GPU-2 - DEBUG -       [After Latent Recursive] 1 tokens unmasked
2025-10-27 10:46:07,794 - GPU-2 - INFO -   [Cycle 23]
2025-10-27 10:46:07,795 - GPU-2 - DEBUG -     [Latent Recursive] Starting 1 steps of latent thinking
2025-10-27 10:46:07,843 - GPU-2 - DEBUG -       [Latent] Step 1/1
2025-10-27 10:46:08,022 - GPU-2 - DEBUG -       [After Latent Recursive] 1 tokens unmasked
2025-10-27 10:46:08,022 - GPU-2 - INFO -   [Cycle 24]
2025-10-27 10:46:08,022 - GPU-2 - DEBUG -     [Latent Recursive] Starting 1 steps of latent thinking
2025-10-27 10:46:08,071 - GPU-2 - DEBUG -       [Latent] Step 1/1
2025-10-27 10:46:08,249 - GPU-2 - DEBUG -       [After Latent Recursive] 1 tokens unmasked
2025-10-27 10:46:08,249 - GPU-2 - INFO -   [Cycle 25]
2025-10-27 10:46:08,250 - GPU-2 - DEBUG -     [Latent Recursive] Starting 1 steps of latent thinking
2025-10-27 10:46:08,298 - GPU-2 - DEBUG -       [Latent] Step 1/1
2025-10-27 10:46:08,476 - GPU-2 - DEBUG -       [After Latent Recursive] 1 tokens unmasked
2025-10-27 10:46:08,476 - GPU-2 - INFO -   [Cycle 26]
2025-10-27 10:46:08,477 - GPU-2 - DEBUG -     [Latent Recursive] Starting 1 steps of latent thinking
2025-10-27 10:46:08,525 - GPU-2 - DEBUG -       [Latent] Step 1/1
2025-10-27 10:46:08,704 - GPU-2 - DEBUG -       [After Latent Recursive] 1 tokens unmasked
2025-10-27 10:46:08,704 - GPU-2 - INFO -   [Cycle 27]
2025-10-27 10:46:08,704 - GPU-2 - DEBUG -     [Latent Recursive] Starting 1 steps of latent thinking
2025-10-27 10:46:08,753 - GPU-2 - DEBUG -       [Latent] Step 1/1
2025-10-27 10:46:08,931 - GPU-2 - DEBUG -       [After Latent Recursive] 1 tokens unmasked
2025-10-27 10:46:08,931 - GPU-2 - INFO -   [Cycle 28]
2025-10-27 10:46:08,932 - GPU-2 - DEBUG -     [Latent Recursive] Starting 1 steps of latent thinking
2025-10-27 10:46:08,980 - GPU-2 - DEBUG -       [Latent] Step 1/1
2025-10-27 10:46:09,158 - GPU-2 - DEBUG -       [After Latent Recursive] 1 tokens unmasked
2025-10-27 10:46:09,159 - GPU-2 - INFO -   [Cycle 29]
2025-10-27 10:46:09,159 - GPU-2 - DEBUG -     [Latent Recursive] Starting 1 steps of latent thinking
2025-10-27 10:46:09,208 - GPU-2 - DEBUG -       [Latent] Step 1/1
2025-10-27 10:46:09,386 - GPU-2 - DEBUG -       [After Latent Recursive] 1 tokens unmasked
2025-10-27 10:46:09,386 - GPU-2 - INFO -   [Cycle 30]
2025-10-27 10:46:09,386 - GPU-2 - DEBUG -     [Latent Recursive] Starting 1 steps of latent thinking
2025-10-27 10:46:09,435 - GPU-2 - DEBUG -       [Latent] Step 1/1
2025-10-27 10:46:09,614 - GPU-2 - DEBUG -       [After Latent Recursive] 1 tokens unmasked
2025-10-27 10:46:09,615 - GPU-2 - INFO -   [Cycle 31]
2025-10-27 10:46:09,615 - GPU-2 - DEBUG -     [Latent Recursive] Starting 1 steps of latent thinking
2025-10-27 10:46:09,663 - GPU-2 - DEBUG -       [Latent] Step 1/1
2025-10-27 10:46:09,842 - GPU-2 - DEBUG -       [After Latent Recursive] 1 tokens unmasked
2025-10-27 10:46:09,842 - GPU-2 - INFO - [Block 8/16] Processing tokens 333-365
2025-10-27 10:46:09,843 - GPU-2 - DEBUG - [Block 7] Before forward: use_cache=True, x.shape=torch.Size([1, 621])
2025-10-27 10:46:09,843 - GPU-2 - DEBUG - [Block 7] Model type: LLaDAModelLM
2025-10-27 10:46:09,843 - GPU-2 - DEBUG - [Block 7] Model config use_cache: True
2025-10-27 10:46:09,867 - GPU-2 - DEBUG - [Block 7] After forward: pkv is None? False
2025-10-27 10:46:09,867 - GPU-2 - DEBUG - [Block 7] out type: CausalLMOutputWithPast
2025-10-27 10:46:09,867 - GPU-2 - DEBUG - [Block 7] pkv type: <class 'list'>, len: 32
2025-10-27 10:46:09,867 - GPU-2 - DEBUG - [Block 7] pkv[0] type: <class 'tuple'>, len: 2
2025-10-27 10:46:09,867 - GPU-2 - DEBUG - [Block 7] pkv[0][0].shape: torch.Size([1, 32, 621, 128])
2025-10-27 10:46:09,960 - GPU-2 - INFO -   [Initial Forward] 1 tokens unmasked
2025-10-27 10:46:09,960 - GPU-2 - INFO -   [Cycle 1]
2025-10-27 10:46:09,960 - GPU-2 - DEBUG -     [Latent Recursive] Starting 1 steps of latent thinking
2025-10-27 10:46:10,009 - GPU-2 - DEBUG -       [Latent] Step 1/1
2025-10-27 10:46:10,185 - GPU-2 - DEBUG -       [After Latent Recursive] 1 tokens unmasked
2025-10-27 10:46:10,185 - GPU-2 - INFO -   [Cycle 2]
2025-10-27 10:46:10,185 - GPU-2 - DEBUG -     [Latent Recursive] Starting 1 steps of latent thinking
2025-10-27 10:46:10,234 - GPU-2 - DEBUG -       [Latent] Step 1/1
2025-10-27 10:46:10,410 - GPU-2 - DEBUG -       [After Latent Recursive] 1 tokens unmasked
2025-10-27 10:46:10,410 - GPU-2 - INFO -   [Cycle 3]
2025-10-27 10:46:10,410 - GPU-2 - DEBUG -     [Latent Recursive] Starting 1 steps of latent thinking
2025-10-27 10:46:10,459 - GPU-2 - DEBUG -       [Latent] Step 1/1
2025-10-27 10:46:10,635 - GPU-2 - DEBUG -       [After Latent Recursive] 1 tokens unmasked
2025-10-27 10:46:10,635 - GPU-2 - INFO -   [Cycle 4]
2025-10-27 10:46:10,635 - GPU-2 - DEBUG -     [Latent Recursive] Starting 1 steps of latent thinking
2025-10-27 10:46:10,683 - GPU-2 - DEBUG -       [Latent] Step 1/1
2025-10-27 10:46:10,859 - GPU-2 - DEBUG -       [After Latent Recursive] 1 tokens unmasked
2025-10-27 10:46:10,860 - GPU-2 - INFO -   [Cycle 5]
2025-10-27 10:46:10,860 - GPU-2 - DEBUG -     [Latent Recursive] Starting 1 steps of latent thinking
2025-10-27 10:46:10,909 - GPU-2 - DEBUG -       [Latent] Step 1/1
2025-10-27 10:46:11,085 - GPU-2 - DEBUG -       [After Latent Recursive] 1 tokens unmasked
2025-10-27 10:46:11,085 - GPU-2 - INFO -   [Cycle 6]
2025-10-27 10:46:11,085 - GPU-2 - DEBUG -     [Latent Recursive] Starting 1 steps of latent thinking
2025-10-27 10:46:11,134 - GPU-2 - DEBUG -       [Latent] Step 1/1
2025-10-27 10:46:11,309 - GPU-2 - DEBUG -       [After Latent Recursive] 1 tokens unmasked
2025-10-27 10:46:11,310 - GPU-2 - INFO -   [Cycle 7]
2025-10-27 10:46:11,310 - GPU-2 - DEBUG -     [Latent Recursive] Starting 1 steps of latent thinking
2025-10-27 10:46:11,358 - GPU-2 - DEBUG -       [Latent] Step 1/1
2025-10-27 10:46:11,535 - GPU-2 - DEBUG -       [After Latent Recursive] 1 tokens unmasked
2025-10-27 10:46:11,536 - GPU-2 - INFO -   [Cycle 8]
2025-10-27 10:46:11,536 - GPU-2 - DEBUG -     [Latent Recursive] Starting 1 steps of latent thinking
2025-10-27 10:46:11,585 - GPU-2 - DEBUG -       [Latent] Step 1/1
2025-10-27 10:46:11,762 - GPU-2 - DEBUG -       [After Latent Recursive] 1 tokens unmasked
2025-10-27 10:46:11,763 - GPU-2 - INFO -   [Cycle 9]
2025-10-27 10:46:11,763 - GPU-2 - DEBUG -     [Latent Recursive] Starting 1 steps of latent thinking
2025-10-27 10:46:11,812 - GPU-2 - DEBUG -       [Latent] Step 1/1
2025-10-27 10:46:11,988 - GPU-2 - DEBUG -       [After Latent Recursive] 1 tokens unmasked
2025-10-27 10:46:11,989 - GPU-2 - INFO -   [Cycle 10]
2025-10-27 10:46:11,989 - GPU-2 - DEBUG -     [Latent Recursive] Starting 1 steps of latent thinking
2025-10-27 10:46:12,037 - GPU-2 - DEBUG -       [Latent] Step 1/1
2025-10-27 10:46:12,213 - GPU-2 - DEBUG -       [After Latent Recursive] 1 tokens unmasked
2025-10-27 10:46:12,213 - GPU-2 - INFO -   [Cycle 11]
2025-10-27 10:46:12,213 - GPU-2 - DEBUG -     [Latent Recursive] Starting 1 steps of latent thinking
2025-10-27 10:46:12,262 - GPU-2 - DEBUG -       [Latent] Step 1/1
2025-10-27 10:46:12,438 - GPU-2 - DEBUG -       [After Latent Recursive] 1 tokens unmasked
2025-10-27 10:46:12,438 - GPU-2 - INFO -   [Cycle 12]
2025-10-27 10:46:12,438 - GPU-2 - DEBUG -     [Latent Recursive] Starting 1 steps of latent thinking
2025-10-27 10:46:12,486 - GPU-2 - DEBUG -       [Latent] Step 1/1
2025-10-27 10:46:12,663 - GPU-2 - DEBUG -       [After Latent Recursive] 1 tokens unmasked
2025-10-27 10:46:12,663 - GPU-2 - INFO -   [Cycle 13]
2025-10-27 10:46:12,663 - GPU-2 - DEBUG -     [Latent Recursive] Starting 1 steps of latent thinking
2025-10-27 10:46:12,712 - GPU-2 - DEBUG -       [Latent] Step 1/1
2025-10-27 10:46:12,888 - GPU-2 - DEBUG -       [After Latent Recursive] 1 tokens unmasked
2025-10-27 10:46:12,888 - GPU-2 - INFO -   [Cycle 14]
2025-10-27 10:46:12,888 - GPU-2 - DEBUG -     [Latent Recursive] Starting 1 steps of latent thinking
2025-10-27 10:46:12,937 - GPU-2 - DEBUG -       [Latent] Step 1/1
2025-10-27 10:46:13,112 - GPU-2 - DEBUG -       [After Latent Recursive] 1 tokens unmasked
2025-10-27 10:46:13,113 - GPU-2 - INFO -   [Cycle 15]
2025-10-27 10:46:13,113 - GPU-2 - DEBUG -     [Latent Recursive] Starting 1 steps of latent thinking
2025-10-27 10:46:13,161 - GPU-2 - DEBUG -       [Latent] Step 1/1
2025-10-27 10:46:13,337 - GPU-2 - DEBUG -       [After Latent Recursive] 1 tokens unmasked
2025-10-27 10:46:13,338 - GPU-2 - INFO -   [Cycle 16]
2025-10-27 10:46:13,338 - GPU-2 - DEBUG -     [Latent Recursive] Starting 1 steps of latent thinking
2025-10-27 10:46:13,386 - GPU-2 - DEBUG -       [Latent] Step 1/1
2025-10-27 10:46:13,562 - GPU-2 - DEBUG -       [After Latent Recursive] 1 tokens unmasked
2025-10-27 10:46:13,562 - GPU-2 - INFO -   [Cycle 17]
2025-10-27 10:46:13,562 - GPU-2 - DEBUG -     [Latent Recursive] Starting 1 steps of latent thinking
2025-10-27 10:46:13,611 - GPU-2 - DEBUG -       [Latent] Step 1/1
2025-10-27 10:46:13,787 - GPU-2 - DEBUG -       [After Latent Recursive] 1 tokens unmasked
2025-10-27 10:46:13,787 - GPU-2 - INFO -   [Cycle 18]
2025-10-27 10:46:13,787 - GPU-2 - DEBUG -     [Latent Recursive] Starting 1 steps of latent thinking
2025-10-27 10:46:13,836 - GPU-2 - DEBUG -       [Latent] Step 1/1
2025-10-27 10:46:14,011 - GPU-2 - DEBUG -       [After Latent Recursive] 1 tokens unmasked
2025-10-27 10:46:14,012 - GPU-2 - INFO -   [Cycle 19]
2025-10-27 10:46:14,012 - GPU-2 - DEBUG -     [Latent Recursive] Starting 1 steps of latent thinking
2025-10-27 10:46:14,060 - GPU-2 - DEBUG -       [Latent] Step 1/1
2025-10-27 10:46:14,237 - GPU-2 - DEBUG -       [After Latent Recursive] 1 tokens unmasked
2025-10-27 10:46:14,237 - GPU-2 - INFO -   [Cycle 20]
2025-10-27 10:46:14,237 - GPU-2 - DEBUG -     [Latent Recursive] Starting 1 steps of latent thinking
2025-10-27 10:46:14,286 - GPU-2 - DEBUG -       [Latent] Step 1/1
2025-10-27 10:46:14,461 - GPU-2 - DEBUG -       [After Latent Recursive] 1 tokens unmasked
2025-10-27 10:46:14,462 - GPU-2 - INFO -   [Cycle 21]
2025-10-27 10:46:14,462 - GPU-2 - DEBUG -     [Latent Recursive] Starting 1 steps of latent thinking
2025-10-27 10:46:14,511 - GPU-2 - DEBUG -       [Latent] Step 1/1
2025-10-27 10:46:14,687 - GPU-2 - DEBUG -       [After Latent Recursive] 1 tokens unmasked
2025-10-27 10:46:14,688 - GPU-2 - INFO -   [Cycle 22]
2025-10-27 10:46:14,688 - GPU-2 - DEBUG -     [Latent Recursive] Starting 1 steps of latent thinking
2025-10-27 10:46:14,736 - GPU-2 - DEBUG -       [Latent] Step 1/1
2025-10-27 10:46:14,912 - GPU-2 - DEBUG -       [After Latent Recursive] 1 tokens unmasked
2025-10-27 10:46:14,912 - GPU-2 - INFO -   [Cycle 23]
2025-10-27 10:46:14,912 - GPU-2 - DEBUG -     [Latent Recursive] Starting 1 steps of latent thinking
2025-10-27 10:46:14,960 - GPU-2 - DEBUG -       [Latent] Step 1/1
2025-10-27 10:46:15,137 - GPU-2 - DEBUG -       [After Latent Recursive] 1 tokens unmasked
2025-10-27 10:46:15,137 - GPU-2 - INFO -   [Cycle 24]
2025-10-27 10:46:15,137 - GPU-2 - DEBUG -     [Latent Recursive] Starting 1 steps of latent thinking
2025-10-27 10:46:15,185 - GPU-2 - DEBUG -       [Latent] Step 1/1
2025-10-27 10:46:15,362 - GPU-2 - DEBUG -       [After Latent Recursive] 1 tokens unmasked
2025-10-27 10:46:15,362 - GPU-2 - INFO -   [Cycle 25]
2025-10-27 10:46:15,362 - GPU-2 - DEBUG -     [Latent Recursive] Starting 1 steps of latent thinking
2025-10-27 10:46:15,410 - GPU-2 - DEBUG -       [Latent] Step 1/1
2025-10-27 10:46:15,586 - GPU-2 - DEBUG -       [After Latent Recursive] 1 tokens unmasked
2025-10-27 10:46:15,587 - GPU-2 - INFO -   [Cycle 26]
2025-10-27 10:46:15,587 - GPU-2 - DEBUG -     [Latent Recursive] Starting 1 steps of latent thinking
2025-10-27 10:46:15,635 - GPU-2 - DEBUG -       [Latent] Step 1/1
2025-10-27 10:46:15,811 - GPU-2 - DEBUG -       [After Latent Recursive] 1 tokens unmasked
2025-10-27 10:46:15,811 - GPU-2 - INFO -   [Cycle 27]
2025-10-27 10:46:15,811 - GPU-2 - DEBUG -     [Latent Recursive] Starting 1 steps of latent thinking
2025-10-27 10:46:15,860 - GPU-2 - DEBUG -       [Latent] Step 1/1
2025-10-27 10:46:16,036 - GPU-2 - DEBUG -       [After Latent Recursive] 1 tokens unmasked
2025-10-27 10:46:16,036 - GPU-2 - INFO -   [Cycle 28]
2025-10-27 10:46:16,037 - GPU-2 - DEBUG -     [Latent Recursive] Starting 1 steps of latent thinking
2025-10-27 10:46:16,085 - GPU-2 - DEBUG -       [Latent] Step 1/1
2025-10-27 10:46:16,261 - GPU-2 - DEBUG -       [After Latent Recursive] 1 tokens unmasked
2025-10-27 10:46:16,261 - GPU-2 - INFO -   [Cycle 29]
2025-10-27 10:46:16,261 - GPU-2 - DEBUG -     [Latent Recursive] Starting 1 steps of latent thinking
2025-10-27 10:46:16,310 - GPU-2 - DEBUG -       [Latent] Step 1/1
2025-10-27 10:46:16,486 - GPU-2 - DEBUG -       [After Latent Recursive] 1 tokens unmasked
2025-10-27 10:46:16,486 - GPU-2 - INFO -   [Cycle 30]
2025-10-27 10:46:16,486 - GPU-2 - DEBUG -     [Latent Recursive] Starting 1 steps of latent thinking
2025-10-27 10:46:16,535 - GPU-2 - DEBUG -       [Latent] Step 1/1
2025-10-27 10:46:16,710 - GPU-2 - DEBUG -       [After Latent Recursive] 1 tokens unmasked
2025-10-27 10:46:16,711 - GPU-2 - INFO -   [Cycle 31]
2025-10-27 10:46:16,711 - GPU-2 - DEBUG -     [Latent Recursive] Starting 1 steps of latent thinking
2025-10-27 10:46:16,760 - GPU-2 - DEBUG -       [Latent] Step 1/1
2025-10-27 10:46:16,936 - GPU-2 - DEBUG -       [After Latent Recursive] 1 tokens unmasked
2025-10-27 10:46:16,937 - GPU-2 - INFO - [Block 9/16] Processing tokens 365-397
2025-10-27 10:46:16,937 - GPU-2 - DEBUG - [Block 8] Before forward: use_cache=True, x.shape=torch.Size([1, 621])
2025-10-27 10:46:16,937 - GPU-2 - DEBUG - [Block 8] Model type: LLaDAModelLM
2025-10-27 10:46:16,937 - GPU-2 - DEBUG - [Block 8] Model config use_cache: True
2025-10-27 10:46:16,961 - GPU-2 - DEBUG - [Block 8] After forward: pkv is None? False
2025-10-27 10:46:16,961 - GPU-2 - DEBUG - [Block 8] out type: CausalLMOutputWithPast
2025-10-27 10:46:16,961 - GPU-2 - DEBUG - [Block 8] pkv type: <class 'list'>, len: 32
2025-10-27 10:46:16,962 - GPU-2 - DEBUG - [Block 8] pkv[0] type: <class 'tuple'>, len: 2
2025-10-27 10:46:16,962 - GPU-2 - DEBUG - [Block 8] pkv[0][0].shape: torch.Size([1, 32, 621, 128])
2025-10-27 10:46:17,054 - GPU-2 - INFO -   [Initial Forward] 1 tokens unmasked
2025-10-27 10:46:17,055 - GPU-2 - INFO -   [Cycle 1]
2025-10-27 10:46:17,055 - GPU-2 - DEBUG -     [Latent Recursive] Starting 1 steps of latent thinking
2025-10-27 10:46:17,104 - GPU-2 - DEBUG -       [Latent] Step 1/1
2025-10-27 10:46:17,279 - GPU-2 - DEBUG -       [After Latent Recursive] 1 tokens unmasked
2025-10-27 10:46:17,279 - GPU-2 - INFO -   [Cycle 2]
2025-10-27 10:46:17,279 - GPU-2 - DEBUG -     [Latent Recursive] Starting 1 steps of latent thinking
2025-10-27 10:46:17,328 - GPU-2 - DEBUG -       [Latent] Step 1/1
2025-10-27 10:46:17,503 - GPU-2 - DEBUG -       [After Latent Recursive] 1 tokens unmasked
2025-10-27 10:46:17,503 - GPU-2 - INFO -   [Cycle 3]
2025-10-27 10:46:17,503 - GPU-2 - DEBUG -     [Latent Recursive] Starting 1 steps of latent thinking
2025-10-27 10:46:17,552 - GPU-2 - DEBUG -       [Latent] Step 1/1
2025-10-27 10:46:17,727 - GPU-2 - DEBUG -       [After Latent Recursive] 1 tokens unmasked
2025-10-27 10:46:17,728 - GPU-2 - INFO -   [Cycle 4]
2025-10-27 10:46:17,728 - GPU-2 - DEBUG -     [Latent Recursive] Starting 1 steps of latent thinking
2025-10-27 10:46:17,776 - GPU-2 - DEBUG -       [Latent] Step 1/1
2025-10-27 10:46:17,951 - GPU-2 - DEBUG -       [After Latent Recursive] 1 tokens unmasked
2025-10-27 10:46:17,952 - GPU-2 - INFO -   [Cycle 5]
2025-10-27 10:46:17,952 - GPU-2 - DEBUG -     [Latent Recursive] Starting 1 steps of latent thinking
2025-10-27 10:46:18,000 - GPU-2 - DEBUG -       [Latent] Step 1/1
2025-10-27 10:46:18,176 - GPU-2 - DEBUG -       [After Latent Recursive] 1 tokens unmasked
2025-10-27 10:46:18,176 - GPU-2 - INFO -   [Cycle 6]
2025-10-27 10:46:18,176 - GPU-2 - DEBUG -     [Latent Recursive] Starting 1 steps of latent thinking
2025-10-27 10:46:18,225 - GPU-2 - DEBUG -       [Latent] Step 1/1
2025-10-27 10:46:18,400 - GPU-2 - DEBUG -       [After Latent Recursive] 1 tokens unmasked
2025-10-27 10:46:18,400 - GPU-2 - INFO -   [Cycle 7]
2025-10-27 10:46:18,400 - GPU-2 - DEBUG -     [Latent Recursive] Starting 1 steps of latent thinking
2025-10-27 10:46:18,449 - GPU-2 - DEBUG -       [Latent] Step 1/1
2025-10-27 10:46:18,623 - GPU-2 - DEBUG -       [After Latent Recursive] 1 tokens unmasked
2025-10-27 10:46:18,624 - GPU-2 - INFO -   [Cycle 8]
2025-10-27 10:46:18,624 - GPU-2 - DEBUG -     [Latent Recursive] Starting 1 steps of latent thinking
2025-10-27 10:46:18,672 - GPU-2 - DEBUG -       [Latent] Step 1/1
2025-10-27 10:46:18,851 - GPU-2 - DEBUG -       [After Latent Recursive] 1 tokens unmasked
2025-10-27 10:46:18,851 - GPU-2 - INFO -   [Cycle 9]
2025-10-27 10:46:18,851 - GPU-2 - DEBUG -     [Latent Recursive] Starting 1 steps of latent thinking
2025-10-27 10:46:18,900 - GPU-2 - DEBUG -       [Latent] Step 1/1
2025-10-27 10:46:19,078 - GPU-2 - DEBUG -       [After Latent Recursive] 1 tokens unmasked
2025-10-27 10:46:19,078 - GPU-2 - INFO -   [Cycle 10]
2025-10-27 10:46:19,079 - GPU-2 - DEBUG -     [Latent Recursive] Starting 1 steps of latent thinking
2025-10-27 10:46:19,127 - GPU-2 - DEBUG -       [Latent] Step 1/1
2025-10-27 10:46:19,303 - GPU-2 - DEBUG -       [After Latent Recursive] 1 tokens unmasked
2025-10-27 10:46:19,303 - GPU-2 - INFO -   [Cycle 11]
2025-10-27 10:46:19,304 - GPU-2 - DEBUG -     [Latent Recursive] Starting 1 steps of latent thinking
2025-10-27 10:46:19,352 - GPU-2 - DEBUG -       [Latent] Step 1/1
2025-10-27 10:46:19,530 - GPU-2 - DEBUG -       [After Latent Recursive] 1 tokens unmasked
2025-10-27 10:46:19,531 - GPU-2 - INFO -   [Cycle 12]
2025-10-27 10:46:19,531 - GPU-2 - DEBUG -     [Latent Recursive] Starting 1 steps of latent thinking
2025-10-27 10:46:19,579 - GPU-2 - DEBUG -       [Latent] Step 1/1
2025-10-27 10:46:19,756 - GPU-2 - DEBUG -       [After Latent Recursive] 1 tokens unmasked
2025-10-27 10:46:19,757 - GPU-2 - INFO -   [Cycle 13]
2025-10-27 10:46:19,757 - GPU-2 - DEBUG -     [Latent Recursive] Starting 1 steps of latent thinking
2025-10-27 10:46:19,805 - GPU-2 - DEBUG -       [Latent] Step 1/1
2025-10-27 10:46:19,982 - GPU-2 - DEBUG -       [After Latent Recursive] 1 tokens unmasked
2025-10-27 10:46:19,982 - GPU-2 - INFO -   [Cycle 14]
2025-10-27 10:46:19,982 - GPU-2 - DEBUG -     [Latent Recursive] Starting 1 steps of latent thinking
2025-10-27 10:46:20,030 - GPU-2 - DEBUG -       [Latent] Step 1/1
2025-10-27 10:46:20,207 - GPU-2 - DEBUG -       [After Latent Recursive] 1 tokens unmasked
2025-10-27 10:46:20,208 - GPU-2 - INFO -   [Cycle 15]
2025-10-27 10:46:20,208 - GPU-2 - DEBUG -     [Latent Recursive] Starting 1 steps of latent thinking
2025-10-27 10:46:20,256 - GPU-2 - DEBUG -       [Latent] Step 1/1
2025-10-27 10:46:20,432 - GPU-2 - DEBUG -       [After Latent Recursive] 1 tokens unmasked
2025-10-27 10:46:20,432 - GPU-2 - INFO -   [Cycle 16]
2025-10-27 10:46:20,432 - GPU-2 - DEBUG -     [Latent Recursive] Starting 1 steps of latent thinking
2025-10-27 10:46:20,481 - GPU-2 - DEBUG -       [Latent] Step 1/1
2025-10-27 10:46:20,657 - GPU-2 - DEBUG -       [After Latent Recursive] 1 tokens unmasked
2025-10-27 10:46:20,657 - GPU-2 - INFO -   [Cycle 17]
2025-10-27 10:46:20,657 - GPU-2 - DEBUG -     [Latent Recursive] Starting 1 steps of latent thinking
2025-10-27 10:46:20,706 - GPU-2 - DEBUG -       [Latent] Step 1/1
2025-10-27 10:46:20,881 - GPU-2 - DEBUG -       [After Latent Recursive] 1 tokens unmasked
2025-10-27 10:46:20,881 - GPU-2 - INFO -   [Cycle 18]
2025-10-27 10:46:20,882 - GPU-2 - DEBUG -     [Latent Recursive] Starting 1 steps of latent thinking
2025-10-27 10:46:20,930 - GPU-2 - DEBUG -       [Latent] Step 1/1
2025-10-27 10:46:21,105 - GPU-2 - DEBUG -       [After Latent Recursive] 1 tokens unmasked
2025-10-27 10:46:21,105 - GPU-2 - INFO -   [Cycle 19]
2025-10-27 10:46:21,106 - GPU-2 - DEBUG -     [Latent Recursive] Starting 1 steps of latent thinking
2025-10-27 10:46:21,154 - GPU-2 - DEBUG -       [Latent] Step 1/1
2025-10-27 10:46:21,329 - GPU-2 - DEBUG -       [After Latent Recursive] 1 tokens unmasked
2025-10-27 10:46:21,330 - GPU-2 - INFO -   [Cycle 20]
2025-10-27 10:46:21,330 - GPU-2 - DEBUG -     [Latent Recursive] Starting 1 steps of latent thinking
2025-10-27 10:46:21,378 - GPU-2 - DEBUG -       [Latent] Step 1/1
2025-10-27 10:46:21,553 - GPU-2 - DEBUG -       [After Latent Recursive] 1 tokens unmasked
2025-10-27 10:46:21,553 - GPU-2 - INFO -   [Cycle 21]
2025-10-27 10:46:21,553 - GPU-2 - DEBUG -     [Latent Recursive] Starting 1 steps of latent thinking
2025-10-27 10:46:21,602 - GPU-2 - DEBUG -       [Latent] Step 1/1
2025-10-27 10:46:21,777 - GPU-2 - DEBUG -       [After Latent Recursive] 1 tokens unmasked
2025-10-27 10:46:21,777 - GPU-2 - INFO -   [Cycle 22]
2025-10-27 10:46:21,777 - GPU-2 - DEBUG -     [Latent Recursive] Starting 1 steps of latent thinking
2025-10-27 10:46:21,826 - GPU-2 - DEBUG -       [Latent] Step 1/1
2025-10-27 10:46:22,001 - GPU-2 - DEBUG -       [After Latent Recursive] 1 tokens unmasked
2025-10-27 10:46:22,001 - GPU-2 - INFO -   [Cycle 23]
2025-10-27 10:46:22,001 - GPU-2 - DEBUG -     [Latent Recursive] Starting 1 steps of latent thinking
2025-10-27 10:46:22,050 - GPU-2 - DEBUG -       [Latent] Step 1/1
2025-10-27 10:46:22,224 - GPU-2 - DEBUG -       [After Latent Recursive] 1 tokens unmasked
2025-10-27 10:46:22,225 - GPU-2 - INFO -   [Cycle 24]
2025-10-27 10:46:22,225 - GPU-2 - DEBUG -     [Latent Recursive] Starting 1 steps of latent thinking
2025-10-27 10:46:22,273 - GPU-2 - DEBUG -       [Latent] Step 1/1
2025-10-27 10:46:22,448 - GPU-2 - DEBUG -       [After Latent Recursive] 1 tokens unmasked
2025-10-27 10:46:22,448 - GPU-2 - INFO -   [Cycle 25]
2025-10-27 10:46:22,448 - GPU-2 - DEBUG -     [Latent Recursive] Starting 1 steps of latent thinking
2025-10-27 10:46:22,497 - GPU-2 - DEBUG -       [Latent] Step 1/1
2025-10-27 10:46:22,672 - GPU-2 - DEBUG -       [After Latent Recursive] 1 tokens unmasked
2025-10-27 10:46:22,672 - GPU-2 - INFO -   [Cycle 26]
2025-10-27 10:46:22,672 - GPU-2 - DEBUG -     [Latent Recursive] Starting 1 steps of latent thinking
2025-10-27 10:46:22,721 - GPU-2 - DEBUG -       [Latent] Step 1/1
2025-10-27 10:46:22,895 - GPU-2 - DEBUG -       [After Latent Recursive] 1 tokens unmasked
2025-10-27 10:46:22,896 - GPU-2 - INFO -   [Cycle 27]
2025-10-27 10:46:22,896 - GPU-2 - DEBUG -     [Latent Recursive] Starting 1 steps of latent thinking
2025-10-27 10:46:22,945 - GPU-2 - DEBUG -       [Latent] Step 1/1
2025-10-27 10:46:23,120 - GPU-2 - DEBUG -       [After Latent Recursive] 1 tokens unmasked
2025-10-27 10:46:23,120 - GPU-2 - INFO -   [Cycle 28]
2025-10-27 10:46:23,120 - GPU-2 - DEBUG -     [Latent Recursive] Starting 1 steps of latent thinking
2025-10-27 10:46:23,169 - GPU-2 - DEBUG -       [Latent] Step 1/1
2025-10-27 10:46:23,343 - GPU-2 - DEBUG -       [After Latent Recursive] 1 tokens unmasked
2025-10-27 10:46:23,344 - GPU-2 - INFO -   [Cycle 29]
2025-10-27 10:46:23,344 - GPU-2 - DEBUG -     [Latent Recursive] Starting 1 steps of latent thinking
2025-10-27 10:46:23,392 - GPU-2 - DEBUG -       [Latent] Step 1/1
2025-10-27 10:46:23,567 - GPU-2 - DEBUG -       [After Latent Recursive] 1 tokens unmasked
2025-10-27 10:46:23,568 - GPU-2 - INFO -   [Cycle 30]
2025-10-27 10:46:23,568 - GPU-2 - DEBUG -     [Latent Recursive] Starting 1 steps of latent thinking
2025-10-27 10:46:23,616 - GPU-2 - DEBUG -       [Latent] Step 1/1
2025-10-27 10:46:23,791 - GPU-2 - DEBUG -       [After Latent Recursive] 1 tokens unmasked
2025-10-27 10:46:23,791 - GPU-2 - INFO -   [Cycle 31]
2025-10-27 10:46:23,792 - GPU-2 - DEBUG -     [Latent Recursive] Starting 1 steps of latent thinking
2025-10-27 10:46:23,840 - GPU-2 - DEBUG -       [Latent] Step 1/1
2025-10-27 10:46:24,015 - GPU-2 - DEBUG -       [After Latent Recursive] 1 tokens unmasked
2025-10-27 10:46:24,016 - GPU-2 - INFO - [Block 10/16] Processing tokens 397-429
2025-10-27 10:46:24,016 - GPU-2 - DEBUG - [Block 9] Before forward: use_cache=True, x.shape=torch.Size([1, 621])
2025-10-27 10:46:24,016 - GPU-2 - DEBUG - [Block 9] Model type: LLaDAModelLM
2025-10-27 10:46:24,016 - GPU-2 - DEBUG - [Block 9] Model config use_cache: True
2025-10-27 10:46:24,040 - GPU-2 - DEBUG - [Block 9] After forward: pkv is None? False
2025-10-27 10:46:24,040 - GPU-2 - DEBUG - [Block 9] out type: CausalLMOutputWithPast
2025-10-27 10:46:24,040 - GPU-2 - DEBUG - [Block 9] pkv type: <class 'list'>, len: 32
2025-10-27 10:46:24,040 - GPU-2 - DEBUG - [Block 9] pkv[0] type: <class 'tuple'>, len: 2
2025-10-27 10:46:24,040 - GPU-2 - DEBUG - [Block 9] pkv[0][0].shape: torch.Size([1, 32, 621, 128])
2025-10-27 10:46:24,133 - GPU-2 - INFO -   [Initial Forward] 1 tokens unmasked
2025-10-27 10:46:24,133 - GPU-2 - INFO -   [Cycle 1]
2025-10-27 10:46:24,133 - GPU-2 - DEBUG -     [Latent Recursive] Starting 1 steps of latent thinking
2025-10-27 10:46:24,182 - GPU-2 - DEBUG -       [Latent] Step 1/1
2025-10-27 10:46:24,355 - GPU-2 - DEBUG -       [After Latent Recursive] 1 tokens unmasked
2025-10-27 10:46:24,355 - GPU-2 - INFO -   [Cycle 2]
2025-10-27 10:46:24,355 - GPU-2 - DEBUG -     [Latent Recursive] Starting 1 steps of latent thinking
2025-10-27 10:46:24,403 - GPU-2 - DEBUG -       [Latent] Step 1/1
2025-10-27 10:46:24,576 - GPU-2 - DEBUG -       [After Latent Recursive] 1 tokens unmasked
2025-10-27 10:46:24,576 - GPU-2 - INFO -   [Cycle 3]
2025-10-27 10:46:24,576 - GPU-2 - DEBUG -     [Latent Recursive] Starting 1 steps of latent thinking
2025-10-27 10:46:24,625 - GPU-2 - DEBUG -       [Latent] Step 1/1
2025-10-27 10:46:24,798 - GPU-2 - DEBUG -       [After Latent Recursive] 1 tokens unmasked
2025-10-27 10:46:24,798 - GPU-2 - INFO -   [Cycle 4]
2025-10-27 10:46:24,798 - GPU-2 - DEBUG -     [Latent Recursive] Starting 1 steps of latent thinking
2025-10-27 10:46:24,846 - GPU-2 - DEBUG -       [Latent] Step 1/1
2025-10-27 10:46:25,019 - GPU-2 - DEBUG -       [After Latent Recursive] 1 tokens unmasked
2025-10-27 10:46:25,019 - GPU-2 - INFO -   [Cycle 5]
2025-10-27 10:46:25,019 - GPU-2 - DEBUG -     [Latent Recursive] Starting 1 steps of latent thinking
2025-10-27 10:46:25,068 - GPU-2 - DEBUG -       [Latent] Step 1/1
2025-10-27 10:46:25,240 - GPU-2 - DEBUG -       [After Latent Recursive] 1 tokens unmasked
2025-10-27 10:46:25,241 - GPU-2 - INFO -   [Cycle 6]
2025-10-27 10:46:25,241 - GPU-2 - DEBUG -     [Latent Recursive] Starting 1 steps of latent thinking
2025-10-27 10:46:25,290 - GPU-2 - DEBUG -       [Latent] Step 1/1
2025-10-27 10:46:25,462 - GPU-2 - DEBUG -       [After Latent Recursive] 1 tokens unmasked
2025-10-27 10:46:25,462 - GPU-2 - INFO -   [Cycle 7]
2025-10-27 10:46:25,463 - GPU-2 - DEBUG -     [Latent Recursive] Starting 1 steps of latent thinking
2025-10-27 10:46:25,511 - GPU-2 - DEBUG -       [Latent] Step 1/1
2025-10-27 10:46:25,684 - GPU-2 - DEBUG -       [After Latent Recursive] 1 tokens unmasked
2025-10-27 10:46:25,684 - GPU-2 - INFO -   [Cycle 8]
2025-10-27 10:46:25,685 - GPU-2 - DEBUG -     [Latent Recursive] Starting 1 steps of latent thinking
2025-10-27 10:46:25,733 - GPU-2 - DEBUG -       [Latent] Step 1/1
2025-10-27 10:46:25,906 - GPU-2 - DEBUG -       [After Latent Recursive] 1 tokens unmasked
2025-10-27 10:46:25,906 - GPU-2 - INFO -   [Cycle 9]
2025-10-27 10:46:25,906 - GPU-2 - DEBUG -     [Latent Recursive] Starting 1 steps of latent thinking
2025-10-27 10:46:25,955 - GPU-2 - DEBUG -       [Latent] Step 1/1
2025-10-27 10:46:26,128 - GPU-2 - DEBUG -       [After Latent Recursive] 1 tokens unmasked
2025-10-27 10:46:26,128 - GPU-2 - INFO -   [Cycle 10]
2025-10-27 10:46:26,128 - GPU-2 - DEBUG -     [Latent Recursive] Starting 1 steps of latent thinking
2025-10-27 10:46:26,176 - GPU-2 - DEBUG -       [Latent] Step 1/1
2025-10-27 10:46:26,349 - GPU-2 - DEBUG -       [After Latent Recursive] 1 tokens unmasked
2025-10-27 10:46:26,350 - GPU-2 - INFO -   [Cycle 11]
2025-10-27 10:46:26,350 - GPU-2 - DEBUG -     [Latent Recursive] Starting 1 steps of latent thinking
2025-10-27 10:46:26,398 - GPU-2 - DEBUG -       [Latent] Step 1/1
2025-10-27 10:46:26,571 - GPU-2 - DEBUG -       [After Latent Recursive] 1 tokens unmasked
2025-10-27 10:46:26,571 - GPU-2 - INFO -   [Cycle 12]
2025-10-27 10:46:26,571 - GPU-2 - DEBUG -     [Latent Recursive] Starting 1 steps of latent thinking
2025-10-27 10:46:26,619 - GPU-2 - DEBUG -       [Latent] Step 1/1
2025-10-27 10:46:26,792 - GPU-2 - DEBUG -       [After Latent Recursive] 1 tokens unmasked
2025-10-27 10:46:26,792 - GPU-2 - INFO -   [Cycle 13]
2025-10-27 10:46:26,793 - GPU-2 - DEBUG -     [Latent Recursive] Starting 1 steps of latent thinking
2025-10-27 10:46:26,841 - GPU-2 - DEBUG -       [Latent] Step 1/1
2025-10-27 10:46:27,014 - GPU-2 - DEBUG -       [After Latent Recursive] 1 tokens unmasked
2025-10-27 10:46:27,014 - GPU-2 - INFO -   [Cycle 14]
2025-10-27 10:46:27,014 - GPU-2 - DEBUG -     [Latent Recursive] Starting 1 steps of latent thinking
2025-10-27 10:46:27,062 - GPU-2 - DEBUG -       [Latent] Step 1/1
2025-10-27 10:46:27,235 - GPU-2 - DEBUG -       [After Latent Recursive] 1 tokens unmasked
2025-10-27 10:46:27,236 - GPU-2 - INFO -   [Cycle 15]
2025-10-27 10:46:27,236 - GPU-2 - DEBUG -     [Latent Recursive] Starting 1 steps of latent thinking
2025-10-27 10:46:27,284 - GPU-2 - DEBUG -       [Latent] Step 1/1
2025-10-27 10:46:27,457 - GPU-2 - DEBUG -       [After Latent Recursive] 1 tokens unmasked
2025-10-27 10:46:27,457 - GPU-2 - INFO -   [Cycle 16]
2025-10-27 10:46:27,457 - GPU-2 - DEBUG -     [Latent Recursive] Starting 1 steps of latent thinking
2025-10-27 10:46:27,506 - GPU-2 - DEBUG -       [Latent] Step 1/1
2025-10-27 10:46:27,678 - GPU-2 - DEBUG -       [After Latent Recursive] 1 tokens unmasked
2025-10-27 10:46:27,679 - GPU-2 - INFO -   [Cycle 17]
2025-10-27 10:46:27,679 - GPU-2 - DEBUG -     [Latent Recursive] Starting 1 steps of latent thinking
2025-10-27 10:46:27,727 - GPU-2 - DEBUG -       [Latent] Step 1/1
2025-10-27 10:46:27,900 - GPU-2 - DEBUG -       [After Latent Recursive] 1 tokens unmasked
2025-10-27 10:46:27,900 - GPU-2 - INFO -   [Cycle 18]
2025-10-27 10:46:27,900 - GPU-2 - DEBUG -     [Latent Recursive] Starting 1 steps of latent thinking
2025-10-27 10:46:27,949 - GPU-2 - DEBUG -       [Latent] Step 1/1
2025-10-27 10:46:28,121 - GPU-2 - DEBUG -       [After Latent Recursive] 1 tokens unmasked
2025-10-27 10:46:28,121 - GPU-2 - INFO -   [Cycle 19]
2025-10-27 10:46:28,122 - GPU-2 - DEBUG -     [Latent Recursive] Starting 1 steps of latent thinking
2025-10-27 10:46:28,170 - GPU-2 - DEBUG -       [Latent] Step 1/1
2025-10-27 10:46:28,342 - GPU-2 - DEBUG -       [After Latent Recursive] 1 tokens unmasked
2025-10-27 10:46:28,343 - GPU-2 - INFO -   [Cycle 20]
2025-10-27 10:46:28,343 - GPU-2 - DEBUG -     [Latent Recursive] Starting 1 steps of latent thinking
2025-10-27 10:46:28,391 - GPU-2 - DEBUG -       [Latent] Step 1/1
2025-10-27 10:46:28,564 - GPU-2 - DEBUG -       [After Latent Recursive] 1 tokens unmasked
2025-10-27 10:46:28,564 - GPU-2 - INFO -   [Cycle 21]
2025-10-27 10:46:28,564 - GPU-2 - DEBUG -     [Latent Recursive] Starting 1 steps of latent thinking
2025-10-27 10:46:28,613 - GPU-2 - DEBUG -       [Latent] Step 1/1
2025-10-27 10:46:28,785 - GPU-2 - DEBUG -       [After Latent Recursive] 1 tokens unmasked
2025-10-27 10:46:28,786 - GPU-2 - INFO -   [Cycle 22]
2025-10-27 10:46:28,786 - GPU-2 - DEBUG -     [Latent Recursive] Starting 1 steps of latent thinking
2025-10-27 10:46:28,834 - GPU-2 - DEBUG -       [Latent] Step 1/1
2025-10-27 10:46:29,007 - GPU-2 - DEBUG -       [After Latent Recursive] 1 tokens unmasked
2025-10-27 10:46:29,008 - GPU-2 - INFO -   [Cycle 23]
2025-10-27 10:46:29,008 - GPU-2 - DEBUG -     [Latent Recursive] Starting 1 steps of latent thinking
2025-10-27 10:46:29,056 - GPU-2 - DEBUG -       [Latent] Step 1/1
2025-10-27 10:46:29,229 - GPU-2 - DEBUG -       [After Latent Recursive] 1 tokens unmasked
2025-10-27 10:46:29,229 - GPU-2 - INFO -   [Cycle 24]
2025-10-27 10:46:29,229 - GPU-2 - DEBUG -     [Latent Recursive] Starting 1 steps of latent thinking
2025-10-27 10:46:29,278 - GPU-2 - DEBUG -       [Latent] Step 1/1
2025-10-27 10:46:29,451 - GPU-2 - DEBUG -       [After Latent Recursive] 1 tokens unmasked
2025-10-27 10:46:29,451 - GPU-2 - INFO -   [Cycle 25]
2025-10-27 10:46:29,451 - GPU-2 - DEBUG -     [Latent Recursive] Starting 1 steps of latent thinking
2025-10-27 10:46:29,500 - GPU-2 - DEBUG -       [Latent] Step 1/1
2025-10-27 10:46:29,672 - GPU-2 - DEBUG -       [After Latent Recursive] 1 tokens unmasked
2025-10-27 10:46:29,673 - GPU-2 - INFO -   [Cycle 26]
2025-10-27 10:46:29,673 - GPU-2 - DEBUG -     [Latent Recursive] Starting 1 steps of latent thinking
2025-10-27 10:46:29,721 - GPU-2 - DEBUG -       [Latent] Step 1/1
2025-10-27 10:46:29,894 - GPU-2 - DEBUG -       [After Latent Recursive] 1 tokens unmasked
2025-10-27 10:46:29,895 - GPU-2 - INFO -   [Cycle 27]
2025-10-27 10:46:29,895 - GPU-2 - DEBUG -     [Latent Recursive] Starting 1 steps of latent thinking
2025-10-27 10:46:29,943 - GPU-2 - DEBUG -       [Latent] Step 1/1
2025-10-27 10:46:30,116 - GPU-2 - DEBUG -       [After Latent Recursive] 1 tokens unmasked
2025-10-27 10:46:30,116 - GPU-2 - INFO -   [Cycle 28]
2025-10-27 10:46:30,116 - GPU-2 - DEBUG -     [Latent Recursive] Starting 1 steps of latent thinking
2025-10-27 10:46:30,165 - GPU-2 - DEBUG -       [Latent] Step 1/1
2025-10-27 10:46:30,338 - GPU-2 - DEBUG -       [After Latent Recursive] 1 tokens unmasked
2025-10-27 10:46:30,338 - GPU-2 - INFO -   [Cycle 29]
2025-10-27 10:46:30,338 - GPU-2 - DEBUG -     [Latent Recursive] Starting 1 steps of latent thinking
2025-10-27 10:46:30,386 - GPU-2 - DEBUG -       [Latent] Step 1/1
2025-10-27 10:46:30,559 - GPU-2 - DEBUG -       [After Latent Recursive] 1 tokens unmasked
2025-10-27 10:46:30,559 - GPU-2 - INFO -   [Cycle 30]
2025-10-27 10:46:30,560 - GPU-2 - DEBUG -     [Latent Recursive] Starting 1 steps of latent thinking
2025-10-27 10:46:30,608 - GPU-2 - DEBUG -       [Latent] Step 1/1
2025-10-27 10:46:30,781 - GPU-2 - DEBUG -       [After Latent Recursive] 1 tokens unmasked
2025-10-27 10:46:30,781 - GPU-2 - INFO -   [Cycle 31]
2025-10-27 10:46:30,781 - GPU-2 - DEBUG -     [Latent Recursive] Starting 1 steps of latent thinking
2025-10-27 10:46:30,830 - GPU-2 - DEBUG -       [Latent] Step 1/1
2025-10-27 10:46:31,002 - GPU-2 - DEBUG -       [After Latent Recursive] 1 tokens unmasked
2025-10-27 10:46:31,003 - GPU-2 - INFO - [Block 11/16] Processing tokens 429-461
2025-10-27 10:46:31,003 - GPU-2 - DEBUG - [Block 10] Before forward: use_cache=True, x.shape=torch.Size([1, 621])
2025-10-27 10:46:31,003 - GPU-2 - DEBUG - [Block 10] Model type: LLaDAModelLM
2025-10-27 10:46:31,003 - GPU-2 - DEBUG - [Block 10] Model config use_cache: True
2025-10-27 10:46:31,027 - GPU-2 - DEBUG - [Block 10] After forward: pkv is None? False
2025-10-27 10:46:31,027 - GPU-2 - DEBUG - [Block 10] out type: CausalLMOutputWithPast
2025-10-27 10:46:31,027 - GPU-2 - DEBUG - [Block 10] pkv type: <class 'list'>, len: 32
2025-10-27 10:46:31,027 - GPU-2 - DEBUG - [Block 10] pkv[0] type: <class 'tuple'>, len: 2
2025-10-27 10:46:31,027 - GPU-2 - DEBUG - [Block 10] pkv[0][0].shape: torch.Size([1, 32, 621, 128])
2025-10-27 10:46:31,120 - GPU-2 - INFO -   [Initial Forward] 1 tokens unmasked
2025-10-27 10:46:31,121 - GPU-2 - INFO -   [Cycle 1]
2025-10-27 10:46:31,121 - GPU-2 - DEBUG -     [Latent Recursive] Starting 1 steps of latent thinking
2025-10-27 10:46:31,170 - GPU-2 - DEBUG -       [Latent] Step 1/1
2025-10-27 10:46:31,341 - GPU-2 - DEBUG -       [After Latent Recursive] 1 tokens unmasked
2025-10-27 10:46:31,342 - GPU-2 - INFO -   [Cycle 2]
2025-10-27 10:46:31,342 - GPU-2 - DEBUG -     [Latent Recursive] Starting 1 steps of latent thinking
2025-10-27 10:46:31,390 - GPU-2 - DEBUG -       [Latent] Step 1/1
2025-10-27 10:46:31,562 - GPU-2 - DEBUG -       [After Latent Recursive] 1 tokens unmasked
2025-10-27 10:46:31,562 - GPU-2 - INFO -   [Cycle 3]
2025-10-27 10:46:31,563 - GPU-2 - DEBUG -     [Latent Recursive] Starting 1 steps of latent thinking
2025-10-27 10:46:31,611 - GPU-2 - DEBUG -       [Latent] Step 1/1
2025-10-27 10:46:31,782 - GPU-2 - DEBUG -       [After Latent Recursive] 1 tokens unmasked
2025-10-27 10:46:31,783 - GPU-2 - INFO -   [Cycle 4]
2025-10-27 10:46:31,783 - GPU-2 - DEBUG -     [Latent Recursive] Starting 1 steps of latent thinking
2025-10-27 10:46:31,831 - GPU-2 - DEBUG -       [Latent] Step 1/1
2025-10-27 10:46:32,003 - GPU-2 - DEBUG -       [After Latent Recursive] 1 tokens unmasked
2025-10-27 10:46:32,004 - GPU-2 - INFO -   [Cycle 5]
2025-10-27 10:46:32,004 - GPU-2 - DEBUG -     [Latent Recursive] Starting 1 steps of latent thinking
2025-10-27 10:46:32,052 - GPU-2 - DEBUG -       [Latent] Step 1/1
2025-10-27 10:46:32,223 - GPU-2 - DEBUG -       [After Latent Recursive] 1 tokens unmasked
2025-10-27 10:46:32,224 - GPU-2 - INFO -   [Cycle 6]
2025-10-27 10:46:32,224 - GPU-2 - DEBUG -     [Latent Recursive] Starting 1 steps of latent thinking
2025-10-27 10:46:32,272 - GPU-2 - DEBUG -       [Latent] Step 1/1
2025-10-27 10:46:32,444 - GPU-2 - DEBUG -       [After Latent Recursive] 1 tokens unmasked
2025-10-27 10:46:32,444 - GPU-2 - INFO -   [Cycle 7]
2025-10-27 10:46:32,444 - GPU-2 - DEBUG -     [Latent Recursive] Starting 1 steps of latent thinking
2025-10-27 10:46:32,493 - GPU-2 - DEBUG -       [Latent] Step 1/1
2025-10-27 10:46:32,664 - GPU-2 - DEBUG -       [After Latent Recursive] 1 tokens unmasked
2025-10-27 10:46:32,665 - GPU-2 - INFO -   [Cycle 8]
2025-10-27 10:46:32,665 - GPU-2 - DEBUG -     [Latent Recursive] Starting 1 steps of latent thinking
2025-10-27 10:46:32,713 - GPU-2 - DEBUG -       [Latent] Step 1/1
2025-10-27 10:46:32,885 - GPU-2 - DEBUG -       [After Latent Recursive] 1 tokens unmasked
2025-10-27 10:46:32,886 - GPU-2 - INFO -   [Cycle 9]
2025-10-27 10:46:32,886 - GPU-2 - DEBUG -     [Latent Recursive] Starting 1 steps of latent thinking
2025-10-27 10:46:32,934 - GPU-2 - DEBUG -       [Latent] Step 1/1
2025-10-27 10:46:33,106 - GPU-2 - DEBUG -       [After Latent Recursive] 1 tokens unmasked
2025-10-27 10:46:33,106 - GPU-2 - INFO -   [Cycle 10]
2025-10-27 10:46:33,106 - GPU-2 - DEBUG -     [Latent Recursive] Starting 1 steps of latent thinking
2025-10-27 10:46:33,155 - GPU-2 - DEBUG -       [Latent] Step 1/1
2025-10-27 10:46:33,326 - GPU-2 - DEBUG -       [After Latent Recursive] 1 tokens unmasked
2025-10-27 10:46:33,327 - GPU-2 - INFO -   [Cycle 11]
2025-10-27 10:46:33,327 - GPU-2 - DEBUG -     [Latent Recursive] Starting 1 steps of latent thinking
2025-10-27 10:46:33,375 - GPU-2 - DEBUG -       [Latent] Step 1/1
2025-10-27 10:46:33,547 - GPU-2 - DEBUG -       [After Latent Recursive] 1 tokens unmasked
2025-10-27 10:46:33,547 - GPU-2 - INFO -   [Cycle 12]
2025-10-27 10:46:33,547 - GPU-2 - DEBUG -     [Latent Recursive] Starting 1 steps of latent thinking
2025-10-27 10:46:33,595 - GPU-2 - DEBUG -       [Latent] Step 1/1
2025-10-27 10:46:33,767 - GPU-2 - DEBUG -       [After Latent Recursive] 1 tokens unmasked
2025-10-27 10:46:33,768 - GPU-2 - INFO -   [Cycle 13]
2025-10-27 10:46:33,768 - GPU-2 - DEBUG -     [Latent Recursive] Starting 1 steps of latent thinking
2025-10-27 10:46:33,816 - GPU-2 - DEBUG -       [Latent] Step 1/1
2025-10-27 10:46:33,988 - GPU-2 - DEBUG -       [After Latent Recursive] 1 tokens unmasked
2025-10-27 10:46:33,988 - GPU-2 - INFO -   [Cycle 14]
2025-10-27 10:46:33,988 - GPU-2 - DEBUG -     [Latent Recursive] Starting 1 steps of latent thinking
2025-10-27 10:46:34,037 - GPU-2 - DEBUG -       [Latent] Step 1/1
2025-10-27 10:46:34,209 - GPU-2 - DEBUG -       [After Latent Recursive] 1 tokens unmasked
2025-10-27 10:46:34,209 - GPU-2 - INFO -   [Cycle 15]
2025-10-27 10:46:34,209 - GPU-2 - DEBUG -     [Latent Recursive] Starting 1 steps of latent thinking
2025-10-27 10:46:34,257 - GPU-2 - DEBUG -       [Latent] Step 1/1
2025-10-27 10:46:34,429 - GPU-2 - DEBUG -       [After Latent Recursive] 1 tokens unmasked
2025-10-27 10:46:34,430 - GPU-2 - INFO -   [Cycle 16]
2025-10-27 10:46:34,430 - GPU-2 - DEBUG -     [Latent Recursive] Starting 1 steps of latent thinking
2025-10-27 10:46:34,478 - GPU-2 - DEBUG -       [Latent] Step 1/1
2025-10-27 10:46:34,649 - GPU-2 - DEBUG -       [After Latent Recursive] 1 tokens unmasked
2025-10-27 10:46:34,649 - GPU-2 - INFO -   [Cycle 17]
2025-10-27 10:46:34,649 - GPU-2 - DEBUG -     [Latent Recursive] Starting 1 steps of latent thinking
2025-10-27 10:46:34,697 - GPU-2 - DEBUG -       [Latent] Step 1/1
2025-10-27 10:46:34,868 - GPU-2 - DEBUG -       [After Latent Recursive] 1 tokens unmasked
2025-10-27 10:46:34,868 - GPU-2 - INFO -   [Cycle 18]
2025-10-27 10:46:34,868 - GPU-2 - DEBUG -     [Latent Recursive] Starting 1 steps of latent thinking
2025-10-27 10:46:34,916 - GPU-2 - DEBUG -       [Latent] Step 1/1
2025-10-27 10:46:35,087 - GPU-2 - DEBUG -       [After Latent Recursive] 1 tokens unmasked
2025-10-27 10:46:35,087 - GPU-2 - INFO -   [Cycle 19]
2025-10-27 10:46:35,087 - GPU-2 - DEBUG -     [Latent Recursive] Starting 1 steps of latent thinking
2025-10-27 10:46:35,135 - GPU-2 - DEBUG -       [Latent] Step 1/1
2025-10-27 10:46:35,306 - GPU-2 - DEBUG -       [After Latent Recursive] 1 tokens unmasked
2025-10-27 10:46:35,306 - GPU-2 - INFO -   [Cycle 20]
2025-10-27 10:46:35,307 - GPU-2 - DEBUG -     [Latent Recursive] Starting 1 steps of latent thinking
2025-10-27 10:46:35,355 - GPU-2 - DEBUG -       [Latent] Step 1/1
2025-10-27 10:46:35,525 - GPU-2 - DEBUG -       [After Latent Recursive] 1 tokens unmasked
2025-10-27 10:46:35,526 - GPU-2 - INFO -   [Cycle 21]
2025-10-27 10:46:35,526 - GPU-2 - DEBUG -     [Latent Recursive] Starting 1 steps of latent thinking
2025-10-27 10:46:35,574 - GPU-2 - DEBUG -       [Latent] Step 1/1
2025-10-27 10:46:35,744 - GPU-2 - DEBUG -       [After Latent Recursive] 1 tokens unmasked
2025-10-27 10:46:35,745 - GPU-2 - INFO -   [Cycle 22]
2025-10-27 10:46:35,745 - GPU-2 - DEBUG -     [Latent Recursive] Starting 1 steps of latent thinking
2025-10-27 10:46:35,793 - GPU-2 - DEBUG -       [Latent] Step 1/1
2025-10-27 10:46:35,963 - GPU-2 - DEBUG -       [After Latent Recursive] 1 tokens unmasked
2025-10-27 10:46:35,964 - GPU-2 - INFO -   [Cycle 23]
2025-10-27 10:46:35,964 - GPU-2 - DEBUG -     [Latent Recursive] Starting 1 steps of latent thinking
2025-10-27 10:46:36,012 - GPU-2 - DEBUG -       [Latent] Step 1/1
2025-10-27 10:46:36,183 - GPU-2 - DEBUG -       [After Latent Recursive] 1 tokens unmasked
2025-10-27 10:46:36,183 - GPU-2 - INFO -   [Cycle 24]
2025-10-27 10:46:36,183 - GPU-2 - DEBUG -     [Latent Recursive] Starting 1 steps of latent thinking
2025-10-27 10:46:36,231 - GPU-2 - DEBUG -       [Latent] Step 1/1
2025-10-27 10:46:36,402 - GPU-2 - DEBUG -       [After Latent Recursive] 1 tokens unmasked
2025-10-27 10:46:36,402 - GPU-2 - INFO -   [Cycle 25]
2025-10-27 10:46:36,402 - GPU-2 - DEBUG -     [Latent Recursive] Starting 1 steps of latent thinking
2025-10-27 10:46:36,450 - GPU-2 - DEBUG -       [Latent] Step 1/1
2025-10-27 10:46:36,621 - GPU-2 - DEBUG -       [After Latent Recursive] 1 tokens unmasked
2025-10-27 10:46:36,621 - GPU-2 - INFO -   [Cycle 26]
2025-10-27 10:46:36,622 - GPU-2 - DEBUG -     [Latent Recursive] Starting 1 steps of latent thinking
2025-10-27 10:46:36,670 - GPU-2 - DEBUG -       [Latent] Step 1/1
2025-10-27 10:46:36,840 - GPU-2 - DEBUG -       [After Latent Recursive] 1 tokens unmasked
2025-10-27 10:46:36,841 - GPU-2 - INFO -   [Cycle 27]
2025-10-27 10:46:36,841 - GPU-2 - DEBUG -     [Latent Recursive] Starting 1 steps of latent thinking
2025-10-27 10:46:36,889 - GPU-2 - DEBUG -       [Latent] Step 1/1
2025-10-27 10:46:37,060 - GPU-2 - DEBUG -       [After Latent Recursive] 1 tokens unmasked
2025-10-27 10:46:37,061 - GPU-2 - INFO -   [Cycle 28]
2025-10-27 10:46:37,061 - GPU-2 - DEBUG -     [Latent Recursive] Starting 1 steps of latent thinking
2025-10-27 10:46:37,109 - GPU-2 - DEBUG -       [Latent] Step 1/1
2025-10-27 10:46:37,280 - GPU-2 - DEBUG -       [After Latent Recursive] 1 tokens unmasked
2025-10-27 10:46:37,280 - GPU-2 - INFO -   [Cycle 29]
2025-10-27 10:46:37,280 - GPU-2 - DEBUG -     [Latent Recursive] Starting 1 steps of latent thinking
2025-10-27 10:46:37,329 - GPU-2 - DEBUG -       [Latent] Step 1/1
2025-10-27 10:46:37,499 - GPU-2 - DEBUG -       [After Latent Recursive] 1 tokens unmasked
2025-10-27 10:46:37,500 - GPU-2 - INFO -   [Cycle 30]
2025-10-27 10:46:37,500 - GPU-2 - DEBUG -     [Latent Recursive] Starting 1 steps of latent thinking
2025-10-27 10:46:37,548 - GPU-2 - DEBUG -       [Latent] Step 1/1
2025-10-27 10:46:37,719 - GPU-2 - DEBUG -       [After Latent Recursive] 1 tokens unmasked
2025-10-27 10:46:37,719 - GPU-2 - INFO -   [Cycle 31]
2025-10-27 10:46:37,720 - GPU-2 - DEBUG -     [Latent Recursive] Starting 1 steps of latent thinking
2025-10-27 10:46:37,768 - GPU-2 - DEBUG -       [Latent] Step 1/1
2025-10-27 10:46:37,939 - GPU-2 - DEBUG -       [After Latent Recursive] 1 tokens unmasked
2025-10-27 10:46:37,939 - GPU-2 - INFO - [Block 12/16] Processing tokens 461-493
2025-10-27 10:46:37,939 - GPU-2 - DEBUG - [Block 11] Before forward: use_cache=True, x.shape=torch.Size([1, 621])
2025-10-27 10:46:37,940 - GPU-2 - DEBUG - [Block 11] Model type: LLaDAModelLM
2025-10-27 10:46:37,940 - GPU-2 - DEBUG - [Block 11] Model config use_cache: True
2025-10-27 10:46:37,963 - GPU-2 - DEBUG - [Block 11] After forward: pkv is None? False
2025-10-27 10:46:37,963 - GPU-2 - DEBUG - [Block 11] out type: CausalLMOutputWithPast
2025-10-27 10:46:37,963 - GPU-2 - DEBUG - [Block 11] pkv type: <class 'list'>, len: 32
2025-10-27 10:46:37,964 - GPU-2 - DEBUG - [Block 11] pkv[0] type: <class 'tuple'>, len: 2
2025-10-27 10:46:37,964 - GPU-2 - DEBUG - [Block 11] pkv[0][0].shape: torch.Size([1, 32, 621, 128])
2025-10-27 10:46:38,056 - GPU-2 - INFO -   [Initial Forward] 1 tokens unmasked
2025-10-27 10:46:38,056 - GPU-2 - INFO -   [Cycle 1]
2025-10-27 10:46:38,056 - GPU-2 - DEBUG -     [Latent Recursive] Starting 1 steps of latent thinking
2025-10-27 10:46:38,105 - GPU-2 - DEBUG -       [Latent] Step 1/1
2025-10-27 10:46:38,275 - GPU-2 - DEBUG -       [After Latent Recursive] 1 tokens unmasked
2025-10-27 10:46:38,275 - GPU-2 - INFO -   [Cycle 2]
2025-10-27 10:46:38,275 - GPU-2 - DEBUG -     [Latent Recursive] Starting 1 steps of latent thinking
2025-10-27 10:46:38,323 - GPU-2 - DEBUG -       [Latent] Step 1/1
2025-10-27 10:46:38,493 - GPU-2 - DEBUG -       [After Latent Recursive] 1 tokens unmasked
2025-10-27 10:46:38,494 - GPU-2 - INFO -   [Cycle 3]
2025-10-27 10:46:38,494 - GPU-2 - DEBUG -     [Latent Recursive] Starting 1 steps of latent thinking
2025-10-27 10:46:38,542 - GPU-2 - DEBUG -       [Latent] Step 1/1
2025-10-27 10:46:38,712 - GPU-2 - DEBUG -       [After Latent Recursive] 1 tokens unmasked
2025-10-27 10:46:38,712 - GPU-2 - INFO -   [Cycle 4]
2025-10-27 10:46:38,712 - GPU-2 - DEBUG -     [Latent Recursive] Starting 1 steps of latent thinking
2025-10-27 10:46:38,760 - GPU-2 - DEBUG -       [Latent] Step 1/1
2025-10-27 10:46:38,930 - GPU-2 - DEBUG -       [After Latent Recursive] 1 tokens unmasked
2025-10-27 10:46:38,931 - GPU-2 - INFO -   [Cycle 5]
2025-10-27 10:46:38,931 - GPU-2 - DEBUG -     [Latent Recursive] Starting 1 steps of latent thinking
2025-10-27 10:46:38,979 - GPU-2 - DEBUG -       [Latent] Step 1/1
2025-10-27 10:46:39,149 - GPU-2 - DEBUG -       [After Latent Recursive] 1 tokens unmasked
2025-10-27 10:46:39,150 - GPU-2 - INFO -   [Cycle 6]
2025-10-27 10:46:39,150 - GPU-2 - DEBUG -     [Latent Recursive] Starting 1 steps of latent thinking
2025-10-27 10:46:39,198 - GPU-2 - DEBUG -       [Latent] Step 1/1
2025-10-27 10:46:39,368 - GPU-2 - DEBUG -       [After Latent Recursive] 1 tokens unmasked
2025-10-27 10:46:39,368 - GPU-2 - INFO -   [Cycle 7]
2025-10-27 10:46:39,368 - GPU-2 - DEBUG -     [Latent Recursive] Starting 1 steps of latent thinking
2025-10-27 10:46:39,417 - GPU-2 - DEBUG -       [Latent] Step 1/1
2025-10-27 10:46:39,586 - GPU-2 - DEBUG -       [After Latent Recursive] 1 tokens unmasked
2025-10-27 10:46:39,586 - GPU-2 - INFO -   [Cycle 8]
2025-10-27 10:46:39,587 - GPU-2 - DEBUG -     [Latent Recursive] Starting 1 steps of latent thinking
2025-10-27 10:46:39,635 - GPU-2 - DEBUG -       [Latent] Step 1/1
2025-10-27 10:46:39,805 - GPU-2 - DEBUG -       [After Latent Recursive] 1 tokens unmasked
2025-10-27 10:46:39,805 - GPU-2 - INFO -   [Cycle 9]
2025-10-27 10:46:39,805 - GPU-2 - DEBUG -     [Latent Recursive] Starting 1 steps of latent thinking
2025-10-27 10:46:39,853 - GPU-2 - DEBUG -       [Latent] Step 1/1
2025-10-27 10:46:40,024 - GPU-2 - DEBUG -       [After Latent Recursive] 1 tokens unmasked
2025-10-27 10:46:40,024 - GPU-2 - INFO -   [Cycle 10]
2025-10-27 10:46:40,024 - GPU-2 - DEBUG -     [Latent Recursive] Starting 1 steps of latent thinking
2025-10-27 10:46:40,072 - GPU-2 - DEBUG -       [Latent] Step 1/1
2025-10-27 10:46:40,242 - GPU-2 - DEBUG -       [After Latent Recursive] 1 tokens unmasked
2025-10-27 10:46:40,242 - GPU-2 - INFO -   [Cycle 11]
2025-10-27 10:46:40,242 - GPU-2 - DEBUG -     [Latent Recursive] Starting 1 steps of latent thinking
2025-10-27 10:46:40,291 - GPU-2 - DEBUG -       [Latent] Step 1/1
2025-10-27 10:46:40,461 - GPU-2 - DEBUG -       [After Latent Recursive] 1 tokens unmasked
2025-10-27 10:46:40,461 - GPU-2 - INFO -   [Cycle 12]
2025-10-27 10:46:40,461 - GPU-2 - DEBUG -     [Latent Recursive] Starting 1 steps of latent thinking
2025-10-27 10:46:40,510 - GPU-2 - DEBUG -       [Latent] Step 1/1
2025-10-27 10:46:40,680 - GPU-2 - DEBUG -       [After Latent Recursive] 1 tokens unmasked
2025-10-27 10:46:40,680 - GPU-2 - INFO -   [Cycle 13]
2025-10-27 10:46:40,680 - GPU-2 - DEBUG -     [Latent Recursive] Starting 1 steps of latent thinking
2025-10-27 10:46:40,728 - GPU-2 - DEBUG -       [Latent] Step 1/1
2025-10-27 10:46:40,898 - GPU-2 - DEBUG -       [After Latent Recursive] 1 tokens unmasked
2025-10-27 10:46:40,899 - GPU-2 - INFO -   [Cycle 14]
2025-10-27 10:46:40,899 - GPU-2 - DEBUG -     [Latent Recursive] Starting 1 steps of latent thinking
2025-10-27 10:46:40,947 - GPU-2 - DEBUG -       [Latent] Step 1/1
2025-10-27 10:46:41,117 - GPU-2 - DEBUG -       [After Latent Recursive] 1 tokens unmasked
2025-10-27 10:46:41,117 - GPU-2 - INFO -   [Cycle 15]
2025-10-27 10:46:41,117 - GPU-2 - DEBUG -     [Latent Recursive] Starting 1 steps of latent thinking
2025-10-27 10:46:41,165 - GPU-2 - DEBUG -       [Latent] Step 1/1
2025-10-27 10:46:41,335 - GPU-2 - DEBUG -       [After Latent Recursive] 1 tokens unmasked
2025-10-27 10:46:41,336 - GPU-2 - INFO -   [Cycle 16]
2025-10-27 10:46:41,336 - GPU-2 - DEBUG -     [Latent Recursive] Starting 1 steps of latent thinking
2025-10-27 10:46:41,384 - GPU-2 - DEBUG -       [Latent] Step 1/1
2025-10-27 10:46:41,554 - GPU-2 - DEBUG -       [After Latent Recursive] 1 tokens unmasked
2025-10-27 10:46:41,554 - GPU-2 - INFO -   [Cycle 17]
2025-10-27 10:46:41,554 - GPU-2 - DEBUG -     [Latent Recursive] Starting 1 steps of latent thinking
2025-10-27 10:46:41,603 - GPU-2 - DEBUG -       [Latent] Step 1/1
2025-10-27 10:46:41,772 - GPU-2 - DEBUG -       [After Latent Recursive] 1 tokens unmasked
2025-10-27 10:46:41,773 - GPU-2 - INFO -   [Cycle 18]
2025-10-27 10:46:41,773 - GPU-2 - DEBUG -     [Latent Recursive] Starting 1 steps of latent thinking
2025-10-27 10:46:41,821 - GPU-2 - DEBUG -       [Latent] Step 1/1
2025-10-27 10:46:41,991 - GPU-2 - DEBUG -       [After Latent Recursive] 1 tokens unmasked
2025-10-27 10:46:41,991 - GPU-2 - INFO -   [Cycle 19]
2025-10-27 10:46:41,991 - GPU-2 - DEBUG -     [Latent Recursive] Starting 1 steps of latent thinking
2025-10-27 10:46:42,039 - GPU-2 - DEBUG -       [Latent] Step 1/1
2025-10-27 10:46:42,209 - GPU-2 - DEBUG -       [After Latent Recursive] 1 tokens unmasked
2025-10-27 10:46:42,210 - GPU-2 - INFO -   [Cycle 20]
2025-10-27 10:46:42,210 - GPU-2 - DEBUG -     [Latent Recursive] Starting 1 steps of latent thinking
2025-10-27 10:46:42,258 - GPU-2 - DEBUG -       [Latent] Step 1/1
2025-10-27 10:46:42,427 - GPU-2 - DEBUG -       [After Latent Recursive] 1 tokens unmasked
2025-10-27 10:46:42,428 - GPU-2 - INFO -   [Cycle 21]
2025-10-27 10:46:42,428 - GPU-2 - DEBUG -     [Latent Recursive] Starting 1 steps of latent thinking
2025-10-27 10:46:42,476 - GPU-2 - DEBUG -       [Latent] Step 1/1
2025-10-27 10:46:42,646 - GPU-2 - DEBUG -       [After Latent Recursive] 1 tokens unmasked
2025-10-27 10:46:42,647 - GPU-2 - INFO -   [Cycle 22]
2025-10-27 10:46:42,647 - GPU-2 - DEBUG -     [Latent Recursive] Starting 1 steps of latent thinking
2025-10-27 10:46:42,695 - GPU-2 - DEBUG -       [Latent] Step 1/1
2025-10-27 10:46:42,864 - GPU-2 - DEBUG -       [After Latent Recursive] 1 tokens unmasked
2025-10-27 10:46:42,865 - GPU-2 - INFO -   [Cycle 23]
2025-10-27 10:46:42,865 - GPU-2 - DEBUG -     [Latent Recursive] Starting 1 steps of latent thinking
2025-10-27 10:46:42,913 - GPU-2 - DEBUG -       [Latent] Step 1/1
2025-10-27 10:46:43,082 - GPU-2 - DEBUG -       [After Latent Recursive] 1 tokens unmasked
2025-10-27 10:46:43,083 - GPU-2 - INFO -   [Cycle 24]
2025-10-27 10:46:43,083 - GPU-2 - DEBUG -     [Latent Recursive] Starting 1 steps of latent thinking
2025-10-27 10:46:43,131 - GPU-2 - DEBUG -       [Latent] Step 1/1
2025-10-27 10:46:43,300 - GPU-2 - DEBUG -       [After Latent Recursive] 1 tokens unmasked
2025-10-27 10:46:43,301 - GPU-2 - INFO -   [Cycle 25]
2025-10-27 10:46:43,301 - GPU-2 - DEBUG -     [Latent Recursive] Starting 1 steps of latent thinking
2025-10-27 10:46:43,349 - GPU-2 - DEBUG -       [Latent] Step 1/1
2025-10-27 10:46:43,519 - GPU-2 - DEBUG -       [After Latent Recursive] 1 tokens unmasked
2025-10-27 10:46:43,519 - GPU-2 - INFO -   [Cycle 26]
2025-10-27 10:46:43,519 - GPU-2 - DEBUG -     [Latent Recursive] Starting 1 steps of latent thinking
2025-10-27 10:46:43,567 - GPU-2 - DEBUG -       [Latent] Step 1/1
2025-10-27 10:46:43,737 - GPU-2 - DEBUG -       [After Latent Recursive] 1 tokens unmasked
2025-10-27 10:46:43,737 - GPU-2 - INFO -   [Cycle 27]
2025-10-27 10:46:43,737 - GPU-2 - DEBUG -     [Latent Recursive] Starting 1 steps of latent thinking
2025-10-27 10:46:43,786 - GPU-2 - DEBUG -       [Latent] Step 1/1
2025-10-27 10:46:43,955 - GPU-2 - DEBUG -       [After Latent Recursive] 1 tokens unmasked
2025-10-27 10:46:43,955 - GPU-2 - INFO -   [Cycle 28]
2025-10-27 10:46:43,955 - GPU-2 - DEBUG -     [Latent Recursive] Starting 1 steps of latent thinking
2025-10-27 10:46:44,003 - GPU-2 - DEBUG -       [Latent] Step 1/1
2025-10-27 10:46:44,173 - GPU-2 - DEBUG -       [After Latent Recursive] 1 tokens unmasked
2025-10-27 10:46:44,173 - GPU-2 - INFO -   [Cycle 29]
2025-10-27 10:46:44,173 - GPU-2 - DEBUG -     [Latent Recursive] Starting 1 steps of latent thinking
2025-10-27 10:46:44,221 - GPU-2 - DEBUG -       [Latent] Step 1/1
2025-10-27 10:46:44,391 - GPU-2 - DEBUG -       [After Latent Recursive] 1 tokens unmasked
2025-10-27 10:46:44,391 - GPU-2 - INFO -   [Cycle 30]
2025-10-27 10:46:44,391 - GPU-2 - DEBUG -     [Latent Recursive] Starting 1 steps of latent thinking
2025-10-27 10:46:44,439 - GPU-2 - DEBUG -       [Latent] Step 1/1
2025-10-27 10:46:44,609 - GPU-2 - DEBUG -       [After Latent Recursive] 1 tokens unmasked
2025-10-27 10:46:44,609 - GPU-2 - INFO -   [Cycle 31]
2025-10-27 10:46:44,609 - GPU-2 - DEBUG -     [Latent Recursive] Starting 1 steps of latent thinking
2025-10-27 10:46:44,658 - GPU-2 - DEBUG -       [Latent] Step 1/1
2025-10-27 10:46:44,827 - GPU-2 - DEBUG -       [After Latent Recursive] 1 tokens unmasked
2025-10-27 10:46:44,828 - GPU-2 - INFO - [Block 13/16] Processing tokens 493-525
2025-10-27 10:46:44,828 - GPU-2 - DEBUG - [Block 12] Before forward: use_cache=True, x.shape=torch.Size([1, 621])
2025-10-27 10:46:44,828 - GPU-2 - DEBUG - [Block 12] Model type: LLaDAModelLM
2025-10-27 10:46:44,828 - GPU-2 - DEBUG - [Block 12] Model config use_cache: True
2025-10-27 10:46:44,851 - GPU-2 - DEBUG - [Block 12] After forward: pkv is None? False
2025-10-27 10:46:44,852 - GPU-2 - DEBUG - [Block 12] out type: CausalLMOutputWithPast
2025-10-27 10:46:44,852 - GPU-2 - DEBUG - [Block 12] pkv type: <class 'list'>, len: 32
2025-10-27 10:46:44,852 - GPU-2 - DEBUG - [Block 12] pkv[0] type: <class 'tuple'>, len: 2
2025-10-27 10:46:44,852 - GPU-2 - DEBUG - [Block 12] pkv[0][0].shape: torch.Size([1, 32, 621, 128])
2025-10-27 10:46:44,944 - GPU-2 - INFO -   [Initial Forward] 1 tokens unmasked
2025-10-27 10:46:44,944 - GPU-2 - INFO -   [Cycle 1]
2025-10-27 10:46:44,945 - GPU-2 - DEBUG -     [Latent Recursive] Starting 1 steps of latent thinking
2025-10-27 10:46:44,993 - GPU-2 - DEBUG -       [Latent] Step 1/1
2025-10-27 10:46:45,160 - GPU-2 - DEBUG -       [After Latent Recursive] 1 tokens unmasked
2025-10-27 10:46:45,160 - GPU-2 - INFO -   [Cycle 2]
2025-10-27 10:46:45,161 - GPU-2 - DEBUG -     [Latent Recursive] Starting 1 steps of latent thinking
2025-10-27 10:46:45,209 - GPU-2 - DEBUG -       [Latent] Step 1/1
2025-10-27 10:46:45,376 - GPU-2 - DEBUG -       [After Latent Recursive] 1 tokens unmasked
2025-10-27 10:46:45,376 - GPU-2 - INFO -   [Cycle 3]
2025-10-27 10:46:45,377 - GPU-2 - DEBUG -     [Latent Recursive] Starting 1 steps of latent thinking
2025-10-27 10:46:45,425 - GPU-2 - DEBUG -       [Latent] Step 1/1
2025-10-27 10:46:45,592 - GPU-2 - DEBUG -       [After Latent Recursive] 1 tokens unmasked
2025-10-27 10:46:45,592 - GPU-2 - INFO -   [Cycle 4]
2025-10-27 10:46:45,593 - GPU-2 - DEBUG -     [Latent Recursive] Starting 1 steps of latent thinking
2025-10-27 10:46:45,641 - GPU-2 - DEBUG -       [Latent] Step 1/1
2025-10-27 10:46:45,808 - GPU-2 - DEBUG -       [After Latent Recursive] 1 tokens unmasked
2025-10-27 10:46:45,809 - GPU-2 - INFO -   [Cycle 5]
2025-10-27 10:46:45,809 - GPU-2 - DEBUG -     [Latent Recursive] Starting 1 steps of latent thinking
2025-10-27 10:46:45,857 - GPU-2 - DEBUG -       [Latent] Step 1/1
2025-10-27 10:46:46,024 - GPU-2 - DEBUG -       [After Latent Recursive] 1 tokens unmasked
2025-10-27 10:46:46,024 - GPU-2 - INFO -   [Cycle 6]
2025-10-27 10:46:46,024 - GPU-2 - DEBUG -     [Latent Recursive] Starting 1 steps of latent thinking
2025-10-27 10:46:46,072 - GPU-2 - DEBUG -       [Latent] Step 1/1
2025-10-27 10:46:46,240 - GPU-2 - DEBUG -       [After Latent Recursive] 1 tokens unmasked
2025-10-27 10:46:46,240 - GPU-2 - INFO -   [Cycle 7]
2025-10-27 10:46:46,240 - GPU-2 - DEBUG -     [Latent Recursive] Starting 1 steps of latent thinking
2025-10-27 10:46:46,288 - GPU-2 - DEBUG -       [Latent] Step 1/1
2025-10-27 10:46:46,455 - GPU-2 - DEBUG -       [After Latent Recursive] 1 tokens unmasked
2025-10-27 10:46:46,456 - GPU-2 - INFO -   [Cycle 8]
2025-10-27 10:46:46,456 - GPU-2 - DEBUG -     [Latent Recursive] Starting 1 steps of latent thinking
2025-10-27 10:46:46,504 - GPU-2 - DEBUG -       [Latent] Step 1/1
2025-10-27 10:46:46,671 - GPU-2 - DEBUG -       [After Latent Recursive] 1 tokens unmasked
2025-10-27 10:46:46,672 - GPU-2 - INFO -   [Cycle 9]
2025-10-27 10:46:46,672 - GPU-2 - DEBUG -     [Latent Recursive] Starting 1 steps of latent thinking
2025-10-27 10:46:46,720 - GPU-2 - DEBUG -       [Latent] Step 1/1
2025-10-27 10:46:46,887 - GPU-2 - DEBUG -       [After Latent Recursive] 1 tokens unmasked
2025-10-27 10:46:46,888 - GPU-2 - INFO -   [Cycle 10]
2025-10-27 10:46:46,888 - GPU-2 - DEBUG -     [Latent Recursive] Starting 1 steps of latent thinking
2025-10-27 10:46:46,936 - GPU-2 - DEBUG -       [Latent] Step 1/1
2025-10-27 10:46:47,104 - GPU-2 - DEBUG -       [After Latent Recursive] 1 tokens unmasked
2025-10-27 10:46:47,104 - GPU-2 - INFO -   [Cycle 11]
2025-10-27 10:46:47,104 - GPU-2 - DEBUG -     [Latent Recursive] Starting 1 steps of latent thinking
2025-10-27 10:46:47,152 - GPU-2 - DEBUG -       [Latent] Step 1/1
2025-10-27 10:46:47,319 - GPU-2 - DEBUG -       [After Latent Recursive] 1 tokens unmasked
2025-10-27 10:46:47,319 - GPU-2 - INFO -   [Cycle 12]
2025-10-27 10:46:47,320 - GPU-2 - DEBUG -     [Latent Recursive] Starting 1 steps of latent thinking
2025-10-27 10:46:47,368 - GPU-2 - DEBUG -       [Latent] Step 1/1
2025-10-27 10:46:47,535 - GPU-2 - DEBUG -       [After Latent Recursive] 1 tokens unmasked
2025-10-27 10:46:47,535 - GPU-2 - INFO -   [Cycle 13]
2025-10-27 10:46:47,535 - GPU-2 - DEBUG -     [Latent Recursive] Starting 1 steps of latent thinking
2025-10-27 10:46:47,583 - GPU-2 - DEBUG -       [Latent] Step 1/1
2025-10-27 10:46:47,750 - GPU-2 - DEBUG -       [After Latent Recursive] 1 tokens unmasked
2025-10-27 10:46:47,751 - GPU-2 - INFO -   [Cycle 14]
2025-10-27 10:46:47,751 - GPU-2 - DEBUG -     [Latent Recursive] Starting 1 steps of latent thinking
2025-10-27 10:46:47,799 - GPU-2 - DEBUG -       [Latent] Step 1/1
2025-10-27 10:46:47,966 - GPU-2 - DEBUG -       [After Latent Recursive] 1 tokens unmasked
2025-10-27 10:46:47,966 - GPU-2 - INFO -   [Cycle 15]
2025-10-27 10:46:47,967 - GPU-2 - DEBUG -     [Latent Recursive] Starting 1 steps of latent thinking
2025-10-27 10:46:48,015 - GPU-2 - DEBUG -       [Latent] Step 1/1
2025-10-27 10:46:48,182 - GPU-2 - DEBUG -       [After Latent Recursive] 1 tokens unmasked
2025-10-27 10:46:48,182 - GPU-2 - INFO -   [Cycle 16]
2025-10-27 10:46:48,183 - GPU-2 - DEBUG -     [Latent Recursive] Starting 1 steps of latent thinking
2025-10-27 10:46:48,231 - GPU-2 - DEBUG -       [Latent] Step 1/1
2025-10-27 10:46:48,398 - GPU-2 - DEBUG -       [After Latent Recursive] 1 tokens unmasked
2025-10-27 10:46:48,398 - GPU-2 - INFO -   [Cycle 17]
2025-10-27 10:46:48,398 - GPU-2 - DEBUG -     [Latent Recursive] Starting 1 steps of latent thinking
2025-10-27 10:46:48,446 - GPU-2 - DEBUG -       [Latent] Step 1/1
2025-10-27 10:46:48,614 - GPU-2 - DEBUG -       [After Latent Recursive] 1 tokens unmasked
2025-10-27 10:46:48,614 - GPU-2 - INFO -   [Cycle 18]
2025-10-27 10:46:48,614 - GPU-2 - DEBUG -     [Latent Recursive] Starting 1 steps of latent thinking
2025-10-27 10:46:48,662 - GPU-2 - DEBUG -       [Latent] Step 1/1
2025-10-27 10:46:48,830 - GPU-2 - DEBUG -       [After Latent Recursive] 1 tokens unmasked
2025-10-27 10:46:48,830 - GPU-2 - INFO -   [Cycle 19]
2025-10-27 10:46:48,830 - GPU-2 - DEBUG -     [Latent Recursive] Starting 1 steps of latent thinking
2025-10-27 10:46:48,878 - GPU-2 - DEBUG -       [Latent] Step 1/1
2025-10-27 10:46:49,045 - GPU-2 - DEBUG -       [After Latent Recursive] 1 tokens unmasked
2025-10-27 10:46:49,046 - GPU-2 - INFO -   [Cycle 20]
2025-10-27 10:46:49,046 - GPU-2 - DEBUG -     [Latent Recursive] Starting 1 steps of latent thinking
2025-10-27 10:46:49,094 - GPU-2 - DEBUG -       [Latent] Step 1/1
2025-10-27 10:46:49,261 - GPU-2 - DEBUG -       [After Latent Recursive] 1 tokens unmasked
2025-10-27 10:46:49,261 - GPU-2 - INFO -   [Cycle 21]
2025-10-27 10:46:49,261 - GPU-2 - DEBUG -     [Latent Recursive] Starting 1 steps of latent thinking
2025-10-27 10:46:49,309 - GPU-2 - DEBUG -       [Latent] Step 1/1
2025-10-27 10:46:49,477 - GPU-2 - DEBUG -       [After Latent Recursive] 1 tokens unmasked
2025-10-27 10:46:49,477 - GPU-2 - INFO -   [Cycle 22]
2025-10-27 10:46:49,477 - GPU-2 - DEBUG -     [Latent Recursive] Starting 1 steps of latent thinking
2025-10-27 10:46:49,525 - GPU-2 - DEBUG -       [Latent] Step 1/1
2025-10-27 10:46:49,693 - GPU-2 - DEBUG -       [After Latent Recursive] 1 tokens unmasked
2025-10-27 10:46:49,693 - GPU-2 - INFO -   [Cycle 23]
2025-10-27 10:46:49,693 - GPU-2 - DEBUG -     [Latent Recursive] Starting 1 steps of latent thinking
2025-10-27 10:46:49,741 - GPU-2 - DEBUG -       [Latent] Step 1/1
2025-10-27 10:46:49,908 - GPU-2 - DEBUG -       [After Latent Recursive] 1 tokens unmasked
2025-10-27 10:46:49,909 - GPU-2 - INFO -   [Cycle 24]
2025-10-27 10:46:49,909 - GPU-2 - DEBUG -     [Latent Recursive] Starting 1 steps of latent thinking
2025-10-27 10:46:49,958 - GPU-2 - DEBUG -       [Latent] Step 1/1
2025-10-27 10:46:50,125 - GPU-2 - DEBUG -       [After Latent Recursive] 1 tokens unmasked
2025-10-27 10:46:50,125 - GPU-2 - INFO -   [Cycle 25]
2025-10-27 10:46:50,125 - GPU-2 - DEBUG -     [Latent Recursive] Starting 1 steps of latent thinking
2025-10-27 10:46:50,173 - GPU-2 - DEBUG -       [Latent] Step 1/1
2025-10-27 10:46:50,341 - GPU-2 - DEBUG -       [After Latent Recursive] 1 tokens unmasked
2025-10-27 10:46:50,341 - GPU-2 - INFO -   [Cycle 26]
2025-10-27 10:46:50,341 - GPU-2 - DEBUG -     [Latent Recursive] Starting 1 steps of latent thinking
2025-10-27 10:46:50,389 - GPU-2 - DEBUG -       [Latent] Step 1/1
2025-10-27 10:46:50,557 - GPU-2 - DEBUG -       [After Latent Recursive] 1 tokens unmasked
2025-10-27 10:46:50,557 - GPU-2 - INFO -   [Cycle 27]
2025-10-27 10:46:50,557 - GPU-2 - DEBUG -     [Latent Recursive] Starting 1 steps of latent thinking
2025-10-27 10:46:50,605 - GPU-2 - DEBUG -       [Latent] Step 1/1
2025-10-27 10:46:50,773 - GPU-2 - DEBUG -       [After Latent Recursive] 1 tokens unmasked
2025-10-27 10:46:50,773 - GPU-2 - INFO -   [Cycle 28]
2025-10-27 10:46:50,773 - GPU-2 - DEBUG -     [Latent Recursive] Starting 1 steps of latent thinking
2025-10-27 10:46:50,821 - GPU-2 - DEBUG -       [Latent] Step 1/1
2025-10-27 10:46:50,989 - GPU-2 - DEBUG -       [After Latent Recursive] 1 tokens unmasked
2025-10-27 10:46:50,989 - GPU-2 - INFO -   [Cycle 29]
2025-10-27 10:46:50,989 - GPU-2 - DEBUG -     [Latent Recursive] Starting 1 steps of latent thinking
2025-10-27 10:46:51,037 - GPU-2 - DEBUG -       [Latent] Step 1/1
2025-10-27 10:46:51,204 - GPU-2 - DEBUG -       [After Latent Recursive] 1 tokens unmasked
2025-10-27 10:46:51,204 - GPU-2 - INFO -   [Cycle 30]
2025-10-27 10:46:51,205 - GPU-2 - DEBUG -     [Latent Recursive] Starting 1 steps of latent thinking
2025-10-27 10:46:51,253 - GPU-2 - DEBUG -       [Latent] Step 1/1
2025-10-27 10:46:51,420 - GPU-2 - DEBUG -       [After Latent Recursive] 1 tokens unmasked
2025-10-27 10:46:51,421 - GPU-2 - INFO -   [Cycle 31]
2025-10-27 10:46:51,421 - GPU-2 - DEBUG -     [Latent Recursive] Starting 1 steps of latent thinking
2025-10-27 10:46:51,469 - GPU-2 - DEBUG -       [Latent] Step 1/1
2025-10-27 10:46:51,637 - GPU-2 - DEBUG -       [After Latent Recursive] 1 tokens unmasked
2025-10-27 10:46:51,637 - GPU-2 - INFO - [Block 14/16] Processing tokens 525-557
2025-10-27 10:46:51,637 - GPU-2 - DEBUG - [Block 13] Before forward: use_cache=True, x.shape=torch.Size([1, 621])
2025-10-27 10:46:51,638 - GPU-2 - DEBUG - [Block 13] Model type: LLaDAModelLM
2025-10-27 10:46:51,638 - GPU-2 - DEBUG - [Block 13] Model config use_cache: True
2025-10-27 10:46:51,661 - GPU-2 - DEBUG - [Block 13] After forward: pkv is None? False
2025-10-27 10:46:51,661 - GPU-2 - DEBUG - [Block 13] out type: CausalLMOutputWithPast
2025-10-27 10:46:51,662 - GPU-2 - DEBUG - [Block 13] pkv type: <class 'list'>, len: 32
2025-10-27 10:46:51,662 - GPU-2 - DEBUG - [Block 13] pkv[0] type: <class 'tuple'>, len: 2
2025-10-27 10:46:51,662 - GPU-2 - DEBUG - [Block 13] pkv[0][0].shape: torch.Size([1, 32, 621, 128])
2025-10-27 10:46:51,754 - GPU-2 - INFO -   [Initial Forward] 1 tokens unmasked
2025-10-27 10:46:51,754 - GPU-2 - INFO -   [Cycle 1]
2025-10-27 10:46:51,754 - GPU-2 - DEBUG -     [Latent Recursive] Starting 1 steps of latent thinking
2025-10-27 10:46:51,803 - GPU-2 - DEBUG -       [Latent] Step 1/1
2025-10-27 10:46:51,969 - GPU-2 - DEBUG -       [After Latent Recursive] 1 tokens unmasked
2025-10-27 10:46:51,970 - GPU-2 - INFO -   [Cycle 2]
2025-10-27 10:46:51,970 - GPU-2 - DEBUG -     [Latent Recursive] Starting 1 steps of latent thinking
2025-10-27 10:46:52,018 - GPU-2 - DEBUG -       [Latent] Step 1/1
2025-10-27 10:46:52,185 - GPU-2 - DEBUG -       [After Latent Recursive] 1 tokens unmasked
2025-10-27 10:46:52,185 - GPU-2 - INFO -   [Cycle 3]
2025-10-27 10:46:52,185 - GPU-2 - DEBUG -     [Latent Recursive] Starting 1 steps of latent thinking
2025-10-27 10:46:52,233 - GPU-2 - DEBUG -       [Latent] Step 1/1
2025-10-27 10:46:52,400 - GPU-2 - DEBUG -       [After Latent Recursive] 1 tokens unmasked
2025-10-27 10:46:52,400 - GPU-2 - INFO -   [Cycle 4]
2025-10-27 10:46:52,400 - GPU-2 - DEBUG -     [Latent Recursive] Starting 1 steps of latent thinking
2025-10-27 10:46:52,449 - GPU-2 - DEBUG -       [Latent] Step 1/1
2025-10-27 10:46:52,615 - GPU-2 - DEBUG -       [After Latent Recursive] 1 tokens unmasked
2025-10-27 10:46:52,615 - GPU-2 - INFO -   [Cycle 5]
2025-10-27 10:46:52,616 - GPU-2 - DEBUG -     [Latent Recursive] Starting 1 steps of latent thinking
2025-10-27 10:46:52,664 - GPU-2 - DEBUG -       [Latent] Step 1/1
2025-10-27 10:46:52,830 - GPU-2 - DEBUG -       [After Latent Recursive] 1 tokens unmasked
2025-10-27 10:46:52,831 - GPU-2 - INFO -   [Cycle 6]
2025-10-27 10:46:52,831 - GPU-2 - DEBUG -     [Latent Recursive] Starting 1 steps of latent thinking
2025-10-27 10:46:52,879 - GPU-2 - DEBUG -       [Latent] Step 1/1
2025-10-27 10:46:53,045 - GPU-2 - DEBUG -       [After Latent Recursive] 1 tokens unmasked
2025-10-27 10:46:53,046 - GPU-2 - INFO -   [Cycle 7]
2025-10-27 10:46:53,046 - GPU-2 - DEBUG -     [Latent Recursive] Starting 1 steps of latent thinking
2025-10-27 10:46:53,094 - GPU-2 - DEBUG -       [Latent] Step 1/1
2025-10-27 10:46:53,260 - GPU-2 - DEBUG -       [After Latent Recursive] 1 tokens unmasked
2025-10-27 10:46:53,261 - GPU-2 - INFO -   [Cycle 8]
2025-10-27 10:46:53,261 - GPU-2 - DEBUG -     [Latent Recursive] Starting 1 steps of latent thinking
2025-10-27 10:46:53,309 - GPU-2 - DEBUG -       [Latent] Step 1/1
2025-10-27 10:46:53,476 - GPU-2 - DEBUG -       [After Latent Recursive] 1 tokens unmasked
2025-10-27 10:46:53,476 - GPU-2 - INFO -   [Cycle 9]
2025-10-27 10:46:53,476 - GPU-2 - DEBUG -     [Latent Recursive] Starting 1 steps of latent thinking
2025-10-27 10:46:53,524 - GPU-2 - DEBUG -       [Latent] Step 1/1
2025-10-27 10:46:53,691 - GPU-2 - DEBUG -       [After Latent Recursive] 1 tokens unmasked
2025-10-27 10:46:53,691 - GPU-2 - INFO -   [Cycle 10]
2025-10-27 10:46:53,691 - GPU-2 - DEBUG -     [Latent Recursive] Starting 1 steps of latent thinking
2025-10-27 10:46:53,740 - GPU-2 - DEBUG -       [Latent] Step 1/1
2025-10-27 10:46:53,906 - GPU-2 - DEBUG -       [After Latent Recursive] 1 tokens unmasked
2025-10-27 10:46:53,907 - GPU-2 - INFO -   [Cycle 11]
2025-10-27 10:46:53,907 - GPU-2 - DEBUG -     [Latent Recursive] Starting 1 steps of latent thinking
2025-10-27 10:46:53,955 - GPU-2 - DEBUG -       [Latent] Step 1/1
2025-10-27 10:46:54,122 - GPU-2 - DEBUG -       [After Latent Recursive] 1 tokens unmasked
2025-10-27 10:46:54,122 - GPU-2 - INFO -   [Cycle 12]
2025-10-27 10:46:54,122 - GPU-2 - DEBUG -     [Latent Recursive] Starting 1 steps of latent thinking
2025-10-27 10:46:54,170 - GPU-2 - DEBUG -       [Latent] Step 1/1
2025-10-27 10:46:54,337 - GPU-2 - DEBUG -       [After Latent Recursive] 1 tokens unmasked
2025-10-27 10:46:54,337 - GPU-2 - INFO -   [Cycle 13]
2025-10-27 10:46:54,337 - GPU-2 - DEBUG -     [Latent Recursive] Starting 1 steps of latent thinking
2025-10-27 10:46:54,385 - GPU-2 - DEBUG -       [Latent] Step 1/1
2025-10-27 10:46:54,552 - GPU-2 - DEBUG -       [After Latent Recursive] 1 tokens unmasked
2025-10-27 10:46:54,552 - GPU-2 - INFO -   [Cycle 14]
2025-10-27 10:46:54,552 - GPU-2 - DEBUG -     [Latent Recursive] Starting 1 steps of latent thinking
2025-10-27 10:46:54,601 - GPU-2 - DEBUG -       [Latent] Step 1/1
2025-10-27 10:46:54,767 - GPU-2 - DEBUG -       [After Latent Recursive] 1 tokens unmasked
2025-10-27 10:46:54,767 - GPU-2 - INFO -   [Cycle 15]
2025-10-27 10:46:54,768 - GPU-2 - DEBUG -     [Latent Recursive] Starting 1 steps of latent thinking
2025-10-27 10:46:54,816 - GPU-2 - DEBUG -       [Latent] Step 1/1
2025-10-27 10:46:54,983 - GPU-2 - DEBUG -       [After Latent Recursive] 1 tokens unmasked
2025-10-27 10:46:54,983 - GPU-2 - INFO -   [Cycle 16]
2025-10-27 10:46:54,983 - GPU-2 - DEBUG -     [Latent Recursive] Starting 1 steps of latent thinking
2025-10-27 10:46:55,031 - GPU-2 - DEBUG -       [Latent] Step 1/1
2025-10-27 10:46:55,198 - GPU-2 - DEBUG -       [After Latent Recursive] 1 tokens unmasked
2025-10-27 10:46:55,198 - GPU-2 - INFO -   [Cycle 17]
2025-10-27 10:46:55,198 - GPU-2 - DEBUG -     [Latent Recursive] Starting 1 steps of latent thinking
2025-10-27 10:46:55,246 - GPU-2 - DEBUG -       [Latent] Step 1/1
2025-10-27 10:46:55,413 - GPU-2 - DEBUG -       [After Latent Recursive] 1 tokens unmasked
2025-10-27 10:46:55,413 - GPU-2 - INFO -   [Cycle 18]
2025-10-27 10:46:55,413 - GPU-2 - DEBUG -     [Latent Recursive] Starting 1 steps of latent thinking
2025-10-27 10:46:55,461 - GPU-2 - DEBUG -       [Latent] Step 1/1
2025-10-27 10:46:55,627 - GPU-2 - DEBUG -       [After Latent Recursive] 1 tokens unmasked
2025-10-27 10:46:55,628 - GPU-2 - INFO -   [Cycle 19]
2025-10-27 10:46:55,628 - GPU-2 - DEBUG -     [Latent Recursive] Starting 1 steps of latent thinking
2025-10-27 10:46:55,676 - GPU-2 - DEBUG -       [Latent] Step 1/1
2025-10-27 10:46:55,843 - GPU-2 - DEBUG -       [After Latent Recursive] 1 tokens unmasked
2025-10-27 10:46:55,843 - GPU-2 - INFO -   [Cycle 20]
2025-10-27 10:46:55,844 - GPU-2 - DEBUG -     [Latent Recursive] Starting 1 steps of latent thinking
2025-10-27 10:46:55,892 - GPU-2 - DEBUG -       [Latent] Step 1/1
2025-10-27 10:46:56,058 - GPU-2 - DEBUG -       [After Latent Recursive] 1 tokens unmasked
2025-10-27 10:46:56,058 - GPU-2 - INFO -   [Cycle 21]
2025-10-27 10:46:56,059 - GPU-2 - DEBUG -     [Latent Recursive] Starting 1 steps of latent thinking
2025-10-27 10:46:56,107 - GPU-2 - DEBUG -       [Latent] Step 1/1
2025-10-27 10:46:56,273 - GPU-2 - DEBUG -       [After Latent Recursive] 1 tokens unmasked
2025-10-27 10:46:56,273 - GPU-2 - INFO -   [Cycle 22]
2025-10-27 10:46:56,274 - GPU-2 - DEBUG -     [Latent Recursive] Starting 1 steps of latent thinking
2025-10-27 10:46:56,322 - GPU-2 - DEBUG -       [Latent] Step 1/1
2025-10-27 10:46:56,488 - GPU-2 - DEBUG -       [After Latent Recursive] 1 tokens unmasked
2025-10-27 10:46:56,489 - GPU-2 - INFO -   [Cycle 23]
2025-10-27 10:46:56,489 - GPU-2 - DEBUG -     [Latent Recursive] Starting 1 steps of latent thinking
2025-10-27 10:46:56,537 - GPU-2 - DEBUG -       [Latent] Step 1/1
2025-10-27 10:46:56,704 - GPU-2 - DEBUG -       [After Latent Recursive] 1 tokens unmasked
2025-10-27 10:46:56,704 - GPU-2 - INFO -   [Cycle 24]
2025-10-27 10:46:56,704 - GPU-2 - DEBUG -     [Latent Recursive] Starting 1 steps of latent thinking
2025-10-27 10:46:56,752 - GPU-2 - DEBUG -       [Latent] Step 1/1
2025-10-27 10:46:56,919 - GPU-2 - DEBUG -       [After Latent Recursive] 1 tokens unmasked
2025-10-27 10:46:56,919 - GPU-2 - INFO -   [Cycle 25]
2025-10-27 10:46:56,919 - GPU-2 - DEBUG -     [Latent Recursive] Starting 1 steps of latent thinking
2025-10-27 10:46:56,967 - GPU-2 - DEBUG -       [Latent] Step 1/1
2025-10-27 10:46:57,134 - GPU-2 - DEBUG -       [After Latent Recursive] 1 tokens unmasked
2025-10-27 10:46:57,134 - GPU-2 - INFO -   [Cycle 26]
2025-10-27 10:46:57,135 - GPU-2 - DEBUG -     [Latent Recursive] Starting 1 steps of latent thinking
2025-10-27 10:46:57,183 - GPU-2 - DEBUG -       [Latent] Step 1/1
2025-10-27 10:46:57,349 - GPU-2 - DEBUG -       [After Latent Recursive] 1 tokens unmasked
2025-10-27 10:46:57,350 - GPU-2 - INFO -   [Cycle 27]
2025-10-27 10:46:57,350 - GPU-2 - DEBUG -     [Latent Recursive] Starting 1 steps of latent thinking
2025-10-27 10:46:57,398 - GPU-2 - DEBUG -       [Latent] Step 1/1
2025-10-27 10:46:57,565 - GPU-2 - DEBUG -       [After Latent Recursive] 1 tokens unmasked
2025-10-27 10:46:57,565 - GPU-2 - INFO -   [Cycle 28]
2025-10-27 10:46:57,565 - GPU-2 - DEBUG -     [Latent Recursive] Starting 1 steps of latent thinking
2025-10-27 10:46:57,613 - GPU-2 - DEBUG -       [Latent] Step 1/1
2025-10-27 10:46:57,780 - GPU-2 - DEBUG -       [After Latent Recursive] 1 tokens unmasked
2025-10-27 10:46:57,780 - GPU-2 - INFO -   [Cycle 29]
2025-10-27 10:46:57,780 - GPU-2 - DEBUG -     [Latent Recursive] Starting 1 steps of latent thinking
2025-10-27 10:46:57,828 - GPU-2 - DEBUG -       [Latent] Step 1/1
2025-10-27 10:46:57,995 - GPU-2 - DEBUG -       [After Latent Recursive] 1 tokens unmasked
2025-10-27 10:46:57,996 - GPU-2 - INFO -   [Cycle 30]
2025-10-27 10:46:57,996 - GPU-2 - DEBUG -     [Latent Recursive] Starting 1 steps of latent thinking
2025-10-27 10:46:58,044 - GPU-2 - DEBUG -       [Latent] Step 1/1
2025-10-27 10:46:58,211 - GPU-2 - DEBUG -       [After Latent Recursive] 1 tokens unmasked
2025-10-27 10:46:58,211 - GPU-2 - INFO -   [Cycle 31]
2025-10-27 10:46:58,211 - GPU-2 - DEBUG -     [Latent Recursive] Starting 1 steps of latent thinking
2025-10-27 10:46:58,259 - GPU-2 - DEBUG -       [Latent] Step 1/1
2025-10-27 10:46:58,427 - GPU-2 - DEBUG -       [After Latent Recursive] 1 tokens unmasked
2025-10-27 10:46:58,427 - GPU-2 - INFO - [Block 15/16] Processing tokens 557-589
2025-10-27 10:46:58,427 - GPU-2 - DEBUG - [Block 14] Before forward: use_cache=True, x.shape=torch.Size([1, 621])
2025-10-27 10:46:58,427 - GPU-2 - DEBUG - [Block 14] Model type: LLaDAModelLM
2025-10-27 10:46:58,427 - GPU-2 - DEBUG - [Block 14] Model config use_cache: True
2025-10-27 10:46:58,451 - GPU-2 - DEBUG - [Block 14] After forward: pkv is None? False
2025-10-27 10:46:58,451 - GPU-2 - DEBUG - [Block 14] out type: CausalLMOutputWithPast
2025-10-27 10:46:58,451 - GPU-2 - DEBUG - [Block 14] pkv type: <class 'list'>, len: 32
2025-10-27 10:46:58,451 - GPU-2 - DEBUG - [Block 14] pkv[0] type: <class 'tuple'>, len: 2
2025-10-27 10:46:58,452 - GPU-2 - DEBUG - [Block 14] pkv[0][0].shape: torch.Size([1, 32, 621, 128])
2025-10-27 10:46:58,544 - GPU-2 - INFO -   [Initial Forward] 1 tokens unmasked
2025-10-27 10:46:58,544 - GPU-2 - INFO -   [Cycle 1]
2025-10-27 10:46:58,544 - GPU-2 - DEBUG -     [Latent Recursive] Starting 1 steps of latent thinking
2025-10-27 10:46:58,592 - GPU-2 - DEBUG -       [Latent] Step 1/1
2025-10-27 10:46:58,757 - GPU-2 - DEBUG -       [After Latent Recursive] 1 tokens unmasked
2025-10-27 10:46:58,757 - GPU-2 - INFO -   [Cycle 2]
2025-10-27 10:46:58,758 - GPU-2 - DEBUG -     [Latent Recursive] Starting 1 steps of latent thinking
2025-10-27 10:46:58,806 - GPU-2 - DEBUG -       [Latent] Step 1/1
2025-10-27 10:46:58,970 - GPU-2 - DEBUG -       [After Latent Recursive] 1 tokens unmasked
2025-10-27 10:46:58,971 - GPU-2 - INFO -   [Cycle 3]
2025-10-27 10:46:58,971 - GPU-2 - DEBUG -     [Latent Recursive] Starting 1 steps of latent thinking
2025-10-27 10:46:59,019 - GPU-2 - DEBUG -       [Latent] Step 1/1
2025-10-27 10:46:59,184 - GPU-2 - DEBUG -       [After Latent Recursive] 1 tokens unmasked
2025-10-27 10:46:59,184 - GPU-2 - INFO -   [Cycle 4]
2025-10-27 10:46:59,184 - GPU-2 - DEBUG -     [Latent Recursive] Starting 1 steps of latent thinking
2025-10-27 10:46:59,232 - GPU-2 - DEBUG -       [Latent] Step 1/1
2025-10-27 10:46:59,397 - GPU-2 - DEBUG -       [After Latent Recursive] 1 tokens unmasked
2025-10-27 10:46:59,397 - GPU-2 - INFO -   [Cycle 5]
2025-10-27 10:46:59,397 - GPU-2 - DEBUG -     [Latent Recursive] Starting 1 steps of latent thinking
2025-10-27 10:46:59,445 - GPU-2 - DEBUG -       [Latent] Step 1/1
2025-10-27 10:46:59,609 - GPU-2 - DEBUG -       [After Latent Recursive] 1 tokens unmasked
2025-10-27 10:46:59,609 - GPU-2 - INFO -   [Cycle 6]
2025-10-27 10:46:59,609 - GPU-2 - DEBUG -     [Latent Recursive] Starting 1 steps of latent thinking
2025-10-27 10:46:59,657 - GPU-2 - DEBUG -       [Latent] Step 1/1
2025-10-27 10:46:59,821 - GPU-2 - DEBUG -       [After Latent Recursive] 1 tokens unmasked
2025-10-27 10:46:59,822 - GPU-2 - INFO -   [Cycle 7]
2025-10-27 10:46:59,822 - GPU-2 - DEBUG -     [Latent Recursive] Starting 1 steps of latent thinking
2025-10-27 10:46:59,870 - GPU-2 - DEBUG -       [Latent] Step 1/1
2025-10-27 10:47:00,034 - GPU-2 - DEBUG -       [After Latent Recursive] 1 tokens unmasked
2025-10-27 10:47:00,035 - GPU-2 - INFO -   [Cycle 8]
2025-10-27 10:47:00,035 - GPU-2 - DEBUG -     [Latent Recursive] Starting 1 steps of latent thinking
2025-10-27 10:47:00,083 - GPU-2 - DEBUG -       [Latent] Step 1/1
2025-10-27 10:47:00,247 - GPU-2 - DEBUG -       [After Latent Recursive] 1 tokens unmasked
2025-10-27 10:47:00,247 - GPU-2 - INFO -   [Cycle 9]
2025-10-27 10:47:00,247 - GPU-2 - DEBUG -     [Latent Recursive] Starting 1 steps of latent thinking
2025-10-27 10:47:00,295 - GPU-2 - DEBUG -       [Latent] Step 1/1
2025-10-27 10:47:00,459 - GPU-2 - DEBUG -       [After Latent Recursive] 1 tokens unmasked
2025-10-27 10:47:00,459 - GPU-2 - INFO -   [Cycle 10]
2025-10-27 10:47:00,459 - GPU-2 - DEBUG -     [Latent Recursive] Starting 1 steps of latent thinking
2025-10-27 10:47:00,507 - GPU-2 - DEBUG -       [Latent] Step 1/1
2025-10-27 10:47:00,671 - GPU-2 - DEBUG -       [After Latent Recursive] 1 tokens unmasked
2025-10-27 10:47:00,672 - GPU-2 - INFO -   [Cycle 11]
2025-10-27 10:47:00,672 - GPU-2 - DEBUG -     [Latent Recursive] Starting 1 steps of latent thinking
2025-10-27 10:47:00,720 - GPU-2 - DEBUG -       [Latent] Step 1/1
2025-10-27 10:47:00,884 - GPU-2 - DEBUG -       [After Latent Recursive] 1 tokens unmasked
2025-10-27 10:47:00,884 - GPU-2 - INFO -   [Cycle 12]
2025-10-27 10:47:00,885 - GPU-2 - DEBUG -     [Latent Recursive] Starting 1 steps of latent thinking
2025-10-27 10:47:00,933 - GPU-2 - DEBUG -       [Latent] Step 1/1
2025-10-27 10:47:01,097 - GPU-2 - DEBUG -       [After Latent Recursive] 1 tokens unmasked
2025-10-27 10:47:01,097 - GPU-2 - INFO -   [Cycle 13]
2025-10-27 10:47:01,097 - GPU-2 - DEBUG -     [Latent Recursive] Starting 1 steps of latent thinking
2025-10-27 10:47:01,145 - GPU-2 - DEBUG -       [Latent] Step 1/1
2025-10-27 10:47:01,309 - GPU-2 - DEBUG -       [After Latent Recursive] 1 tokens unmasked
2025-10-27 10:47:01,310 - GPU-2 - INFO -   [Cycle 14]
2025-10-27 10:47:01,310 - GPU-2 - DEBUG -     [Latent Recursive] Starting 1 steps of latent thinking
2025-10-27 10:47:01,358 - GPU-2 - DEBUG -       [Latent] Step 1/1
2025-10-27 10:47:01,522 - GPU-2 - DEBUG -       [After Latent Recursive] 1 tokens unmasked
2025-10-27 10:47:01,522 - GPU-2 - INFO -   [Cycle 15]
2025-10-27 10:47:01,522 - GPU-2 - DEBUG -     [Latent Recursive] Starting 1 steps of latent thinking
2025-10-27 10:47:01,570 - GPU-2 - DEBUG -       [Latent] Step 1/1
2025-10-27 10:47:01,734 - GPU-2 - DEBUG -       [After Latent Recursive] 1 tokens unmasked
2025-10-27 10:47:01,735 - GPU-2 - INFO -   [Cycle 16]
2025-10-27 10:47:01,735 - GPU-2 - DEBUG -     [Latent Recursive] Starting 1 steps of latent thinking
2025-10-27 10:47:01,783 - GPU-2 - DEBUG -       [Latent] Step 1/1
2025-10-27 10:47:01,947 - GPU-2 - DEBUG -       [After Latent Recursive] 1 tokens unmasked
2025-10-27 10:47:01,948 - GPU-2 - INFO -   [Cycle 17]
2025-10-27 10:47:01,948 - GPU-2 - DEBUG -     [Latent Recursive] Starting 1 steps of latent thinking
2025-10-27 10:47:01,996 - GPU-2 - DEBUG -       [Latent] Step 1/1
2025-10-27 10:47:02,160 - GPU-2 - DEBUG -       [After Latent Recursive] 1 tokens unmasked
2025-10-27 10:47:02,161 - GPU-2 - INFO -   [Cycle 18]
2025-10-27 10:47:02,161 - GPU-2 - DEBUG -     [Latent Recursive] Starting 1 steps of latent thinking
2025-10-27 10:47:02,209 - GPU-2 - DEBUG -       [Latent] Step 1/1
2025-10-27 10:47:02,373 - GPU-2 - DEBUG -       [After Latent Recursive] 1 tokens unmasked
2025-10-27 10:47:02,373 - GPU-2 - INFO -   [Cycle 19]
2025-10-27 10:47:02,374 - GPU-2 - DEBUG -     [Latent Recursive] Starting 1 steps of latent thinking
2025-10-27 10:47:02,422 - GPU-2 - DEBUG -       [Latent] Step 1/1
2025-10-27 10:47:02,586 - GPU-2 - DEBUG -       [After Latent Recursive] 1 tokens unmasked
2025-10-27 10:47:02,587 - GPU-2 - INFO -   [Cycle 20]
2025-10-27 10:47:02,587 - GPU-2 - DEBUG -     [Latent Recursive] Starting 1 steps of latent thinking
2025-10-27 10:47:02,635 - GPU-2 - DEBUG -       [Latent] Step 1/1
2025-10-27 10:47:02,799 - GPU-2 - DEBUG -       [After Latent Recursive] 1 tokens unmasked
2025-10-27 10:47:02,799 - GPU-2 - INFO -   [Cycle 21]
2025-10-27 10:47:02,799 - GPU-2 - DEBUG -     [Latent Recursive] Starting 1 steps of latent thinking
2025-10-27 10:47:02,847 - GPU-2 - DEBUG -       [Latent] Step 1/1
2025-10-27 10:47:03,012 - GPU-2 - DEBUG -       [After Latent Recursive] 1 tokens unmasked
2025-10-27 10:47:03,012 - GPU-2 - INFO -   [Cycle 22]
2025-10-27 10:47:03,012 - GPU-2 - DEBUG -     [Latent Recursive] Starting 1 steps of latent thinking
2025-10-27 10:47:03,060 - GPU-2 - DEBUG -       [Latent] Step 1/1
2025-10-27 10:47:03,224 - GPU-2 - DEBUG -       [After Latent Recursive] 1 tokens unmasked
2025-10-27 10:47:03,225 - GPU-2 - INFO -   [Cycle 23]
2025-10-27 10:47:03,225 - GPU-2 - DEBUG -     [Latent Recursive] Starting 1 steps of latent thinking
2025-10-27 10:47:03,273 - GPU-2 - DEBUG -       [Latent] Step 1/1
2025-10-27 10:47:03,437 - GPU-2 - DEBUG -       [After Latent Recursive] 1 tokens unmasked
2025-10-27 10:47:03,437 - GPU-2 - INFO -   [Cycle 24]
2025-10-27 10:47:03,438 - GPU-2 - DEBUG -     [Latent Recursive] Starting 1 steps of latent thinking
2025-10-27 10:47:03,486 - GPU-2 - DEBUG -       [Latent] Step 1/1
2025-10-27 10:47:03,650 - GPU-2 - DEBUG -       [After Latent Recursive] 1 tokens unmasked
2025-10-27 10:47:03,650 - GPU-2 - INFO -   [Cycle 25]
2025-10-27 10:47:03,650 - GPU-2 - DEBUG -     [Latent Recursive] Starting 1 steps of latent thinking
2025-10-27 10:47:03,698 - GPU-2 - DEBUG -       [Latent] Step 1/1
2025-10-27 10:47:03,863 - GPU-2 - DEBUG -       [After Latent Recursive] 1 tokens unmasked
2025-10-27 10:47:03,863 - GPU-2 - INFO -   [Cycle 26]
2025-10-27 10:47:03,863 - GPU-2 - DEBUG -     [Latent Recursive] Starting 1 steps of latent thinking
2025-10-27 10:47:03,912 - GPU-2 - DEBUG -       [Latent] Step 1/1
2025-10-27 10:47:04,076 - GPU-2 - DEBUG -       [After Latent Recursive] 1 tokens unmasked
2025-10-27 10:47:04,076 - GPU-2 - INFO -   [Cycle 27]
2025-10-27 10:47:04,077 - GPU-2 - DEBUG -     [Latent Recursive] Starting 1 steps of latent thinking
2025-10-27 10:47:04,125 - GPU-2 - DEBUG -       [Latent] Step 1/1
2025-10-27 10:47:04,289 - GPU-2 - DEBUG -       [After Latent Recursive] 1 tokens unmasked
2025-10-27 10:47:04,289 - GPU-2 - INFO -   [Cycle 28]
2025-10-27 10:47:04,289 - GPU-2 - DEBUG -     [Latent Recursive] Starting 1 steps of latent thinking
2025-10-27 10:47:04,337 - GPU-2 - DEBUG -       [Latent] Step 1/1
2025-10-27 10:47:04,502 - GPU-2 - DEBUG -       [After Latent Recursive] 1 tokens unmasked
2025-10-27 10:47:04,502 - GPU-2 - INFO -   [Cycle 29]
2025-10-27 10:47:04,502 - GPU-2 - DEBUG -     [Latent Recursive] Starting 1 steps of latent thinking
2025-10-27 10:47:04,550 - GPU-2 - DEBUG -       [Latent] Step 1/1
2025-10-27 10:47:04,715 - GPU-2 - DEBUG -       [After Latent Recursive] 1 tokens unmasked
2025-10-27 10:47:04,715 - GPU-2 - INFO -   [Cycle 30]
2025-10-27 10:47:04,715 - GPU-2 - DEBUG -     [Latent Recursive] Starting 1 steps of latent thinking
2025-10-27 10:47:04,763 - GPU-2 - DEBUG -       [Latent] Step 1/1
2025-10-27 10:47:04,928 - GPU-2 - DEBUG -       [After Latent Recursive] 1 tokens unmasked
2025-10-27 10:47:04,928 - GPU-2 - INFO -   [Cycle 31]
2025-10-27 10:47:04,928 - GPU-2 - DEBUG -     [Latent Recursive] Starting 1 steps of latent thinking
2025-10-27 10:47:04,976 - GPU-2 - DEBUG -       [Latent] Step 1/1
2025-10-27 10:47:05,141 - GPU-2 - DEBUG -       [After Latent Recursive] 1 tokens unmasked
2025-10-27 10:47:05,141 - GPU-2 - INFO - [Block 16/16] Processing tokens 589-621
2025-10-27 10:47:05,142 - GPU-2 - DEBUG - [Block 15] Before forward: use_cache=True, x.shape=torch.Size([1, 621])
2025-10-27 10:47:05,142 - GPU-2 - DEBUG - [Block 15] Model type: LLaDAModelLM
2025-10-27 10:47:05,142 - GPU-2 - DEBUG - [Block 15] Model config use_cache: True
2025-10-27 10:47:05,165 - GPU-2 - DEBUG - [Block 15] After forward: pkv is None? False
2025-10-27 10:47:05,165 - GPU-2 - DEBUG - [Block 15] out type: CausalLMOutputWithPast
2025-10-27 10:47:05,166 - GPU-2 - DEBUG - [Block 15] pkv type: <class 'list'>, len: 32
2025-10-27 10:47:05,166 - GPU-2 - DEBUG - [Block 15] pkv[0] type: <class 'tuple'>, len: 2
2025-10-27 10:47:05,166 - GPU-2 - DEBUG - [Block 15] pkv[0][0].shape: torch.Size([1, 32, 621, 128])
2025-10-27 10:47:05,258 - GPU-2 - INFO -   [Initial Forward] 1 tokens unmasked
2025-10-27 10:47:05,258 - GPU-2 - INFO -   [Cycle 1]
2025-10-27 10:47:05,259 - GPU-2 - DEBUG -     [Latent Recursive] Starting 1 steps of latent thinking
2025-10-27 10:47:05,307 - GPU-2 - DEBUG -       [Latent] Step 1/1
2025-10-27 10:47:05,471 - GPU-2 - DEBUG -       [After Latent Recursive] 1 tokens unmasked
2025-10-27 10:47:05,471 - GPU-2 - INFO -   [Cycle 2]
2025-10-27 10:47:05,471 - GPU-2 - DEBUG -     [Latent Recursive] Starting 1 steps of latent thinking
2025-10-27 10:47:05,520 - GPU-2 - DEBUG -       [Latent] Step 1/1
2025-10-27 10:47:05,683 - GPU-2 - DEBUG -       [After Latent Recursive] 1 tokens unmasked
2025-10-27 10:47:05,684 - GPU-2 - INFO -   [Cycle 3]
2025-10-27 10:47:05,684 - GPU-2 - DEBUG -     [Latent Recursive] Starting 1 steps of latent thinking
2025-10-27 10:47:05,732 - GPU-2 - DEBUG -       [Latent] Step 1/1
2025-10-27 10:47:05,896 - GPU-2 - DEBUG -       [After Latent Recursive] 1 tokens unmasked
2025-10-27 10:47:05,896 - GPU-2 - INFO -   [Cycle 4]
2025-10-27 10:47:05,896 - GPU-2 - DEBUG -     [Latent Recursive] Starting 1 steps of latent thinking
2025-10-27 10:47:05,945 - GPU-2 - DEBUG -       [Latent] Step 1/1
2025-10-27 10:47:06,108 - GPU-2 - DEBUG -       [After Latent Recursive] 1 tokens unmasked
2025-10-27 10:47:06,109 - GPU-2 - INFO -   [Cycle 5]
2025-10-27 10:47:06,109 - GPU-2 - DEBUG -     [Latent Recursive] Starting 1 steps of latent thinking
2025-10-27 10:47:06,157 - GPU-2 - DEBUG -       [Latent] Step 1/1
2025-10-27 10:47:06,320 - GPU-2 - DEBUG -       [After Latent Recursive] 1 tokens unmasked
2025-10-27 10:47:06,321 - GPU-2 - INFO -   [Cycle 6]
2025-10-27 10:47:06,321 - GPU-2 - DEBUG -     [Latent Recursive] Starting 1 steps of latent thinking
2025-10-27 10:47:06,370 - GPU-2 - DEBUG -       [Latent] Step 1/1
2025-10-27 10:47:06,533 - GPU-2 - DEBUG -       [After Latent Recursive] 1 tokens unmasked
2025-10-27 10:47:06,533 - GPU-2 - INFO -   [Cycle 7]
2025-10-27 10:47:06,534 - GPU-2 - DEBUG -     [Latent Recursive] Starting 1 steps of latent thinking
2025-10-27 10:47:06,582 - GPU-2 - DEBUG -       [Latent] Step 1/1
2025-10-27 10:47:06,745 - GPU-2 - DEBUG -       [After Latent Recursive] 1 tokens unmasked
2025-10-27 10:47:06,745 - GPU-2 - INFO -   [Cycle 8]
2025-10-27 10:47:06,745 - GPU-2 - DEBUG -     [Latent Recursive] Starting 1 steps of latent thinking
2025-10-27 10:47:06,793 - GPU-2 - DEBUG -       [Latent] Step 1/1
2025-10-27 10:47:06,957 - GPU-2 - DEBUG -       [After Latent Recursive] 1 tokens unmasked
2025-10-27 10:47:06,957 - GPU-2 - INFO -   [Cycle 9]
2025-10-27 10:47:06,957 - GPU-2 - DEBUG -     [Latent Recursive] Starting 1 steps of latent thinking
2025-10-27 10:47:07,006 - GPU-2 - DEBUG -       [Latent] Step 1/1
2025-10-27 10:47:07,173 - GPU-2 - DEBUG -       [After Latent Recursive] 1 tokens unmasked
2025-10-27 10:47:07,173 - GPU-2 - INFO -   [Cycle 10]
2025-10-27 10:47:07,173 - GPU-2 - DEBUG -     [Latent Recursive] Starting 1 steps of latent thinking
2025-10-27 10:47:07,221 - GPU-2 - DEBUG -       [Latent] Step 1/1
2025-10-27 10:47:07,384 - GPU-2 - DEBUG -       [After Latent Recursive] 1 tokens unmasked
2025-10-27 10:47:07,385 - GPU-2 - INFO -   [Cycle 11]
2025-10-27 10:47:07,385 - GPU-2 - DEBUG -     [Latent Recursive] Starting 1 steps of latent thinking
2025-10-27 10:47:07,433 - GPU-2 - DEBUG -       [Latent] Step 1/1
2025-10-27 10:47:07,596 - GPU-2 - DEBUG -       [After Latent Recursive] 1 tokens unmasked
2025-10-27 10:47:07,597 - GPU-2 - INFO -   [Cycle 12]
2025-10-27 10:47:07,597 - GPU-2 - DEBUG -     [Latent Recursive] Starting 1 steps of latent thinking
2025-10-27 10:47:07,645 - GPU-2 - DEBUG -       [Latent] Step 1/1
2025-10-27 10:47:07,808 - GPU-2 - DEBUG -       [After Latent Recursive] 1 tokens unmasked
2025-10-27 10:47:07,809 - GPU-2 - INFO -   [Cycle 13]
2025-10-27 10:47:07,809 - GPU-2 - DEBUG -     [Latent Recursive] Starting 1 steps of latent thinking
2025-10-27 10:47:07,857 - GPU-2 - DEBUG -       [Latent] Step 1/1
2025-10-27 10:47:08,020 - GPU-2 - DEBUG -       [After Latent Recursive] 1 tokens unmasked
2025-10-27 10:47:08,022 - GPU-2 - INFO -   [Cycle 14]
2025-10-27 10:47:08,022 - GPU-2 - DEBUG -     [Latent Recursive] Starting 1 steps of latent thinking
2025-10-27 10:47:08,071 - GPU-2 - DEBUG -       [Latent] Step 1/1
2025-10-27 10:47:08,235 - GPU-2 - DEBUG -       [After Latent Recursive] 1 tokens unmasked
2025-10-27 10:47:08,235 - GPU-2 - INFO -   [Cycle 15]
2025-10-27 10:47:08,235 - GPU-2 - DEBUG -     [Latent Recursive] Starting 1 steps of latent thinking
2025-10-27 10:47:08,284 - GPU-2 - DEBUG -       [Latent] Step 1/1
2025-10-27 10:47:08,448 - GPU-2 - DEBUG -       [After Latent Recursive] 1 tokens unmasked
2025-10-27 10:47:08,448 - GPU-2 - INFO -   [Cycle 16]
2025-10-27 10:47:08,448 - GPU-2 - DEBUG -     [Latent Recursive] Starting 1 steps of latent thinking
2025-10-27 10:47:08,497 - GPU-2 - DEBUG -       [Latent] Step 1/1
2025-10-27 10:47:08,660 - GPU-2 - DEBUG -       [After Latent Recursive] 1 tokens unmasked
2025-10-27 10:47:08,661 - GPU-2 - INFO -   [Cycle 17]
2025-10-27 10:47:08,661 - GPU-2 - DEBUG -     [Latent Recursive] Starting 1 steps of latent thinking
2025-10-27 10:47:08,709 - GPU-2 - DEBUG -       [Latent] Step 1/1
2025-10-27 10:47:08,874 - GPU-2 - DEBUG -       [After Latent Recursive] 1 tokens unmasked
2025-10-27 10:47:08,874 - GPU-2 - INFO -   [Cycle 18]
2025-10-27 10:47:08,874 - GPU-2 - DEBUG -     [Latent Recursive] Starting 1 steps of latent thinking
2025-10-27 10:47:08,922 - GPU-2 - DEBUG -       [Latent] Step 1/1
2025-10-27 10:47:09,086 - GPU-2 - DEBUG -       [After Latent Recursive] 1 tokens unmasked
2025-10-27 10:47:09,087 - GPU-2 - INFO -   [Cycle 19]
2025-10-27 10:47:09,087 - GPU-2 - DEBUG -     [Latent Recursive] Starting 1 steps of latent thinking
2025-10-27 10:47:09,135 - GPU-2 - DEBUG -       [Latent] Step 1/1
2025-10-27 10:47:09,299 - GPU-2 - DEBUG -       [After Latent Recursive] 1 tokens unmasked
2025-10-27 10:47:09,300 - GPU-2 - INFO -   [Cycle 20]
2025-10-27 10:47:09,300 - GPU-2 - DEBUG -     [Latent Recursive] Starting 1 steps of latent thinking
2025-10-27 10:47:09,348 - GPU-2 - DEBUG -       [Latent] Step 1/1
2025-10-27 10:47:09,512 - GPU-2 - DEBUG -       [After Latent Recursive] 1 tokens unmasked
2025-10-27 10:47:09,513 - GPU-2 - INFO -   [Cycle 21]
2025-10-27 10:47:09,513 - GPU-2 - DEBUG -     [Latent Recursive] Starting 1 steps of latent thinking
2025-10-27 10:47:09,561 - GPU-2 - DEBUG -       [Latent] Step 1/1
2025-10-27 10:47:09,725 - GPU-2 - DEBUG -       [After Latent Recursive] 1 tokens unmasked
2025-10-27 10:47:09,725 - GPU-2 - INFO -   [Cycle 22]
2025-10-27 10:47:09,725 - GPU-2 - DEBUG -     [Latent Recursive] Starting 1 steps of latent thinking
2025-10-27 10:47:09,773 - GPU-2 - DEBUG -       [Latent] Step 1/1
2025-10-27 10:47:09,937 - GPU-2 - DEBUG -       [After Latent Recursive] 1 tokens unmasked
2025-10-27 10:47:09,938 - GPU-2 - INFO -   [Cycle 23]
2025-10-27 10:47:09,939 - GPU-2 - DEBUG -     [Latent Recursive] Starting 1 steps of latent thinking
2025-10-27 10:47:09,987 - GPU-2 - DEBUG -       [Latent] Step 1/1
2025-10-27 10:47:10,151 - GPU-2 - DEBUG -       [After Latent Recursive] 1 tokens unmasked
2025-10-27 10:47:10,151 - GPU-2 - INFO -   [Cycle 24]
2025-10-27 10:47:10,152 - GPU-2 - DEBUG -     [Latent Recursive] Starting 1 steps of latent thinking
2025-10-27 10:47:10,200 - GPU-2 - DEBUG -       [Latent] Step 1/1
2025-10-27 10:47:10,364 - GPU-2 - DEBUG -       [After Latent Recursive] 1 tokens unmasked
2025-10-27 10:47:10,364 - GPU-2 - INFO -   [Cycle 25]
2025-10-27 10:47:10,364 - GPU-2 - DEBUG -     [Latent Recursive] Starting 1 steps of latent thinking
2025-10-27 10:47:10,412 - GPU-2 - DEBUG -       [Latent] Step 1/1
2025-10-27 10:47:10,576 - GPU-2 - DEBUG -       [After Latent Recursive] 1 tokens unmasked
2025-10-27 10:47:10,577 - GPU-2 - INFO -   [Cycle 26]
2025-10-27 10:47:10,578 - GPU-2 - DEBUG -     [Latent Recursive] Starting 1 steps of latent thinking
2025-10-27 10:47:10,626 - GPU-2 - DEBUG -       [Latent] Step 1/1
2025-10-27 10:47:10,789 - GPU-2 - DEBUG -       [After Latent Recursive] 1 tokens unmasked
2025-10-27 10:47:10,790 - GPU-2 - INFO -   [Cycle 27]
2025-10-27 10:47:10,790 - GPU-2 - DEBUG -     [Latent Recursive] Starting 1 steps of latent thinking
2025-10-27 10:47:10,838 - GPU-2 - DEBUG -       [Latent] Step 1/1
2025-10-27 10:47:11,002 - GPU-2 - DEBUG -       [After Latent Recursive] 1 tokens unmasked
2025-10-27 10:47:11,002 - GPU-2 - INFO -   [Cycle 28]
2025-10-27 10:47:11,003 - GPU-2 - DEBUG -     [Latent Recursive] Starting 1 steps of latent thinking
2025-10-27 10:47:11,051 - GPU-2 - DEBUG -       [Latent] Step 1/1
2025-10-27 10:47:11,215 - GPU-2 - DEBUG -       [After Latent Recursive] 1 tokens unmasked
2025-10-27 10:47:11,216 - GPU-2 - INFO -   [Cycle 29]
2025-10-27 10:47:11,216 - GPU-2 - DEBUG -     [Latent Recursive] Starting 1 steps of latent thinking
2025-10-27 10:47:11,264 - GPU-2 - DEBUG -       [Latent] Step 1/1
2025-10-27 10:47:11,428 - GPU-2 - DEBUG -       [After Latent Recursive] 1 tokens unmasked
2025-10-27 10:47:11,429 - GPU-2 - INFO -   [Cycle 30]
2025-10-27 10:47:11,429 - GPU-2 - DEBUG -     [Latent Recursive] Starting 1 steps of latent thinking
2025-10-27 10:47:11,477 - GPU-2 - DEBUG -       [Latent] Step 1/1
2025-10-27 10:47:11,641 - GPU-2 - DEBUG -       [After Latent Recursive] 1 tokens unmasked
2025-10-27 10:47:11,641 - GPU-2 - INFO -   [Cycle 31]
2025-10-27 10:47:11,642 - GPU-2 - DEBUG -     [Latent Recursive] Starting 1 steps of latent thinking
2025-10-27 10:47:11,690 - GPU-2 - DEBUG -       [Latent] Step 1/1
2025-10-27 10:47:11,853 - GPU-2 - DEBUG -       [After Latent Recursive] 1 tokens unmasked
