2025-10-27 10:41:50,573 - GPU-3 - INFO - [GPU 3] Loaded freeze config from metadata.json: freeze_first_half_layers=False, trainable_layer_start_idx=0
2025-10-27 10:41:50,816 - GPU-3 - INFO - === Starting generate_with_prefix_cache ===
2025-10-27 10:41:50,817 - GPU-3 - INFO - use_cache=True, R=1, N=1
2025-10-27 10:41:50,823 - GPU-3 - INFO - [Block 1/16] Processing tokens 109-141
2025-10-27 10:41:50,824 - GPU-3 - DEBUG - [Block 0] Before forward: use_cache=True, x.shape=torch.Size([1, 621])
2025-10-27 10:41:50,824 - GPU-3 - DEBUG - [Block 0] Model type: LLaDAModelLM
2025-10-27 10:41:50,824 - GPU-3 - DEBUG - [Block 0] Model config use_cache: True
2025-10-27 10:41:51,159 - GPU-3 - DEBUG - [Block 0] After forward: pkv is None? False
2025-10-27 10:41:51,160 - GPU-3 - DEBUG - [Block 0] out type: CausalLMOutputWithPast
2025-10-27 10:41:51,160 - GPU-3 - DEBUG - [Block 0] pkv type: <class 'list'>, len: 32
2025-10-27 10:41:51,160 - GPU-3 - DEBUG - [Block 0] pkv[0] type: <class 'tuple'>, len: 2
2025-10-27 10:41:51,160 - GPU-3 - DEBUG - [Block 0] pkv[0][0].shape: torch.Size([1, 32, 621, 128])
2025-10-27 10:41:51,259 - GPU-3 - INFO -   [Initial Forward] 2 tokens unmasked
2025-10-27 10:41:51,259 - GPU-3 - INFO -   [Cycle 1]
2025-10-27 10:41:51,259 - GPU-3 - DEBUG -     [Latent Recursive] Starting 1 steps of latent thinking
2025-10-27 10:41:51,363 - GPU-3 - DEBUG -       [Latent] Step 1/1
2025-10-27 10:41:51,548 - GPU-3 - DEBUG -       [After Latent Recursive] 2 tokens unmasked
2025-10-27 10:41:51,549 - GPU-3 - INFO -   [Cycle 2]
2025-10-27 10:41:51,549 - GPU-3 - DEBUG -     [Latent Recursive] Starting 1 steps of latent thinking
2025-10-27 10:41:51,597 - GPU-3 - DEBUG -       [Latent] Step 1/1
2025-10-27 10:41:51,782 - GPU-3 - DEBUG -       [After Latent Recursive] 2 tokens unmasked
2025-10-27 10:41:51,783 - GPU-3 - INFO -   [Cycle 3]
2025-10-27 10:41:51,783 - GPU-3 - DEBUG -     [Latent Recursive] Starting 1 steps of latent thinking
2025-10-27 10:41:51,831 - GPU-3 - DEBUG -       [Latent] Step 1/1
2025-10-27 10:41:52,016 - GPU-3 - DEBUG -       [After Latent Recursive] 2 tokens unmasked
2025-10-27 10:41:52,017 - GPU-3 - INFO -   [Cycle 4]
2025-10-27 10:41:52,017 - GPU-3 - DEBUG -     [Latent Recursive] Starting 1 steps of latent thinking
2025-10-27 10:41:52,065 - GPU-3 - DEBUG -       [Latent] Step 1/1
2025-10-27 10:41:52,251 - GPU-3 - DEBUG -       [After Latent Recursive] 2 tokens unmasked
2025-10-27 10:41:52,251 - GPU-3 - INFO -   [Cycle 5]
2025-10-27 10:41:52,251 - GPU-3 - DEBUG -     [Latent Recursive] Starting 1 steps of latent thinking
2025-10-27 10:41:52,299 - GPU-3 - DEBUG -       [Latent] Step 1/1
2025-10-27 10:41:52,485 - GPU-3 - DEBUG -       [After Latent Recursive] 2 tokens unmasked
2025-10-27 10:41:52,485 - GPU-3 - INFO -   [Cycle 6]
2025-10-27 10:41:52,485 - GPU-3 - DEBUG -     [Latent Recursive] Starting 1 steps of latent thinking
2025-10-27 10:41:52,534 - GPU-3 - DEBUG -       [Latent] Step 1/1
2025-10-27 10:41:52,719 - GPU-3 - DEBUG -       [After Latent Recursive] 2 tokens unmasked
2025-10-27 10:41:52,719 - GPU-3 - INFO -   [Cycle 7]
2025-10-27 10:41:52,719 - GPU-3 - DEBUG -     [Latent Recursive] Starting 1 steps of latent thinking
2025-10-27 10:41:52,768 - GPU-3 - DEBUG -       [Latent] Step 1/1
2025-10-27 10:41:52,953 - GPU-3 - DEBUG -       [After Latent Recursive] 2 tokens unmasked
2025-10-27 10:41:52,953 - GPU-3 - INFO -   [Cycle 8]
2025-10-27 10:41:52,953 - GPU-3 - DEBUG -     [Latent Recursive] Starting 1 steps of latent thinking
2025-10-27 10:41:53,002 - GPU-3 - DEBUG -       [Latent] Step 1/1
2025-10-27 10:41:53,187 - GPU-3 - DEBUG -       [After Latent Recursive] 2 tokens unmasked
2025-10-27 10:41:53,188 - GPU-3 - INFO -   [Cycle 9]
2025-10-27 10:41:53,188 - GPU-3 - DEBUG -     [Latent Recursive] Starting 1 steps of latent thinking
2025-10-27 10:41:53,236 - GPU-3 - DEBUG -       [Latent] Step 1/1
2025-10-27 10:41:53,421 - GPU-3 - DEBUG -       [After Latent Recursive] 2 tokens unmasked
2025-10-27 10:41:53,422 - GPU-3 - INFO -   [Cycle 10]
2025-10-27 10:41:53,422 - GPU-3 - DEBUG -     [Latent Recursive] Starting 1 steps of latent thinking
2025-10-27 10:41:53,470 - GPU-3 - DEBUG -       [Latent] Step 1/1
2025-10-27 10:41:53,655 - GPU-3 - DEBUG -       [After Latent Recursive] 2 tokens unmasked
2025-10-27 10:41:53,656 - GPU-3 - INFO -   [Cycle 11]
2025-10-27 10:41:53,656 - GPU-3 - DEBUG -     [Latent Recursive] Starting 1 steps of latent thinking
2025-10-27 10:41:53,704 - GPU-3 - DEBUG -       [Latent] Step 1/1
2025-10-27 10:41:53,890 - GPU-3 - DEBUG -       [After Latent Recursive] 2 tokens unmasked
2025-10-27 10:41:53,890 - GPU-3 - INFO -   [Cycle 12]
2025-10-27 10:41:53,890 - GPU-3 - DEBUG -     [Latent Recursive] Starting 1 steps of latent thinking
2025-10-27 10:41:53,938 - GPU-3 - DEBUG -       [Latent] Step 1/1
2025-10-27 10:41:54,124 - GPU-3 - DEBUG -       [After Latent Recursive] 2 tokens unmasked
2025-10-27 10:41:54,124 - GPU-3 - INFO -   [Cycle 13]
2025-10-27 10:41:54,124 - GPU-3 - DEBUG -     [Latent Recursive] Starting 1 steps of latent thinking
2025-10-27 10:41:54,172 - GPU-3 - DEBUG -       [Latent] Step 1/1
2025-10-27 10:41:54,357 - GPU-3 - DEBUG -       [After Latent Recursive] 2 tokens unmasked
2025-10-27 10:41:54,358 - GPU-3 - INFO -   [Cycle 14]
2025-10-27 10:41:54,358 - GPU-3 - DEBUG -     [Latent Recursive] Starting 1 steps of latent thinking
2025-10-27 10:41:54,406 - GPU-3 - DEBUG -       [Latent] Step 1/1
2025-10-27 10:41:54,591 - GPU-3 - DEBUG -       [After Latent Recursive] 2 tokens unmasked
2025-10-27 10:41:54,592 - GPU-3 - INFO -   [Cycle 15]
2025-10-27 10:41:54,592 - GPU-3 - DEBUG -     [Latent Recursive] Starting 1 steps of latent thinking
2025-10-27 10:41:54,640 - GPU-3 - DEBUG -       [Latent] Step 1/1
2025-10-27 10:41:54,825 - GPU-3 - DEBUG -       [After Latent Recursive] 2 tokens unmasked
2025-10-27 10:41:54,826 - GPU-3 - INFO - [Block 2/16] Processing tokens 141-173
2025-10-27 10:41:54,826 - GPU-3 - DEBUG - [Block 1] Before forward: use_cache=True, x.shape=torch.Size([1, 621])
2025-10-27 10:41:54,826 - GPU-3 - DEBUG - [Block 1] Model type: LLaDAModelLM
2025-10-27 10:41:54,826 - GPU-3 - DEBUG - [Block 1] Model config use_cache: True
2025-10-27 10:41:54,850 - GPU-3 - DEBUG - [Block 1] After forward: pkv is None? False
2025-10-27 10:41:54,850 - GPU-3 - DEBUG - [Block 1] out type: CausalLMOutputWithPast
2025-10-27 10:41:54,850 - GPU-3 - DEBUG - [Block 1] pkv type: <class 'list'>, len: 32
2025-10-27 10:41:54,850 - GPU-3 - DEBUG - [Block 1] pkv[0] type: <class 'tuple'>, len: 2
2025-10-27 10:41:54,850 - GPU-3 - DEBUG - [Block 1] pkv[0][0].shape: torch.Size([1, 32, 621, 128])
2025-10-27 10:41:54,943 - GPU-3 - INFO -   [Initial Forward] 2 tokens unmasked
2025-10-27 10:41:54,943 - GPU-3 - INFO -   [Cycle 1]
2025-10-27 10:41:54,943 - GPU-3 - DEBUG -     [Latent Recursive] Starting 1 steps of latent thinking
2025-10-27 10:41:54,992 - GPU-3 - DEBUG -       [Latent] Step 1/1
2025-10-27 10:41:55,176 - GPU-3 - DEBUG -       [After Latent Recursive] 2 tokens unmasked
2025-10-27 10:41:55,177 - GPU-3 - INFO -   [Cycle 2]
2025-10-27 10:41:55,177 - GPU-3 - DEBUG -     [Latent Recursive] Starting 1 steps of latent thinking
2025-10-27 10:41:55,225 - GPU-3 - DEBUG -       [Latent] Step 1/1
2025-10-27 10:41:55,409 - GPU-3 - DEBUG -       [After Latent Recursive] 2 tokens unmasked
2025-10-27 10:41:55,410 - GPU-3 - INFO -   [Cycle 3]
2025-10-27 10:41:55,410 - GPU-3 - DEBUG -     [Latent Recursive] Starting 1 steps of latent thinking
2025-10-27 10:41:55,458 - GPU-3 - DEBUG -       [Latent] Step 1/1
2025-10-27 10:41:55,643 - GPU-3 - DEBUG -       [After Latent Recursive] 2 tokens unmasked
2025-10-27 10:41:55,643 - GPU-3 - INFO -   [Cycle 4]
2025-10-27 10:41:55,643 - GPU-3 - DEBUG -     [Latent Recursive] Starting 1 steps of latent thinking
2025-10-27 10:41:55,691 - GPU-3 - DEBUG -       [Latent] Step 1/1
2025-10-27 10:41:55,876 - GPU-3 - DEBUG -       [After Latent Recursive] 2 tokens unmasked
2025-10-27 10:41:55,876 - GPU-3 - INFO -   [Cycle 5]
2025-10-27 10:41:55,876 - GPU-3 - DEBUG -     [Latent Recursive] Starting 1 steps of latent thinking
2025-10-27 10:41:55,924 - GPU-3 - DEBUG -       [Latent] Step 1/1
2025-10-27 10:41:56,109 - GPU-3 - DEBUG -       [After Latent Recursive] 2 tokens unmasked
2025-10-27 10:41:56,109 - GPU-3 - INFO -   [Cycle 6]
2025-10-27 10:41:56,109 - GPU-3 - DEBUG -     [Latent Recursive] Starting 1 steps of latent thinking
2025-10-27 10:41:56,157 - GPU-3 - DEBUG -       [Latent] Step 1/1
2025-10-27 10:41:56,342 - GPU-3 - DEBUG -       [After Latent Recursive] 2 tokens unmasked
2025-10-27 10:41:56,342 - GPU-3 - INFO -   [Cycle 7]
2025-10-27 10:41:56,342 - GPU-3 - DEBUG -     [Latent Recursive] Starting 1 steps of latent thinking
2025-10-27 10:41:56,391 - GPU-3 - DEBUG -       [Latent] Step 1/1
2025-10-27 10:41:56,575 - GPU-3 - DEBUG -       [After Latent Recursive] 2 tokens unmasked
2025-10-27 10:41:56,575 - GPU-3 - INFO -   [Cycle 8]
2025-10-27 10:41:56,575 - GPU-3 - DEBUG -     [Latent Recursive] Starting 1 steps of latent thinking
2025-10-27 10:41:56,623 - GPU-3 - DEBUG -       [Latent] Step 1/1
2025-10-27 10:41:56,808 - GPU-3 - DEBUG -       [After Latent Recursive] 2 tokens unmasked
2025-10-27 10:41:56,808 - GPU-3 - INFO -   [Cycle 9]
2025-10-27 10:41:56,809 - GPU-3 - DEBUG -     [Latent Recursive] Starting 1 steps of latent thinking
2025-10-27 10:41:56,857 - GPU-3 - DEBUG -       [Latent] Step 1/1
2025-10-27 10:41:57,041 - GPU-3 - DEBUG -       [After Latent Recursive] 2 tokens unmasked
2025-10-27 10:41:57,041 - GPU-3 - INFO -   [Cycle 10]
2025-10-27 10:41:57,041 - GPU-3 - DEBUG -     [Latent Recursive] Starting 1 steps of latent thinking
2025-10-27 10:41:57,090 - GPU-3 - DEBUG -       [Latent] Step 1/1
2025-10-27 10:41:57,274 - GPU-3 - DEBUG -       [After Latent Recursive] 2 tokens unmasked
2025-10-27 10:41:57,274 - GPU-3 - INFO -   [Cycle 11]
2025-10-27 10:41:57,274 - GPU-3 - DEBUG -     [Latent Recursive] Starting 1 steps of latent thinking
2025-10-27 10:41:57,322 - GPU-3 - DEBUG -       [Latent] Step 1/1
2025-10-27 10:41:57,507 - GPU-3 - DEBUG -       [After Latent Recursive] 2 tokens unmasked
2025-10-27 10:41:57,507 - GPU-3 - INFO -   [Cycle 12]
2025-10-27 10:41:57,507 - GPU-3 - DEBUG -     [Latent Recursive] Starting 1 steps of latent thinking
2025-10-27 10:41:57,555 - GPU-3 - DEBUG -       [Latent] Step 1/1
2025-10-27 10:41:57,740 - GPU-3 - DEBUG -       [After Latent Recursive] 2 tokens unmasked
2025-10-27 10:41:57,740 - GPU-3 - INFO -   [Cycle 13]
2025-10-27 10:41:57,741 - GPU-3 - DEBUG -     [Latent Recursive] Starting 1 steps of latent thinking
2025-10-27 10:41:57,789 - GPU-3 - DEBUG -       [Latent] Step 1/1
2025-10-27 10:41:57,973 - GPU-3 - DEBUG -       [After Latent Recursive] 2 tokens unmasked
2025-10-27 10:41:57,974 - GPU-3 - INFO -   [Cycle 14]
2025-10-27 10:41:57,974 - GPU-3 - DEBUG -     [Latent Recursive] Starting 1 steps of latent thinking
2025-10-27 10:41:58,022 - GPU-3 - DEBUG -       [Latent] Step 1/1
2025-10-27 10:41:58,207 - GPU-3 - DEBUG -       [After Latent Recursive] 2 tokens unmasked
2025-10-27 10:41:58,207 - GPU-3 - INFO -   [Cycle 15]
2025-10-27 10:41:58,208 - GPU-3 - DEBUG -     [Latent Recursive] Starting 1 steps of latent thinking
2025-10-27 10:41:58,256 - GPU-3 - DEBUG -       [Latent] Step 1/1
2025-10-27 10:41:58,441 - GPU-3 - DEBUG -       [After Latent Recursive] 2 tokens unmasked
2025-10-27 10:41:58,441 - GPU-3 - INFO - [Block 3/16] Processing tokens 173-205
2025-10-27 10:41:58,441 - GPU-3 - DEBUG - [Block 2] Before forward: use_cache=True, x.shape=torch.Size([1, 621])
2025-10-27 10:41:58,441 - GPU-3 - DEBUG - [Block 2] Model type: LLaDAModelLM
2025-10-27 10:41:58,441 - GPU-3 - DEBUG - [Block 2] Model config use_cache: True
2025-10-27 10:41:58,465 - GPU-3 - DEBUG - [Block 2] After forward: pkv is None? False
2025-10-27 10:41:58,465 - GPU-3 - DEBUG - [Block 2] out type: CausalLMOutputWithPast
2025-10-27 10:41:58,466 - GPU-3 - DEBUG - [Block 2] pkv type: <class 'list'>, len: 32
2025-10-27 10:41:58,466 - GPU-3 - DEBUG - [Block 2] pkv[0] type: <class 'tuple'>, len: 2
2025-10-27 10:41:58,466 - GPU-3 - DEBUG - [Block 2] pkv[0][0].shape: torch.Size([1, 32, 621, 128])
2025-10-27 10:41:58,558 - GPU-3 - INFO -   [Initial Forward] 2 tokens unmasked
2025-10-27 10:41:58,559 - GPU-3 - INFO -   [Cycle 1]
2025-10-27 10:41:58,559 - GPU-3 - DEBUG -     [Latent Recursive] Starting 1 steps of latent thinking
2025-10-27 10:41:58,607 - GPU-3 - DEBUG -       [Latent] Step 1/1
2025-10-27 10:41:58,789 - GPU-3 - DEBUG -       [After Latent Recursive] 2 tokens unmasked
2025-10-27 10:41:58,790 - GPU-3 - INFO -   [Cycle 2]
2025-10-27 10:41:58,790 - GPU-3 - DEBUG -     [Latent Recursive] Starting 1 steps of latent thinking
2025-10-27 10:41:58,838 - GPU-3 - DEBUG -       [Latent] Step 1/1
2025-10-27 10:41:59,020 - GPU-3 - DEBUG -       [After Latent Recursive] 2 tokens unmasked
2025-10-27 10:41:59,021 - GPU-3 - INFO -   [Cycle 3]
2025-10-27 10:41:59,021 - GPU-3 - DEBUG -     [Latent Recursive] Starting 1 steps of latent thinking
2025-10-27 10:41:59,069 - GPU-3 - DEBUG -       [Latent] Step 1/1
2025-10-27 10:41:59,252 - GPU-3 - DEBUG -       [After Latent Recursive] 2 tokens unmasked
2025-10-27 10:41:59,252 - GPU-3 - INFO -   [Cycle 4]
2025-10-27 10:41:59,252 - GPU-3 - DEBUG -     [Latent Recursive] Starting 1 steps of latent thinking
2025-10-27 10:41:59,300 - GPU-3 - DEBUG -       [Latent] Step 1/1
2025-10-27 10:41:59,483 - GPU-3 - DEBUG -       [After Latent Recursive] 2 tokens unmasked
2025-10-27 10:41:59,483 - GPU-3 - INFO -   [Cycle 5]
2025-10-27 10:41:59,483 - GPU-3 - DEBUG -     [Latent Recursive] Starting 1 steps of latent thinking
2025-10-27 10:41:59,531 - GPU-3 - DEBUG -       [Latent] Step 1/1
2025-10-27 10:41:59,714 - GPU-3 - DEBUG -       [After Latent Recursive] 2 tokens unmasked
2025-10-27 10:41:59,714 - GPU-3 - INFO -   [Cycle 6]
2025-10-27 10:41:59,714 - GPU-3 - DEBUG -     [Latent Recursive] Starting 1 steps of latent thinking
2025-10-27 10:41:59,762 - GPU-3 - DEBUG -       [Latent] Step 1/1
2025-10-27 10:41:59,945 - GPU-3 - DEBUG -       [After Latent Recursive] 2 tokens unmasked
2025-10-27 10:41:59,945 - GPU-3 - INFO -   [Cycle 7]
2025-10-27 10:41:59,945 - GPU-3 - DEBUG -     [Latent Recursive] Starting 1 steps of latent thinking
2025-10-27 10:41:59,993 - GPU-3 - DEBUG -       [Latent] Step 1/1
2025-10-27 10:42:00,176 - GPU-3 - DEBUG -       [After Latent Recursive] 2 tokens unmasked
2025-10-27 10:42:00,176 - GPU-3 - INFO -   [Cycle 8]
2025-10-27 10:42:00,176 - GPU-3 - DEBUG -     [Latent Recursive] Starting 1 steps of latent thinking
2025-10-27 10:42:00,224 - GPU-3 - DEBUG -       [Latent] Step 1/1
2025-10-27 10:42:00,407 - GPU-3 - DEBUG -       [After Latent Recursive] 2 tokens unmasked
2025-10-27 10:42:00,408 - GPU-3 - INFO -   [Cycle 9]
2025-10-27 10:42:00,408 - GPU-3 - DEBUG -     [Latent Recursive] Starting 1 steps of latent thinking
2025-10-27 10:42:00,456 - GPU-3 - DEBUG -       [Latent] Step 1/1
2025-10-27 10:42:00,638 - GPU-3 - DEBUG -       [After Latent Recursive] 2 tokens unmasked
2025-10-27 10:42:00,638 - GPU-3 - INFO -   [Cycle 10]
2025-10-27 10:42:00,638 - GPU-3 - DEBUG -     [Latent Recursive] Starting 1 steps of latent thinking
2025-10-27 10:42:00,687 - GPU-3 - DEBUG -       [Latent] Step 1/1
2025-10-27 10:42:00,869 - GPU-3 - DEBUG -       [After Latent Recursive] 2 tokens unmasked
2025-10-27 10:42:00,870 - GPU-3 - INFO -   [Cycle 11]
2025-10-27 10:42:00,870 - GPU-3 - DEBUG -     [Latent Recursive] Starting 1 steps of latent thinking
2025-10-27 10:42:00,918 - GPU-3 - DEBUG -       [Latent] Step 1/1
2025-10-27 10:42:01,100 - GPU-3 - DEBUG -       [After Latent Recursive] 2 tokens unmasked
2025-10-27 10:42:01,100 - GPU-3 - INFO -   [Cycle 12]
2025-10-27 10:42:01,100 - GPU-3 - DEBUG -     [Latent Recursive] Starting 1 steps of latent thinking
2025-10-27 10:42:01,149 - GPU-3 - DEBUG -       [Latent] Step 1/1
2025-10-27 10:42:01,331 - GPU-3 - DEBUG -       [After Latent Recursive] 2 tokens unmasked
2025-10-27 10:42:01,331 - GPU-3 - INFO -   [Cycle 13]
2025-10-27 10:42:01,332 - GPU-3 - DEBUG -     [Latent Recursive] Starting 1 steps of latent thinking
2025-10-27 10:42:01,380 - GPU-3 - DEBUG -       [Latent] Step 1/1
2025-10-27 10:42:01,562 - GPU-3 - DEBUG -       [After Latent Recursive] 2 tokens unmasked
2025-10-27 10:42:01,563 - GPU-3 - INFO -   [Cycle 14]
2025-10-27 10:42:01,563 - GPU-3 - DEBUG -     [Latent Recursive] Starting 1 steps of latent thinking
2025-10-27 10:42:01,611 - GPU-3 - DEBUG -       [Latent] Step 1/1
2025-10-27 10:42:01,794 - GPU-3 - DEBUG -       [After Latent Recursive] 2 tokens unmasked
2025-10-27 10:42:01,794 - GPU-3 - INFO -   [Cycle 15]
2025-10-27 10:42:01,794 - GPU-3 - DEBUG -     [Latent Recursive] Starting 1 steps of latent thinking
2025-10-27 10:42:01,842 - GPU-3 - DEBUG -       [Latent] Step 1/1
2025-10-27 10:42:02,024 - GPU-3 - DEBUG -       [After Latent Recursive] 2 tokens unmasked
2025-10-27 10:42:02,025 - GPU-3 - INFO - [Block 4/16] Processing tokens 205-237
2025-10-27 10:42:02,025 - GPU-3 - DEBUG - [Block 3] Before forward: use_cache=True, x.shape=torch.Size([1, 621])
2025-10-27 10:42:02,025 - GPU-3 - DEBUG - [Block 3] Model type: LLaDAModelLM
2025-10-27 10:42:02,025 - GPU-3 - DEBUG - [Block 3] Model config use_cache: True
2025-10-27 10:42:02,049 - GPU-3 - DEBUG - [Block 3] After forward: pkv is None? False
2025-10-27 10:42:02,049 - GPU-3 - DEBUG - [Block 3] out type: CausalLMOutputWithPast
2025-10-27 10:42:02,049 - GPU-3 - DEBUG - [Block 3] pkv type: <class 'list'>, len: 32
2025-10-27 10:42:02,049 - GPU-3 - DEBUG - [Block 3] pkv[0] type: <class 'tuple'>, len: 2
2025-10-27 10:42:02,049 - GPU-3 - DEBUG - [Block 3] pkv[0][0].shape: torch.Size([1, 32, 621, 128])
2025-10-27 10:42:02,142 - GPU-3 - INFO -   [Initial Forward] 2 tokens unmasked
2025-10-27 10:42:02,142 - GPU-3 - INFO -   [Cycle 1]
2025-10-27 10:42:02,142 - GPU-3 - DEBUG -     [Latent Recursive] Starting 1 steps of latent thinking
2025-10-27 10:42:02,191 - GPU-3 - DEBUG -       [Latent] Step 1/1
2025-10-27 10:42:02,372 - GPU-3 - DEBUG -       [After Latent Recursive] 2 tokens unmasked
2025-10-27 10:42:02,372 - GPU-3 - INFO -   [Cycle 2]
2025-10-27 10:42:02,372 - GPU-3 - DEBUG -     [Latent Recursive] Starting 1 steps of latent thinking
2025-10-27 10:42:02,421 - GPU-3 - DEBUG -       [Latent] Step 1/1
2025-10-27 10:42:02,602 - GPU-3 - DEBUG -       [After Latent Recursive] 2 tokens unmasked
2025-10-27 10:42:02,602 - GPU-3 - INFO -   [Cycle 3]
2025-10-27 10:42:02,602 - GPU-3 - DEBUG -     [Latent Recursive] Starting 1 steps of latent thinking
2025-10-27 10:42:02,650 - GPU-3 - DEBUG -       [Latent] Step 1/1
2025-10-27 10:42:02,831 - GPU-3 - DEBUG -       [After Latent Recursive] 2 tokens unmasked
2025-10-27 10:42:02,832 - GPU-3 - INFO -   [Cycle 4]
2025-10-27 10:42:02,832 - GPU-3 - DEBUG -     [Latent Recursive] Starting 1 steps of latent thinking
2025-10-27 10:42:02,880 - GPU-3 - DEBUG -       [Latent] Step 1/1
2025-10-27 10:42:03,061 - GPU-3 - DEBUG -       [After Latent Recursive] 2 tokens unmasked
2025-10-27 10:42:03,062 - GPU-3 - INFO -   [Cycle 5]
2025-10-27 10:42:03,062 - GPU-3 - DEBUG -     [Latent Recursive] Starting 1 steps of latent thinking
2025-10-27 10:42:03,110 - GPU-3 - DEBUG -       [Latent] Step 1/1
2025-10-27 10:42:03,291 - GPU-3 - DEBUG -       [After Latent Recursive] 2 tokens unmasked
2025-10-27 10:42:03,291 - GPU-3 - INFO -   [Cycle 6]
2025-10-27 10:42:03,291 - GPU-3 - DEBUG -     [Latent Recursive] Starting 1 steps of latent thinking
2025-10-27 10:42:03,340 - GPU-3 - DEBUG -       [Latent] Step 1/1
2025-10-27 10:42:03,521 - GPU-3 - DEBUG -       [After Latent Recursive] 2 tokens unmasked
2025-10-27 10:42:03,521 - GPU-3 - INFO -   [Cycle 7]
2025-10-27 10:42:03,521 - GPU-3 - DEBUG -     [Latent Recursive] Starting 1 steps of latent thinking
2025-10-27 10:42:03,569 - GPU-3 - DEBUG -       [Latent] Step 1/1
2025-10-27 10:42:03,750 - GPU-3 - DEBUG -       [After Latent Recursive] 2 tokens unmasked
2025-10-27 10:42:03,751 - GPU-3 - INFO -   [Cycle 8]
2025-10-27 10:42:03,751 - GPU-3 - DEBUG -     [Latent Recursive] Starting 1 steps of latent thinking
2025-10-27 10:42:03,799 - GPU-3 - DEBUG -       [Latent] Step 1/1
2025-10-27 10:42:03,980 - GPU-3 - DEBUG -       [After Latent Recursive] 2 tokens unmasked
2025-10-27 10:42:03,980 - GPU-3 - INFO -   [Cycle 9]
2025-10-27 10:42:03,980 - GPU-3 - DEBUG -     [Latent Recursive] Starting 1 steps of latent thinking
2025-10-27 10:42:04,029 - GPU-3 - DEBUG -       [Latent] Step 1/1
2025-10-27 10:42:04,210 - GPU-3 - DEBUG -       [After Latent Recursive] 2 tokens unmasked
2025-10-27 10:42:04,210 - GPU-3 - INFO -   [Cycle 10]
2025-10-27 10:42:04,210 - GPU-3 - DEBUG -     [Latent Recursive] Starting 1 steps of latent thinking
2025-10-27 10:42:04,258 - GPU-3 - DEBUG -       [Latent] Step 1/1
2025-10-27 10:42:04,440 - GPU-3 - DEBUG -       [After Latent Recursive] 2 tokens unmasked
2025-10-27 10:42:04,440 - GPU-3 - INFO -   [Cycle 11]
2025-10-27 10:42:04,440 - GPU-3 - DEBUG -     [Latent Recursive] Starting 1 steps of latent thinking
2025-10-27 10:42:04,488 - GPU-3 - DEBUG -       [Latent] Step 1/1
2025-10-27 10:42:04,669 - GPU-3 - DEBUG -       [After Latent Recursive] 2 tokens unmasked
2025-10-27 10:42:04,670 - GPU-3 - INFO -   [Cycle 12]
2025-10-27 10:42:04,670 - GPU-3 - DEBUG -     [Latent Recursive] Starting 1 steps of latent thinking
2025-10-27 10:42:04,718 - GPU-3 - DEBUG -       [Latent] Step 1/1
2025-10-27 10:42:04,899 - GPU-3 - DEBUG -       [After Latent Recursive] 2 tokens unmasked
2025-10-27 10:42:04,900 - GPU-3 - INFO -   [Cycle 13]
2025-10-27 10:42:04,900 - GPU-3 - DEBUG -     [Latent Recursive] Starting 1 steps of latent thinking
2025-10-27 10:42:04,948 - GPU-3 - DEBUG -       [Latent] Step 1/1
2025-10-27 10:42:05,129 - GPU-3 - DEBUG -       [After Latent Recursive] 2 tokens unmasked
2025-10-27 10:42:05,130 - GPU-3 - INFO -   [Cycle 14]
2025-10-27 10:42:05,130 - GPU-3 - DEBUG -     [Latent Recursive] Starting 1 steps of latent thinking
2025-10-27 10:42:05,178 - GPU-3 - DEBUG -       [Latent] Step 1/1
2025-10-27 10:42:05,359 - GPU-3 - DEBUG -       [After Latent Recursive] 2 tokens unmasked
2025-10-27 10:42:05,360 - GPU-3 - INFO -   [Cycle 15]
2025-10-27 10:42:05,360 - GPU-3 - DEBUG -     [Latent Recursive] Starting 1 steps of latent thinking
2025-10-27 10:42:05,408 - GPU-3 - DEBUG -       [Latent] Step 1/1
2025-10-27 10:42:05,589 - GPU-3 - DEBUG -       [After Latent Recursive] 2 tokens unmasked
2025-10-27 10:42:05,590 - GPU-3 - INFO - [Block 5/16] Processing tokens 237-269
2025-10-27 10:42:05,590 - GPU-3 - DEBUG - [Block 4] Before forward: use_cache=True, x.shape=torch.Size([1, 621])
2025-10-27 10:42:05,593 - GPU-3 - DEBUG - [Block 4] Model type: LLaDAModelLM
2025-10-27 10:42:05,594 - GPU-3 - DEBUG - [Block 4] Model config use_cache: True
2025-10-27 10:42:05,617 - GPU-3 - DEBUG - [Block 4] After forward: pkv is None? False
2025-10-27 10:42:05,618 - GPU-3 - DEBUG - [Block 4] out type: CausalLMOutputWithPast
2025-10-27 10:42:05,618 - GPU-3 - DEBUG - [Block 4] pkv type: <class 'list'>, len: 32
2025-10-27 10:42:05,618 - GPU-3 - DEBUG - [Block 4] pkv[0] type: <class 'tuple'>, len: 2
2025-10-27 10:42:05,618 - GPU-3 - DEBUG - [Block 4] pkv[0][0].shape: torch.Size([1, 32, 621, 128])
2025-10-27 10:42:05,710 - GPU-3 - INFO -   [Initial Forward] 2 tokens unmasked
2025-10-27 10:42:05,711 - GPU-3 - INFO -   [Cycle 1]
2025-10-27 10:42:05,711 - GPU-3 - DEBUG -     [Latent Recursive] Starting 1 steps of latent thinking
2025-10-27 10:42:05,760 - GPU-3 - DEBUG -       [Latent] Step 1/1
2025-10-27 10:42:05,939 - GPU-3 - DEBUG -       [After Latent Recursive] 2 tokens unmasked
2025-10-27 10:42:05,939 - GPU-3 - INFO -   [Cycle 2]
2025-10-27 10:42:05,939 - GPU-3 - DEBUG -     [Latent Recursive] Starting 1 steps of latent thinking
2025-10-27 10:42:05,987 - GPU-3 - DEBUG -       [Latent] Step 1/1
2025-10-27 10:42:06,166 - GPU-3 - DEBUG -       [After Latent Recursive] 2 tokens unmasked
2025-10-27 10:42:06,167 - GPU-3 - INFO -   [Cycle 3]
2025-10-27 10:42:06,167 - GPU-3 - DEBUG -     [Latent Recursive] Starting 1 steps of latent thinking
2025-10-27 10:42:06,215 - GPU-3 - DEBUG -       [Latent] Step 1/1
2025-10-27 10:42:06,394 - GPU-3 - DEBUG -       [After Latent Recursive] 2 tokens unmasked
2025-10-27 10:42:06,395 - GPU-3 - INFO -   [Cycle 4]
2025-10-27 10:42:06,395 - GPU-3 - DEBUG -     [Latent Recursive] Starting 1 steps of latent thinking
2025-10-27 10:42:06,443 - GPU-3 - DEBUG -       [Latent] Step 1/1
2025-10-27 10:42:06,622 - GPU-3 - DEBUG -       [After Latent Recursive] 2 tokens unmasked
2025-10-27 10:42:06,622 - GPU-3 - INFO -   [Cycle 5]
2025-10-27 10:42:06,623 - GPU-3 - DEBUG -     [Latent Recursive] Starting 1 steps of latent thinking
2025-10-27 10:42:06,671 - GPU-3 - DEBUG -       [Latent] Step 1/1
2025-10-27 10:42:06,850 - GPU-3 - DEBUG -       [After Latent Recursive] 2 tokens unmasked
2025-10-27 10:42:06,850 - GPU-3 - INFO -   [Cycle 6]
2025-10-27 10:42:06,850 - GPU-3 - DEBUG -     [Latent Recursive] Starting 1 steps of latent thinking
2025-10-27 10:42:06,898 - GPU-3 - DEBUG -       [Latent] Step 1/1
2025-10-27 10:42:07,078 - GPU-3 - DEBUG -       [After Latent Recursive] 2 tokens unmasked
2025-10-27 10:42:07,078 - GPU-3 - INFO -   [Cycle 7]
2025-10-27 10:42:07,078 - GPU-3 - DEBUG -     [Latent Recursive] Starting 1 steps of latent thinking
2025-10-27 10:42:07,127 - GPU-3 - DEBUG -       [Latent] Step 1/1
2025-10-27 10:42:07,306 - GPU-3 - DEBUG -       [After Latent Recursive] 2 tokens unmasked
2025-10-27 10:42:07,306 - GPU-3 - INFO -   [Cycle 8]
2025-10-27 10:42:07,306 - GPU-3 - DEBUG -     [Latent Recursive] Starting 1 steps of latent thinking
2025-10-27 10:42:07,354 - GPU-3 - DEBUG -       [Latent] Step 1/1
2025-10-27 10:42:07,534 - GPU-3 - DEBUG -       [After Latent Recursive] 2 tokens unmasked
2025-10-27 10:42:07,534 - GPU-3 - INFO -   [Cycle 9]
2025-10-27 10:42:07,534 - GPU-3 - DEBUG -     [Latent Recursive] Starting 1 steps of latent thinking
2025-10-27 10:42:07,582 - GPU-3 - DEBUG -       [Latent] Step 1/1
2025-10-27 10:42:07,761 - GPU-3 - DEBUG -       [After Latent Recursive] 2 tokens unmasked
2025-10-27 10:42:07,762 - GPU-3 - INFO -   [Cycle 10]
2025-10-27 10:42:07,762 - GPU-3 - DEBUG -     [Latent Recursive] Starting 1 steps of latent thinking
2025-10-27 10:42:07,810 - GPU-3 - DEBUG -       [Latent] Step 1/1
2025-10-27 10:42:07,990 - GPU-3 - DEBUG -       [After Latent Recursive] 2 tokens unmasked
2025-10-27 10:42:07,990 - GPU-3 - INFO -   [Cycle 11]
2025-10-27 10:42:07,990 - GPU-3 - DEBUG -     [Latent Recursive] Starting 1 steps of latent thinking
2025-10-27 10:42:08,038 - GPU-3 - DEBUG -       [Latent] Step 1/1
2025-10-27 10:42:08,217 - GPU-3 - DEBUG -       [After Latent Recursive] 2 tokens unmasked
2025-10-27 10:42:08,218 - GPU-3 - INFO -   [Cycle 12]
2025-10-27 10:42:08,218 - GPU-3 - DEBUG -     [Latent Recursive] Starting 1 steps of latent thinking
2025-10-27 10:42:08,266 - GPU-3 - DEBUG -       [Latent] Step 1/1
2025-10-27 10:42:08,446 - GPU-3 - DEBUG -       [After Latent Recursive] 2 tokens unmasked
2025-10-27 10:42:08,446 - GPU-3 - INFO -   [Cycle 13]
2025-10-27 10:42:08,446 - GPU-3 - DEBUG -     [Latent Recursive] Starting 1 steps of latent thinking
2025-10-27 10:42:08,494 - GPU-3 - DEBUG -       [Latent] Step 1/1
2025-10-27 10:42:08,673 - GPU-3 - DEBUG -       [After Latent Recursive] 2 tokens unmasked
2025-10-27 10:42:08,674 - GPU-3 - INFO -   [Cycle 14]
2025-10-27 10:42:08,674 - GPU-3 - DEBUG -     [Latent Recursive] Starting 1 steps of latent thinking
2025-10-27 10:42:08,722 - GPU-3 - DEBUG -       [Latent] Step 1/1
2025-10-27 10:42:08,902 - GPU-3 - DEBUG -       [After Latent Recursive] 2 tokens unmasked
2025-10-27 10:42:08,902 - GPU-3 - INFO -   [Cycle 15]
2025-10-27 10:42:08,902 - GPU-3 - DEBUG -     [Latent Recursive] Starting 1 steps of latent thinking
2025-10-27 10:42:08,950 - GPU-3 - DEBUG -       [Latent] Step 1/1
2025-10-27 10:42:09,129 - GPU-3 - DEBUG -       [After Latent Recursive] 2 tokens unmasked
2025-10-27 10:42:09,130 - GPU-3 - INFO - [Block 6/16] Processing tokens 269-301
2025-10-27 10:42:09,130 - GPU-3 - DEBUG - [Block 5] Before forward: use_cache=True, x.shape=torch.Size([1, 621])
2025-10-27 10:42:09,130 - GPU-3 - DEBUG - [Block 5] Model type: LLaDAModelLM
2025-10-27 10:42:09,130 - GPU-3 - DEBUG - [Block 5] Model config use_cache: True
2025-10-27 10:42:09,154 - GPU-3 - DEBUG - [Block 5] After forward: pkv is None? False
2025-10-27 10:42:09,154 - GPU-3 - DEBUG - [Block 5] out type: CausalLMOutputWithPast
2025-10-27 10:42:09,154 - GPU-3 - DEBUG - [Block 5] pkv type: <class 'list'>, len: 32
2025-10-27 10:42:09,154 - GPU-3 - DEBUG - [Block 5] pkv[0] type: <class 'tuple'>, len: 2
2025-10-27 10:42:09,154 - GPU-3 - DEBUG - [Block 5] pkv[0][0].shape: torch.Size([1, 32, 621, 128])
2025-10-27 10:42:09,247 - GPU-3 - INFO -   [Initial Forward] 2 tokens unmasked
2025-10-27 10:42:09,247 - GPU-3 - INFO -   [Cycle 1]
2025-10-27 10:42:09,247 - GPU-3 - DEBUG -     [Latent Recursive] Starting 1 steps of latent thinking
2025-10-27 10:42:09,296 - GPU-3 - DEBUG -       [Latent] Step 1/1
2025-10-27 10:42:09,473 - GPU-3 - DEBUG -       [After Latent Recursive] 2 tokens unmasked
2025-10-27 10:42:09,474 - GPU-3 - INFO -   [Cycle 2]
2025-10-27 10:42:09,474 - GPU-3 - DEBUG -     [Latent Recursive] Starting 1 steps of latent thinking
2025-10-27 10:42:09,522 - GPU-3 - DEBUG -       [Latent] Step 1/1
2025-10-27 10:42:09,701 - GPU-3 - DEBUG -       [After Latent Recursive] 2 tokens unmasked
2025-10-27 10:42:09,701 - GPU-3 - INFO -   [Cycle 3]
2025-10-27 10:42:09,701 - GPU-3 - DEBUG -     [Latent Recursive] Starting 1 steps of latent thinking
2025-10-27 10:42:09,749 - GPU-3 - DEBUG -       [Latent] Step 1/1
2025-10-27 10:42:09,927 - GPU-3 - DEBUG -       [After Latent Recursive] 2 tokens unmasked
2025-10-27 10:42:09,928 - GPU-3 - INFO -   [Cycle 4]
2025-10-27 10:42:09,928 - GPU-3 - DEBUG -     [Latent Recursive] Starting 1 steps of latent thinking
2025-10-27 10:42:09,976 - GPU-3 - DEBUG -       [Latent] Step 1/1
2025-10-27 10:42:10,155 - GPU-3 - DEBUG -       [After Latent Recursive] 2 tokens unmasked
2025-10-27 10:42:10,155 - GPU-3 - INFO -   [Cycle 5]
2025-10-27 10:42:10,155 - GPU-3 - DEBUG -     [Latent Recursive] Starting 1 steps of latent thinking
2025-10-27 10:42:10,203 - GPU-3 - DEBUG -       [Latent] Step 1/1
2025-10-27 10:42:10,381 - GPU-3 - DEBUG -       [After Latent Recursive] 2 tokens unmasked
2025-10-27 10:42:10,381 - GPU-3 - INFO -   [Cycle 6]
2025-10-27 10:42:10,381 - GPU-3 - DEBUG -     [Latent Recursive] Starting 1 steps of latent thinking
2025-10-27 10:42:10,429 - GPU-3 - DEBUG -       [Latent] Step 1/1
2025-10-27 10:42:10,607 - GPU-3 - DEBUG -       [After Latent Recursive] 2 tokens unmasked
2025-10-27 10:42:10,607 - GPU-3 - INFO -   [Cycle 7]
2025-10-27 10:42:10,607 - GPU-3 - DEBUG -     [Latent Recursive] Starting 1 steps of latent thinking
2025-10-27 10:42:10,655 - GPU-3 - DEBUG -       [Latent] Step 1/1
2025-10-27 10:42:10,833 - GPU-3 - DEBUG -       [After Latent Recursive] 2 tokens unmasked
2025-10-27 10:42:10,833 - GPU-3 - INFO -   [Cycle 8]
2025-10-27 10:42:10,833 - GPU-3 - DEBUG -     [Latent Recursive] Starting 1 steps of latent thinking
2025-10-27 10:42:10,881 - GPU-3 - DEBUG -       [Latent] Step 1/1
2025-10-27 10:42:11,059 - GPU-3 - DEBUG -       [After Latent Recursive] 2 tokens unmasked
2025-10-27 10:42:11,059 - GPU-3 - INFO -   [Cycle 9]
2025-10-27 10:42:11,059 - GPU-3 - DEBUG -     [Latent Recursive] Starting 1 steps of latent thinking
2025-10-27 10:42:11,107 - GPU-3 - DEBUG -       [Latent] Step 1/1
2025-10-27 10:42:11,285 - GPU-3 - DEBUG -       [After Latent Recursive] 2 tokens unmasked
2025-10-27 10:42:11,285 - GPU-3 - INFO -   [Cycle 10]
2025-10-27 10:42:11,285 - GPU-3 - DEBUG -     [Latent Recursive] Starting 1 steps of latent thinking
2025-10-27 10:42:11,333 - GPU-3 - DEBUG -       [Latent] Step 1/1
2025-10-27 10:42:11,511 - GPU-3 - DEBUG -       [After Latent Recursive] 2 tokens unmasked
2025-10-27 10:42:11,511 - GPU-3 - INFO -   [Cycle 11]
2025-10-27 10:42:11,511 - GPU-3 - DEBUG -     [Latent Recursive] Starting 1 steps of latent thinking
2025-10-27 10:42:11,559 - GPU-3 - DEBUG -       [Latent] Step 1/1
2025-10-27 10:42:11,737 - GPU-3 - DEBUG -       [After Latent Recursive] 2 tokens unmasked
2025-10-27 10:42:11,737 - GPU-3 - INFO -   [Cycle 12]
2025-10-27 10:42:11,737 - GPU-3 - DEBUG -     [Latent Recursive] Starting 1 steps of latent thinking
2025-10-27 10:42:11,785 - GPU-3 - DEBUG -       [Latent] Step 1/1
2025-10-27 10:42:11,963 - GPU-3 - DEBUG -       [After Latent Recursive] 2 tokens unmasked
2025-10-27 10:42:11,963 - GPU-3 - INFO -   [Cycle 13]
2025-10-27 10:42:11,963 - GPU-3 - DEBUG -     [Latent Recursive] Starting 1 steps of latent thinking
2025-10-27 10:42:12,011 - GPU-3 - DEBUG -       [Latent] Step 1/1
2025-10-27 10:42:12,189 - GPU-3 - DEBUG -       [After Latent Recursive] 2 tokens unmasked
2025-10-27 10:42:12,189 - GPU-3 - INFO -   [Cycle 14]
2025-10-27 10:42:12,189 - GPU-3 - DEBUG -     [Latent Recursive] Starting 1 steps of latent thinking
2025-10-27 10:42:12,237 - GPU-3 - DEBUG -       [Latent] Step 1/1
2025-10-27 10:42:12,415 - GPU-3 - DEBUG -       [After Latent Recursive] 2 tokens unmasked
2025-10-27 10:42:12,415 - GPU-3 - INFO -   [Cycle 15]
2025-10-27 10:42:12,415 - GPU-3 - DEBUG -     [Latent Recursive] Starting 1 steps of latent thinking
2025-10-27 10:42:12,463 - GPU-3 - DEBUG -       [Latent] Step 1/1
2025-10-27 10:42:12,641 - GPU-3 - DEBUG -       [After Latent Recursive] 2 tokens unmasked
2025-10-27 10:42:12,641 - GPU-3 - INFO - [Block 7/16] Processing tokens 301-333
2025-10-27 10:42:12,642 - GPU-3 - DEBUG - [Block 6] Before forward: use_cache=True, x.shape=torch.Size([1, 621])
2025-10-27 10:42:12,642 - GPU-3 - DEBUG - [Block 6] Model type: LLaDAModelLM
2025-10-27 10:42:12,642 - GPU-3 - DEBUG - [Block 6] Model config use_cache: True
2025-10-27 10:42:12,665 - GPU-3 - DEBUG - [Block 6] After forward: pkv is None? False
2025-10-27 10:42:12,665 - GPU-3 - DEBUG - [Block 6] out type: CausalLMOutputWithPast
2025-10-27 10:42:12,665 - GPU-3 - DEBUG - [Block 6] pkv type: <class 'list'>, len: 32
2025-10-27 10:42:12,665 - GPU-3 - DEBUG - [Block 6] pkv[0] type: <class 'tuple'>, len: 2
2025-10-27 10:42:12,666 - GPU-3 - DEBUG - [Block 6] pkv[0][0].shape: torch.Size([1, 32, 621, 128])
2025-10-27 10:42:12,758 - GPU-3 - INFO -   [Initial Forward] 2 tokens unmasked
2025-10-27 10:42:12,758 - GPU-3 - INFO -   [Cycle 1]
2025-10-27 10:42:12,758 - GPU-3 - DEBUG -     [Latent Recursive] Starting 1 steps of latent thinking
2025-10-27 10:42:12,806 - GPU-3 - DEBUG -       [Latent] Step 1/1
2025-10-27 10:42:12,983 - GPU-3 - DEBUG -       [After Latent Recursive] 2 tokens unmasked
2025-10-27 10:42:12,983 - GPU-3 - INFO -   [Cycle 2]
2025-10-27 10:42:12,983 - GPU-3 - DEBUG -     [Latent Recursive] Starting 1 steps of latent thinking
2025-10-27 10:42:13,031 - GPU-3 - DEBUG -       [Latent] Step 1/1
2025-10-27 10:42:13,208 - GPU-3 - DEBUG -       [After Latent Recursive] 2 tokens unmasked
2025-10-27 10:42:13,208 - GPU-3 - INFO -   [Cycle 3]
2025-10-27 10:42:13,208 - GPU-3 - DEBUG -     [Latent Recursive] Starting 1 steps of latent thinking
2025-10-27 10:42:13,256 - GPU-3 - DEBUG -       [Latent] Step 1/1
2025-10-27 10:42:13,433 - GPU-3 - DEBUG -       [After Latent Recursive] 2 tokens unmasked
2025-10-27 10:42:13,433 - GPU-3 - INFO -   [Cycle 4]
2025-10-27 10:42:13,434 - GPU-3 - DEBUG -     [Latent Recursive] Starting 1 steps of latent thinking
2025-10-27 10:42:13,482 - GPU-3 - DEBUG -       [Latent] Step 1/1
2025-10-27 10:42:13,658 - GPU-3 - DEBUG -       [After Latent Recursive] 2 tokens unmasked
2025-10-27 10:42:13,658 - GPU-3 - INFO -   [Cycle 5]
2025-10-27 10:42:13,658 - GPU-3 - DEBUG -     [Latent Recursive] Starting 1 steps of latent thinking
2025-10-27 10:42:13,706 - GPU-3 - DEBUG -       [Latent] Step 1/1
2025-10-27 10:42:13,883 - GPU-3 - DEBUG -       [After Latent Recursive] 2 tokens unmasked
2025-10-27 10:42:13,883 - GPU-3 - INFO -   [Cycle 6]
2025-10-27 10:42:13,884 - GPU-3 - DEBUG -     [Latent Recursive] Starting 1 steps of latent thinking
2025-10-27 10:42:13,931 - GPU-3 - DEBUG -       [Latent] Step 1/1
2025-10-27 10:42:14,108 - GPU-3 - DEBUG -       [After Latent Recursive] 2 tokens unmasked
2025-10-27 10:42:14,108 - GPU-3 - INFO -   [Cycle 7]
2025-10-27 10:42:14,108 - GPU-3 - DEBUG -     [Latent Recursive] Starting 1 steps of latent thinking
2025-10-27 10:42:14,156 - GPU-3 - DEBUG -       [Latent] Step 1/1
2025-10-27 10:42:14,333 - GPU-3 - DEBUG -       [After Latent Recursive] 2 tokens unmasked
2025-10-27 10:42:14,333 - GPU-3 - INFO -   [Cycle 8]
2025-10-27 10:42:14,333 - GPU-3 - DEBUG -     [Latent Recursive] Starting 1 steps of latent thinking
2025-10-27 10:42:14,381 - GPU-3 - DEBUG -       [Latent] Step 1/1
2025-10-27 10:42:14,558 - GPU-3 - DEBUG -       [After Latent Recursive] 2 tokens unmasked
2025-10-27 10:42:14,558 - GPU-3 - INFO -   [Cycle 9]
2025-10-27 10:42:14,558 - GPU-3 - DEBUG -     [Latent Recursive] Starting 1 steps of latent thinking
2025-10-27 10:42:14,606 - GPU-3 - DEBUG -       [Latent] Step 1/1
2025-10-27 10:42:14,783 - GPU-3 - DEBUG -       [After Latent Recursive] 2 tokens unmasked
2025-10-27 10:42:14,784 - GPU-3 - INFO -   [Cycle 10]
2025-10-27 10:42:14,784 - GPU-3 - DEBUG -     [Latent Recursive] Starting 1 steps of latent thinking
2025-10-27 10:42:14,832 - GPU-3 - DEBUG -       [Latent] Step 1/1
2025-10-27 10:42:15,008 - GPU-3 - DEBUG -       [After Latent Recursive] 2 tokens unmasked
2025-10-27 10:42:15,008 - GPU-3 - INFO -   [Cycle 11]
2025-10-27 10:42:15,008 - GPU-3 - DEBUG -     [Latent Recursive] Starting 1 steps of latent thinking
2025-10-27 10:42:15,056 - GPU-3 - DEBUG -       [Latent] Step 1/1
2025-10-27 10:42:15,233 - GPU-3 - DEBUG -       [After Latent Recursive] 2 tokens unmasked
2025-10-27 10:42:15,233 - GPU-3 - INFO -   [Cycle 12]
2025-10-27 10:42:15,234 - GPU-3 - DEBUG -     [Latent Recursive] Starting 1 steps of latent thinking
2025-10-27 10:42:15,282 - GPU-3 - DEBUG -       [Latent] Step 1/1
2025-10-27 10:42:15,458 - GPU-3 - DEBUG -       [After Latent Recursive] 2 tokens unmasked
2025-10-27 10:42:15,458 - GPU-3 - INFO -   [Cycle 13]
2025-10-27 10:42:15,459 - GPU-3 - DEBUG -     [Latent Recursive] Starting 1 steps of latent thinking
2025-10-27 10:42:15,506 - GPU-3 - DEBUG -       [Latent] Step 1/1
2025-10-27 10:42:15,683 - GPU-3 - DEBUG -       [After Latent Recursive] 2 tokens unmasked
2025-10-27 10:42:15,683 - GPU-3 - INFO -   [Cycle 14]
2025-10-27 10:42:15,684 - GPU-3 - DEBUG -     [Latent Recursive] Starting 1 steps of latent thinking
2025-10-27 10:42:15,732 - GPU-3 - DEBUG -       [Latent] Step 1/1
2025-10-27 10:42:15,908 - GPU-3 - DEBUG -       [After Latent Recursive] 2 tokens unmasked
2025-10-27 10:42:15,908 - GPU-3 - INFO -   [Cycle 15]
2025-10-27 10:42:15,909 - GPU-3 - DEBUG -     [Latent Recursive] Starting 1 steps of latent thinking
2025-10-27 10:42:15,957 - GPU-3 - DEBUG -       [Latent] Step 1/1
2025-10-27 10:42:16,134 - GPU-3 - DEBUG -       [After Latent Recursive] 2 tokens unmasked
2025-10-27 10:42:16,134 - GPU-3 - INFO - [Block 8/16] Processing tokens 333-365
2025-10-27 10:42:16,134 - GPU-3 - DEBUG - [Block 7] Before forward: use_cache=True, x.shape=torch.Size([1, 621])
2025-10-27 10:42:16,134 - GPU-3 - DEBUG - [Block 7] Model type: LLaDAModelLM
2025-10-27 10:42:16,134 - GPU-3 - DEBUG - [Block 7] Model config use_cache: True
2025-10-27 10:42:16,158 - GPU-3 - DEBUG - [Block 7] After forward: pkv is None? False
2025-10-27 10:42:16,158 - GPU-3 - DEBUG - [Block 7] out type: CausalLMOutputWithPast
2025-10-27 10:42:16,158 - GPU-3 - DEBUG - [Block 7] pkv type: <class 'list'>, len: 32
2025-10-27 10:42:16,158 - GPU-3 - DEBUG - [Block 7] pkv[0] type: <class 'tuple'>, len: 2
2025-10-27 10:42:16,158 - GPU-3 - DEBUG - [Block 7] pkv[0][0].shape: torch.Size([1, 32, 621, 128])
2025-10-27 10:42:16,251 - GPU-3 - INFO -   [Initial Forward] 2 tokens unmasked
2025-10-27 10:42:16,251 - GPU-3 - INFO -   [Cycle 1]
2025-10-27 10:42:16,251 - GPU-3 - DEBUG -     [Latent Recursive] Starting 1 steps of latent thinking
2025-10-27 10:42:16,299 - GPU-3 - DEBUG -       [Latent] Step 1/1
2025-10-27 10:42:16,475 - GPU-3 - DEBUG -       [After Latent Recursive] 2 tokens unmasked
2025-10-27 10:42:16,475 - GPU-3 - INFO -   [Cycle 2]
2025-10-27 10:42:16,475 - GPU-3 - DEBUG -     [Latent Recursive] Starting 1 steps of latent thinking
2025-10-27 10:42:16,523 - GPU-3 - DEBUG -       [Latent] Step 1/1
2025-10-27 10:42:16,700 - GPU-3 - DEBUG -       [After Latent Recursive] 2 tokens unmasked
2025-10-27 10:42:16,700 - GPU-3 - INFO -   [Cycle 3]
2025-10-27 10:42:16,700 - GPU-3 - DEBUG -     [Latent Recursive] Starting 1 steps of latent thinking
2025-10-27 10:42:16,748 - GPU-3 - DEBUG -       [Latent] Step 1/1
2025-10-27 10:42:16,926 - GPU-3 - DEBUG -       [After Latent Recursive] 2 tokens unmasked
2025-10-27 10:42:16,926 - GPU-3 - INFO -   [Cycle 4]
2025-10-27 10:42:16,927 - GPU-3 - DEBUG -     [Latent Recursive] Starting 1 steps of latent thinking
2025-10-27 10:42:16,974 - GPU-3 - DEBUG -       [Latent] Step 1/1
2025-10-27 10:42:17,149 - GPU-3 - DEBUG -       [After Latent Recursive] 2 tokens unmasked
2025-10-27 10:42:17,150 - GPU-3 - INFO -   [Cycle 5]
2025-10-27 10:42:17,150 - GPU-3 - DEBUG -     [Latent Recursive] Starting 1 steps of latent thinking
2025-10-27 10:42:17,198 - GPU-3 - DEBUG -       [Latent] Step 1/1
2025-10-27 10:42:17,371 - GPU-3 - DEBUG -       [After Latent Recursive] 2 tokens unmasked
2025-10-27 10:42:17,372 - GPU-3 - INFO -   [Cycle 6]
2025-10-27 10:42:17,372 - GPU-3 - DEBUG -     [Latent Recursive] Starting 1 steps of latent thinking
2025-10-27 10:42:17,420 - GPU-3 - DEBUG -       [Latent] Step 1/1
2025-10-27 10:42:17,594 - GPU-3 - DEBUG -       [After Latent Recursive] 2 tokens unmasked
2025-10-27 10:42:17,594 - GPU-3 - INFO -   [Cycle 7]
2025-10-27 10:42:17,597 - GPU-3 - DEBUG -     [Latent Recursive] Starting 1 steps of latent thinking
2025-10-27 10:42:17,645 - GPU-3 - DEBUG -       [Latent] Step 1/1
2025-10-27 10:42:17,820 - GPU-3 - DEBUG -       [After Latent Recursive] 2 tokens unmasked
2025-10-27 10:42:17,821 - GPU-3 - INFO -   [Cycle 8]
2025-10-27 10:42:17,821 - GPU-3 - DEBUG -     [Latent Recursive] Starting 1 steps of latent thinking
2025-10-27 10:42:17,868 - GPU-3 - DEBUG -       [Latent] Step 1/1
2025-10-27 10:42:18,043 - GPU-3 - DEBUG -       [After Latent Recursive] 2 tokens unmasked
2025-10-27 10:42:18,044 - GPU-3 - INFO -   [Cycle 9]
2025-10-27 10:42:18,044 - GPU-3 - DEBUG -     [Latent Recursive] Starting 1 steps of latent thinking
2025-10-27 10:42:18,092 - GPU-3 - DEBUG -       [Latent] Step 1/1
2025-10-27 10:42:18,266 - GPU-3 - DEBUG -       [After Latent Recursive] 2 tokens unmasked
2025-10-27 10:42:18,267 - GPU-3 - INFO -   [Cycle 10]
2025-10-27 10:42:18,267 - GPU-3 - DEBUG -     [Latent Recursive] Starting 1 steps of latent thinking
2025-10-27 10:42:18,315 - GPU-3 - DEBUG -       [Latent] Step 1/1
2025-10-27 10:42:18,489 - GPU-3 - DEBUG -       [After Latent Recursive] 2 tokens unmasked
2025-10-27 10:42:18,490 - GPU-3 - INFO -   [Cycle 11]
2025-10-27 10:42:18,490 - GPU-3 - DEBUG -     [Latent Recursive] Starting 1 steps of latent thinking
2025-10-27 10:42:18,538 - GPU-3 - DEBUG -       [Latent] Step 1/1
2025-10-27 10:42:18,712 - GPU-3 - DEBUG -       [After Latent Recursive] 2 tokens unmasked
2025-10-27 10:42:18,712 - GPU-3 - INFO -   [Cycle 12]
2025-10-27 10:42:18,712 - GPU-3 - DEBUG -     [Latent Recursive] Starting 1 steps of latent thinking
2025-10-27 10:42:18,760 - GPU-3 - DEBUG -       [Latent] Step 1/1
2025-10-27 10:42:18,935 - GPU-3 - DEBUG -       [After Latent Recursive] 2 tokens unmasked
2025-10-27 10:42:18,935 - GPU-3 - INFO -   [Cycle 13]
2025-10-27 10:42:18,935 - GPU-3 - DEBUG -     [Latent Recursive] Starting 1 steps of latent thinking
2025-10-27 10:42:18,983 - GPU-3 - DEBUG -       [Latent] Step 1/1
2025-10-27 10:42:19,158 - GPU-3 - DEBUG -       [After Latent Recursive] 2 tokens unmasked
2025-10-27 10:42:19,158 - GPU-3 - INFO -   [Cycle 14]
2025-10-27 10:42:19,158 - GPU-3 - DEBUG -     [Latent Recursive] Starting 1 steps of latent thinking
2025-10-27 10:42:19,206 - GPU-3 - DEBUG -       [Latent] Step 1/1
2025-10-27 10:42:19,380 - GPU-3 - DEBUG -       [After Latent Recursive] 2 tokens unmasked
2025-10-27 10:42:19,381 - GPU-3 - INFO -   [Cycle 15]
2025-10-27 10:42:19,381 - GPU-3 - DEBUG -     [Latent Recursive] Starting 1 steps of latent thinking
2025-10-27 10:42:19,429 - GPU-3 - DEBUG -       [Latent] Step 1/1
2025-10-27 10:42:19,603 - GPU-3 - DEBUG -       [After Latent Recursive] 2 tokens unmasked
2025-10-27 10:42:19,604 - GPU-3 - INFO - [Block 9/16] Processing tokens 365-397
2025-10-27 10:42:19,604 - GPU-3 - DEBUG - [Block 8] Before forward: use_cache=True, x.shape=torch.Size([1, 621])
2025-10-27 10:42:19,604 - GPU-3 - DEBUG - [Block 8] Model type: LLaDAModelLM
2025-10-27 10:42:19,604 - GPU-3 - DEBUG - [Block 8] Model config use_cache: True
2025-10-27 10:42:19,627 - GPU-3 - DEBUG - [Block 8] After forward: pkv is None? False
2025-10-27 10:42:19,628 - GPU-3 - DEBUG - [Block 8] out type: CausalLMOutputWithPast
2025-10-27 10:42:19,628 - GPU-3 - DEBUG - [Block 8] pkv type: <class 'list'>, len: 32
2025-10-27 10:42:19,628 - GPU-3 - DEBUG - [Block 8] pkv[0] type: <class 'tuple'>, len: 2
2025-10-27 10:42:19,628 - GPU-3 - DEBUG - [Block 8] pkv[0][0].shape: torch.Size([1, 32, 621, 128])
2025-10-27 10:42:19,720 - GPU-3 - INFO -   [Initial Forward] 2 tokens unmasked
2025-10-27 10:42:19,720 - GPU-3 - INFO -   [Cycle 1]
2025-10-27 10:42:19,720 - GPU-3 - DEBUG -     [Latent Recursive] Starting 1 steps of latent thinking
2025-10-27 10:42:19,768 - GPU-3 - DEBUG -       [Latent] Step 1/1
2025-10-27 10:42:19,942 - GPU-3 - DEBUG -       [After Latent Recursive] 2 tokens unmasked
2025-10-27 10:42:19,942 - GPU-3 - INFO -   [Cycle 2]
2025-10-27 10:42:19,942 - GPU-3 - DEBUG -     [Latent Recursive] Starting 1 steps of latent thinking
2025-10-27 10:42:19,990 - GPU-3 - DEBUG -       [Latent] Step 1/1
2025-10-27 10:42:20,163 - GPU-3 - DEBUG -       [After Latent Recursive] 2 tokens unmasked
2025-10-27 10:42:20,164 - GPU-3 - INFO -   [Cycle 3]
2025-10-27 10:42:20,164 - GPU-3 - DEBUG -     [Latent Recursive] Starting 1 steps of latent thinking
2025-10-27 10:42:20,212 - GPU-3 - DEBUG -       [Latent] Step 1/1
2025-10-27 10:42:20,385 - GPU-3 - DEBUG -       [After Latent Recursive] 2 tokens unmasked
2025-10-27 10:42:20,385 - GPU-3 - INFO -   [Cycle 4]
2025-10-27 10:42:20,385 - GPU-3 - DEBUG -     [Latent Recursive] Starting 1 steps of latent thinking
2025-10-27 10:42:20,433 - GPU-3 - DEBUG -       [Latent] Step 1/1
2025-10-27 10:42:20,607 - GPU-3 - DEBUG -       [After Latent Recursive] 2 tokens unmasked
2025-10-27 10:42:20,607 - GPU-3 - INFO -   [Cycle 5]
2025-10-27 10:42:20,607 - GPU-3 - DEBUG -     [Latent Recursive] Starting 1 steps of latent thinking
2025-10-27 10:42:20,655 - GPU-3 - DEBUG -       [Latent] Step 1/1
2025-10-27 10:42:20,828 - GPU-3 - DEBUG -       [After Latent Recursive] 2 tokens unmasked
2025-10-27 10:42:20,829 - GPU-3 - INFO -   [Cycle 6]
2025-10-27 10:42:20,829 - GPU-3 - DEBUG -     [Latent Recursive] Starting 1 steps of latent thinking
2025-10-27 10:42:20,877 - GPU-3 - DEBUG -       [Latent] Step 1/1
2025-10-27 10:42:21,051 - GPU-3 - DEBUG -       [After Latent Recursive] 2 tokens unmasked
2025-10-27 10:42:21,051 - GPU-3 - INFO -   [Cycle 7]
2025-10-27 10:42:21,051 - GPU-3 - DEBUG -     [Latent Recursive] Starting 1 steps of latent thinking
2025-10-27 10:42:21,099 - GPU-3 - DEBUG -       [Latent] Step 1/1
2025-10-27 10:42:21,272 - GPU-3 - DEBUG -       [After Latent Recursive] 2 tokens unmasked
2025-10-27 10:42:21,273 - GPU-3 - INFO -   [Cycle 8]
2025-10-27 10:42:21,273 - GPU-3 - DEBUG -     [Latent Recursive] Starting 1 steps of latent thinking
2025-10-27 10:42:21,321 - GPU-3 - DEBUG -       [Latent] Step 1/1
2025-10-27 10:42:21,494 - GPU-3 - DEBUG -       [After Latent Recursive] 2 tokens unmasked
2025-10-27 10:42:21,495 - GPU-3 - INFO -   [Cycle 9]
2025-10-27 10:42:21,495 - GPU-3 - DEBUG -     [Latent Recursive] Starting 1 steps of latent thinking
2025-10-27 10:42:21,543 - GPU-3 - DEBUG -       [Latent] Step 1/1
2025-10-27 10:42:21,717 - GPU-3 - DEBUG -       [After Latent Recursive] 2 tokens unmasked
2025-10-27 10:42:21,717 - GPU-3 - INFO -   [Cycle 10]
2025-10-27 10:42:21,717 - GPU-3 - DEBUG -     [Latent Recursive] Starting 1 steps of latent thinking
2025-10-27 10:42:21,765 - GPU-3 - DEBUG -       [Latent] Step 1/1
2025-10-27 10:42:21,938 - GPU-3 - DEBUG -       [After Latent Recursive] 2 tokens unmasked
2025-10-27 10:42:21,939 - GPU-3 - INFO -   [Cycle 11]
2025-10-27 10:42:21,939 - GPU-3 - DEBUG -     [Latent Recursive] Starting 1 steps of latent thinking
2025-10-27 10:42:21,987 - GPU-3 - DEBUG -       [Latent] Step 1/1
2025-10-27 10:42:22,160 - GPU-3 - DEBUG -       [After Latent Recursive] 2 tokens unmasked
2025-10-27 10:42:22,160 - GPU-3 - INFO -   [Cycle 12]
2025-10-27 10:42:22,160 - GPU-3 - DEBUG -     [Latent Recursive] Starting 1 steps of latent thinking
2025-10-27 10:42:22,208 - GPU-3 - DEBUG -       [Latent] Step 1/1
2025-10-27 10:42:22,381 - GPU-3 - DEBUG -       [After Latent Recursive] 2 tokens unmasked
2025-10-27 10:42:22,382 - GPU-3 - INFO -   [Cycle 13]
2025-10-27 10:42:22,382 - GPU-3 - DEBUG -     [Latent Recursive] Starting 1 steps of latent thinking
2025-10-27 10:42:22,430 - GPU-3 - DEBUG -       [Latent] Step 1/1
2025-10-27 10:42:22,603 - GPU-3 - DEBUG -       [After Latent Recursive] 2 tokens unmasked
2025-10-27 10:42:22,603 - GPU-3 - INFO -   [Cycle 14]
2025-10-27 10:42:22,603 - GPU-3 - DEBUG -     [Latent Recursive] Starting 1 steps of latent thinking
2025-10-27 10:42:22,651 - GPU-3 - DEBUG -       [Latent] Step 1/1
2025-10-27 10:42:22,824 - GPU-3 - DEBUG -       [After Latent Recursive] 2 tokens unmasked
2025-10-27 10:42:22,825 - GPU-3 - INFO -   [Cycle 15]
2025-10-27 10:42:22,825 - GPU-3 - DEBUG -     [Latent Recursive] Starting 1 steps of latent thinking
2025-10-27 10:42:22,873 - GPU-3 - DEBUG -       [Latent] Step 1/1
2025-10-27 10:42:23,046 - GPU-3 - DEBUG -       [After Latent Recursive] 2 tokens unmasked
2025-10-27 10:42:23,046 - GPU-3 - INFO - [Block 10/16] Processing tokens 397-429
2025-10-27 10:42:23,046 - GPU-3 - DEBUG - [Block 9] Before forward: use_cache=True, x.shape=torch.Size([1, 621])
2025-10-27 10:42:23,047 - GPU-3 - DEBUG - [Block 9] Model type: LLaDAModelLM
2025-10-27 10:42:23,047 - GPU-3 - DEBUG - [Block 9] Model config use_cache: True
2025-10-27 10:42:23,070 - GPU-3 - DEBUG - [Block 9] After forward: pkv is None? False
2025-10-27 10:42:23,070 - GPU-3 - DEBUG - [Block 9] out type: CausalLMOutputWithPast
2025-10-27 10:42:23,070 - GPU-3 - DEBUG - [Block 9] pkv type: <class 'list'>, len: 32
2025-10-27 10:42:23,070 - GPU-3 - DEBUG - [Block 9] pkv[0] type: <class 'tuple'>, len: 2
2025-10-27 10:42:23,071 - GPU-3 - DEBUG - [Block 9] pkv[0][0].shape: torch.Size([1, 32, 621, 128])
2025-10-27 10:42:23,163 - GPU-3 - INFO -   [Initial Forward] 2 tokens unmasked
2025-10-27 10:42:23,163 - GPU-3 - INFO -   [Cycle 1]
2025-10-27 10:42:23,163 - GPU-3 - DEBUG -     [Latent Recursive] Starting 1 steps of latent thinking
2025-10-27 10:42:23,211 - GPU-3 - DEBUG -       [Latent] Step 1/1
2025-10-27 10:42:23,382 - GPU-3 - DEBUG -       [After Latent Recursive] 2 tokens unmasked
2025-10-27 10:42:23,382 - GPU-3 - INFO -   [Cycle 2]
2025-10-27 10:42:23,382 - GPU-3 - DEBUG -     [Latent Recursive] Starting 1 steps of latent thinking
2025-10-27 10:42:23,430 - GPU-3 - DEBUG -       [Latent] Step 1/1
2025-10-27 10:42:23,601 - GPU-3 - DEBUG -       [After Latent Recursive] 2 tokens unmasked
2025-10-27 10:42:23,602 - GPU-3 - INFO -   [Cycle 3]
2025-10-27 10:42:23,602 - GPU-3 - DEBUG -     [Latent Recursive] Starting 1 steps of latent thinking
2025-10-27 10:42:23,650 - GPU-3 - DEBUG -       [Latent] Step 1/1
2025-10-27 10:42:23,820 - GPU-3 - DEBUG -       [After Latent Recursive] 2 tokens unmasked
2025-10-27 10:42:23,821 - GPU-3 - INFO -   [Cycle 4]
2025-10-27 10:42:23,821 - GPU-3 - DEBUG -     [Latent Recursive] Starting 1 steps of latent thinking
2025-10-27 10:42:23,869 - GPU-3 - DEBUG -       [Latent] Step 1/1
2025-10-27 10:42:24,040 - GPU-3 - DEBUG -       [After Latent Recursive] 2 tokens unmasked
2025-10-27 10:42:24,040 - GPU-3 - INFO -   [Cycle 5]
2025-10-27 10:42:24,040 - GPU-3 - DEBUG -     [Latent Recursive] Starting 1 steps of latent thinking
2025-10-27 10:42:24,088 - GPU-3 - DEBUG -       [Latent] Step 1/1
2025-10-27 10:42:24,259 - GPU-3 - DEBUG -       [After Latent Recursive] 2 tokens unmasked
2025-10-27 10:42:24,259 - GPU-3 - INFO -   [Cycle 6]
2025-10-27 10:42:24,259 - GPU-3 - DEBUG -     [Latent Recursive] Starting 1 steps of latent thinking
2025-10-27 10:42:24,307 - GPU-3 - DEBUG -       [Latent] Step 1/1
2025-10-27 10:42:24,478 - GPU-3 - DEBUG -       [After Latent Recursive] 2 tokens unmasked
2025-10-27 10:42:24,478 - GPU-3 - INFO -   [Cycle 7]
2025-10-27 10:42:24,479 - GPU-3 - DEBUG -     [Latent Recursive] Starting 1 steps of latent thinking
2025-10-27 10:42:24,527 - GPU-3 - DEBUG -       [Latent] Step 1/1
2025-10-27 10:42:24,697 - GPU-3 - DEBUG -       [After Latent Recursive] 2 tokens unmasked
2025-10-27 10:42:24,698 - GPU-3 - INFO -   [Cycle 8]
2025-10-27 10:42:24,698 - GPU-3 - DEBUG -     [Latent Recursive] Starting 1 steps of latent thinking
2025-10-27 10:42:24,746 - GPU-3 - DEBUG -       [Latent] Step 1/1
2025-10-27 10:42:24,917 - GPU-3 - DEBUG -       [After Latent Recursive] 2 tokens unmasked
2025-10-27 10:42:24,917 - GPU-3 - INFO -   [Cycle 9]
2025-10-27 10:42:24,917 - GPU-3 - DEBUG -     [Latent Recursive] Starting 1 steps of latent thinking
2025-10-27 10:42:24,965 - GPU-3 - DEBUG -       [Latent] Step 1/1
2025-10-27 10:42:25,136 - GPU-3 - DEBUG -       [After Latent Recursive] 2 tokens unmasked
2025-10-27 10:42:25,137 - GPU-3 - INFO -   [Cycle 10]
2025-10-27 10:42:25,137 - GPU-3 - DEBUG -     [Latent Recursive] Starting 1 steps of latent thinking
2025-10-27 10:42:25,185 - GPU-3 - DEBUG -       [Latent] Step 1/1
2025-10-27 10:42:25,355 - GPU-3 - DEBUG -       [After Latent Recursive] 2 tokens unmasked
2025-10-27 10:42:25,356 - GPU-3 - INFO -   [Cycle 11]
2025-10-27 10:42:25,356 - GPU-3 - DEBUG -     [Latent Recursive] Starting 1 steps of latent thinking
2025-10-27 10:42:25,404 - GPU-3 - DEBUG -       [Latent] Step 1/1
2025-10-27 10:42:25,575 - GPU-3 - DEBUG -       [After Latent Recursive] 2 tokens unmasked
2025-10-27 10:42:25,576 - GPU-3 - INFO -   [Cycle 12]
2025-10-27 10:42:25,576 - GPU-3 - DEBUG -     [Latent Recursive] Starting 1 steps of latent thinking
2025-10-27 10:42:25,624 - GPU-3 - DEBUG -       [Latent] Step 1/1
2025-10-27 10:42:25,795 - GPU-3 - DEBUG -       [After Latent Recursive] 2 tokens unmasked
2025-10-27 10:42:25,795 - GPU-3 - INFO -   [Cycle 13]
2025-10-27 10:42:25,795 - GPU-3 - DEBUG -     [Latent Recursive] Starting 1 steps of latent thinking
2025-10-27 10:42:25,843 - GPU-3 - DEBUG -       [Latent] Step 1/1
2025-10-27 10:42:26,014 - GPU-3 - DEBUG -       [After Latent Recursive] 2 tokens unmasked
2025-10-27 10:42:26,015 - GPU-3 - INFO -   [Cycle 14]
2025-10-27 10:42:26,015 - GPU-3 - DEBUG -     [Latent Recursive] Starting 1 steps of latent thinking
2025-10-27 10:42:26,063 - GPU-3 - DEBUG -       [Latent] Step 1/1
2025-10-27 10:42:26,234 - GPU-3 - DEBUG -       [After Latent Recursive] 2 tokens unmasked
2025-10-27 10:42:26,234 - GPU-3 - INFO -   [Cycle 15]
2025-10-27 10:42:26,234 - GPU-3 - DEBUG -     [Latent Recursive] Starting 1 steps of latent thinking
2025-10-27 10:42:26,282 - GPU-3 - DEBUG -       [Latent] Step 1/1
2025-10-27 10:42:26,454 - GPU-3 - DEBUG -       [After Latent Recursive] 2 tokens unmasked
2025-10-27 10:42:26,454 - GPU-3 - INFO - [Block 11/16] Processing tokens 429-461
2025-10-27 10:42:26,454 - GPU-3 - DEBUG - [Block 10] Before forward: use_cache=True, x.shape=torch.Size([1, 621])
2025-10-27 10:42:26,454 - GPU-3 - DEBUG - [Block 10] Model type: LLaDAModelLM
2025-10-27 10:42:26,454 - GPU-3 - DEBUG - [Block 10] Model config use_cache: True
2025-10-27 10:42:26,478 - GPU-3 - DEBUG - [Block 10] After forward: pkv is None? False
2025-10-27 10:42:26,478 - GPU-3 - DEBUG - [Block 10] out type: CausalLMOutputWithPast
2025-10-27 10:42:26,478 - GPU-3 - DEBUG - [Block 10] pkv type: <class 'list'>, len: 32
2025-10-27 10:42:26,478 - GPU-3 - DEBUG - [Block 10] pkv[0] type: <class 'tuple'>, len: 2
2025-10-27 10:42:26,478 - GPU-3 - DEBUG - [Block 10] pkv[0][0].shape: torch.Size([1, 32, 621, 128])
2025-10-27 10:42:26,570 - GPU-3 - INFO -   [Initial Forward] 2 tokens unmasked
2025-10-27 10:42:26,571 - GPU-3 - INFO -   [Cycle 1]
2025-10-27 10:42:26,571 - GPU-3 - DEBUG -     [Latent Recursive] Starting 1 steps of latent thinking
2025-10-27 10:42:26,619 - GPU-3 - DEBUG -       [Latent] Step 1/1
2025-10-27 10:42:26,789 - GPU-3 - DEBUG -       [After Latent Recursive] 2 tokens unmasked
2025-10-27 10:42:26,790 - GPU-3 - INFO -   [Cycle 2]
2025-10-27 10:42:26,790 - GPU-3 - DEBUG -     [Latent Recursive] Starting 1 steps of latent thinking
2025-10-27 10:42:26,838 - GPU-3 - DEBUG -       [Latent] Step 1/1
2025-10-27 10:42:27,009 - GPU-3 - DEBUG -       [After Latent Recursive] 2 tokens unmasked
2025-10-27 10:42:27,009 - GPU-3 - INFO -   [Cycle 3]
2025-10-27 10:42:27,009 - GPU-3 - DEBUG -     [Latent Recursive] Starting 1 steps of latent thinking
2025-10-27 10:42:27,057 - GPU-3 - DEBUG -       [Latent] Step 1/1
2025-10-27 10:42:27,228 - GPU-3 - DEBUG -       [After Latent Recursive] 2 tokens unmasked
2025-10-27 10:42:27,228 - GPU-3 - INFO -   [Cycle 4]
2025-10-27 10:42:27,228 - GPU-3 - DEBUG -     [Latent Recursive] Starting 1 steps of latent thinking
2025-10-27 10:42:27,276 - GPU-3 - DEBUG -       [Latent] Step 1/1
2025-10-27 10:42:27,446 - GPU-3 - DEBUG -       [After Latent Recursive] 2 tokens unmasked
2025-10-27 10:42:27,447 - GPU-3 - INFO -   [Cycle 5]
2025-10-27 10:42:27,447 - GPU-3 - DEBUG -     [Latent Recursive] Starting 1 steps of latent thinking
2025-10-27 10:42:27,495 - GPU-3 - DEBUG -       [Latent] Step 1/1
2025-10-27 10:42:27,665 - GPU-3 - DEBUG -       [After Latent Recursive] 2 tokens unmasked
2025-10-27 10:42:27,665 - GPU-3 - INFO -   [Cycle 6]
2025-10-27 10:42:27,666 - GPU-3 - DEBUG -     [Latent Recursive] Starting 1 steps of latent thinking
2025-10-27 10:42:27,714 - GPU-3 - DEBUG -       [Latent] Step 1/1
2025-10-27 10:42:27,884 - GPU-3 - DEBUG -       [After Latent Recursive] 2 tokens unmasked
2025-10-27 10:42:27,884 - GPU-3 - INFO -   [Cycle 7]
2025-10-27 10:42:27,884 - GPU-3 - DEBUG -     [Latent Recursive] Starting 1 steps of latent thinking
2025-10-27 10:42:27,932 - GPU-3 - DEBUG -       [Latent] Step 1/1
2025-10-27 10:42:28,102 - GPU-3 - DEBUG -       [After Latent Recursive] 2 tokens unmasked
2025-10-27 10:42:28,103 - GPU-3 - INFO -   [Cycle 8]
2025-10-27 10:42:28,103 - GPU-3 - DEBUG -     [Latent Recursive] Starting 1 steps of latent thinking
2025-10-27 10:42:28,151 - GPU-3 - DEBUG -       [Latent] Step 1/1
2025-10-27 10:42:28,322 - GPU-3 - DEBUG -       [After Latent Recursive] 2 tokens unmasked
2025-10-27 10:42:28,322 - GPU-3 - INFO -   [Cycle 9]
2025-10-27 10:42:28,322 - GPU-3 - DEBUG -     [Latent Recursive] Starting 1 steps of latent thinking
2025-10-27 10:42:28,370 - GPU-3 - DEBUG -       [Latent] Step 1/1
2025-10-27 10:42:28,540 - GPU-3 - DEBUG -       [After Latent Recursive] 2 tokens unmasked
2025-10-27 10:42:28,541 - GPU-3 - INFO -   [Cycle 10]
2025-10-27 10:42:28,541 - GPU-3 - DEBUG -     [Latent Recursive] Starting 1 steps of latent thinking
2025-10-27 10:42:28,589 - GPU-3 - DEBUG -       [Latent] Step 1/1
2025-10-27 10:42:28,759 - GPU-3 - DEBUG -       [After Latent Recursive] 2 tokens unmasked
2025-10-27 10:42:28,759 - GPU-3 - INFO -   [Cycle 11]
2025-10-27 10:42:28,759 - GPU-3 - DEBUG -     [Latent Recursive] Starting 1 steps of latent thinking
2025-10-27 10:42:28,807 - GPU-3 - DEBUG -       [Latent] Step 1/1
2025-10-27 10:42:28,978 - GPU-3 - DEBUG -       [After Latent Recursive] 2 tokens unmasked
2025-10-27 10:42:28,978 - GPU-3 - INFO -   [Cycle 12]
2025-10-27 10:42:28,978 - GPU-3 - DEBUG -     [Latent Recursive] Starting 1 steps of latent thinking
2025-10-27 10:42:29,026 - GPU-3 - DEBUG -       [Latent] Step 1/1
2025-10-27 10:42:29,196 - GPU-3 - DEBUG -       [After Latent Recursive] 2 tokens unmasked
2025-10-27 10:42:29,197 - GPU-3 - INFO -   [Cycle 13]
2025-10-27 10:42:29,197 - GPU-3 - DEBUG -     [Latent Recursive] Starting 1 steps of latent thinking
2025-10-27 10:42:29,245 - GPU-3 - DEBUG -       [Latent] Step 1/1
2025-10-27 10:42:29,415 - GPU-3 - DEBUG -       [After Latent Recursive] 2 tokens unmasked
2025-10-27 10:42:29,415 - GPU-3 - INFO -   [Cycle 14]
2025-10-27 10:42:29,415 - GPU-3 - DEBUG -     [Latent Recursive] Starting 1 steps of latent thinking
2025-10-27 10:42:29,463 - GPU-3 - DEBUG -       [Latent] Step 1/1
2025-10-27 10:42:29,633 - GPU-3 - DEBUG -       [After Latent Recursive] 2 tokens unmasked
2025-10-27 10:42:29,634 - GPU-3 - INFO -   [Cycle 15]
2025-10-27 10:42:29,634 - GPU-3 - DEBUG -     [Latent Recursive] Starting 1 steps of latent thinking
2025-10-27 10:42:29,682 - GPU-3 - DEBUG -       [Latent] Step 1/1
2025-10-27 10:42:29,852 - GPU-3 - DEBUG -       [After Latent Recursive] 2 tokens unmasked
2025-10-27 10:42:29,853 - GPU-3 - INFO - [Block 12/16] Processing tokens 461-493
2025-10-27 10:42:29,853 - GPU-3 - DEBUG - [Block 11] Before forward: use_cache=True, x.shape=torch.Size([1, 621])
2025-10-27 10:42:29,853 - GPU-3 - DEBUG - [Block 11] Model type: LLaDAModelLM
2025-10-27 10:42:29,853 - GPU-3 - DEBUG - [Block 11] Model config use_cache: True
2025-10-27 10:42:29,876 - GPU-3 - DEBUG - [Block 11] After forward: pkv is None? False
2025-10-27 10:42:29,877 - GPU-3 - DEBUG - [Block 11] out type: CausalLMOutputWithPast
2025-10-27 10:42:29,877 - GPU-3 - DEBUG - [Block 11] pkv type: <class 'list'>, len: 32
2025-10-27 10:42:29,877 - GPU-3 - DEBUG - [Block 11] pkv[0] type: <class 'tuple'>, len: 2
2025-10-27 10:42:29,877 - GPU-3 - DEBUG - [Block 11] pkv[0][0].shape: torch.Size([1, 32, 621, 128])
2025-10-27 10:42:29,969 - GPU-3 - INFO -   [Initial Forward] 2 tokens unmasked
2025-10-27 10:42:29,969 - GPU-3 - INFO -   [Cycle 1]
2025-10-27 10:42:29,969 - GPU-3 - DEBUG -     [Latent Recursive] Starting 1 steps of latent thinking
2025-10-27 10:42:30,018 - GPU-3 - DEBUG -       [Latent] Step 1/1
2025-10-27 10:42:30,187 - GPU-3 - DEBUG -       [After Latent Recursive] 2 tokens unmasked
2025-10-27 10:42:30,187 - GPU-3 - INFO -   [Cycle 2]
2025-10-27 10:42:30,187 - GPU-3 - DEBUG -     [Latent Recursive] Starting 1 steps of latent thinking
2025-10-27 10:42:30,235 - GPU-3 - DEBUG -       [Latent] Step 1/1
2025-10-27 10:42:30,405 - GPU-3 - DEBUG -       [After Latent Recursive] 2 tokens unmasked
2025-10-27 10:42:30,405 - GPU-3 - INFO -   [Cycle 3]
2025-10-27 10:42:30,405 - GPU-3 - DEBUG -     [Latent Recursive] Starting 1 steps of latent thinking
2025-10-27 10:42:30,453 - GPU-3 - DEBUG -       [Latent] Step 1/1
2025-10-27 10:42:30,622 - GPU-3 - DEBUG -       [After Latent Recursive] 2 tokens unmasked
2025-10-27 10:42:30,623 - GPU-3 - INFO -   [Cycle 4]
2025-10-27 10:42:30,623 - GPU-3 - DEBUG -     [Latent Recursive] Starting 1 steps of latent thinking
2025-10-27 10:42:30,671 - GPU-3 - DEBUG -       [Latent] Step 1/1
2025-10-27 10:42:30,840 - GPU-3 - DEBUG -       [After Latent Recursive] 2 tokens unmasked
2025-10-27 10:42:30,840 - GPU-3 - INFO -   [Cycle 5]
2025-10-27 10:42:30,840 - GPU-3 - DEBUG -     [Latent Recursive] Starting 1 steps of latent thinking
2025-10-27 10:42:30,888 - GPU-3 - DEBUG -       [Latent] Step 1/1
2025-10-27 10:42:31,057 - GPU-3 - DEBUG -       [After Latent Recursive] 2 tokens unmasked
2025-10-27 10:42:31,058 - GPU-3 - INFO -   [Cycle 6]
2025-10-27 10:42:31,058 - GPU-3 - DEBUG -     [Latent Recursive] Starting 1 steps of latent thinking
2025-10-27 10:42:31,106 - GPU-3 - DEBUG -       [Latent] Step 1/1
2025-10-27 10:42:31,275 - GPU-3 - DEBUG -       [After Latent Recursive] 2 tokens unmasked
2025-10-27 10:42:31,275 - GPU-3 - INFO -   [Cycle 7]
2025-10-27 10:42:31,275 - GPU-3 - DEBUG -     [Latent Recursive] Starting 1 steps of latent thinking
2025-10-27 10:42:31,323 - GPU-3 - DEBUG -       [Latent] Step 1/1
2025-10-27 10:42:31,492 - GPU-3 - DEBUG -       [After Latent Recursive] 2 tokens unmasked
2025-10-27 10:42:31,493 - GPU-3 - INFO -   [Cycle 8]
2025-10-27 10:42:31,493 - GPU-3 - DEBUG -     [Latent Recursive] Starting 1 steps of latent thinking
2025-10-27 10:42:31,541 - GPU-3 - DEBUG -       [Latent] Step 1/1
2025-10-27 10:42:31,710 - GPU-3 - DEBUG -       [After Latent Recursive] 2 tokens unmasked
2025-10-27 10:42:31,710 - GPU-3 - INFO -   [Cycle 9]
2025-10-27 10:42:31,710 - GPU-3 - DEBUG -     [Latent Recursive] Starting 1 steps of latent thinking
2025-10-27 10:42:31,758 - GPU-3 - DEBUG -       [Latent] Step 1/1
2025-10-27 10:42:31,928 - GPU-3 - DEBUG -       [After Latent Recursive] 2 tokens unmasked
2025-10-27 10:42:31,928 - GPU-3 - INFO -   [Cycle 10]
2025-10-27 10:42:31,928 - GPU-3 - DEBUG -     [Latent Recursive] Starting 1 steps of latent thinking
2025-10-27 10:42:31,976 - GPU-3 - DEBUG -       [Latent] Step 1/1
2025-10-27 10:42:32,145 - GPU-3 - DEBUG -       [After Latent Recursive] 2 tokens unmasked
2025-10-27 10:42:32,145 - GPU-3 - INFO -   [Cycle 11]
2025-10-27 10:42:32,145 - GPU-3 - DEBUG -     [Latent Recursive] Starting 1 steps of latent thinking
2025-10-27 10:42:32,193 - GPU-3 - DEBUG -       [Latent] Step 1/1
2025-10-27 10:42:32,362 - GPU-3 - DEBUG -       [After Latent Recursive] 2 tokens unmasked
2025-10-27 10:42:32,363 - GPU-3 - INFO -   [Cycle 12]
2025-10-27 10:42:32,363 - GPU-3 - DEBUG -     [Latent Recursive] Starting 1 steps of latent thinking
2025-10-27 10:42:32,411 - GPU-3 - DEBUG -       [Latent] Step 1/1
2025-10-27 10:42:32,580 - GPU-3 - DEBUG -       [After Latent Recursive] 2 tokens unmasked
2025-10-27 10:42:32,580 - GPU-3 - INFO -   [Cycle 13]
2025-10-27 10:42:32,580 - GPU-3 - DEBUG -     [Latent Recursive] Starting 1 steps of latent thinking
2025-10-27 10:42:32,628 - GPU-3 - DEBUG -       [Latent] Step 1/1
2025-10-27 10:42:32,797 - GPU-3 - DEBUG -       [After Latent Recursive] 2 tokens unmasked
2025-10-27 10:42:32,797 - GPU-3 - INFO -   [Cycle 14]
2025-10-27 10:42:32,798 - GPU-3 - DEBUG -     [Latent Recursive] Starting 1 steps of latent thinking
2025-10-27 10:42:32,845 - GPU-3 - DEBUG -       [Latent] Step 1/1
2025-10-27 10:42:33,014 - GPU-3 - DEBUG -       [After Latent Recursive] 2 tokens unmasked
2025-10-27 10:42:33,015 - GPU-3 - INFO -   [Cycle 15]
2025-10-27 10:42:33,015 - GPU-3 - DEBUG -     [Latent Recursive] Starting 1 steps of latent thinking
2025-10-27 10:42:33,063 - GPU-3 - DEBUG -       [Latent] Step 1/1
2025-10-27 10:42:33,232 - GPU-3 - DEBUG -       [After Latent Recursive] 2 tokens unmasked
2025-10-27 10:42:33,232 - GPU-3 - INFO - [Block 13/16] Processing tokens 493-525
2025-10-27 10:42:33,232 - GPU-3 - DEBUG - [Block 12] Before forward: use_cache=True, x.shape=torch.Size([1, 621])
2025-10-27 10:42:33,233 - GPU-3 - DEBUG - [Block 12] Model type: LLaDAModelLM
2025-10-27 10:42:33,233 - GPU-3 - DEBUG - [Block 12] Model config use_cache: True
2025-10-27 10:42:33,257 - GPU-3 - DEBUG - [Block 12] After forward: pkv is None? False
2025-10-27 10:42:33,257 - GPU-3 - DEBUG - [Block 12] out type: CausalLMOutputWithPast
2025-10-27 10:42:33,257 - GPU-3 - DEBUG - [Block 12] pkv type: <class 'list'>, len: 32
2025-10-27 10:42:33,257 - GPU-3 - DEBUG - [Block 12] pkv[0] type: <class 'tuple'>, len: 2
2025-10-27 10:42:33,257 - GPU-3 - DEBUG - [Block 12] pkv[0][0].shape: torch.Size([1, 32, 621, 128])
2025-10-27 10:42:33,349 - GPU-3 - INFO -   [Initial Forward] 2 tokens unmasked
2025-10-27 10:42:33,350 - GPU-3 - INFO -   [Cycle 1]
2025-10-27 10:42:33,350 - GPU-3 - DEBUG -     [Latent Recursive] Starting 1 steps of latent thinking
2025-10-27 10:42:33,398 - GPU-3 - DEBUG -       [Latent] Step 1/1
2025-10-27 10:42:33,565 - GPU-3 - DEBUG -       [After Latent Recursive] 2 tokens unmasked
2025-10-27 10:42:33,566 - GPU-3 - INFO -   [Cycle 2]
2025-10-27 10:42:33,566 - GPU-3 - DEBUG -     [Latent Recursive] Starting 1 steps of latent thinking
2025-10-27 10:42:33,613 - GPU-3 - DEBUG -       [Latent] Step 1/1
2025-10-27 10:42:33,780 - GPU-3 - DEBUG -       [After Latent Recursive] 2 tokens unmasked
2025-10-27 10:42:33,781 - GPU-3 - INFO -   [Cycle 3]
2025-10-27 10:42:33,781 - GPU-3 - DEBUG -     [Latent Recursive] Starting 1 steps of latent thinking
2025-10-27 10:42:33,829 - GPU-3 - DEBUG -       [Latent] Step 1/1
2025-10-27 10:42:33,996 - GPU-3 - DEBUG -       [After Latent Recursive] 2 tokens unmasked
2025-10-27 10:42:33,996 - GPU-3 - INFO -   [Cycle 4]
2025-10-27 10:42:33,996 - GPU-3 - DEBUG -     [Latent Recursive] Starting 1 steps of latent thinking
2025-10-27 10:42:34,044 - GPU-3 - DEBUG -       [Latent] Step 1/1
2025-10-27 10:42:34,211 - GPU-3 - DEBUG -       [After Latent Recursive] 2 tokens unmasked
2025-10-27 10:42:34,211 - GPU-3 - INFO -   [Cycle 5]
2025-10-27 10:42:34,212 - GPU-3 - DEBUG -     [Latent Recursive] Starting 1 steps of latent thinking
2025-10-27 10:42:34,260 - GPU-3 - DEBUG -       [Latent] Step 1/1
2025-10-27 10:42:34,427 - GPU-3 - DEBUG -       [After Latent Recursive] 2 tokens unmasked
2025-10-27 10:42:34,427 - GPU-3 - INFO -   [Cycle 6]
2025-10-27 10:42:34,428 - GPU-3 - DEBUG -     [Latent Recursive] Starting 1 steps of latent thinking
2025-10-27 10:42:34,476 - GPU-3 - DEBUG -       [Latent] Step 1/1
2025-10-27 10:42:34,643 - GPU-3 - DEBUG -       [After Latent Recursive] 2 tokens unmasked
2025-10-27 10:42:34,643 - GPU-3 - INFO -   [Cycle 7]
2025-10-27 10:42:34,643 - GPU-3 - DEBUG -     [Latent Recursive] Starting 1 steps of latent thinking
2025-10-27 10:42:34,691 - GPU-3 - DEBUG -       [Latent] Step 1/1
2025-10-27 10:42:34,858 - GPU-3 - DEBUG -       [After Latent Recursive] 2 tokens unmasked
2025-10-27 10:42:34,859 - GPU-3 - INFO -   [Cycle 8]
2025-10-27 10:42:34,859 - GPU-3 - DEBUG -     [Latent Recursive] Starting 1 steps of latent thinking
2025-10-27 10:42:34,907 - GPU-3 - DEBUG -       [Latent] Step 1/1
2025-10-27 10:42:35,074 - GPU-3 - DEBUG -       [After Latent Recursive] 2 tokens unmasked
2025-10-27 10:42:35,075 - GPU-3 - INFO -   [Cycle 9]
2025-10-27 10:42:35,075 - GPU-3 - DEBUG -     [Latent Recursive] Starting 1 steps of latent thinking
2025-10-27 10:42:35,123 - GPU-3 - DEBUG -       [Latent] Step 1/1
2025-10-27 10:42:35,290 - GPU-3 - DEBUG -       [After Latent Recursive] 2 tokens unmasked
2025-10-27 10:42:35,290 - GPU-3 - INFO -   [Cycle 10]
2025-10-27 10:42:35,290 - GPU-3 - DEBUG -     [Latent Recursive] Starting 1 steps of latent thinking
2025-10-27 10:42:35,338 - GPU-3 - DEBUG -       [Latent] Step 1/1
2025-10-27 10:42:35,506 - GPU-3 - DEBUG -       [After Latent Recursive] 2 tokens unmasked
2025-10-27 10:42:35,506 - GPU-3 - INFO -   [Cycle 11]
2025-10-27 10:42:35,506 - GPU-3 - DEBUG -     [Latent Recursive] Starting 1 steps of latent thinking
2025-10-27 10:42:35,554 - GPU-3 - DEBUG -       [Latent] Step 1/1
2025-10-27 10:42:35,721 - GPU-3 - DEBUG -       [After Latent Recursive] 2 tokens unmasked
2025-10-27 10:42:35,722 - GPU-3 - INFO -   [Cycle 12]
2025-10-27 10:42:35,722 - GPU-3 - DEBUG -     [Latent Recursive] Starting 1 steps of latent thinking
2025-10-27 10:42:35,770 - GPU-3 - DEBUG -       [Latent] Step 1/1
2025-10-27 10:42:35,937 - GPU-3 - DEBUG -       [After Latent Recursive] 2 tokens unmasked
2025-10-27 10:42:35,938 - GPU-3 - INFO -   [Cycle 13]
2025-10-27 10:42:35,938 - GPU-3 - DEBUG -     [Latent Recursive] Starting 1 steps of latent thinking
2025-10-27 10:42:35,986 - GPU-3 - DEBUG -       [Latent] Step 1/1
2025-10-27 10:42:36,153 - GPU-3 - DEBUG -       [After Latent Recursive] 2 tokens unmasked
2025-10-27 10:42:36,153 - GPU-3 - INFO -   [Cycle 14]
2025-10-27 10:42:36,154 - GPU-3 - DEBUG -     [Latent Recursive] Starting 1 steps of latent thinking
2025-10-27 10:42:36,202 - GPU-3 - DEBUG -       [Latent] Step 1/1
2025-10-27 10:42:36,369 - GPU-3 - DEBUG -       [After Latent Recursive] 2 tokens unmasked
2025-10-27 10:42:36,369 - GPU-3 - INFO -   [Cycle 15]
2025-10-27 10:42:36,370 - GPU-3 - DEBUG -     [Latent Recursive] Starting 1 steps of latent thinking
2025-10-27 10:42:36,418 - GPU-3 - DEBUG -       [Latent] Step 1/1
2025-10-27 10:42:36,585 - GPU-3 - DEBUG -       [After Latent Recursive] 2 tokens unmasked
2025-10-27 10:42:36,586 - GPU-3 - INFO - [Block 14/16] Processing tokens 525-557
2025-10-27 10:42:36,586 - GPU-3 - DEBUG - [Block 13] Before forward: use_cache=True, x.shape=torch.Size([1, 621])
2025-10-27 10:42:36,586 - GPU-3 - DEBUG - [Block 13] Model type: LLaDAModelLM
2025-10-27 10:42:36,586 - GPU-3 - DEBUG - [Block 13] Model config use_cache: True
2025-10-27 10:42:36,609 - GPU-3 - DEBUG - [Block 13] After forward: pkv is None? False
2025-10-27 10:42:36,610 - GPU-3 - DEBUG - [Block 13] out type: CausalLMOutputWithPast
2025-10-27 10:42:36,610 - GPU-3 - DEBUG - [Block 13] pkv type: <class 'list'>, len: 32
2025-10-27 10:42:36,610 - GPU-3 - DEBUG - [Block 13] pkv[0] type: <class 'tuple'>, len: 2
2025-10-27 10:42:36,610 - GPU-3 - DEBUG - [Block 13] pkv[0][0].shape: torch.Size([1, 32, 621, 128])
2025-10-27 10:42:36,702 - GPU-3 - INFO -   [Initial Forward] 2 tokens unmasked
2025-10-27 10:42:36,702 - GPU-3 - INFO -   [Cycle 1]
2025-10-27 10:42:36,702 - GPU-3 - DEBUG -     [Latent Recursive] Starting 1 steps of latent thinking
2025-10-27 10:42:36,750 - GPU-3 - DEBUG -       [Latent] Step 1/1
2025-10-27 10:42:36,917 - GPU-3 - DEBUG -       [After Latent Recursive] 2 tokens unmasked
2025-10-27 10:42:36,917 - GPU-3 - INFO -   [Cycle 2]
2025-10-27 10:42:36,918 - GPU-3 - DEBUG -     [Latent Recursive] Starting 1 steps of latent thinking
2025-10-27 10:42:36,965 - GPU-3 - DEBUG -       [Latent] Step 1/1
2025-10-27 10:42:37,132 - GPU-3 - DEBUG -       [After Latent Recursive] 2 tokens unmasked
2025-10-27 10:42:37,132 - GPU-3 - INFO -   [Cycle 3]
2025-10-27 10:42:37,132 - GPU-3 - DEBUG -     [Latent Recursive] Starting 1 steps of latent thinking
2025-10-27 10:42:37,180 - GPU-3 - DEBUG -       [Latent] Step 1/1
2025-10-27 10:42:37,347 - GPU-3 - DEBUG -       [After Latent Recursive] 2 tokens unmasked
2025-10-27 10:42:37,347 - GPU-3 - INFO -   [Cycle 4]
2025-10-27 10:42:37,347 - GPU-3 - DEBUG -     [Latent Recursive] Starting 1 steps of latent thinking
2025-10-27 10:42:37,395 - GPU-3 - DEBUG -       [Latent] Step 1/1
2025-10-27 10:42:37,562 - GPU-3 - DEBUG -       [After Latent Recursive] 2 tokens unmasked
2025-10-27 10:42:37,562 - GPU-3 - INFO -   [Cycle 5]
2025-10-27 10:42:37,562 - GPU-3 - DEBUG -     [Latent Recursive] Starting 1 steps of latent thinking
2025-10-27 10:42:37,610 - GPU-3 - DEBUG -       [Latent] Step 1/1
2025-10-27 10:42:37,777 - GPU-3 - DEBUG -       [After Latent Recursive] 2 tokens unmasked
2025-10-27 10:42:37,777 - GPU-3 - INFO -   [Cycle 6]
2025-10-27 10:42:37,777 - GPU-3 - DEBUG -     [Latent Recursive] Starting 1 steps of latent thinking
2025-10-27 10:42:37,825 - GPU-3 - DEBUG -       [Latent] Step 1/1
2025-10-27 10:42:37,992 - GPU-3 - DEBUG -       [After Latent Recursive] 2 tokens unmasked
2025-10-27 10:42:37,992 - GPU-3 - INFO -   [Cycle 7]
2025-10-27 10:42:37,992 - GPU-3 - DEBUG -     [Latent Recursive] Starting 1 steps of latent thinking
2025-10-27 10:42:38,040 - GPU-3 - DEBUG -       [Latent] Step 1/1
2025-10-27 10:42:38,207 - GPU-3 - DEBUG -       [After Latent Recursive] 2 tokens unmasked
2025-10-27 10:42:38,207 - GPU-3 - INFO -   [Cycle 8]
2025-10-27 10:42:38,207 - GPU-3 - DEBUG -     [Latent Recursive] Starting 1 steps of latent thinking
2025-10-27 10:42:38,255 - GPU-3 - DEBUG -       [Latent] Step 1/1
2025-10-27 10:42:38,421 - GPU-3 - DEBUG -       [After Latent Recursive] 2 tokens unmasked
2025-10-27 10:42:38,422 - GPU-3 - INFO -   [Cycle 9]
2025-10-27 10:42:38,422 - GPU-3 - DEBUG -     [Latent Recursive] Starting 1 steps of latent thinking
2025-10-27 10:42:38,470 - GPU-3 - DEBUG -       [Latent] Step 1/1
2025-10-27 10:42:38,637 - GPU-3 - DEBUG -       [After Latent Recursive] 2 tokens unmasked
2025-10-27 10:42:38,637 - GPU-3 - INFO -   [Cycle 10]
2025-10-27 10:42:38,637 - GPU-3 - DEBUG -     [Latent Recursive] Starting 1 steps of latent thinking
2025-10-27 10:42:38,685 - GPU-3 - DEBUG -       [Latent] Step 1/1
2025-10-27 10:42:38,852 - GPU-3 - DEBUG -       [After Latent Recursive] 2 tokens unmasked
2025-10-27 10:42:38,852 - GPU-3 - INFO -   [Cycle 11]
2025-10-27 10:42:38,852 - GPU-3 - DEBUG -     [Latent Recursive] Starting 1 steps of latent thinking
2025-10-27 10:42:38,900 - GPU-3 - DEBUG -       [Latent] Step 1/1
2025-10-27 10:42:39,066 - GPU-3 - DEBUG -       [After Latent Recursive] 2 tokens unmasked
2025-10-27 10:42:39,067 - GPU-3 - INFO -   [Cycle 12]
2025-10-27 10:42:39,067 - GPU-3 - DEBUG -     [Latent Recursive] Starting 1 steps of latent thinking
2025-10-27 10:42:39,115 - GPU-3 - DEBUG -       [Latent] Step 1/1
2025-10-27 10:42:39,281 - GPU-3 - DEBUG -       [After Latent Recursive] 2 tokens unmasked
2025-10-27 10:42:39,282 - GPU-3 - INFO -   [Cycle 13]
2025-10-27 10:42:39,282 - GPU-3 - DEBUG -     [Latent Recursive] Starting 1 steps of latent thinking
2025-10-27 10:42:39,330 - GPU-3 - DEBUG -       [Latent] Step 1/1
2025-10-27 10:42:39,496 - GPU-3 - DEBUG -       [After Latent Recursive] 2 tokens unmasked
2025-10-27 10:42:39,497 - GPU-3 - INFO -   [Cycle 14]
2025-10-27 10:42:39,497 - GPU-3 - DEBUG -     [Latent Recursive] Starting 1 steps of latent thinking
2025-10-27 10:42:39,545 - GPU-3 - DEBUG -       [Latent] Step 1/1
2025-10-27 10:42:39,711 - GPU-3 - DEBUG -       [After Latent Recursive] 2 tokens unmasked
2025-10-27 10:42:39,711 - GPU-3 - INFO -   [Cycle 15]
2025-10-27 10:42:39,712 - GPU-3 - DEBUG -     [Latent Recursive] Starting 1 steps of latent thinking
2025-10-27 10:42:39,760 - GPU-3 - DEBUG -       [Latent] Step 1/1
2025-10-27 10:42:39,926 - GPU-3 - DEBUG -       [After Latent Recursive] 2 tokens unmasked
2025-10-27 10:42:39,926 - GPU-3 - INFO - [Block 15/16] Processing tokens 557-589
2025-10-27 10:42:39,927 - GPU-3 - DEBUG - [Block 14] Before forward: use_cache=True, x.shape=torch.Size([1, 621])
2025-10-27 10:42:39,927 - GPU-3 - DEBUG - [Block 14] Model type: LLaDAModelLM
2025-10-27 10:42:39,927 - GPU-3 - DEBUG - [Block 14] Model config use_cache: True
2025-10-27 10:42:39,950 - GPU-3 - DEBUG - [Block 14] After forward: pkv is None? False
2025-10-27 10:42:39,951 - GPU-3 - DEBUG - [Block 14] out type: CausalLMOutputWithPast
2025-10-27 10:42:39,951 - GPU-3 - DEBUG - [Block 14] pkv type: <class 'list'>, len: 32
2025-10-27 10:42:39,951 - GPU-3 - DEBUG - [Block 14] pkv[0] type: <class 'tuple'>, len: 2
2025-10-27 10:42:39,951 - GPU-3 - DEBUG - [Block 14] pkv[0][0].shape: torch.Size([1, 32, 621, 128])
2025-10-27 10:42:40,043 - GPU-3 - INFO -   [Initial Forward] 2 tokens unmasked
2025-10-27 10:42:40,043 - GPU-3 - INFO -   [Cycle 1]
2025-10-27 10:42:40,043 - GPU-3 - DEBUG -     [Latent Recursive] Starting 1 steps of latent thinking
2025-10-27 10:42:40,091 - GPU-3 - DEBUG -       [Latent] Step 1/1
2025-10-27 10:42:40,256 - GPU-3 - DEBUG -       [After Latent Recursive] 2 tokens unmasked
2025-10-27 10:42:40,256 - GPU-3 - INFO -   [Cycle 2]
2025-10-27 10:42:40,256 - GPU-3 - DEBUG -     [Latent Recursive] Starting 1 steps of latent thinking
2025-10-27 10:42:40,304 - GPU-3 - DEBUG -       [Latent] Step 1/1
2025-10-27 10:42:40,468 - GPU-3 - DEBUG -       [After Latent Recursive] 2 tokens unmasked
2025-10-27 10:42:40,469 - GPU-3 - INFO -   [Cycle 3]
2025-10-27 10:42:40,469 - GPU-3 - DEBUG -     [Latent Recursive] Starting 1 steps of latent thinking
2025-10-27 10:42:40,516 - GPU-3 - DEBUG -       [Latent] Step 1/1
2025-10-27 10:42:40,680 - GPU-3 - DEBUG -       [After Latent Recursive] 2 tokens unmasked
2025-10-27 10:42:40,681 - GPU-3 - INFO -   [Cycle 4]
2025-10-27 10:42:40,681 - GPU-3 - DEBUG -     [Latent Recursive] Starting 1 steps of latent thinking
2025-10-27 10:42:40,729 - GPU-3 - DEBUG -       [Latent] Step 1/1
2025-10-27 10:42:40,893 - GPU-3 - DEBUG -       [After Latent Recursive] 2 tokens unmasked
2025-10-27 10:42:40,893 - GPU-3 - INFO -   [Cycle 5]
2025-10-27 10:42:40,893 - GPU-3 - DEBUG -     [Latent Recursive] Starting 1 steps of latent thinking
2025-10-27 10:42:40,941 - GPU-3 - DEBUG -       [Latent] Step 1/1
2025-10-27 10:42:41,105 - GPU-3 - DEBUG -       [After Latent Recursive] 2 tokens unmasked
2025-10-27 10:42:41,105 - GPU-3 - INFO -   [Cycle 6]
2025-10-27 10:42:41,105 - GPU-3 - DEBUG -     [Latent Recursive] Starting 1 steps of latent thinking
2025-10-27 10:42:41,153 - GPU-3 - DEBUG -       [Latent] Step 1/1
2025-10-27 10:42:41,317 - GPU-3 - DEBUG -       [After Latent Recursive] 2 tokens unmasked
2025-10-27 10:42:41,318 - GPU-3 - INFO -   [Cycle 7]
2025-10-27 10:42:41,318 - GPU-3 - DEBUG -     [Latent Recursive] Starting 1 steps of latent thinking
2025-10-27 10:42:41,365 - GPU-3 - DEBUG -       [Latent] Step 1/1
2025-10-27 10:42:41,530 - GPU-3 - DEBUG -       [After Latent Recursive] 2 tokens unmasked
2025-10-27 10:42:41,530 - GPU-3 - INFO -   [Cycle 8]
2025-10-27 10:42:41,530 - GPU-3 - DEBUG -     [Latent Recursive] Starting 1 steps of latent thinking
2025-10-27 10:42:41,578 - GPU-3 - DEBUG -       [Latent] Step 1/1
2025-10-27 10:42:41,742 - GPU-3 - DEBUG -       [After Latent Recursive] 2 tokens unmasked
2025-10-27 10:42:41,742 - GPU-3 - INFO -   [Cycle 9]
2025-10-27 10:42:41,742 - GPU-3 - DEBUG -     [Latent Recursive] Starting 1 steps of latent thinking
2025-10-27 10:42:41,790 - GPU-3 - DEBUG -       [Latent] Step 1/1
2025-10-27 10:42:41,954 - GPU-3 - DEBUG -       [After Latent Recursive] 2 tokens unmasked
2025-10-27 10:42:41,955 - GPU-3 - INFO -   [Cycle 10]
2025-10-27 10:42:41,955 - GPU-3 - DEBUG -     [Latent Recursive] Starting 1 steps of latent thinking
2025-10-27 10:42:42,003 - GPU-3 - DEBUG -       [Latent] Step 1/1
2025-10-27 10:42:42,167 - GPU-3 - DEBUG -       [After Latent Recursive] 2 tokens unmasked
2025-10-27 10:42:42,167 - GPU-3 - INFO -   [Cycle 11]
2025-10-27 10:42:42,167 - GPU-3 - DEBUG -     [Latent Recursive] Starting 1 steps of latent thinking
2025-10-27 10:42:42,215 - GPU-3 - DEBUG -       [Latent] Step 1/1
2025-10-27 10:42:42,379 - GPU-3 - DEBUG -       [After Latent Recursive] 2 tokens unmasked
2025-10-27 10:42:42,380 - GPU-3 - INFO -   [Cycle 12]
2025-10-27 10:42:42,380 - GPU-3 - DEBUG -     [Latent Recursive] Starting 1 steps of latent thinking
2025-10-27 10:42:42,428 - GPU-3 - DEBUG -       [Latent] Step 1/1
2025-10-27 10:42:42,592 - GPU-3 - DEBUG -       [After Latent Recursive] 2 tokens unmasked
2025-10-27 10:42:42,592 - GPU-3 - INFO -   [Cycle 13]
2025-10-27 10:42:42,592 - GPU-3 - DEBUG -     [Latent Recursive] Starting 1 steps of latent thinking
2025-10-27 10:42:42,640 - GPU-3 - DEBUG -       [Latent] Step 1/1
2025-10-27 10:42:42,804 - GPU-3 - DEBUG -       [After Latent Recursive] 2 tokens unmasked
2025-10-27 10:42:42,804 - GPU-3 - INFO -   [Cycle 14]
2025-10-27 10:42:42,804 - GPU-3 - DEBUG -     [Latent Recursive] Starting 1 steps of latent thinking
2025-10-27 10:42:42,852 - GPU-3 - DEBUG -       [Latent] Step 1/1
2025-10-27 10:42:43,016 - GPU-3 - DEBUG -       [After Latent Recursive] 2 tokens unmasked
2025-10-27 10:42:43,017 - GPU-3 - INFO -   [Cycle 15]
2025-10-27 10:42:43,017 - GPU-3 - DEBUG -     [Latent Recursive] Starting 1 steps of latent thinking
2025-10-27 10:42:43,065 - GPU-3 - DEBUG -       [Latent] Step 1/1
2025-10-27 10:42:43,229 - GPU-3 - DEBUG -       [After Latent Recursive] 2 tokens unmasked
2025-10-27 10:42:43,229 - GPU-3 - INFO - [Block 16/16] Processing tokens 589-621
2025-10-27 10:42:43,229 - GPU-3 - DEBUG - [Block 15] Before forward: use_cache=True, x.shape=torch.Size([1, 621])
2025-10-27 10:42:43,229 - GPU-3 - DEBUG - [Block 15] Model type: LLaDAModelLM
2025-10-27 10:42:43,229 - GPU-3 - DEBUG - [Block 15] Model config use_cache: True
2025-10-27 10:42:43,253 - GPU-3 - DEBUG - [Block 15] After forward: pkv is None? False
2025-10-27 10:42:43,253 - GPU-3 - DEBUG - [Block 15] out type: CausalLMOutputWithPast
2025-10-27 10:42:43,253 - GPU-3 - DEBUG - [Block 15] pkv type: <class 'list'>, len: 32
2025-10-27 10:42:43,253 - GPU-3 - DEBUG - [Block 15] pkv[0] type: <class 'tuple'>, len: 2
2025-10-27 10:42:43,253 - GPU-3 - DEBUG - [Block 15] pkv[0][0].shape: torch.Size([1, 32, 621, 128])
2025-10-27 10:42:43,345 - GPU-3 - INFO -   [Initial Forward] 2 tokens unmasked
2025-10-27 10:42:43,346 - GPU-3 - INFO -   [Cycle 1]
2025-10-27 10:42:43,346 - GPU-3 - DEBUG -     [Latent Recursive] Starting 1 steps of latent thinking
2025-10-27 10:42:43,394 - GPU-3 - DEBUG -       [Latent] Step 1/1
2025-10-27 10:42:43,557 - GPU-3 - DEBUG -       [After Latent Recursive] 2 tokens unmasked
2025-10-27 10:42:43,558 - GPU-3 - INFO -   [Cycle 2]
2025-10-27 10:42:43,558 - GPU-3 - DEBUG -     [Latent Recursive] Starting 1 steps of latent thinking
2025-10-27 10:42:43,605 - GPU-3 - DEBUG -       [Latent] Step 1/1
2025-10-27 10:42:43,768 - GPU-3 - DEBUG -       [After Latent Recursive] 2 tokens unmasked
2025-10-27 10:42:43,769 - GPU-3 - INFO -   [Cycle 3]
2025-10-27 10:42:43,769 - GPU-3 - DEBUG -     [Latent Recursive] Starting 1 steps of latent thinking
2025-10-27 10:42:43,817 - GPU-3 - DEBUG -       [Latent] Step 1/1
2025-10-27 10:42:43,980 - GPU-3 - DEBUG -       [After Latent Recursive] 2 tokens unmasked
2025-10-27 10:42:43,981 - GPU-3 - INFO -   [Cycle 4]
2025-10-27 10:42:43,981 - GPU-3 - DEBUG -     [Latent Recursive] Starting 1 steps of latent thinking
2025-10-27 10:42:44,029 - GPU-3 - DEBUG -       [Latent] Step 1/1
2025-10-27 10:42:44,192 - GPU-3 - DEBUG -       [After Latent Recursive] 2 tokens unmasked
2025-10-27 10:42:44,192 - GPU-3 - INFO -   [Cycle 5]
2025-10-27 10:42:44,192 - GPU-3 - DEBUG -     [Latent Recursive] Starting 1 steps of latent thinking
2025-10-27 10:42:44,240 - GPU-3 - DEBUG -       [Latent] Step 1/1
2025-10-27 10:42:44,403 - GPU-3 - DEBUG -       [After Latent Recursive] 2 tokens unmasked
2025-10-27 10:42:44,403 - GPU-3 - INFO -   [Cycle 6]
2025-10-27 10:42:44,404 - GPU-3 - DEBUG -     [Latent Recursive] Starting 1 steps of latent thinking
2025-10-27 10:42:44,451 - GPU-3 - DEBUG -       [Latent] Step 1/1
2025-10-27 10:42:44,615 - GPU-3 - DEBUG -       [After Latent Recursive] 2 tokens unmasked
2025-10-27 10:42:44,615 - GPU-3 - INFO -   [Cycle 7]
2025-10-27 10:42:44,615 - GPU-3 - DEBUG -     [Latent Recursive] Starting 1 steps of latent thinking
2025-10-27 10:42:44,663 - GPU-3 - DEBUG -       [Latent] Step 1/1
2025-10-27 10:42:44,826 - GPU-3 - DEBUG -       [After Latent Recursive] 2 tokens unmasked
2025-10-27 10:42:44,827 - GPU-3 - INFO -   [Cycle 8]
2025-10-27 10:42:44,827 - GPU-3 - DEBUG -     [Latent Recursive] Starting 1 steps of latent thinking
2025-10-27 10:42:44,875 - GPU-3 - DEBUG -       [Latent] Step 1/1
2025-10-27 10:42:45,038 - GPU-3 - DEBUG -       [After Latent Recursive] 2 tokens unmasked
2025-10-27 10:42:45,038 - GPU-3 - INFO -   [Cycle 9]
2025-10-27 10:42:45,039 - GPU-3 - DEBUG -     [Latent Recursive] Starting 1 steps of latent thinking
2025-10-27 10:42:45,086 - GPU-3 - DEBUG -       [Latent] Step 1/1
2025-10-27 10:42:45,250 - GPU-3 - DEBUG -       [After Latent Recursive] 2 tokens unmasked
2025-10-27 10:42:45,250 - GPU-3 - INFO -   [Cycle 10]
2025-10-27 10:42:45,250 - GPU-3 - DEBUG -     [Latent Recursive] Starting 1 steps of latent thinking
2025-10-27 10:42:45,298 - GPU-3 - DEBUG -       [Latent] Step 1/1
2025-10-27 10:42:45,461 - GPU-3 - DEBUG -       [After Latent Recursive] 2 tokens unmasked
2025-10-27 10:42:45,462 - GPU-3 - INFO -   [Cycle 11]
2025-10-27 10:42:45,462 - GPU-3 - DEBUG -     [Latent Recursive] Starting 1 steps of latent thinking
2025-10-27 10:42:45,510 - GPU-3 - DEBUG -       [Latent] Step 1/1
2025-10-27 10:42:45,672 - GPU-3 - DEBUG -       [After Latent Recursive] 2 tokens unmasked
2025-10-27 10:42:45,673 - GPU-3 - INFO -   [Cycle 12]
2025-10-27 10:42:45,673 - GPU-3 - DEBUG -     [Latent Recursive] Starting 1 steps of latent thinking
2025-10-27 10:42:45,721 - GPU-3 - DEBUG -       [Latent] Step 1/1
2025-10-27 10:42:45,884 - GPU-3 - DEBUG -       [After Latent Recursive] 2 tokens unmasked
2025-10-27 10:42:45,884 - GPU-3 - INFO -   [Cycle 13]
2025-10-27 10:42:45,884 - GPU-3 - DEBUG -     [Latent Recursive] Starting 1 steps of latent thinking
2025-10-27 10:42:45,932 - GPU-3 - DEBUG -       [Latent] Step 1/1
2025-10-27 10:42:46,095 - GPU-3 - DEBUG -       [After Latent Recursive] 2 tokens unmasked
2025-10-27 10:42:46,095 - GPU-3 - INFO -   [Cycle 14]
2025-10-27 10:42:46,095 - GPU-3 - DEBUG -     [Latent Recursive] Starting 1 steps of latent thinking
2025-10-27 10:42:46,143 - GPU-3 - DEBUG -       [Latent] Step 1/1
2025-10-27 10:42:46,306 - GPU-3 - DEBUG -       [After Latent Recursive] 2 tokens unmasked
2025-10-27 10:42:46,306 - GPU-3 - INFO -   [Cycle 15]
2025-10-27 10:42:46,306 - GPU-3 - DEBUG -     [Latent Recursive] Starting 1 steps of latent thinking
2025-10-27 10:42:46,354 - GPU-3 - DEBUG -       [Latent] Step 1/1
2025-10-27 10:42:46,517 - GPU-3 - DEBUG -       [After Latent Recursive] 2 tokens unmasked
2025-10-27 10:45:18,306 - GPU-3 - INFO - [GPU 3] Loaded freeze config from metadata.json: freeze_first_half_layers=False, trainable_layer_start_idx=0
2025-10-27 10:45:18,547 - GPU-3 - INFO - === Starting generate_with_prefix_cache ===
2025-10-27 10:45:18,547 - GPU-3 - INFO - use_cache=True, R=1, N=1
2025-10-27 10:45:18,552 - GPU-3 - INFO - [Block 1/16] Processing tokens 64-96
2025-10-27 10:45:18,552 - GPU-3 - DEBUG - [Block 0] Before forward: use_cache=True, x.shape=torch.Size([1, 576])
2025-10-27 10:45:18,552 - GPU-3 - DEBUG - [Block 0] Model type: LLaDAModelLM
2025-10-27 10:45:18,552 - GPU-3 - DEBUG - [Block 0] Model config use_cache: True
2025-10-27 10:45:18,848 - GPU-3 - DEBUG - [Block 0] After forward: pkv is None? False
2025-10-27 10:45:18,849 - GPU-3 - DEBUG - [Block 0] out type: CausalLMOutputWithPast
2025-10-27 10:45:18,849 - GPU-3 - DEBUG - [Block 0] pkv type: <class 'list'>, len: 32
2025-10-27 10:45:18,849 - GPU-3 - DEBUG - [Block 0] pkv[0] type: <class 'tuple'>, len: 2
2025-10-27 10:45:18,849 - GPU-3 - DEBUG - [Block 0] pkv[0][0].shape: torch.Size([1, 32, 576, 128])
2025-10-27 10:45:18,934 - GPU-3 - INFO -   [Initial Forward] 1 tokens unmasked
2025-10-27 10:45:18,935 - GPU-3 - INFO -   [Cycle 1]
2025-10-27 10:45:18,935 - GPU-3 - DEBUG -     [Latent Recursive] Starting 1 steps of latent thinking
2025-10-27 10:45:19,036 - GPU-3 - DEBUG -       [Latent] Step 1/1
2025-10-27 10:45:19,209 - GPU-3 - DEBUG -       [After Latent Recursive] 1 tokens unmasked
2025-10-27 10:45:19,209 - GPU-3 - INFO -   [Cycle 2]
2025-10-27 10:45:19,209 - GPU-3 - DEBUG -     [Latent Recursive] Starting 1 steps of latent thinking
2025-10-27 10:45:19,253 - GPU-3 - DEBUG -       [Latent] Step 1/1
2025-10-27 10:45:19,425 - GPU-3 - DEBUG -       [After Latent Recursive] 1 tokens unmasked
2025-10-27 10:45:19,426 - GPU-3 - INFO -   [Cycle 3]
2025-10-27 10:45:19,426 - GPU-3 - DEBUG -     [Latent Recursive] Starting 1 steps of latent thinking
2025-10-27 10:45:19,470 - GPU-3 - DEBUG -       [Latent] Step 1/1
2025-10-27 10:45:19,643 - GPU-3 - DEBUG -       [After Latent Recursive] 1 tokens unmasked
2025-10-27 10:45:19,644 - GPU-3 - INFO -   [Cycle 4]
2025-10-27 10:45:19,644 - GPU-3 - DEBUG -     [Latent Recursive] Starting 1 steps of latent thinking
2025-10-27 10:45:19,688 - GPU-3 - DEBUG -       [Latent] Step 1/1
2025-10-27 10:45:19,860 - GPU-3 - DEBUG -       [After Latent Recursive] 1 tokens unmasked
2025-10-27 10:45:19,860 - GPU-3 - INFO -   [Cycle 5]
2025-10-27 10:45:19,860 - GPU-3 - DEBUG -     [Latent Recursive] Starting 1 steps of latent thinking
2025-10-27 10:45:19,905 - GPU-3 - DEBUG -       [Latent] Step 1/1
2025-10-27 10:45:20,077 - GPU-3 - DEBUG -       [After Latent Recursive] 1 tokens unmasked
2025-10-27 10:45:20,077 - GPU-3 - INFO -   [Cycle 6]
2025-10-27 10:45:20,078 - GPU-3 - DEBUG -     [Latent Recursive] Starting 1 steps of latent thinking
2025-10-27 10:45:20,122 - GPU-3 - DEBUG -       [Latent] Step 1/1
2025-10-27 10:45:20,293 - GPU-3 - DEBUG -       [After Latent Recursive] 1 tokens unmasked
2025-10-27 10:45:20,294 - GPU-3 - INFO -   [Cycle 7]
2025-10-27 10:45:20,294 - GPU-3 - DEBUG -     [Latent Recursive] Starting 1 steps of latent thinking
2025-10-27 10:45:20,338 - GPU-3 - DEBUG -       [Latent] Step 1/1
2025-10-27 10:45:20,510 - GPU-3 - DEBUG -       [After Latent Recursive] 1 tokens unmasked
2025-10-27 10:45:20,511 - GPU-3 - INFO -   [Cycle 8]
2025-10-27 10:45:20,511 - GPU-3 - DEBUG -     [Latent Recursive] Starting 1 steps of latent thinking
2025-10-27 10:45:20,555 - GPU-3 - DEBUG -       [Latent] Step 1/1
2025-10-27 10:45:20,726 - GPU-3 - DEBUG -       [After Latent Recursive] 1 tokens unmasked
2025-10-27 10:45:20,727 - GPU-3 - INFO -   [Cycle 9]
2025-10-27 10:45:20,727 - GPU-3 - DEBUG -     [Latent Recursive] Starting 1 steps of latent thinking
2025-10-27 10:45:20,771 - GPU-3 - DEBUG -       [Latent] Step 1/1
2025-10-27 10:45:20,943 - GPU-3 - DEBUG -       [After Latent Recursive] 1 tokens unmasked
2025-10-27 10:45:20,944 - GPU-3 - INFO -   [Cycle 10]
2025-10-27 10:45:20,944 - GPU-3 - DEBUG -     [Latent Recursive] Starting 1 steps of latent thinking
2025-10-27 10:45:20,988 - GPU-3 - DEBUG -       [Latent] Step 1/1
2025-10-27 10:45:21,160 - GPU-3 - DEBUG -       [After Latent Recursive] 1 tokens unmasked
2025-10-27 10:45:21,160 - GPU-3 - INFO -   [Cycle 11]
2025-10-27 10:45:21,160 - GPU-3 - DEBUG -     [Latent Recursive] Starting 1 steps of latent thinking
2025-10-27 10:45:21,204 - GPU-3 - DEBUG -       [Latent] Step 1/1
2025-10-27 10:45:21,377 - GPU-3 - DEBUG -       [After Latent Recursive] 1 tokens unmasked
2025-10-27 10:45:21,377 - GPU-3 - INFO -   [Cycle 12]
2025-10-27 10:45:21,377 - GPU-3 - DEBUG -     [Latent Recursive] Starting 1 steps of latent thinking
2025-10-27 10:45:21,421 - GPU-3 - DEBUG -       [Latent] Step 1/1
2025-10-27 10:45:21,593 - GPU-3 - DEBUG -       [After Latent Recursive] 1 tokens unmasked
2025-10-27 10:45:21,593 - GPU-3 - INFO -   [Cycle 13]
2025-10-27 10:45:21,593 - GPU-3 - DEBUG -     [Latent Recursive] Starting 1 steps of latent thinking
2025-10-27 10:45:21,637 - GPU-3 - DEBUG -       [Latent] Step 1/1
2025-10-27 10:45:21,809 - GPU-3 - DEBUG -       [After Latent Recursive] 1 tokens unmasked
2025-10-27 10:45:21,810 - GPU-3 - INFO -   [Cycle 14]
2025-10-27 10:45:21,810 - GPU-3 - DEBUG -     [Latent Recursive] Starting 1 steps of latent thinking
2025-10-27 10:45:21,854 - GPU-3 - DEBUG -       [Latent] Step 1/1
2025-10-27 10:45:22,026 - GPU-3 - DEBUG -       [After Latent Recursive] 1 tokens unmasked
2025-10-27 10:45:22,026 - GPU-3 - INFO -   [Cycle 15]
2025-10-27 10:45:22,026 - GPU-3 - DEBUG -     [Latent Recursive] Starting 1 steps of latent thinking
2025-10-27 10:45:22,070 - GPU-3 - DEBUG -       [Latent] Step 1/1
2025-10-27 10:45:22,243 - GPU-3 - DEBUG -       [After Latent Recursive] 1 tokens unmasked
2025-10-27 10:45:22,243 - GPU-3 - INFO -   [Cycle 16]
2025-10-27 10:45:22,243 - GPU-3 - DEBUG -     [Latent Recursive] Starting 1 steps of latent thinking
2025-10-27 10:45:22,287 - GPU-3 - DEBUG -       [Latent] Step 1/1
2025-10-27 10:45:22,459 - GPU-3 - DEBUG -       [After Latent Recursive] 1 tokens unmasked
2025-10-27 10:45:22,460 - GPU-3 - INFO -   [Cycle 17]
2025-10-27 10:45:22,460 - GPU-3 - DEBUG -     [Latent Recursive] Starting 1 steps of latent thinking
2025-10-27 10:45:22,504 - GPU-3 - DEBUG -       [Latent] Step 1/1
2025-10-27 10:45:22,676 - GPU-3 - DEBUG -       [After Latent Recursive] 1 tokens unmasked
2025-10-27 10:45:22,676 - GPU-3 - INFO -   [Cycle 18]
2025-10-27 10:45:22,677 - GPU-3 - DEBUG -     [Latent Recursive] Starting 1 steps of latent thinking
2025-10-27 10:45:22,721 - GPU-3 - DEBUG -       [Latent] Step 1/1
2025-10-27 10:45:22,893 - GPU-3 - DEBUG -       [After Latent Recursive] 1 tokens unmasked
2025-10-27 10:45:22,893 - GPU-3 - INFO -   [Cycle 19]
2025-10-27 10:45:22,893 - GPU-3 - DEBUG -     [Latent Recursive] Starting 1 steps of latent thinking
2025-10-27 10:45:22,937 - GPU-3 - DEBUG -       [Latent] Step 1/1
2025-10-27 10:45:23,110 - GPU-3 - DEBUG -       [After Latent Recursive] 1 tokens unmasked
2025-10-27 10:45:23,110 - GPU-3 - INFO -   [Cycle 20]
2025-10-27 10:45:23,110 - GPU-3 - DEBUG -     [Latent Recursive] Starting 1 steps of latent thinking
2025-10-27 10:45:23,154 - GPU-3 - DEBUG -       [Latent] Step 1/1
2025-10-27 10:45:23,326 - GPU-3 - DEBUG -       [After Latent Recursive] 1 tokens unmasked
2025-10-27 10:45:23,327 - GPU-3 - INFO -   [Cycle 21]
2025-10-27 10:45:23,327 - GPU-3 - DEBUG -     [Latent Recursive] Starting 1 steps of latent thinking
2025-10-27 10:45:23,371 - GPU-3 - DEBUG -       [Latent] Step 1/1
2025-10-27 10:45:23,543 - GPU-3 - DEBUG -       [After Latent Recursive] 1 tokens unmasked
2025-10-27 10:45:23,543 - GPU-3 - INFO -   [Cycle 22]
2025-10-27 10:45:23,544 - GPU-3 - DEBUG -     [Latent Recursive] Starting 1 steps of latent thinking
2025-10-27 10:45:23,588 - GPU-3 - DEBUG -       [Latent] Step 1/1
2025-10-27 10:45:23,760 - GPU-3 - DEBUG -       [After Latent Recursive] 1 tokens unmasked
2025-10-27 10:45:23,760 - GPU-3 - INFO -   [Cycle 23]
2025-10-27 10:45:23,760 - GPU-3 - DEBUG -     [Latent Recursive] Starting 1 steps of latent thinking
2025-10-27 10:45:23,805 - GPU-3 - DEBUG -       [Latent] Step 1/1
2025-10-27 10:45:23,977 - GPU-3 - DEBUG -       [After Latent Recursive] 1 tokens unmasked
2025-10-27 10:45:23,977 - GPU-3 - INFO -   [Cycle 24]
2025-10-27 10:45:23,977 - GPU-3 - DEBUG -     [Latent Recursive] Starting 1 steps of latent thinking
2025-10-27 10:45:24,021 - GPU-3 - DEBUG -       [Latent] Step 1/1
2025-10-27 10:45:24,193 - GPU-3 - DEBUG -       [After Latent Recursive] 1 tokens unmasked
2025-10-27 10:45:24,193 - GPU-3 - INFO -   [Cycle 25]
2025-10-27 10:45:24,193 - GPU-3 - DEBUG -     [Latent Recursive] Starting 1 steps of latent thinking
2025-10-27 10:45:24,237 - GPU-3 - DEBUG -       [Latent] Step 1/1
2025-10-27 10:45:24,410 - GPU-3 - DEBUG -       [After Latent Recursive] 1 tokens unmasked
2025-10-27 10:45:24,410 - GPU-3 - INFO -   [Cycle 26]
2025-10-27 10:45:24,410 - GPU-3 - DEBUG -     [Latent Recursive] Starting 1 steps of latent thinking
2025-10-27 10:45:24,454 - GPU-3 - DEBUG -       [Latent] Step 1/1
2025-10-27 10:45:24,627 - GPU-3 - DEBUG -       [After Latent Recursive] 1 tokens unmasked
2025-10-27 10:45:24,627 - GPU-3 - INFO -   [Cycle 27]
2025-10-27 10:45:24,627 - GPU-3 - DEBUG -     [Latent Recursive] Starting 1 steps of latent thinking
2025-10-27 10:45:24,671 - GPU-3 - DEBUG -       [Latent] Step 1/1
2025-10-27 10:45:24,843 - GPU-3 - DEBUG -       [After Latent Recursive] 1 tokens unmasked
2025-10-27 10:45:24,844 - GPU-3 - INFO -   [Cycle 28]
2025-10-27 10:45:24,844 - GPU-3 - DEBUG -     [Latent Recursive] Starting 1 steps of latent thinking
2025-10-27 10:45:24,888 - GPU-3 - DEBUG -       [Latent] Step 1/1
2025-10-27 10:45:25,060 - GPU-3 - DEBUG -       [After Latent Recursive] 1 tokens unmasked
2025-10-27 10:45:25,060 - GPU-3 - INFO -   [Cycle 29]
2025-10-27 10:45:25,060 - GPU-3 - DEBUG -     [Latent Recursive] Starting 1 steps of latent thinking
2025-10-27 10:45:25,105 - GPU-3 - DEBUG -       [Latent] Step 1/1
2025-10-27 10:45:25,277 - GPU-3 - DEBUG -       [After Latent Recursive] 1 tokens unmasked
2025-10-27 10:45:25,277 - GPU-3 - INFO -   [Cycle 30]
2025-10-27 10:45:25,278 - GPU-3 - DEBUG -     [Latent Recursive] Starting 1 steps of latent thinking
2025-10-27 10:45:25,322 - GPU-3 - DEBUG -       [Latent] Step 1/1
2025-10-27 10:45:25,493 - GPU-3 - DEBUG -       [After Latent Recursive] 1 tokens unmasked
2025-10-27 10:45:25,494 - GPU-3 - INFO -   [Cycle 31]
2025-10-27 10:45:25,494 - GPU-3 - DEBUG -     [Latent Recursive] Starting 1 steps of latent thinking
2025-10-27 10:45:25,538 - GPU-3 - DEBUG -       [Latent] Step 1/1
2025-10-27 10:45:25,710 - GPU-3 - DEBUG -       [After Latent Recursive] 1 tokens unmasked
2025-10-27 10:45:25,711 - GPU-3 - INFO - [Block 2/16] Processing tokens 96-128
2025-10-27 10:45:25,711 - GPU-3 - DEBUG - [Block 1] Before forward: use_cache=True, x.shape=torch.Size([1, 576])
2025-10-27 10:45:25,711 - GPU-3 - DEBUG - [Block 1] Model type: LLaDAModelLM
2025-10-27 10:45:25,711 - GPU-3 - DEBUG - [Block 1] Model config use_cache: True
2025-10-27 10:45:25,733 - GPU-3 - DEBUG - [Block 1] After forward: pkv is None? False
2025-10-27 10:45:25,733 - GPU-3 - DEBUG - [Block 1] out type: CausalLMOutputWithPast
2025-10-27 10:45:25,734 - GPU-3 - DEBUG - [Block 1] pkv type: <class 'list'>, len: 32
2025-10-27 10:45:25,734 - GPU-3 - DEBUG - [Block 1] pkv[0] type: <class 'tuple'>, len: 2
2025-10-27 10:45:25,734 - GPU-3 - DEBUG - [Block 1] pkv[0][0].shape: torch.Size([1, 32, 576, 128])
2025-10-27 10:45:25,820 - GPU-3 - INFO -   [Initial Forward] 1 tokens unmasked
2025-10-27 10:45:25,821 - GPU-3 - INFO -   [Cycle 1]
2025-10-27 10:45:25,821 - GPU-3 - DEBUG -     [Latent Recursive] Starting 1 steps of latent thinking
2025-10-27 10:45:25,865 - GPU-3 - DEBUG -       [Latent] Step 1/1
2025-10-27 10:45:26,036 - GPU-3 - DEBUG -       [After Latent Recursive] 1 tokens unmasked
2025-10-27 10:45:26,036 - GPU-3 - INFO -   [Cycle 2]
2025-10-27 10:45:26,036 - GPU-3 - DEBUG -     [Latent Recursive] Starting 1 steps of latent thinking
2025-10-27 10:45:26,081 - GPU-3 - DEBUG -       [Latent] Step 1/1
2025-10-27 10:45:26,252 - GPU-3 - DEBUG -       [After Latent Recursive] 1 tokens unmasked
2025-10-27 10:45:26,252 - GPU-3 - INFO -   [Cycle 3]
2025-10-27 10:45:26,252 - GPU-3 - DEBUG -     [Latent Recursive] Starting 1 steps of latent thinking
2025-10-27 10:45:26,296 - GPU-3 - DEBUG -       [Latent] Step 1/1
2025-10-27 10:45:26,468 - GPU-3 - DEBUG -       [After Latent Recursive] 1 tokens unmasked
2025-10-27 10:45:26,468 - GPU-3 - INFO -   [Cycle 4]
2025-10-27 10:45:26,468 - GPU-3 - DEBUG -     [Latent Recursive] Starting 1 steps of latent thinking
2025-10-27 10:45:26,512 - GPU-3 - DEBUG -       [Latent] Step 1/1
2025-10-27 10:45:26,683 - GPU-3 - DEBUG -       [After Latent Recursive] 1 tokens unmasked
2025-10-27 10:45:26,684 - GPU-3 - INFO -   [Cycle 5]
2025-10-27 10:45:26,684 - GPU-3 - DEBUG -     [Latent Recursive] Starting 1 steps of latent thinking
2025-10-27 10:45:26,728 - GPU-3 - DEBUG -       [Latent] Step 1/1
2025-10-27 10:45:26,899 - GPU-3 - DEBUG -       [After Latent Recursive] 1 tokens unmasked
2025-10-27 10:45:26,900 - GPU-3 - INFO -   [Cycle 6]
2025-10-27 10:45:26,900 - GPU-3 - DEBUG -     [Latent Recursive] Starting 1 steps of latent thinking
2025-10-27 10:45:26,944 - GPU-3 - DEBUG -       [Latent] Step 1/1
2025-10-27 10:45:27,115 - GPU-3 - DEBUG -       [After Latent Recursive] 1 tokens unmasked
2025-10-27 10:45:27,116 - GPU-3 - INFO -   [Cycle 7]
2025-10-27 10:45:27,116 - GPU-3 - DEBUG -     [Latent Recursive] Starting 1 steps of latent thinking
2025-10-27 10:45:27,160 - GPU-3 - DEBUG -       [Latent] Step 1/1
2025-10-27 10:45:27,331 - GPU-3 - DEBUG -       [After Latent Recursive] 1 tokens unmasked
2025-10-27 10:45:27,332 - GPU-3 - INFO -   [Cycle 8]
2025-10-27 10:45:27,332 - GPU-3 - DEBUG -     [Latent Recursive] Starting 1 steps of latent thinking
2025-10-27 10:45:27,376 - GPU-3 - DEBUG -       [Latent] Step 1/1
2025-10-27 10:45:27,547 - GPU-3 - DEBUG -       [After Latent Recursive] 1 tokens unmasked
2025-10-27 10:45:27,547 - GPU-3 - INFO -   [Cycle 9]
2025-10-27 10:45:27,548 - GPU-3 - DEBUG -     [Latent Recursive] Starting 1 steps of latent thinking
2025-10-27 10:45:27,592 - GPU-3 - DEBUG -       [Latent] Step 1/1
2025-10-27 10:45:27,763 - GPU-3 - DEBUG -       [After Latent Recursive] 1 tokens unmasked
2025-10-27 10:45:27,764 - GPU-3 - INFO -   [Cycle 10]
2025-10-27 10:45:27,764 - GPU-3 - DEBUG -     [Latent Recursive] Starting 1 steps of latent thinking
2025-10-27 10:45:27,808 - GPU-3 - DEBUG -       [Latent] Step 1/1
2025-10-27 10:45:27,979 - GPU-3 - DEBUG -       [After Latent Recursive] 1 tokens unmasked
2025-10-27 10:45:27,980 - GPU-3 - INFO -   [Cycle 11]
2025-10-27 10:45:27,980 - GPU-3 - DEBUG -     [Latent Recursive] Starting 1 steps of latent thinking
2025-10-27 10:45:28,024 - GPU-3 - DEBUG -       [Latent] Step 1/1
2025-10-27 10:45:28,195 - GPU-3 - DEBUG -       [After Latent Recursive] 1 tokens unmasked
2025-10-27 10:45:28,196 - GPU-3 - INFO -   [Cycle 12]
2025-10-27 10:45:28,196 - GPU-3 - DEBUG -     [Latent Recursive] Starting 1 steps of latent thinking
2025-10-27 10:45:28,240 - GPU-3 - DEBUG -       [Latent] Step 1/1
2025-10-27 10:45:28,412 - GPU-3 - DEBUG -       [After Latent Recursive] 1 tokens unmasked
2025-10-27 10:45:28,412 - GPU-3 - INFO -   [Cycle 13]
2025-10-27 10:45:28,412 - GPU-3 - DEBUG -     [Latent Recursive] Starting 1 steps of latent thinking
2025-10-27 10:45:28,456 - GPU-3 - DEBUG -       [Latent] Step 1/1
2025-10-27 10:45:28,628 - GPU-3 - DEBUG -       [After Latent Recursive] 1 tokens unmasked
2025-10-27 10:45:28,628 - GPU-3 - INFO -   [Cycle 14]
2025-10-27 10:45:28,628 - GPU-3 - DEBUG -     [Latent Recursive] Starting 1 steps of latent thinking
2025-10-27 10:45:28,672 - GPU-3 - DEBUG -       [Latent] Step 1/1
2025-10-27 10:45:28,844 - GPU-3 - DEBUG -       [After Latent Recursive] 1 tokens unmasked
2025-10-27 10:45:28,844 - GPU-3 - INFO -   [Cycle 15]
2025-10-27 10:45:28,844 - GPU-3 - DEBUG -     [Latent Recursive] Starting 1 steps of latent thinking
2025-10-27 10:45:28,888 - GPU-3 - DEBUG -       [Latent] Step 1/1
2025-10-27 10:45:29,060 - GPU-3 - DEBUG -       [After Latent Recursive] 1 tokens unmasked
2025-10-27 10:45:29,060 - GPU-3 - INFO -   [Cycle 16]
2025-10-27 10:45:29,060 - GPU-3 - DEBUG -     [Latent Recursive] Starting 1 steps of latent thinking
2025-10-27 10:45:29,104 - GPU-3 - DEBUG -       [Latent] Step 1/1
2025-10-27 10:45:29,276 - GPU-3 - DEBUG -       [After Latent Recursive] 1 tokens unmasked
2025-10-27 10:45:29,276 - GPU-3 - INFO -   [Cycle 17]
2025-10-27 10:45:29,276 - GPU-3 - DEBUG -     [Latent Recursive] Starting 1 steps of latent thinking
2025-10-27 10:45:29,320 - GPU-3 - DEBUG -       [Latent] Step 1/1
2025-10-27 10:45:29,492 - GPU-3 - DEBUG -       [After Latent Recursive] 1 tokens unmasked
2025-10-27 10:45:29,492 - GPU-3 - INFO -   [Cycle 18]
2025-10-27 10:45:29,492 - GPU-3 - DEBUG -     [Latent Recursive] Starting 1 steps of latent thinking
2025-10-27 10:45:29,537 - GPU-3 - DEBUG -       [Latent] Step 1/1
2025-10-27 10:45:29,708 - GPU-3 - DEBUG -       [After Latent Recursive] 1 tokens unmasked
2025-10-27 10:45:29,709 - GPU-3 - INFO -   [Cycle 19]
2025-10-27 10:45:29,709 - GPU-3 - DEBUG -     [Latent Recursive] Starting 1 steps of latent thinking
2025-10-27 10:45:29,753 - GPU-3 - DEBUG -       [Latent] Step 1/1
2025-10-27 10:45:29,925 - GPU-3 - DEBUG -       [After Latent Recursive] 1 tokens unmasked
2025-10-27 10:45:29,926 - GPU-3 - INFO -   [Cycle 20]
2025-10-27 10:45:29,926 - GPU-3 - DEBUG -     [Latent Recursive] Starting 1 steps of latent thinking
2025-10-27 10:45:29,970 - GPU-3 - DEBUG -       [Latent] Step 1/1
2025-10-27 10:45:30,141 - GPU-3 - DEBUG -       [After Latent Recursive] 1 tokens unmasked
2025-10-27 10:45:30,141 - GPU-3 - INFO -   [Cycle 21]
2025-10-27 10:45:30,141 - GPU-3 - DEBUG -     [Latent Recursive] Starting 1 steps of latent thinking
2025-10-27 10:45:30,186 - GPU-3 - DEBUG -       [Latent] Step 1/1
2025-10-27 10:45:30,357 - GPU-3 - DEBUG -       [After Latent Recursive] 1 tokens unmasked
2025-10-27 10:45:30,357 - GPU-3 - INFO -   [Cycle 22]
2025-10-27 10:45:30,357 - GPU-3 - DEBUG -     [Latent Recursive] Starting 1 steps of latent thinking
2025-10-27 10:45:30,402 - GPU-3 - DEBUG -       [Latent] Step 1/1
2025-10-27 10:45:30,573 - GPU-3 - DEBUG -       [After Latent Recursive] 1 tokens unmasked
2025-10-27 10:45:30,573 - GPU-3 - INFO -   [Cycle 23]
2025-10-27 10:45:30,573 - GPU-3 - DEBUG -     [Latent Recursive] Starting 1 steps of latent thinking
2025-10-27 10:45:30,617 - GPU-3 - DEBUG -       [Latent] Step 1/1
2025-10-27 10:45:30,789 - GPU-3 - DEBUG -       [After Latent Recursive] 1 tokens unmasked
2025-10-27 10:45:30,790 - GPU-3 - INFO -   [Cycle 24]
2025-10-27 10:45:30,790 - GPU-3 - DEBUG -     [Latent Recursive] Starting 1 steps of latent thinking
2025-10-27 10:45:30,834 - GPU-3 - DEBUG -       [Latent] Step 1/1
2025-10-27 10:45:31,005 - GPU-3 - DEBUG -       [After Latent Recursive] 1 tokens unmasked
2025-10-27 10:45:31,006 - GPU-3 - INFO -   [Cycle 25]
2025-10-27 10:45:31,006 - GPU-3 - DEBUG -     [Latent Recursive] Starting 1 steps of latent thinking
2025-10-27 10:45:31,050 - GPU-3 - DEBUG -       [Latent] Step 1/1
2025-10-27 10:45:31,222 - GPU-3 - DEBUG -       [After Latent Recursive] 1 tokens unmasked
2025-10-27 10:45:31,222 - GPU-3 - INFO -   [Cycle 26]
2025-10-27 10:45:31,222 - GPU-3 - DEBUG -     [Latent Recursive] Starting 1 steps of latent thinking
2025-10-27 10:45:31,266 - GPU-3 - DEBUG -       [Latent] Step 1/1
2025-10-27 10:45:31,438 - GPU-3 - DEBUG -       [After Latent Recursive] 1 tokens unmasked
2025-10-27 10:45:31,438 - GPU-3 - INFO -   [Cycle 27]
2025-10-27 10:45:31,438 - GPU-3 - DEBUG -     [Latent Recursive] Starting 1 steps of latent thinking
2025-10-27 10:45:31,482 - GPU-3 - DEBUG -       [Latent] Step 1/1
2025-10-27 10:45:31,654 - GPU-3 - DEBUG -       [After Latent Recursive] 1 tokens unmasked
2025-10-27 10:45:31,654 - GPU-3 - INFO -   [Cycle 28]
2025-10-27 10:45:31,654 - GPU-3 - DEBUG -     [Latent Recursive] Starting 1 steps of latent thinking
2025-10-27 10:45:31,698 - GPU-3 - DEBUG -       [Latent] Step 1/1
2025-10-27 10:45:31,869 - GPU-3 - DEBUG -       [After Latent Recursive] 1 tokens unmasked
2025-10-27 10:45:31,870 - GPU-3 - INFO -   [Cycle 29]
2025-10-27 10:45:31,870 - GPU-3 - DEBUG -     [Latent Recursive] Starting 1 steps of latent thinking
2025-10-27 10:45:31,914 - GPU-3 - DEBUG -       [Latent] Step 1/1
2025-10-27 10:45:32,086 - GPU-3 - DEBUG -       [After Latent Recursive] 1 tokens unmasked
2025-10-27 10:45:32,086 - GPU-3 - INFO -   [Cycle 30]
2025-10-27 10:45:32,086 - GPU-3 - DEBUG -     [Latent Recursive] Starting 1 steps of latent thinking
2025-10-27 10:45:32,130 - GPU-3 - DEBUG -       [Latent] Step 1/1
2025-10-27 10:45:32,301 - GPU-3 - DEBUG -       [After Latent Recursive] 1 tokens unmasked
2025-10-27 10:45:32,302 - GPU-3 - INFO -   [Cycle 31]
2025-10-27 10:45:32,302 - GPU-3 - DEBUG -     [Latent Recursive] Starting 1 steps of latent thinking
2025-10-27 10:45:32,346 - GPU-3 - DEBUG -       [Latent] Step 1/1
2025-10-27 10:45:32,517 - GPU-3 - DEBUG -       [After Latent Recursive] 1 tokens unmasked
2025-10-27 10:45:32,518 - GPU-3 - INFO - [Block 3/16] Processing tokens 128-160
2025-10-27 10:45:32,518 - GPU-3 - DEBUG - [Block 2] Before forward: use_cache=True, x.shape=torch.Size([1, 576])
2025-10-27 10:45:32,518 - GPU-3 - DEBUG - [Block 2] Model type: LLaDAModelLM
2025-10-27 10:45:32,518 - GPU-3 - DEBUG - [Block 2] Model config use_cache: True
2025-10-27 10:45:32,540 - GPU-3 - DEBUG - [Block 2] After forward: pkv is None? False
2025-10-27 10:45:32,540 - GPU-3 - DEBUG - [Block 2] out type: CausalLMOutputWithPast
2025-10-27 10:45:32,540 - GPU-3 - DEBUG - [Block 2] pkv type: <class 'list'>, len: 32
2025-10-27 10:45:32,541 - GPU-3 - DEBUG - [Block 2] pkv[0] type: <class 'tuple'>, len: 2
2025-10-27 10:45:32,541 - GPU-3 - DEBUG - [Block 2] pkv[0][0].shape: torch.Size([1, 32, 576, 128])
2025-10-27 10:45:32,627 - GPU-3 - INFO -   [Initial Forward] 1 tokens unmasked
2025-10-27 10:45:32,628 - GPU-3 - INFO -   [Cycle 1]
2025-10-27 10:45:32,628 - GPU-3 - DEBUG -     [Latent Recursive] Starting 1 steps of latent thinking
2025-10-27 10:45:32,672 - GPU-3 - DEBUG -       [Latent] Step 1/1
2025-10-27 10:45:32,841 - GPU-3 - DEBUG -       [After Latent Recursive] 1 tokens unmasked
2025-10-27 10:45:32,841 - GPU-3 - INFO -   [Cycle 2]
2025-10-27 10:45:32,842 - GPU-3 - DEBUG -     [Latent Recursive] Starting 1 steps of latent thinking
2025-10-27 10:45:32,886 - GPU-3 - DEBUG -       [Latent] Step 1/1
2025-10-27 10:45:33,054 - GPU-3 - DEBUG -       [After Latent Recursive] 1 tokens unmasked
2025-10-27 10:45:33,055 - GPU-3 - INFO -   [Cycle 3]
2025-10-27 10:45:33,055 - GPU-3 - DEBUG -     [Latent Recursive] Starting 1 steps of latent thinking
2025-10-27 10:45:33,099 - GPU-3 - DEBUG -       [Latent] Step 1/1
2025-10-27 10:45:33,268 - GPU-3 - DEBUG -       [After Latent Recursive] 1 tokens unmasked
2025-10-27 10:45:33,269 - GPU-3 - INFO -   [Cycle 4]
2025-10-27 10:45:33,269 - GPU-3 - DEBUG -     [Latent Recursive] Starting 1 steps of latent thinking
2025-10-27 10:45:33,313 - GPU-3 - DEBUG -       [Latent] Step 1/1
2025-10-27 10:45:33,481 - GPU-3 - DEBUG -       [After Latent Recursive] 1 tokens unmasked
2025-10-27 10:45:33,482 - GPU-3 - INFO -   [Cycle 5]
2025-10-27 10:45:33,482 - GPU-3 - DEBUG -     [Latent Recursive] Starting 1 steps of latent thinking
2025-10-27 10:45:33,526 - GPU-3 - DEBUG -       [Latent] Step 1/1
2025-10-27 10:45:33,695 - GPU-3 - DEBUG -       [After Latent Recursive] 1 tokens unmasked
2025-10-27 10:45:33,695 - GPU-3 - INFO -   [Cycle 6]
2025-10-27 10:45:33,696 - GPU-3 - DEBUG -     [Latent Recursive] Starting 1 steps of latent thinking
2025-10-27 10:45:33,740 - GPU-3 - DEBUG -       [Latent] Step 1/1
2025-10-27 10:45:33,908 - GPU-3 - DEBUG -       [After Latent Recursive] 1 tokens unmasked
2025-10-27 10:45:33,909 - GPU-3 - INFO -   [Cycle 7]
2025-10-27 10:45:33,909 - GPU-3 - DEBUG -     [Latent Recursive] Starting 1 steps of latent thinking
2025-10-27 10:45:33,953 - GPU-3 - DEBUG -       [Latent] Step 1/1
2025-10-27 10:45:34,122 - GPU-3 - DEBUG -       [After Latent Recursive] 1 tokens unmasked
2025-10-27 10:45:34,122 - GPU-3 - INFO -   [Cycle 8]
2025-10-27 10:45:34,123 - GPU-3 - DEBUG -     [Latent Recursive] Starting 1 steps of latent thinking
2025-10-27 10:45:34,167 - GPU-3 - DEBUG -       [Latent] Step 1/1
2025-10-27 10:45:34,336 - GPU-3 - DEBUG -       [After Latent Recursive] 1 tokens unmasked
2025-10-27 10:45:34,336 - GPU-3 - INFO -   [Cycle 9]
2025-10-27 10:45:34,336 - GPU-3 - DEBUG -     [Latent Recursive] Starting 1 steps of latent thinking
2025-10-27 10:45:34,381 - GPU-3 - DEBUG -       [Latent] Step 1/1
2025-10-27 10:45:34,550 - GPU-3 - DEBUG -       [After Latent Recursive] 1 tokens unmasked
2025-10-27 10:45:34,551 - GPU-3 - INFO -   [Cycle 10]
2025-10-27 10:45:34,551 - GPU-3 - DEBUG -     [Latent Recursive] Starting 1 steps of latent thinking
2025-10-27 10:45:34,595 - GPU-3 - DEBUG -       [Latent] Step 1/1
2025-10-27 10:45:34,764 - GPU-3 - DEBUG -       [After Latent Recursive] 1 tokens unmasked
2025-10-27 10:45:34,764 - GPU-3 - INFO -   [Cycle 11]
2025-10-27 10:45:34,764 - GPU-3 - DEBUG -     [Latent Recursive] Starting 1 steps of latent thinking
2025-10-27 10:45:34,808 - GPU-3 - DEBUG -       [Latent] Step 1/1
2025-10-27 10:45:34,978 - GPU-3 - DEBUG -       [After Latent Recursive] 1 tokens unmasked
2025-10-27 10:45:34,978 - GPU-3 - INFO -   [Cycle 12]
2025-10-27 10:45:34,978 - GPU-3 - DEBUG -     [Latent Recursive] Starting 1 steps of latent thinking
2025-10-27 10:45:35,022 - GPU-3 - DEBUG -       [Latent] Step 1/1
2025-10-27 10:45:35,191 - GPU-3 - DEBUG -       [After Latent Recursive] 1 tokens unmasked
2025-10-27 10:45:35,192 - GPU-3 - INFO -   [Cycle 13]
2025-10-27 10:45:35,192 - GPU-3 - DEBUG -     [Latent Recursive] Starting 1 steps of latent thinking
2025-10-27 10:45:35,236 - GPU-3 - DEBUG -       [Latent] Step 1/1
2025-10-27 10:45:35,405 - GPU-3 - DEBUG -       [After Latent Recursive] 1 tokens unmasked
2025-10-27 10:45:35,405 - GPU-3 - INFO -   [Cycle 14]
2025-10-27 10:45:35,406 - GPU-3 - DEBUG -     [Latent Recursive] Starting 1 steps of latent thinking
2025-10-27 10:45:35,450 - GPU-3 - DEBUG -       [Latent] Step 1/1
2025-10-27 10:45:35,619 - GPU-3 - DEBUG -       [After Latent Recursive] 1 tokens unmasked
2025-10-27 10:45:35,619 - GPU-3 - INFO -   [Cycle 15]
2025-10-27 10:45:35,620 - GPU-3 - DEBUG -     [Latent Recursive] Starting 1 steps of latent thinking
2025-10-27 10:45:35,664 - GPU-3 - DEBUG -       [Latent] Step 1/1
2025-10-27 10:45:35,833 - GPU-3 - DEBUG -       [After Latent Recursive] 1 tokens unmasked
2025-10-27 10:45:35,834 - GPU-3 - INFO -   [Cycle 16]
2025-10-27 10:45:35,834 - GPU-3 - DEBUG -     [Latent Recursive] Starting 1 steps of latent thinking
2025-10-27 10:45:35,878 - GPU-3 - DEBUG -       [Latent] Step 1/1
2025-10-27 10:45:36,047 - GPU-3 - DEBUG -       [After Latent Recursive] 1 tokens unmasked
2025-10-27 10:45:36,047 - GPU-3 - INFO -   [Cycle 17]
2025-10-27 10:45:36,048 - GPU-3 - DEBUG -     [Latent Recursive] Starting 1 steps of latent thinking
2025-10-27 10:45:36,092 - GPU-3 - DEBUG -       [Latent] Step 1/1
2025-10-27 10:45:36,261 - GPU-3 - DEBUG -       [After Latent Recursive] 1 tokens unmasked
2025-10-27 10:45:36,261 - GPU-3 - INFO -   [Cycle 18]
2025-10-27 10:45:36,261 - GPU-3 - DEBUG -     [Latent Recursive] Starting 1 steps of latent thinking
2025-10-27 10:45:36,305 - GPU-3 - DEBUG -       [Latent] Step 1/1
2025-10-27 10:45:36,474 - GPU-3 - DEBUG -       [After Latent Recursive] 1 tokens unmasked
2025-10-27 10:45:36,475 - GPU-3 - INFO -   [Cycle 19]
2025-10-27 10:45:36,475 - GPU-3 - DEBUG -     [Latent Recursive] Starting 1 steps of latent thinking
2025-10-27 10:45:36,519 - GPU-3 - DEBUG -       [Latent] Step 1/1
2025-10-27 10:45:36,688 - GPU-3 - DEBUG -       [After Latent Recursive] 1 tokens unmasked
2025-10-27 10:45:36,689 - GPU-3 - INFO -   [Cycle 20]
2025-10-27 10:45:36,689 - GPU-3 - DEBUG -     [Latent Recursive] Starting 1 steps of latent thinking
2025-10-27 10:45:36,733 - GPU-3 - DEBUG -       [Latent] Step 1/1
2025-10-27 10:45:36,902 - GPU-3 - DEBUG -       [After Latent Recursive] 1 tokens unmasked
2025-10-27 10:45:36,902 - GPU-3 - INFO -   [Cycle 21]
2025-10-27 10:45:36,903 - GPU-3 - DEBUG -     [Latent Recursive] Starting 1 steps of latent thinking
2025-10-27 10:45:36,947 - GPU-3 - DEBUG -       [Latent] Step 1/1
2025-10-27 10:45:37,116 - GPU-3 - DEBUG -       [After Latent Recursive] 1 tokens unmasked
2025-10-27 10:45:37,116 - GPU-3 - INFO -   [Cycle 22]
2025-10-27 10:45:37,117 - GPU-3 - DEBUG -     [Latent Recursive] Starting 1 steps of latent thinking
2025-10-27 10:45:37,161 - GPU-3 - DEBUG -       [Latent] Step 1/1
2025-10-27 10:45:37,329 - GPU-3 - DEBUG -       [After Latent Recursive] 1 tokens unmasked
2025-10-27 10:45:37,330 - GPU-3 - INFO -   [Cycle 23]
2025-10-27 10:45:37,330 - GPU-3 - DEBUG -     [Latent Recursive] Starting 1 steps of latent thinking
2025-10-27 10:45:37,374 - GPU-3 - DEBUG -       [Latent] Step 1/1
2025-10-27 10:45:37,543 - GPU-3 - DEBUG -       [After Latent Recursive] 1 tokens unmasked
2025-10-27 10:45:37,543 - GPU-3 - INFO -   [Cycle 24]
2025-10-27 10:45:37,543 - GPU-3 - DEBUG -     [Latent Recursive] Starting 1 steps of latent thinking
2025-10-27 10:45:37,588 - GPU-3 - DEBUG -       [Latent] Step 1/1
2025-10-27 10:45:37,757 - GPU-3 - DEBUG -       [After Latent Recursive] 1 tokens unmasked
2025-10-27 10:45:37,757 - GPU-3 - INFO -   [Cycle 25]
2025-10-27 10:45:37,757 - GPU-3 - DEBUG -     [Latent Recursive] Starting 1 steps of latent thinking
2025-10-27 10:45:37,801 - GPU-3 - DEBUG -       [Latent] Step 1/1
2025-10-27 10:45:37,970 - GPU-3 - DEBUG -       [After Latent Recursive] 1 tokens unmasked
2025-10-27 10:45:37,971 - GPU-3 - INFO -   [Cycle 26]
2025-10-27 10:45:37,971 - GPU-3 - DEBUG -     [Latent Recursive] Starting 1 steps of latent thinking
2025-10-27 10:45:38,015 - GPU-3 - DEBUG -       [Latent] Step 1/1
2025-10-27 10:45:38,183 - GPU-3 - DEBUG -       [After Latent Recursive] 1 tokens unmasked
2025-10-27 10:45:38,184 - GPU-3 - INFO -   [Cycle 27]
2025-10-27 10:45:38,184 - GPU-3 - DEBUG -     [Latent Recursive] Starting 1 steps of latent thinking
2025-10-27 10:45:38,228 - GPU-3 - DEBUG -       [Latent] Step 1/1
2025-10-27 10:45:38,397 - GPU-3 - DEBUG -       [After Latent Recursive] 1 tokens unmasked
2025-10-27 10:45:38,397 - GPU-3 - INFO -   [Cycle 28]
2025-10-27 10:45:38,397 - GPU-3 - DEBUG -     [Latent Recursive] Starting 1 steps of latent thinking
2025-10-27 10:45:38,442 - GPU-3 - DEBUG -       [Latent] Step 1/1
2025-10-27 10:45:38,611 - GPU-3 - DEBUG -       [After Latent Recursive] 1 tokens unmasked
2025-10-27 10:45:38,611 - GPU-3 - INFO -   [Cycle 29]
2025-10-27 10:45:38,611 - GPU-3 - DEBUG -     [Latent Recursive] Starting 1 steps of latent thinking
2025-10-27 10:45:38,655 - GPU-3 - DEBUG -       [Latent] Step 1/1
2025-10-27 10:45:38,824 - GPU-3 - DEBUG -       [After Latent Recursive] 1 tokens unmasked
2025-10-27 10:45:38,825 - GPU-3 - INFO -   [Cycle 30]
2025-10-27 10:45:38,825 - GPU-3 - DEBUG -     [Latent Recursive] Starting 1 steps of latent thinking
2025-10-27 10:45:38,869 - GPU-3 - DEBUG -       [Latent] Step 1/1
2025-10-27 10:45:39,038 - GPU-3 - DEBUG -       [After Latent Recursive] 1 tokens unmasked
2025-10-27 10:45:39,038 - GPU-3 - INFO -   [Cycle 31]
2025-10-27 10:45:39,038 - GPU-3 - DEBUG -     [Latent Recursive] Starting 1 steps of latent thinking
2025-10-27 10:45:39,082 - GPU-3 - DEBUG -       [Latent] Step 1/1
2025-10-27 10:45:39,252 - GPU-3 - DEBUG -       [After Latent Recursive] 1 tokens unmasked
2025-10-27 10:45:39,252 - GPU-3 - INFO - [Block 4/16] Processing tokens 160-192
2025-10-27 10:45:39,252 - GPU-3 - DEBUG - [Block 3] Before forward: use_cache=True, x.shape=torch.Size([1, 576])
2025-10-27 10:45:39,252 - GPU-3 - DEBUG - [Block 3] Model type: LLaDAModelLM
2025-10-27 10:45:39,252 - GPU-3 - DEBUG - [Block 3] Model config use_cache: True
2025-10-27 10:45:39,275 - GPU-3 - DEBUG - [Block 3] After forward: pkv is None? False
2025-10-27 10:45:39,275 - GPU-3 - DEBUG - [Block 3] out type: CausalLMOutputWithPast
2025-10-27 10:45:39,275 - GPU-3 - DEBUG - [Block 3] pkv type: <class 'list'>, len: 32
2025-10-27 10:45:39,275 - GPU-3 - DEBUG - [Block 3] pkv[0] type: <class 'tuple'>, len: 2
2025-10-27 10:45:39,275 - GPU-3 - DEBUG - [Block 3] pkv[0][0].shape: torch.Size([1, 32, 576, 128])
2025-10-27 10:45:39,361 - GPU-3 - INFO -   [Initial Forward] 1 tokens unmasked
2025-10-27 10:45:39,362 - GPU-3 - INFO -   [Cycle 1]
2025-10-27 10:45:39,362 - GPU-3 - DEBUG -     [Latent Recursive] Starting 1 steps of latent thinking
2025-10-27 10:45:39,406 - GPU-3 - DEBUG -       [Latent] Step 1/1
2025-10-27 10:45:39,575 - GPU-3 - DEBUG -       [After Latent Recursive] 1 tokens unmasked
2025-10-27 10:45:39,575 - GPU-3 - INFO -   [Cycle 2]
2025-10-27 10:45:39,575 - GPU-3 - DEBUG -     [Latent Recursive] Starting 1 steps of latent thinking
2025-10-27 10:45:39,619 - GPU-3 - DEBUG -       [Latent] Step 1/1
2025-10-27 10:45:39,787 - GPU-3 - DEBUG -       [After Latent Recursive] 1 tokens unmasked
2025-10-27 10:45:39,788 - GPU-3 - INFO -   [Cycle 3]
2025-10-27 10:45:39,788 - GPU-3 - DEBUG -     [Latent Recursive] Starting 1 steps of latent thinking
2025-10-27 10:45:39,832 - GPU-3 - DEBUG -       [Latent] Step 1/1
2025-10-27 10:45:40,000 - GPU-3 - DEBUG -       [After Latent Recursive] 1 tokens unmasked
2025-10-27 10:45:40,001 - GPU-3 - INFO -   [Cycle 4]
2025-10-27 10:45:40,001 - GPU-3 - DEBUG -     [Latent Recursive] Starting 1 steps of latent thinking
2025-10-27 10:45:40,045 - GPU-3 - DEBUG -       [Latent] Step 1/1
2025-10-27 10:45:40,214 - GPU-3 - DEBUG -       [After Latent Recursive] 1 tokens unmasked
2025-10-27 10:45:40,214 - GPU-3 - INFO -   [Cycle 5]
2025-10-27 10:45:40,215 - GPU-3 - DEBUG -     [Latent Recursive] Starting 1 steps of latent thinking
2025-10-27 10:45:40,259 - GPU-3 - DEBUG -       [Latent] Step 1/1
2025-10-27 10:45:40,427 - GPU-3 - DEBUG -       [After Latent Recursive] 1 tokens unmasked
2025-10-27 10:45:40,428 - GPU-3 - INFO -   [Cycle 6]
2025-10-27 10:45:40,428 - GPU-3 - DEBUG -     [Latent Recursive] Starting 1 steps of latent thinking
2025-10-27 10:45:40,472 - GPU-3 - DEBUG -       [Latent] Step 1/1
2025-10-27 10:45:40,640 - GPU-3 - DEBUG -       [After Latent Recursive] 1 tokens unmasked
2025-10-27 10:45:40,640 - GPU-3 - INFO -   [Cycle 7]
2025-10-27 10:45:40,640 - GPU-3 - DEBUG -     [Latent Recursive] Starting 1 steps of latent thinking
2025-10-27 10:45:40,684 - GPU-3 - DEBUG -       [Latent] Step 1/1
2025-10-27 10:45:40,853 - GPU-3 - DEBUG -       [After Latent Recursive] 1 tokens unmasked
2025-10-27 10:45:40,853 - GPU-3 - INFO -   [Cycle 8]
2025-10-27 10:45:40,853 - GPU-3 - DEBUG -     [Latent Recursive] Starting 1 steps of latent thinking
2025-10-27 10:45:40,898 - GPU-3 - DEBUG -       [Latent] Step 1/1
2025-10-27 10:45:41,066 - GPU-3 - DEBUG -       [After Latent Recursive] 1 tokens unmasked
2025-10-27 10:45:41,066 - GPU-3 - INFO -   [Cycle 9]
2025-10-27 10:45:41,066 - GPU-3 - DEBUG -     [Latent Recursive] Starting 1 steps of latent thinking
2025-10-27 10:45:41,111 - GPU-3 - DEBUG -       [Latent] Step 1/1
2025-10-27 10:45:41,279 - GPU-3 - DEBUG -       [After Latent Recursive] 1 tokens unmasked
2025-10-27 10:45:41,279 - GPU-3 - INFO -   [Cycle 10]
2025-10-27 10:45:41,279 - GPU-3 - DEBUG -     [Latent Recursive] Starting 1 steps of latent thinking
2025-10-27 10:45:41,324 - GPU-3 - DEBUG -       [Latent] Step 1/1
2025-10-27 10:45:41,492 - GPU-3 - DEBUG -       [After Latent Recursive] 1 tokens unmasked
2025-10-27 10:45:41,492 - GPU-3 - INFO -   [Cycle 11]
2025-10-27 10:45:41,493 - GPU-3 - DEBUG -     [Latent Recursive] Starting 1 steps of latent thinking
2025-10-27 10:45:41,536 - GPU-3 - DEBUG -       [Latent] Step 1/1
2025-10-27 10:45:41,704 - GPU-3 - DEBUG -       [After Latent Recursive] 1 tokens unmasked
2025-10-27 10:45:41,704 - GPU-3 - INFO -   [Cycle 12]
2025-10-27 10:45:41,705 - GPU-3 - DEBUG -     [Latent Recursive] Starting 1 steps of latent thinking
2025-10-27 10:45:41,749 - GPU-3 - DEBUG -       [Latent] Step 1/1
2025-10-27 10:45:41,916 - GPU-3 - DEBUG -       [After Latent Recursive] 1 tokens unmasked
2025-10-27 10:45:41,917 - GPU-3 - INFO -   [Cycle 13]
2025-10-27 10:45:41,917 - GPU-3 - DEBUG -     [Latent Recursive] Starting 1 steps of latent thinking
2025-10-27 10:45:41,961 - GPU-3 - DEBUG -       [Latent] Step 1/1
2025-10-27 10:45:42,128 - GPU-3 - DEBUG -       [After Latent Recursive] 1 tokens unmasked
2025-10-27 10:45:42,129 - GPU-3 - INFO -   [Cycle 14]
2025-10-27 10:45:42,129 - GPU-3 - DEBUG -     [Latent Recursive] Starting 1 steps of latent thinking
2025-10-27 10:45:42,173 - GPU-3 - DEBUG -       [Latent] Step 1/1
2025-10-27 10:45:42,340 - GPU-3 - DEBUG -       [After Latent Recursive] 1 tokens unmasked
2025-10-27 10:45:42,340 - GPU-3 - INFO -   [Cycle 15]
2025-10-27 10:45:42,341 - GPU-3 - DEBUG -     [Latent Recursive] Starting 1 steps of latent thinking
2025-10-27 10:45:42,385 - GPU-3 - DEBUG -       [Latent] Step 1/1
2025-10-27 10:45:42,552 - GPU-3 - DEBUG -       [After Latent Recursive] 1 tokens unmasked
2025-10-27 10:45:42,552 - GPU-3 - INFO -   [Cycle 16]
2025-10-27 10:45:42,553 - GPU-3 - DEBUG -     [Latent Recursive] Starting 1 steps of latent thinking
2025-10-27 10:45:42,596 - GPU-3 - DEBUG -       [Latent] Step 1/1
2025-10-27 10:45:42,764 - GPU-3 - DEBUG -       [After Latent Recursive] 1 tokens unmasked
2025-10-27 10:45:42,764 - GPU-3 - INFO -   [Cycle 17]
2025-10-27 10:45:42,764 - GPU-3 - DEBUG -     [Latent Recursive] Starting 1 steps of latent thinking
2025-10-27 10:45:42,808 - GPU-3 - DEBUG -       [Latent] Step 1/1
2025-10-27 10:45:42,976 - GPU-3 - DEBUG -       [After Latent Recursive] 1 tokens unmasked
2025-10-27 10:45:42,976 - GPU-3 - INFO -   [Cycle 18]
2025-10-27 10:45:42,976 - GPU-3 - DEBUG -     [Latent Recursive] Starting 1 steps of latent thinking
2025-10-27 10:45:43,020 - GPU-3 - DEBUG -       [Latent] Step 1/1
2025-10-27 10:45:43,187 - GPU-3 - DEBUG -       [After Latent Recursive] 1 tokens unmasked
2025-10-27 10:45:43,188 - GPU-3 - INFO -   [Cycle 19]
2025-10-27 10:45:43,188 - GPU-3 - DEBUG -     [Latent Recursive] Starting 1 steps of latent thinking
2025-10-27 10:45:43,232 - GPU-3 - DEBUG -       [Latent] Step 1/1
2025-10-27 10:45:43,399 - GPU-3 - DEBUG -       [After Latent Recursive] 1 tokens unmasked
2025-10-27 10:45:43,399 - GPU-3 - INFO -   [Cycle 20]
2025-10-27 10:45:43,400 - GPU-3 - DEBUG -     [Latent Recursive] Starting 1 steps of latent thinking
2025-10-27 10:45:43,444 - GPU-3 - DEBUG -       [Latent] Step 1/1
2025-10-27 10:45:43,611 - GPU-3 - DEBUG -       [After Latent Recursive] 1 tokens unmasked
2025-10-27 10:45:43,611 - GPU-3 - INFO -   [Cycle 21]
2025-10-27 10:45:43,611 - GPU-3 - DEBUG -     [Latent Recursive] Starting 1 steps of latent thinking
2025-10-27 10:45:43,655 - GPU-3 - DEBUG -       [Latent] Step 1/1
2025-10-27 10:45:43,823 - GPU-3 - DEBUG -       [After Latent Recursive] 1 tokens unmasked
2025-10-27 10:45:43,823 - GPU-3 - INFO -   [Cycle 22]
2025-10-27 10:45:43,823 - GPU-3 - DEBUG -     [Latent Recursive] Starting 1 steps of latent thinking
2025-10-27 10:45:43,867 - GPU-3 - DEBUG -       [Latent] Step 1/1
2025-10-27 10:45:44,034 - GPU-3 - DEBUG -       [After Latent Recursive] 1 tokens unmasked
2025-10-27 10:45:44,035 - GPU-3 - INFO -   [Cycle 23]
2025-10-27 10:45:44,035 - GPU-3 - DEBUG -     [Latent Recursive] Starting 1 steps of latent thinking
2025-10-27 10:45:44,079 - GPU-3 - DEBUG -       [Latent] Step 1/1
2025-10-27 10:45:44,246 - GPU-3 - DEBUG -       [After Latent Recursive] 1 tokens unmasked
2025-10-27 10:45:44,247 - GPU-3 - INFO -   [Cycle 24]
2025-10-27 10:45:44,247 - GPU-3 - DEBUG -     [Latent Recursive] Starting 1 steps of latent thinking
2025-10-27 10:45:44,291 - GPU-3 - DEBUG -       [Latent] Step 1/1
2025-10-27 10:45:44,458 - GPU-3 - DEBUG -       [After Latent Recursive] 1 tokens unmasked
2025-10-27 10:45:44,458 - GPU-3 - INFO -   [Cycle 25]
2025-10-27 10:45:44,458 - GPU-3 - DEBUG -     [Latent Recursive] Starting 1 steps of latent thinking
2025-10-27 10:45:44,502 - GPU-3 - DEBUG -       [Latent] Step 1/1
2025-10-27 10:45:44,670 - GPU-3 - DEBUG -       [After Latent Recursive] 1 tokens unmasked
2025-10-27 10:45:44,670 - GPU-3 - INFO -   [Cycle 26]
2025-10-27 10:45:44,670 - GPU-3 - DEBUG -     [Latent Recursive] Starting 1 steps of latent thinking
2025-10-27 10:45:44,714 - GPU-3 - DEBUG -       [Latent] Step 1/1
2025-10-27 10:45:44,882 - GPU-3 - DEBUG -       [After Latent Recursive] 1 tokens unmasked
2025-10-27 10:45:44,882 - GPU-3 - INFO -   [Cycle 27]
2025-10-27 10:45:44,882 - GPU-3 - DEBUG -     [Latent Recursive] Starting 1 steps of latent thinking
2025-10-27 10:45:44,926 - GPU-3 - DEBUG -       [Latent] Step 1/1
2025-10-27 10:45:45,094 - GPU-3 - DEBUG -       [After Latent Recursive] 1 tokens unmasked
2025-10-27 10:45:45,094 - GPU-3 - INFO -   [Cycle 28]
2025-10-27 10:45:45,094 - GPU-3 - DEBUG -     [Latent Recursive] Starting 1 steps of latent thinking
2025-10-27 10:45:45,138 - GPU-3 - DEBUG -       [Latent] Step 1/1
2025-10-27 10:45:45,305 - GPU-3 - DEBUG -       [After Latent Recursive] 1 tokens unmasked
2025-10-27 10:45:45,305 - GPU-3 - INFO -   [Cycle 29]
2025-10-27 10:45:45,306 - GPU-3 - DEBUG -     [Latent Recursive] Starting 1 steps of latent thinking
2025-10-27 10:45:45,349 - GPU-3 - DEBUG -       [Latent] Step 1/1
2025-10-27 10:45:45,517 - GPU-3 - DEBUG -       [After Latent Recursive] 1 tokens unmasked
2025-10-27 10:45:45,517 - GPU-3 - INFO -   [Cycle 30]
2025-10-27 10:45:45,517 - GPU-3 - DEBUG -     [Latent Recursive] Starting 1 steps of latent thinking
2025-10-27 10:45:45,561 - GPU-3 - DEBUG -       [Latent] Step 1/1
2025-10-27 10:45:45,729 - GPU-3 - DEBUG -       [After Latent Recursive] 1 tokens unmasked
2025-10-27 10:45:45,729 - GPU-3 - INFO -   [Cycle 31]
2025-10-27 10:45:45,729 - GPU-3 - DEBUG -     [Latent Recursive] Starting 1 steps of latent thinking
2025-10-27 10:45:45,773 - GPU-3 - DEBUG -       [Latent] Step 1/1
2025-10-27 10:45:45,941 - GPU-3 - DEBUG -       [After Latent Recursive] 1 tokens unmasked
2025-10-27 10:45:45,941 - GPU-3 - INFO - [Block 5/16] Processing tokens 192-224
2025-10-27 10:45:45,941 - GPU-3 - DEBUG - [Block 4] Before forward: use_cache=True, x.shape=torch.Size([1, 576])
2025-10-27 10:45:45,941 - GPU-3 - DEBUG - [Block 4] Model type: LLaDAModelLM
2025-10-27 10:45:45,947 - GPU-3 - DEBUG - [Block 4] Model config use_cache: True
2025-10-27 10:45:45,969 - GPU-3 - DEBUG - [Block 4] After forward: pkv is None? False
2025-10-27 10:45:45,969 - GPU-3 - DEBUG - [Block 4] out type: CausalLMOutputWithPast
2025-10-27 10:45:45,969 - GPU-3 - DEBUG - [Block 4] pkv type: <class 'list'>, len: 32
2025-10-27 10:45:45,969 - GPU-3 - DEBUG - [Block 4] pkv[0] type: <class 'tuple'>, len: 2
2025-10-27 10:45:45,969 - GPU-3 - DEBUG - [Block 4] pkv[0][0].shape: torch.Size([1, 32, 576, 128])
2025-10-27 10:45:46,055 - GPU-3 - INFO -   [Initial Forward] 1 tokens unmasked
2025-10-27 10:45:46,056 - GPU-3 - INFO -   [Cycle 1]
2025-10-27 10:45:46,056 - GPU-3 - DEBUG -     [Latent Recursive] Starting 1 steps of latent thinking
2025-10-27 10:45:46,100 - GPU-3 - DEBUG -       [Latent] Step 1/1
2025-10-27 10:45:46,265 - GPU-3 - DEBUG -       [After Latent Recursive] 1 tokens unmasked
2025-10-27 10:45:46,265 - GPU-3 - INFO -   [Cycle 2]
2025-10-27 10:45:46,266 - GPU-3 - DEBUG -     [Latent Recursive] Starting 1 steps of latent thinking
2025-10-27 10:45:46,309 - GPU-3 - DEBUG -       [Latent] Step 1/1
2025-10-27 10:45:46,474 - GPU-3 - DEBUG -       [After Latent Recursive] 1 tokens unmasked
2025-10-27 10:45:46,475 - GPU-3 - INFO -   [Cycle 3]
2025-10-27 10:45:46,475 - GPU-3 - DEBUG -     [Latent Recursive] Starting 1 steps of latent thinking
2025-10-27 10:45:46,519 - GPU-3 - DEBUG -       [Latent] Step 1/1
2025-10-27 10:45:46,684 - GPU-3 - DEBUG -       [After Latent Recursive] 1 tokens unmasked
2025-10-27 10:45:46,684 - GPU-3 - INFO -   [Cycle 4]
2025-10-27 10:45:46,684 - GPU-3 - DEBUG -     [Latent Recursive] Starting 1 steps of latent thinking
2025-10-27 10:45:46,728 - GPU-3 - DEBUG -       [Latent] Step 1/1
2025-10-27 10:45:46,893 - GPU-3 - DEBUG -       [After Latent Recursive] 1 tokens unmasked
2025-10-27 10:45:46,894 - GPU-3 - INFO -   [Cycle 5]
2025-10-27 10:45:46,894 - GPU-3 - DEBUG -     [Latent Recursive] Starting 1 steps of latent thinking
2025-10-27 10:45:46,938 - GPU-3 - DEBUG -       [Latent] Step 1/1
2025-10-27 10:45:47,103 - GPU-3 - DEBUG -       [After Latent Recursive] 1 tokens unmasked
2025-10-27 10:45:47,103 - GPU-3 - INFO -   [Cycle 6]
2025-10-27 10:45:47,104 - GPU-3 - DEBUG -     [Latent Recursive] Starting 1 steps of latent thinking
2025-10-27 10:45:47,147 - GPU-3 - DEBUG -       [Latent] Step 1/1
2025-10-27 10:45:47,312 - GPU-3 - DEBUG -       [After Latent Recursive] 1 tokens unmasked
2025-10-27 10:45:47,313 - GPU-3 - INFO -   [Cycle 7]
2025-10-27 10:45:47,313 - GPU-3 - DEBUG -     [Latent Recursive] Starting 1 steps of latent thinking
2025-10-27 10:45:47,357 - GPU-3 - DEBUG -       [Latent] Step 1/1
2025-10-27 10:45:47,522 - GPU-3 - DEBUG -       [After Latent Recursive] 1 tokens unmasked
2025-10-27 10:45:47,523 - GPU-3 - INFO -   [Cycle 8]
2025-10-27 10:45:47,523 - GPU-3 - DEBUG -     [Latent Recursive] Starting 1 steps of latent thinking
2025-10-27 10:45:47,567 - GPU-3 - DEBUG -       [Latent] Step 1/1
2025-10-27 10:45:47,732 - GPU-3 - DEBUG -       [After Latent Recursive] 1 tokens unmasked
2025-10-27 10:45:47,732 - GPU-3 - INFO -   [Cycle 9]
2025-10-27 10:45:47,732 - GPU-3 - DEBUG -     [Latent Recursive] Starting 1 steps of latent thinking
2025-10-27 10:45:47,776 - GPU-3 - DEBUG -       [Latent] Step 1/1
2025-10-27 10:45:47,941 - GPU-3 - DEBUG -       [After Latent Recursive] 1 tokens unmasked
2025-10-27 10:45:47,942 - GPU-3 - INFO -   [Cycle 10]
2025-10-27 10:45:47,942 - GPU-3 - DEBUG -     [Latent Recursive] Starting 1 steps of latent thinking
2025-10-27 10:45:47,986 - GPU-3 - DEBUG -       [Latent] Step 1/1
2025-10-27 10:45:48,151 - GPU-3 - DEBUG -       [After Latent Recursive] 1 tokens unmasked
2025-10-27 10:45:48,152 - GPU-3 - INFO -   [Cycle 11]
2025-10-27 10:45:48,152 - GPU-3 - DEBUG -     [Latent Recursive] Starting 1 steps of latent thinking
2025-10-27 10:45:48,196 - GPU-3 - DEBUG -       [Latent] Step 1/1
2025-10-27 10:45:48,361 - GPU-3 - DEBUG -       [After Latent Recursive] 1 tokens unmasked
2025-10-27 10:45:48,361 - GPU-3 - INFO -   [Cycle 12]
2025-10-27 10:45:48,362 - GPU-3 - DEBUG -     [Latent Recursive] Starting 1 steps of latent thinking
2025-10-27 10:45:48,406 - GPU-3 - DEBUG -       [Latent] Step 1/1
2025-10-27 10:45:48,571 - GPU-3 - DEBUG -       [After Latent Recursive] 1 tokens unmasked
2025-10-27 10:45:48,571 - GPU-3 - INFO -   [Cycle 13]
2025-10-27 10:45:48,571 - GPU-3 - DEBUG -     [Latent Recursive] Starting 1 steps of latent thinking
2025-10-27 10:45:48,615 - GPU-3 - DEBUG -       [Latent] Step 1/1
2025-10-27 10:45:48,780 - GPU-3 - DEBUG -       [After Latent Recursive] 1 tokens unmasked
2025-10-27 10:45:48,781 - GPU-3 - INFO -   [Cycle 14]
2025-10-27 10:45:48,781 - GPU-3 - DEBUG -     [Latent Recursive] Starting 1 steps of latent thinking
2025-10-27 10:45:48,825 - GPU-3 - DEBUG -       [Latent] Step 1/1
2025-10-27 10:45:48,990 - GPU-3 - DEBUG -       [After Latent Recursive] 1 tokens unmasked
2025-10-27 10:45:48,991 - GPU-3 - INFO -   [Cycle 15]
2025-10-27 10:45:48,991 - GPU-3 - DEBUG -     [Latent Recursive] Starting 1 steps of latent thinking
2025-10-27 10:45:49,035 - GPU-3 - DEBUG -       [Latent] Step 1/1
2025-10-27 10:45:49,200 - GPU-3 - DEBUG -       [After Latent Recursive] 1 tokens unmasked
2025-10-27 10:45:49,200 - GPU-3 - INFO -   [Cycle 16]
2025-10-27 10:45:49,200 - GPU-3 - DEBUG -     [Latent Recursive] Starting 1 steps of latent thinking
2025-10-27 10:45:49,244 - GPU-3 - DEBUG -       [Latent] Step 1/1
2025-10-27 10:45:49,409 - GPU-3 - DEBUG -       [After Latent Recursive] 1 tokens unmasked
2025-10-27 10:45:49,409 - GPU-3 - INFO -   [Cycle 17]
2025-10-27 10:45:49,409 - GPU-3 - DEBUG -     [Latent Recursive] Starting 1 steps of latent thinking
2025-10-27 10:45:49,453 - GPU-3 - DEBUG -       [Latent] Step 1/1
2025-10-27 10:45:49,618 - GPU-3 - DEBUG -       [After Latent Recursive] 1 tokens unmasked
2025-10-27 10:45:49,619 - GPU-3 - INFO -   [Cycle 18]
2025-10-27 10:45:49,619 - GPU-3 - DEBUG -     [Latent Recursive] Starting 1 steps of latent thinking
2025-10-27 10:45:49,663 - GPU-3 - DEBUG -       [Latent] Step 1/1
2025-10-27 10:45:49,828 - GPU-3 - DEBUG -       [After Latent Recursive] 1 tokens unmasked
2025-10-27 10:45:49,828 - GPU-3 - INFO -   [Cycle 19]
2025-10-27 10:45:49,828 - GPU-3 - DEBUG -     [Latent Recursive] Starting 1 steps of latent thinking
2025-10-27 10:45:49,872 - GPU-3 - DEBUG -       [Latent] Step 1/1
2025-10-27 10:45:50,037 - GPU-3 - DEBUG -       [After Latent Recursive] 1 tokens unmasked
2025-10-27 10:45:50,038 - GPU-3 - INFO -   [Cycle 20]
2025-10-27 10:45:50,038 - GPU-3 - DEBUG -     [Latent Recursive] Starting 1 steps of latent thinking
2025-10-27 10:45:50,082 - GPU-3 - DEBUG -       [Latent] Step 1/1
2025-10-27 10:45:50,247 - GPU-3 - DEBUG -       [After Latent Recursive] 1 tokens unmasked
2025-10-27 10:45:50,248 - GPU-3 - INFO -   [Cycle 21]
2025-10-27 10:45:50,248 - GPU-3 - DEBUG -     [Latent Recursive] Starting 1 steps of latent thinking
2025-10-27 10:45:50,292 - GPU-3 - DEBUG -       [Latent] Step 1/1
2025-10-27 10:45:50,457 - GPU-3 - DEBUG -       [After Latent Recursive] 1 tokens unmasked
2025-10-27 10:45:50,457 - GPU-3 - INFO -   [Cycle 22]
2025-10-27 10:45:50,457 - GPU-3 - DEBUG -     [Latent Recursive] Starting 1 steps of latent thinking
2025-10-27 10:45:50,501 - GPU-3 - DEBUG -       [Latent] Step 1/1
2025-10-27 10:45:50,666 - GPU-3 - DEBUG -       [After Latent Recursive] 1 tokens unmasked
2025-10-27 10:45:50,667 - GPU-3 - INFO -   [Cycle 23]
2025-10-27 10:45:50,667 - GPU-3 - DEBUG -     [Latent Recursive] Starting 1 steps of latent thinking
2025-10-27 10:45:50,711 - GPU-3 - DEBUG -       [Latent] Step 1/1
2025-10-27 10:45:50,876 - GPU-3 - DEBUG -       [After Latent Recursive] 1 tokens unmasked
2025-10-27 10:45:50,876 - GPU-3 - INFO -   [Cycle 24]
2025-10-27 10:45:50,876 - GPU-3 - DEBUG -     [Latent Recursive] Starting 1 steps of latent thinking
2025-10-27 10:45:50,920 - GPU-3 - DEBUG -       [Latent] Step 1/1
2025-10-27 10:45:51,085 - GPU-3 - DEBUG -       [After Latent Recursive] 1 tokens unmasked
2025-10-27 10:45:51,085 - GPU-3 - INFO -   [Cycle 25]
2025-10-27 10:45:51,086 - GPU-3 - DEBUG -     [Latent Recursive] Starting 1 steps of latent thinking
2025-10-27 10:45:51,129 - GPU-3 - DEBUG -       [Latent] Step 1/1
2025-10-27 10:45:51,294 - GPU-3 - DEBUG -       [After Latent Recursive] 1 tokens unmasked
2025-10-27 10:45:51,295 - GPU-3 - INFO -   [Cycle 26]
2025-10-27 10:45:51,295 - GPU-3 - DEBUG -     [Latent Recursive] Starting 1 steps of latent thinking
2025-10-27 10:45:51,339 - GPU-3 - DEBUG -       [Latent] Step 1/1
2025-10-27 10:45:51,504 - GPU-3 - DEBUG -       [After Latent Recursive] 1 tokens unmasked
2025-10-27 10:45:51,504 - GPU-3 - INFO -   [Cycle 27]
2025-10-27 10:45:51,504 - GPU-3 - DEBUG -     [Latent Recursive] Starting 1 steps of latent thinking
2025-10-27 10:45:51,548 - GPU-3 - DEBUG -       [Latent] Step 1/1
2025-10-27 10:45:51,713 - GPU-3 - DEBUG -       [After Latent Recursive] 1 tokens unmasked
2025-10-27 10:45:51,713 - GPU-3 - INFO -   [Cycle 28]
2025-10-27 10:45:51,713 - GPU-3 - DEBUG -     [Latent Recursive] Starting 1 steps of latent thinking
2025-10-27 10:45:51,757 - GPU-3 - DEBUG -       [Latent] Step 1/1
2025-10-27 10:45:51,922 - GPU-3 - DEBUG -       [After Latent Recursive] 1 tokens unmasked
2025-10-27 10:45:51,922 - GPU-3 - INFO -   [Cycle 29]
2025-10-27 10:45:51,923 - GPU-3 - DEBUG -     [Latent Recursive] Starting 1 steps of latent thinking
2025-10-27 10:45:51,966 - GPU-3 - DEBUG -       [Latent] Step 1/1
2025-10-27 10:45:52,131 - GPU-3 - DEBUG -       [After Latent Recursive] 1 tokens unmasked
2025-10-27 10:45:52,132 - GPU-3 - INFO -   [Cycle 30]
2025-10-27 10:45:52,132 - GPU-3 - DEBUG -     [Latent Recursive] Starting 1 steps of latent thinking
2025-10-27 10:45:52,176 - GPU-3 - DEBUG -       [Latent] Step 1/1
2025-10-27 10:45:52,341 - GPU-3 - DEBUG -       [After Latent Recursive] 1 tokens unmasked
2025-10-27 10:45:52,341 - GPU-3 - INFO -   [Cycle 31]
2025-10-27 10:45:52,341 - GPU-3 - DEBUG -     [Latent Recursive] Starting 1 steps of latent thinking
2025-10-27 10:45:52,385 - GPU-3 - DEBUG -       [Latent] Step 1/1
2025-10-27 10:45:52,550 - GPU-3 - DEBUG -       [After Latent Recursive] 1 tokens unmasked
2025-10-27 10:45:52,551 - GPU-3 - INFO - [Block 6/16] Processing tokens 224-256
2025-10-27 10:45:52,551 - GPU-3 - DEBUG - [Block 5] Before forward: use_cache=True, x.shape=torch.Size([1, 576])
2025-10-27 10:45:52,551 - GPU-3 - DEBUG - [Block 5] Model type: LLaDAModelLM
2025-10-27 10:45:52,551 - GPU-3 - DEBUG - [Block 5] Model config use_cache: True
2025-10-27 10:45:52,573 - GPU-3 - DEBUG - [Block 5] After forward: pkv is None? False
2025-10-27 10:45:52,573 - GPU-3 - DEBUG - [Block 5] out type: CausalLMOutputWithPast
2025-10-27 10:45:52,573 - GPU-3 - DEBUG - [Block 5] pkv type: <class 'list'>, len: 32
2025-10-27 10:45:52,573 - GPU-3 - DEBUG - [Block 5] pkv[0] type: <class 'tuple'>, len: 2
2025-10-27 10:45:52,573 - GPU-3 - DEBUG - [Block 5] pkv[0][0].shape: torch.Size([1, 32, 576, 128])
2025-10-27 10:45:52,660 - GPU-3 - INFO -   [Initial Forward] 1 tokens unmasked
2025-10-27 10:45:52,660 - GPU-3 - INFO -   [Cycle 1]
2025-10-27 10:45:52,660 - GPU-3 - DEBUG -     [Latent Recursive] Starting 1 steps of latent thinking
2025-10-27 10:45:52,704 - GPU-3 - DEBUG -       [Latent] Step 1/1
2025-10-27 10:45:52,869 - GPU-3 - DEBUG -       [After Latent Recursive] 1 tokens unmasked
2025-10-27 10:45:52,869 - GPU-3 - INFO -   [Cycle 2]
2025-10-27 10:45:52,869 - GPU-3 - DEBUG -     [Latent Recursive] Starting 1 steps of latent thinking
2025-10-27 10:45:52,913 - GPU-3 - DEBUG -       [Latent] Step 1/1
2025-10-27 10:45:53,077 - GPU-3 - DEBUG -       [After Latent Recursive] 1 tokens unmasked
2025-10-27 10:45:53,078 - GPU-3 - INFO -   [Cycle 3]
2025-10-27 10:45:53,078 - GPU-3 - DEBUG -     [Latent Recursive] Starting 1 steps of latent thinking
2025-10-27 10:45:53,122 - GPU-3 - DEBUG -       [Latent] Step 1/1
2025-10-27 10:45:53,286 - GPU-3 - DEBUG -       [After Latent Recursive] 1 tokens unmasked
2025-10-27 10:45:53,286 - GPU-3 - INFO -   [Cycle 4]
2025-10-27 10:45:53,287 - GPU-3 - DEBUG -     [Latent Recursive] Starting 1 steps of latent thinking
2025-10-27 10:45:53,330 - GPU-3 - DEBUG -       [Latent] Step 1/1
2025-10-27 10:45:53,494 - GPU-3 - DEBUG -       [After Latent Recursive] 1 tokens unmasked
2025-10-27 10:45:53,495 - GPU-3 - INFO -   [Cycle 5]
2025-10-27 10:45:53,495 - GPU-3 - DEBUG -     [Latent Recursive] Starting 1 steps of latent thinking
2025-10-27 10:45:53,539 - GPU-3 - DEBUG -       [Latent] Step 1/1
2025-10-27 10:45:53,703 - GPU-3 - DEBUG -       [After Latent Recursive] 1 tokens unmasked
2025-10-27 10:45:53,703 - GPU-3 - INFO -   [Cycle 6]
2025-10-27 10:45:53,703 - GPU-3 - DEBUG -     [Latent Recursive] Starting 1 steps of latent thinking
2025-10-27 10:45:53,747 - GPU-3 - DEBUG -       [Latent] Step 1/1
2025-10-27 10:45:53,911 - GPU-3 - DEBUG -       [After Latent Recursive] 1 tokens unmasked
2025-10-27 10:45:53,912 - GPU-3 - INFO -   [Cycle 7]
2025-10-27 10:45:53,912 - GPU-3 - DEBUG -     [Latent Recursive] Starting 1 steps of latent thinking
2025-10-27 10:45:53,956 - GPU-3 - DEBUG -       [Latent] Step 1/1
2025-10-27 10:45:54,120 - GPU-3 - DEBUG -       [After Latent Recursive] 1 tokens unmasked
2025-10-27 10:45:54,120 - GPU-3 - INFO -   [Cycle 8]
2025-10-27 10:45:54,121 - GPU-3 - DEBUG -     [Latent Recursive] Starting 1 steps of latent thinking
2025-10-27 10:45:54,164 - GPU-3 - DEBUG -       [Latent] Step 1/1
2025-10-27 10:45:54,329 - GPU-3 - DEBUG -       [After Latent Recursive] 1 tokens unmasked
2025-10-27 10:45:54,329 - GPU-3 - INFO -   [Cycle 9]
2025-10-27 10:45:54,329 - GPU-3 - DEBUG -     [Latent Recursive] Starting 1 steps of latent thinking
2025-10-27 10:45:54,373 - GPU-3 - DEBUG -       [Latent] Step 1/1
2025-10-27 10:45:54,537 - GPU-3 - DEBUG -       [After Latent Recursive] 1 tokens unmasked
2025-10-27 10:45:54,537 - GPU-3 - INFO -   [Cycle 10]
2025-10-27 10:45:54,538 - GPU-3 - DEBUG -     [Latent Recursive] Starting 1 steps of latent thinking
2025-10-27 10:45:54,581 - GPU-3 - DEBUG -       [Latent] Step 1/1
2025-10-27 10:45:54,746 - GPU-3 - DEBUG -       [After Latent Recursive] 1 tokens unmasked
2025-10-27 10:45:54,746 - GPU-3 - INFO -   [Cycle 11]
2025-10-27 10:45:54,746 - GPU-3 - DEBUG -     [Latent Recursive] Starting 1 steps of latent thinking
2025-10-27 10:45:54,790 - GPU-3 - DEBUG -       [Latent] Step 1/1
2025-10-27 10:45:54,954 - GPU-3 - DEBUG -       [After Latent Recursive] 1 tokens unmasked
2025-10-27 10:45:54,954 - GPU-3 - INFO -   [Cycle 12]
2025-10-27 10:45:54,954 - GPU-3 - DEBUG -     [Latent Recursive] Starting 1 steps of latent thinking
2025-10-27 10:45:54,998 - GPU-3 - DEBUG -       [Latent] Step 1/1
2025-10-27 10:45:55,162 - GPU-3 - DEBUG -       [After Latent Recursive] 1 tokens unmasked
2025-10-27 10:45:55,162 - GPU-3 - INFO -   [Cycle 13]
2025-10-27 10:45:55,163 - GPU-3 - DEBUG -     [Latent Recursive] Starting 1 steps of latent thinking
2025-10-27 10:45:55,207 - GPU-3 - DEBUG -       [Latent] Step 1/1
2025-10-27 10:45:55,370 - GPU-3 - DEBUG -       [After Latent Recursive] 1 tokens unmasked
2025-10-27 10:45:55,371 - GPU-3 - INFO -   [Cycle 14]
2025-10-27 10:45:55,371 - GPU-3 - DEBUG -     [Latent Recursive] Starting 1 steps of latent thinking
2025-10-27 10:45:55,415 - GPU-3 - DEBUG -       [Latent] Step 1/1
2025-10-27 10:45:55,579 - GPU-3 - DEBUG -       [After Latent Recursive] 1 tokens unmasked
2025-10-27 10:45:55,579 - GPU-3 - INFO -   [Cycle 15]
2025-10-27 10:45:55,579 - GPU-3 - DEBUG -     [Latent Recursive] Starting 1 steps of latent thinking
2025-10-27 10:45:55,623 - GPU-3 - DEBUG -       [Latent] Step 1/1
2025-10-27 10:45:55,787 - GPU-3 - DEBUG -       [After Latent Recursive] 1 tokens unmasked
2025-10-27 10:45:55,788 - GPU-3 - INFO -   [Cycle 16]
2025-10-27 10:45:55,788 - GPU-3 - DEBUG -     [Latent Recursive] Starting 1 steps of latent thinking
2025-10-27 10:45:55,832 - GPU-3 - DEBUG -       [Latent] Step 1/1
2025-10-27 10:45:55,995 - GPU-3 - DEBUG -       [After Latent Recursive] 1 tokens unmasked
2025-10-27 10:45:55,996 - GPU-3 - INFO -   [Cycle 17]
2025-10-27 10:45:55,996 - GPU-3 - DEBUG -     [Latent Recursive] Starting 1 steps of latent thinking
2025-10-27 10:45:56,040 - GPU-3 - DEBUG -       [Latent] Step 1/1
2025-10-27 10:45:56,204 - GPU-3 - DEBUG -       [After Latent Recursive] 1 tokens unmasked
2025-10-27 10:45:56,204 - GPU-3 - INFO -   [Cycle 18]
2025-10-27 10:45:56,204 - GPU-3 - DEBUG -     [Latent Recursive] Starting 1 steps of latent thinking
2025-10-27 10:45:56,248 - GPU-3 - DEBUG -       [Latent] Step 1/1
2025-10-27 10:45:56,412 - GPU-3 - DEBUG -       [After Latent Recursive] 1 tokens unmasked
2025-10-27 10:45:56,412 - GPU-3 - INFO -   [Cycle 19]
2025-10-27 10:45:56,412 - GPU-3 - DEBUG -     [Latent Recursive] Starting 1 steps of latent thinking
2025-10-27 10:45:56,456 - GPU-3 - DEBUG -       [Latent] Step 1/1
2025-10-27 10:45:56,620 - GPU-3 - DEBUG -       [After Latent Recursive] 1 tokens unmasked
2025-10-27 10:45:56,620 - GPU-3 - INFO -   [Cycle 20]
2025-10-27 10:45:56,620 - GPU-3 - DEBUG -     [Latent Recursive] Starting 1 steps of latent thinking
2025-10-27 10:45:56,664 - GPU-3 - DEBUG -       [Latent] Step 1/1
2025-10-27 10:45:56,828 - GPU-3 - DEBUG -       [After Latent Recursive] 1 tokens unmasked
2025-10-27 10:45:56,828 - GPU-3 - INFO -   [Cycle 21]
2025-10-27 10:45:56,828 - GPU-3 - DEBUG -     [Latent Recursive] Starting 1 steps of latent thinking
2025-10-27 10:45:56,872 - GPU-3 - DEBUG -       [Latent] Step 1/1
2025-10-27 10:45:57,036 - GPU-3 - DEBUG -       [After Latent Recursive] 1 tokens unmasked
2025-10-27 10:45:57,036 - GPU-3 - INFO -   [Cycle 22]
2025-10-27 10:45:57,036 - GPU-3 - DEBUG -     [Latent Recursive] Starting 1 steps of latent thinking
2025-10-27 10:45:57,080 - GPU-3 - DEBUG -       [Latent] Step 1/1
2025-10-27 10:45:57,244 - GPU-3 - DEBUG -       [After Latent Recursive] 1 tokens unmasked
2025-10-27 10:45:57,244 - GPU-3 - INFO -   [Cycle 23]
2025-10-27 10:45:57,244 - GPU-3 - DEBUG -     [Latent Recursive] Starting 1 steps of latent thinking
2025-10-27 10:45:57,288 - GPU-3 - DEBUG -       [Latent] Step 1/1
2025-10-27 10:45:57,452 - GPU-3 - DEBUG -       [After Latent Recursive] 1 tokens unmasked
2025-10-27 10:45:57,453 - GPU-3 - INFO -   [Cycle 24]
2025-10-27 10:45:57,453 - GPU-3 - DEBUG -     [Latent Recursive] Starting 1 steps of latent thinking
2025-10-27 10:45:57,496 - GPU-3 - DEBUG -       [Latent] Step 1/1
2025-10-27 10:45:57,660 - GPU-3 - DEBUG -       [After Latent Recursive] 1 tokens unmasked
2025-10-27 10:45:57,661 - GPU-3 - INFO -   [Cycle 25]
2025-10-27 10:45:57,661 - GPU-3 - DEBUG -     [Latent Recursive] Starting 1 steps of latent thinking
2025-10-27 10:45:57,704 - GPU-3 - DEBUG -       [Latent] Step 1/1
2025-10-27 10:45:57,868 - GPU-3 - DEBUG -       [After Latent Recursive] 1 tokens unmasked
2025-10-27 10:45:57,869 - GPU-3 - INFO -   [Cycle 26]
2025-10-27 10:45:57,869 - GPU-3 - DEBUG -     [Latent Recursive] Starting 1 steps of latent thinking
2025-10-27 10:45:57,913 - GPU-3 - DEBUG -       [Latent] Step 1/1
2025-10-27 10:45:58,077 - GPU-3 - DEBUG -       [After Latent Recursive] 1 tokens unmasked
2025-10-27 10:45:58,077 - GPU-3 - INFO -   [Cycle 27]
2025-10-27 10:45:58,077 - GPU-3 - DEBUG -     [Latent Recursive] Starting 1 steps of latent thinking
2025-10-27 10:45:58,121 - GPU-3 - DEBUG -       [Latent] Step 1/1
2025-10-27 10:45:58,285 - GPU-3 - DEBUG -       [After Latent Recursive] 1 tokens unmasked
2025-10-27 10:45:58,286 - GPU-3 - INFO -   [Cycle 28]
2025-10-27 10:45:58,286 - GPU-3 - DEBUG -     [Latent Recursive] Starting 1 steps of latent thinking
2025-10-27 10:45:58,330 - GPU-3 - DEBUG -       [Latent] Step 1/1
2025-10-27 10:45:58,493 - GPU-3 - DEBUG -       [After Latent Recursive] 1 tokens unmasked
2025-10-27 10:45:58,494 - GPU-3 - INFO -   [Cycle 29]
2025-10-27 10:45:58,494 - GPU-3 - DEBUG -     [Latent Recursive] Starting 1 steps of latent thinking
2025-10-27 10:45:58,538 - GPU-3 - DEBUG -       [Latent] Step 1/1
2025-10-27 10:45:58,702 - GPU-3 - DEBUG -       [After Latent Recursive] 1 tokens unmasked
2025-10-27 10:45:58,702 - GPU-3 - INFO -   [Cycle 30]
2025-10-27 10:45:58,702 - GPU-3 - DEBUG -     [Latent Recursive] Starting 1 steps of latent thinking
2025-10-27 10:45:58,746 - GPU-3 - DEBUG -       [Latent] Step 1/1
2025-10-27 10:45:58,910 - GPU-3 - DEBUG -       [After Latent Recursive] 1 tokens unmasked
2025-10-27 10:45:58,910 - GPU-3 - INFO -   [Cycle 31]
2025-10-27 10:45:58,910 - GPU-3 - DEBUG -     [Latent Recursive] Starting 1 steps of latent thinking
2025-10-27 10:45:58,954 - GPU-3 - DEBUG -       [Latent] Step 1/1
2025-10-27 10:45:59,119 - GPU-3 - DEBUG -       [After Latent Recursive] 1 tokens unmasked
2025-10-27 10:45:59,119 - GPU-3 - INFO - [Block 7/16] Processing tokens 256-288
2025-10-27 10:45:59,119 - GPU-3 - DEBUG - [Block 6] Before forward: use_cache=True, x.shape=torch.Size([1, 576])
2025-10-27 10:45:59,119 - GPU-3 - DEBUG - [Block 6] Model type: LLaDAModelLM
2025-10-27 10:45:59,120 - GPU-3 - DEBUG - [Block 6] Model config use_cache: True
2025-10-27 10:45:59,141 - GPU-3 - DEBUG - [Block 6] After forward: pkv is None? False
2025-10-27 10:45:59,142 - GPU-3 - DEBUG - [Block 6] out type: CausalLMOutputWithPast
2025-10-27 10:45:59,142 - GPU-3 - DEBUG - [Block 6] pkv type: <class 'list'>, len: 32
2025-10-27 10:45:59,142 - GPU-3 - DEBUG - [Block 6] pkv[0] type: <class 'tuple'>, len: 2
2025-10-27 10:45:59,142 - GPU-3 - DEBUG - [Block 6] pkv[0][0].shape: torch.Size([1, 32, 576, 128])
2025-10-27 10:45:59,228 - GPU-3 - INFO -   [Initial Forward] 1 tokens unmasked
2025-10-27 10:45:59,228 - GPU-3 - INFO -   [Cycle 1]
2025-10-27 10:45:59,229 - GPU-3 - DEBUG -     [Latent Recursive] Starting 1 steps of latent thinking
2025-10-27 10:45:59,273 - GPU-3 - DEBUG -       [Latent] Step 1/1
2025-10-27 10:45:59,436 - GPU-3 - DEBUG -       [After Latent Recursive] 1 tokens unmasked
2025-10-27 10:45:59,436 - GPU-3 - INFO -   [Cycle 2]
2025-10-27 10:45:59,437 - GPU-3 - DEBUG -     [Latent Recursive] Starting 1 steps of latent thinking
2025-10-27 10:45:59,481 - GPU-3 - DEBUG -       [Latent] Step 1/1
2025-10-27 10:45:59,644 - GPU-3 - DEBUG -       [After Latent Recursive] 1 tokens unmasked
2025-10-27 10:45:59,644 - GPU-3 - INFO -   [Cycle 3]
2025-10-27 10:45:59,644 - GPU-3 - DEBUG -     [Latent Recursive] Starting 1 steps of latent thinking
2025-10-27 10:45:59,688 - GPU-3 - DEBUG -       [Latent] Step 1/1
2025-10-27 10:45:59,851 - GPU-3 - DEBUG -       [After Latent Recursive] 1 tokens unmasked
2025-10-27 10:45:59,852 - GPU-3 - INFO -   [Cycle 4]
2025-10-27 10:45:59,852 - GPU-3 - DEBUG -     [Latent Recursive] Starting 1 steps of latent thinking
2025-10-27 10:45:59,896 - GPU-3 - DEBUG -       [Latent] Step 1/1
2025-10-27 10:46:00,059 - GPU-3 - DEBUG -       [After Latent Recursive] 1 tokens unmasked
2025-10-27 10:46:00,059 - GPU-3 - INFO -   [Cycle 5]
2025-10-27 10:46:00,060 - GPU-3 - DEBUG -     [Latent Recursive] Starting 1 steps of latent thinking
2025-10-27 10:46:00,103 - GPU-3 - DEBUG -       [Latent] Step 1/1
2025-10-27 10:46:00,267 - GPU-3 - DEBUG -       [After Latent Recursive] 1 tokens unmasked
2025-10-27 10:46:00,267 - GPU-3 - INFO -   [Cycle 6]
2025-10-27 10:46:00,267 - GPU-3 - DEBUG -     [Latent Recursive] Starting 1 steps of latent thinking
2025-10-27 10:46:00,311 - GPU-3 - DEBUG -       [Latent] Step 1/1
2025-10-27 10:46:00,474 - GPU-3 - DEBUG -       [After Latent Recursive] 1 tokens unmasked
2025-10-27 10:46:00,475 - GPU-3 - INFO -   [Cycle 7]
2025-10-27 10:46:00,475 - GPU-3 - DEBUG -     [Latent Recursive] Starting 1 steps of latent thinking
2025-10-27 10:46:00,519 - GPU-3 - DEBUG -       [Latent] Step 1/1
2025-10-27 10:46:00,682 - GPU-3 - DEBUG -       [After Latent Recursive] 1 tokens unmasked
2025-10-27 10:46:00,683 - GPU-3 - INFO -   [Cycle 8]
2025-10-27 10:46:00,683 - GPU-3 - DEBUG -     [Latent Recursive] Starting 1 steps of latent thinking
2025-10-27 10:46:00,727 - GPU-3 - DEBUG -       [Latent] Step 1/1
2025-10-27 10:46:00,890 - GPU-3 - DEBUG -       [After Latent Recursive] 1 tokens unmasked
2025-10-27 10:46:00,890 - GPU-3 - INFO -   [Cycle 9]
2025-10-27 10:46:00,890 - GPU-3 - DEBUG -     [Latent Recursive] Starting 1 steps of latent thinking
2025-10-27 10:46:00,934 - GPU-3 - DEBUG -       [Latent] Step 1/1
2025-10-27 10:46:01,098 - GPU-3 - DEBUG -       [After Latent Recursive] 1 tokens unmasked
2025-10-27 10:46:01,098 - GPU-3 - INFO -   [Cycle 10]
2025-10-27 10:46:01,098 - GPU-3 - DEBUG -     [Latent Recursive] Starting 1 steps of latent thinking
2025-10-27 10:46:01,142 - GPU-3 - DEBUG -       [Latent] Step 1/1
2025-10-27 10:46:01,305 - GPU-3 - DEBUG -       [After Latent Recursive] 1 tokens unmasked
2025-10-27 10:46:01,306 - GPU-3 - INFO -   [Cycle 11]
2025-10-27 10:46:01,306 - GPU-3 - DEBUG -     [Latent Recursive] Starting 1 steps of latent thinking
2025-10-27 10:46:01,350 - GPU-3 - DEBUG -       [Latent] Step 1/1
2025-10-27 10:46:01,513 - GPU-3 - DEBUG -       [After Latent Recursive] 1 tokens unmasked
2025-10-27 10:46:01,513 - GPU-3 - INFO -   [Cycle 12]
2025-10-27 10:46:01,513 - GPU-3 - DEBUG -     [Latent Recursive] Starting 1 steps of latent thinking
2025-10-27 10:46:01,557 - GPU-3 - DEBUG -       [Latent] Step 1/1
2025-10-27 10:46:01,720 - GPU-3 - DEBUG -       [After Latent Recursive] 1 tokens unmasked
2025-10-27 10:46:01,721 - GPU-3 - INFO -   [Cycle 13]
2025-10-27 10:46:01,721 - GPU-3 - DEBUG -     [Latent Recursive] Starting 1 steps of latent thinking
2025-10-27 10:46:01,765 - GPU-3 - DEBUG -       [Latent] Step 1/1
2025-10-27 10:46:01,928 - GPU-3 - DEBUG -       [After Latent Recursive] 1 tokens unmasked
2025-10-27 10:46:01,929 - GPU-3 - INFO -   [Cycle 14]
2025-10-27 10:46:01,929 - GPU-3 - DEBUG -     [Latent Recursive] Starting 1 steps of latent thinking
2025-10-27 10:46:01,973 - GPU-3 - DEBUG -       [Latent] Step 1/1
2025-10-27 10:46:02,137 - GPU-3 - DEBUG -       [After Latent Recursive] 1 tokens unmasked
2025-10-27 10:46:02,137 - GPU-3 - INFO -   [Cycle 15]
2025-10-27 10:46:02,137 - GPU-3 - DEBUG -     [Latent Recursive] Starting 1 steps of latent thinking
2025-10-27 10:46:02,181 - GPU-3 - DEBUG -       [Latent] Step 1/1
2025-10-27 10:46:02,345 - GPU-3 - DEBUG -       [After Latent Recursive] 1 tokens unmasked
2025-10-27 10:46:02,345 - GPU-3 - INFO -   [Cycle 16]
2025-10-27 10:46:02,345 - GPU-3 - DEBUG -     [Latent Recursive] Starting 1 steps of latent thinking
2025-10-27 10:46:02,389 - GPU-3 - DEBUG -       [Latent] Step 1/1
2025-10-27 10:46:02,552 - GPU-3 - DEBUG -       [After Latent Recursive] 1 tokens unmasked
2025-10-27 10:46:02,553 - GPU-3 - INFO -   [Cycle 17]
2025-10-27 10:46:02,553 - GPU-3 - DEBUG -     [Latent Recursive] Starting 1 steps of latent thinking
2025-10-27 10:46:02,597 - GPU-3 - DEBUG -       [Latent] Step 1/1
2025-10-27 10:46:02,760 - GPU-3 - DEBUG -       [After Latent Recursive] 1 tokens unmasked
2025-10-27 10:46:02,761 - GPU-3 - INFO -   [Cycle 18]
2025-10-27 10:46:02,761 - GPU-3 - DEBUG -     [Latent Recursive] Starting 1 steps of latent thinking
2025-10-27 10:46:02,805 - GPU-3 - DEBUG -       [Latent] Step 1/1
2025-10-27 10:46:02,968 - GPU-3 - DEBUG -       [After Latent Recursive] 1 tokens unmasked
2025-10-27 10:46:02,968 - GPU-3 - INFO -   [Cycle 19]
2025-10-27 10:46:02,968 - GPU-3 - DEBUG -     [Latent Recursive] Starting 1 steps of latent thinking
2025-10-27 10:46:03,012 - GPU-3 - DEBUG -       [Latent] Step 1/1
2025-10-27 10:46:03,175 - GPU-3 - DEBUG -       [After Latent Recursive] 1 tokens unmasked
2025-10-27 10:46:03,176 - GPU-3 - INFO -   [Cycle 20]
2025-10-27 10:46:03,176 - GPU-3 - DEBUG -     [Latent Recursive] Starting 1 steps of latent thinking
2025-10-27 10:46:03,220 - GPU-3 - DEBUG -       [Latent] Step 1/1
2025-10-27 10:46:03,383 - GPU-3 - DEBUG -       [After Latent Recursive] 1 tokens unmasked
2025-10-27 10:46:03,383 - GPU-3 - INFO -   [Cycle 21]
2025-10-27 10:46:03,384 - GPU-3 - DEBUG -     [Latent Recursive] Starting 1 steps of latent thinking
2025-10-27 10:46:03,427 - GPU-3 - DEBUG -       [Latent] Step 1/1
2025-10-27 10:46:03,591 - GPU-3 - DEBUG -       [After Latent Recursive] 1 tokens unmasked
2025-10-27 10:46:03,591 - GPU-3 - INFO -   [Cycle 22]
2025-10-27 10:46:03,591 - GPU-3 - DEBUG -     [Latent Recursive] Starting 1 steps of latent thinking
2025-10-27 10:46:03,635 - GPU-3 - DEBUG -       [Latent] Step 1/1
2025-10-27 10:46:03,798 - GPU-3 - DEBUG -       [After Latent Recursive] 1 tokens unmasked
2025-10-27 10:46:03,799 - GPU-3 - INFO -   [Cycle 23]
2025-10-27 10:46:03,799 - GPU-3 - DEBUG -     [Latent Recursive] Starting 1 steps of latent thinking
2025-10-27 10:46:03,842 - GPU-3 - DEBUG -       [Latent] Step 1/1
2025-10-27 10:46:04,006 - GPU-3 - DEBUG -       [After Latent Recursive] 1 tokens unmasked
2025-10-27 10:46:04,006 - GPU-3 - INFO -   [Cycle 24]
2025-10-27 10:46:04,006 - GPU-3 - DEBUG -     [Latent Recursive] Starting 1 steps of latent thinking
2025-10-27 10:46:04,050 - GPU-3 - DEBUG -       [Latent] Step 1/1
2025-10-27 10:46:04,213 - GPU-3 - DEBUG -       [After Latent Recursive] 1 tokens unmasked
2025-10-27 10:46:04,214 - GPU-3 - INFO -   [Cycle 25]
2025-10-27 10:46:04,214 - GPU-3 - DEBUG -     [Latent Recursive] Starting 1 steps of latent thinking
2025-10-27 10:46:04,257 - GPU-3 - DEBUG -       [Latent] Step 1/1
2025-10-27 10:46:04,421 - GPU-3 - DEBUG -       [After Latent Recursive] 1 tokens unmasked
2025-10-27 10:46:04,421 - GPU-3 - INFO -   [Cycle 26]
2025-10-27 10:46:04,421 - GPU-3 - DEBUG -     [Latent Recursive] Starting 1 steps of latent thinking
2025-10-27 10:46:04,465 - GPU-3 - DEBUG -       [Latent] Step 1/1
2025-10-27 10:46:04,629 - GPU-3 - DEBUG -       [After Latent Recursive] 1 tokens unmasked
2025-10-27 10:46:04,629 - GPU-3 - INFO -   [Cycle 27]
2025-10-27 10:46:04,629 - GPU-3 - DEBUG -     [Latent Recursive] Starting 1 steps of latent thinking
2025-10-27 10:46:04,673 - GPU-3 - DEBUG -       [Latent] Step 1/1
2025-10-27 10:46:04,836 - GPU-3 - DEBUG -       [After Latent Recursive] 1 tokens unmasked
2025-10-27 10:46:04,837 - GPU-3 - INFO -   [Cycle 28]
2025-10-27 10:46:04,837 - GPU-3 - DEBUG -     [Latent Recursive] Starting 1 steps of latent thinking
2025-10-27 10:46:04,881 - GPU-3 - DEBUG -       [Latent] Step 1/1
2025-10-27 10:46:05,044 - GPU-3 - DEBUG -       [After Latent Recursive] 1 tokens unmasked
2025-10-27 10:46:05,044 - GPU-3 - INFO -   [Cycle 29]
2025-10-27 10:46:05,045 - GPU-3 - DEBUG -     [Latent Recursive] Starting 1 steps of latent thinking
2025-10-27 10:46:05,088 - GPU-3 - DEBUG -       [Latent] Step 1/1
2025-10-27 10:46:05,252 - GPU-3 - DEBUG -       [After Latent Recursive] 1 tokens unmasked
2025-10-27 10:46:05,252 - GPU-3 - INFO -   [Cycle 30]
2025-10-27 10:46:05,252 - GPU-3 - DEBUG -     [Latent Recursive] Starting 1 steps of latent thinking
2025-10-27 10:46:05,296 - GPU-3 - DEBUG -       [Latent] Step 1/1
2025-10-27 10:46:05,459 - GPU-3 - DEBUG -       [After Latent Recursive] 1 tokens unmasked
2025-10-27 10:46:05,460 - GPU-3 - INFO -   [Cycle 31]
2025-10-27 10:46:05,460 - GPU-3 - DEBUG -     [Latent Recursive] Starting 1 steps of latent thinking
2025-10-27 10:46:05,504 - GPU-3 - DEBUG -       [Latent] Step 1/1
2025-10-27 10:46:05,667 - GPU-3 - DEBUG -       [After Latent Recursive] 1 tokens unmasked
2025-10-27 10:46:05,668 - GPU-3 - INFO - [Block 8/16] Processing tokens 288-320
2025-10-27 10:46:05,668 - GPU-3 - DEBUG - [Block 7] Before forward: use_cache=True, x.shape=torch.Size([1, 576])
2025-10-27 10:46:05,668 - GPU-3 - DEBUG - [Block 7] Model type: LLaDAModelLM
2025-10-27 10:46:05,668 - GPU-3 - DEBUG - [Block 7] Model config use_cache: True
2025-10-27 10:46:05,690 - GPU-3 - DEBUG - [Block 7] After forward: pkv is None? False
2025-10-27 10:46:05,690 - GPU-3 - DEBUG - [Block 7] out type: CausalLMOutputWithPast
2025-10-27 10:46:05,690 - GPU-3 - DEBUG - [Block 7] pkv type: <class 'list'>, len: 32
2025-10-27 10:46:05,691 - GPU-3 - DEBUG - [Block 7] pkv[0] type: <class 'tuple'>, len: 2
2025-10-27 10:46:05,691 - GPU-3 - DEBUG - [Block 7] pkv[0][0].shape: torch.Size([1, 32, 576, 128])
2025-10-27 10:46:05,777 - GPU-3 - INFO -   [Initial Forward] 1 tokens unmasked
2025-10-27 10:46:05,777 - GPU-3 - INFO -   [Cycle 1]
2025-10-27 10:46:05,777 - GPU-3 - DEBUG -     [Latent Recursive] Starting 1 steps of latent thinking
2025-10-27 10:46:05,821 - GPU-3 - DEBUG -       [Latent] Step 1/1
2025-10-27 10:46:05,982 - GPU-3 - DEBUG -       [After Latent Recursive] 1 tokens unmasked
2025-10-27 10:46:05,983 - GPU-3 - INFO -   [Cycle 2]
2025-10-27 10:46:05,983 - GPU-3 - DEBUG -     [Latent Recursive] Starting 1 steps of latent thinking
2025-10-27 10:46:06,027 - GPU-3 - DEBUG -       [Latent] Step 1/1
2025-10-27 10:46:06,188 - GPU-3 - DEBUG -       [After Latent Recursive] 1 tokens unmasked
2025-10-27 10:46:06,189 - GPU-3 - INFO -   [Cycle 3]
2025-10-27 10:46:06,189 - GPU-3 - DEBUG -     [Latent Recursive] Starting 1 steps of latent thinking
2025-10-27 10:46:06,233 - GPU-3 - DEBUG -       [Latent] Step 1/1
2025-10-27 10:46:06,394 - GPU-3 - DEBUG -       [After Latent Recursive] 1 tokens unmasked
2025-10-27 10:46:06,394 - GPU-3 - INFO -   [Cycle 4]
2025-10-27 10:46:06,394 - GPU-3 - DEBUG -     [Latent Recursive] Starting 1 steps of latent thinking
2025-10-27 10:46:06,438 - GPU-3 - DEBUG -       [Latent] Step 1/1
2025-10-27 10:46:06,599 - GPU-3 - DEBUG -       [After Latent Recursive] 1 tokens unmasked
2025-10-27 10:46:06,599 - GPU-3 - INFO -   [Cycle 5]
2025-10-27 10:46:06,599 - GPU-3 - DEBUG -     [Latent Recursive] Starting 1 steps of latent thinking
2025-10-27 10:46:06,643 - GPU-3 - DEBUG -       [Latent] Step 1/1
2025-10-27 10:46:06,805 - GPU-3 - DEBUG -       [After Latent Recursive] 1 tokens unmasked
2025-10-27 10:46:06,805 - GPU-3 - INFO -   [Cycle 6]
2025-10-27 10:46:06,805 - GPU-3 - DEBUG -     [Latent Recursive] Starting 1 steps of latent thinking
2025-10-27 10:46:06,849 - GPU-3 - DEBUG -       [Latent] Step 1/1
2025-10-27 10:46:07,010 - GPU-3 - DEBUG -       [After Latent Recursive] 1 tokens unmasked
2025-10-27 10:46:07,010 - GPU-3 - INFO -   [Cycle 7]
2025-10-27 10:46:07,010 - GPU-3 - DEBUG -     [Latent Recursive] Starting 1 steps of latent thinking
2025-10-27 10:46:07,054 - GPU-3 - DEBUG -       [Latent] Step 1/1
2025-10-27 10:46:07,215 - GPU-3 - DEBUG -       [After Latent Recursive] 1 tokens unmasked
2025-10-27 10:46:07,216 - GPU-3 - INFO -   [Cycle 8]
2025-10-27 10:46:07,216 - GPU-3 - DEBUG -     [Latent Recursive] Starting 1 steps of latent thinking
2025-10-27 10:46:07,260 - GPU-3 - DEBUG -       [Latent] Step 1/1
2025-10-27 10:46:07,421 - GPU-3 - DEBUG -       [After Latent Recursive] 1 tokens unmasked
2025-10-27 10:46:07,421 - GPU-3 - INFO -   [Cycle 9]
2025-10-27 10:46:07,421 - GPU-3 - DEBUG -     [Latent Recursive] Starting 1 steps of latent thinking
2025-10-27 10:46:07,465 - GPU-3 - DEBUG -       [Latent] Step 1/1
2025-10-27 10:46:07,626 - GPU-3 - DEBUG -       [After Latent Recursive] 1 tokens unmasked
2025-10-27 10:46:07,627 - GPU-3 - INFO -   [Cycle 10]
2025-10-27 10:46:07,627 - GPU-3 - DEBUG -     [Latent Recursive] Starting 1 steps of latent thinking
2025-10-27 10:46:07,671 - GPU-3 - DEBUG -       [Latent] Step 1/1
2025-10-27 10:46:07,832 - GPU-3 - DEBUG -       [After Latent Recursive] 1 tokens unmasked
2025-10-27 10:46:07,832 - GPU-3 - INFO -   [Cycle 11]
2025-10-27 10:46:07,832 - GPU-3 - DEBUG -     [Latent Recursive] Starting 1 steps of latent thinking
2025-10-27 10:46:07,876 - GPU-3 - DEBUG -       [Latent] Step 1/1
2025-10-27 10:46:08,037 - GPU-3 - DEBUG -       [After Latent Recursive] 1 tokens unmasked
2025-10-27 10:46:08,038 - GPU-3 - INFO -   [Cycle 12]
2025-10-27 10:46:08,038 - GPU-3 - DEBUG -     [Latent Recursive] Starting 1 steps of latent thinking
2025-10-27 10:46:08,082 - GPU-3 - DEBUG -       [Latent] Step 1/1
2025-10-27 10:46:08,242 - GPU-3 - DEBUG -       [After Latent Recursive] 1 tokens unmasked
2025-10-27 10:46:08,243 - GPU-3 - INFO -   [Cycle 13]
2025-10-27 10:46:08,243 - GPU-3 - DEBUG -     [Latent Recursive] Starting 1 steps of latent thinking
2025-10-27 10:46:08,287 - GPU-3 - DEBUG -       [Latent] Step 1/1
2025-10-27 10:46:08,448 - GPU-3 - DEBUG -       [After Latent Recursive] 1 tokens unmasked
2025-10-27 10:46:08,449 - GPU-3 - INFO -   [Cycle 14]
2025-10-27 10:46:08,449 - GPU-3 - DEBUG -     [Latent Recursive] Starting 1 steps of latent thinking
2025-10-27 10:46:08,493 - GPU-3 - DEBUG -       [Latent] Step 1/1
2025-10-27 10:46:08,653 - GPU-3 - DEBUG -       [After Latent Recursive] 1 tokens unmasked
2025-10-27 10:46:08,654 - GPU-3 - INFO -   [Cycle 15]
2025-10-27 10:46:08,654 - GPU-3 - DEBUG -     [Latent Recursive] Starting 1 steps of latent thinking
2025-10-27 10:46:08,698 - GPU-3 - DEBUG -       [Latent] Step 1/1
2025-10-27 10:46:08,859 - GPU-3 - DEBUG -       [After Latent Recursive] 1 tokens unmasked
2025-10-27 10:46:08,859 - GPU-3 - INFO -   [Cycle 16]
2025-10-27 10:46:08,859 - GPU-3 - DEBUG -     [Latent Recursive] Starting 1 steps of latent thinking
2025-10-27 10:46:08,903 - GPU-3 - DEBUG -       [Latent] Step 1/1
2025-10-27 10:46:09,064 - GPU-3 - DEBUG -       [After Latent Recursive] 1 tokens unmasked
2025-10-27 10:46:09,064 - GPU-3 - INFO -   [Cycle 17]
2025-10-27 10:46:09,065 - GPU-3 - DEBUG -     [Latent Recursive] Starting 1 steps of latent thinking
2025-10-27 10:46:09,109 - GPU-3 - DEBUG -       [Latent] Step 1/1
2025-10-27 10:46:09,270 - GPU-3 - DEBUG -       [After Latent Recursive] 1 tokens unmasked
2025-10-27 10:46:09,270 - GPU-3 - INFO -   [Cycle 18]
2025-10-27 10:46:09,270 - GPU-3 - DEBUG -     [Latent Recursive] Starting 1 steps of latent thinking
2025-10-27 10:46:09,314 - GPU-3 - DEBUG -       [Latent] Step 1/1
2025-10-27 10:46:09,475 - GPU-3 - DEBUG -       [After Latent Recursive] 1 tokens unmasked
2025-10-27 10:46:09,475 - GPU-3 - INFO -   [Cycle 19]
2025-10-27 10:46:09,475 - GPU-3 - DEBUG -     [Latent Recursive] Starting 1 steps of latent thinking
2025-10-27 10:46:09,519 - GPU-3 - DEBUG -       [Latent] Step 1/1
2025-10-27 10:46:09,681 - GPU-3 - DEBUG -       [After Latent Recursive] 1 tokens unmasked
2025-10-27 10:46:09,681 - GPU-3 - INFO -   [Cycle 20]
2025-10-27 10:46:09,681 - GPU-3 - DEBUG -     [Latent Recursive] Starting 1 steps of latent thinking
2025-10-27 10:46:09,725 - GPU-3 - DEBUG -       [Latent] Step 1/1
2025-10-27 10:46:09,886 - GPU-3 - DEBUG -       [After Latent Recursive] 1 tokens unmasked
2025-10-27 10:46:09,886 - GPU-3 - INFO -   [Cycle 21]
2025-10-27 10:46:09,886 - GPU-3 - DEBUG -     [Latent Recursive] Starting 1 steps of latent thinking
2025-10-27 10:46:09,930 - GPU-3 - DEBUG -       [Latent] Step 1/1
2025-10-27 10:46:10,091 - GPU-3 - DEBUG -       [After Latent Recursive] 1 tokens unmasked
2025-10-27 10:46:10,092 - GPU-3 - INFO -   [Cycle 22]
2025-10-27 10:46:10,092 - GPU-3 - DEBUG -     [Latent Recursive] Starting 1 steps of latent thinking
2025-10-27 10:46:10,136 - GPU-3 - DEBUG -       [Latent] Step 1/1
2025-10-27 10:46:10,296 - GPU-3 - DEBUG -       [After Latent Recursive] 1 tokens unmasked
2025-10-27 10:46:10,297 - GPU-3 - INFO -   [Cycle 23]
2025-10-27 10:46:10,297 - GPU-3 - DEBUG -     [Latent Recursive] Starting 1 steps of latent thinking
2025-10-27 10:46:10,341 - GPU-3 - DEBUG -       [Latent] Step 1/1
2025-10-27 10:46:10,501 - GPU-3 - DEBUG -       [After Latent Recursive] 1 tokens unmasked
2025-10-27 10:46:10,502 - GPU-3 - INFO -   [Cycle 24]
2025-10-27 10:46:10,502 - GPU-3 - DEBUG -     [Latent Recursive] Starting 1 steps of latent thinking
2025-10-27 10:46:10,545 - GPU-3 - DEBUG -       [Latent] Step 1/1
2025-10-27 10:46:10,706 - GPU-3 - DEBUG -       [After Latent Recursive] 1 tokens unmasked
2025-10-27 10:46:10,707 - GPU-3 - INFO -   [Cycle 25]
2025-10-27 10:46:10,707 - GPU-3 - DEBUG -     [Latent Recursive] Starting 1 steps of latent thinking
2025-10-27 10:46:10,751 - GPU-3 - DEBUG -       [Latent] Step 1/1
2025-10-27 10:46:10,911 - GPU-3 - DEBUG -       [After Latent Recursive] 1 tokens unmasked
2025-10-27 10:46:10,912 - GPU-3 - INFO -   [Cycle 26]
2025-10-27 10:46:10,912 - GPU-3 - DEBUG -     [Latent Recursive] Starting 1 steps of latent thinking
2025-10-27 10:46:10,956 - GPU-3 - DEBUG -       [Latent] Step 1/1
2025-10-27 10:46:11,116 - GPU-3 - DEBUG -       [After Latent Recursive] 1 tokens unmasked
2025-10-27 10:46:11,116 - GPU-3 - INFO -   [Cycle 27]
2025-10-27 10:46:11,117 - GPU-3 - DEBUG -     [Latent Recursive] Starting 1 steps of latent thinking
2025-10-27 10:46:11,160 - GPU-3 - DEBUG -       [Latent] Step 1/1
2025-10-27 10:46:11,321 - GPU-3 - DEBUG -       [After Latent Recursive] 1 tokens unmasked
2025-10-27 10:46:11,321 - GPU-3 - INFO -   [Cycle 28]
2025-10-27 10:46:11,321 - GPU-3 - DEBUG -     [Latent Recursive] Starting 1 steps of latent thinking
2025-10-27 10:46:11,365 - GPU-3 - DEBUG -       [Latent] Step 1/1
2025-10-27 10:46:11,526 - GPU-3 - DEBUG -       [After Latent Recursive] 1 tokens unmasked
2025-10-27 10:46:11,526 - GPU-3 - INFO -   [Cycle 29]
2025-10-27 10:46:11,526 - GPU-3 - DEBUG -     [Latent Recursive] Starting 1 steps of latent thinking
2025-10-27 10:46:11,570 - GPU-3 - DEBUG -       [Latent] Step 1/1
2025-10-27 10:46:11,731 - GPU-3 - DEBUG -       [After Latent Recursive] 1 tokens unmasked
2025-10-27 10:46:11,731 - GPU-3 - INFO -   [Cycle 30]
2025-10-27 10:46:11,731 - GPU-3 - DEBUG -     [Latent Recursive] Starting 1 steps of latent thinking
2025-10-27 10:46:11,775 - GPU-3 - DEBUG -       [Latent] Step 1/1
2025-10-27 10:46:11,936 - GPU-3 - DEBUG -       [After Latent Recursive] 1 tokens unmasked
2025-10-27 10:46:11,936 - GPU-3 - INFO -   [Cycle 31]
2025-10-27 10:46:11,936 - GPU-3 - DEBUG -     [Latent Recursive] Starting 1 steps of latent thinking
2025-10-27 10:46:11,980 - GPU-3 - DEBUG -       [Latent] Step 1/1
2025-10-27 10:46:12,141 - GPU-3 - DEBUG -       [After Latent Recursive] 1 tokens unmasked
2025-10-27 10:46:12,141 - GPU-3 - INFO - [Block 9/16] Processing tokens 320-352
2025-10-27 10:46:12,141 - GPU-3 - DEBUG - [Block 8] Before forward: use_cache=True, x.shape=torch.Size([1, 576])
2025-10-27 10:46:12,142 - GPU-3 - DEBUG - [Block 8] Model type: LLaDAModelLM
2025-10-27 10:46:12,142 - GPU-3 - DEBUG - [Block 8] Model config use_cache: True
2025-10-27 10:46:12,164 - GPU-3 - DEBUG - [Block 8] After forward: pkv is None? False
2025-10-27 10:46:12,164 - GPU-3 - DEBUG - [Block 8] out type: CausalLMOutputWithPast
2025-10-27 10:46:12,164 - GPU-3 - DEBUG - [Block 8] pkv type: <class 'list'>, len: 32
2025-10-27 10:46:12,164 - GPU-3 - DEBUG - [Block 8] pkv[0] type: <class 'tuple'>, len: 2
2025-10-27 10:46:12,164 - GPU-3 - DEBUG - [Block 8] pkv[0][0].shape: torch.Size([1, 32, 576, 128])
2025-10-27 10:46:12,250 - GPU-3 - INFO -   [Initial Forward] 1 tokens unmasked
2025-10-27 10:46:12,250 - GPU-3 - INFO -   [Cycle 1]
2025-10-27 10:46:12,251 - GPU-3 - DEBUG -     [Latent Recursive] Starting 1 steps of latent thinking
2025-10-27 10:46:12,295 - GPU-3 - DEBUG -       [Latent] Step 1/1
2025-10-27 10:46:12,454 - GPU-3 - DEBUG -       [After Latent Recursive] 1 tokens unmasked
2025-10-27 10:46:12,455 - GPU-3 - INFO -   [Cycle 2]
2025-10-27 10:46:12,455 - GPU-3 - DEBUG -     [Latent Recursive] Starting 1 steps of latent thinking
2025-10-27 10:46:12,499 - GPU-3 - DEBUG -       [Latent] Step 1/1
2025-10-27 10:46:12,659 - GPU-3 - DEBUG -       [After Latent Recursive] 1 tokens unmasked
2025-10-27 10:46:12,659 - GPU-3 - INFO -   [Cycle 3]
2025-10-27 10:46:12,659 - GPU-3 - DEBUG -     [Latent Recursive] Starting 1 steps of latent thinking
2025-10-27 10:46:12,703 - GPU-3 - DEBUG -       [Latent] Step 1/1
2025-10-27 10:46:12,863 - GPU-3 - DEBUG -       [After Latent Recursive] 1 tokens unmasked
2025-10-27 10:46:12,863 - GPU-3 - INFO -   [Cycle 4]
2025-10-27 10:46:12,863 - GPU-3 - DEBUG -     [Latent Recursive] Starting 1 steps of latent thinking
2025-10-27 10:46:12,907 - GPU-3 - DEBUG -       [Latent] Step 1/1
2025-10-27 10:46:13,067 - GPU-3 - DEBUG -       [After Latent Recursive] 1 tokens unmasked
2025-10-27 10:46:13,067 - GPU-3 - INFO -   [Cycle 5]
2025-10-27 10:46:13,067 - GPU-3 - DEBUG -     [Latent Recursive] Starting 1 steps of latent thinking
2025-10-27 10:46:13,111 - GPU-3 - DEBUG -       [Latent] Step 1/1
2025-10-27 10:46:13,271 - GPU-3 - DEBUG -       [After Latent Recursive] 1 tokens unmasked
2025-10-27 10:46:13,271 - GPU-3 - INFO -   [Cycle 6]
2025-10-27 10:46:13,272 - GPU-3 - DEBUG -     [Latent Recursive] Starting 1 steps of latent thinking
2025-10-27 10:46:13,315 - GPU-3 - DEBUG -       [Latent] Step 1/1
2025-10-27 10:46:13,475 - GPU-3 - DEBUG -       [After Latent Recursive] 1 tokens unmasked
2025-10-27 10:46:13,475 - GPU-3 - INFO -   [Cycle 7]
2025-10-27 10:46:13,476 - GPU-3 - DEBUG -     [Latent Recursive] Starting 1 steps of latent thinking
2025-10-27 10:46:13,519 - GPU-3 - DEBUG -       [Latent] Step 1/1
2025-10-27 10:46:13,679 - GPU-3 - DEBUG -       [After Latent Recursive] 1 tokens unmasked
2025-10-27 10:46:13,680 - GPU-3 - INFO -   [Cycle 8]
2025-10-27 10:46:13,680 - GPU-3 - DEBUG -     [Latent Recursive] Starting 1 steps of latent thinking
2025-10-27 10:46:13,724 - GPU-3 - DEBUG -       [Latent] Step 1/1
2025-10-27 10:46:13,883 - GPU-3 - DEBUG -       [After Latent Recursive] 1 tokens unmasked
2025-10-27 10:46:13,884 - GPU-3 - INFO -   [Cycle 9]
2025-10-27 10:46:13,884 - GPU-3 - DEBUG -     [Latent Recursive] Starting 1 steps of latent thinking
2025-10-27 10:46:13,928 - GPU-3 - DEBUG -       [Latent] Step 1/1
2025-10-27 10:46:14,087 - GPU-3 - DEBUG -       [After Latent Recursive] 1 tokens unmasked
2025-10-27 10:46:14,088 - GPU-3 - INFO -   [Cycle 10]
2025-10-27 10:46:14,088 - GPU-3 - DEBUG -     [Latent Recursive] Starting 1 steps of latent thinking
2025-10-27 10:46:14,132 - GPU-3 - DEBUG -       [Latent] Step 1/1
2025-10-27 10:46:14,292 - GPU-3 - DEBUG -       [After Latent Recursive] 1 tokens unmasked
2025-10-27 10:46:14,292 - GPU-3 - INFO -   [Cycle 11]
2025-10-27 10:46:14,292 - GPU-3 - DEBUG -     [Latent Recursive] Starting 1 steps of latent thinking
2025-10-27 10:46:14,336 - GPU-3 - DEBUG -       [Latent] Step 1/1
2025-10-27 10:46:14,496 - GPU-3 - DEBUG -       [After Latent Recursive] 1 tokens unmasked
2025-10-27 10:46:14,496 - GPU-3 - INFO -   [Cycle 12]
2025-10-27 10:46:14,496 - GPU-3 - DEBUG -     [Latent Recursive] Starting 1 steps of latent thinking
2025-10-27 10:46:14,540 - GPU-3 - DEBUG -       [Latent] Step 1/1
2025-10-27 10:46:14,700 - GPU-3 - DEBUG -       [After Latent Recursive] 1 tokens unmasked
2025-10-27 10:46:14,700 - GPU-3 - INFO -   [Cycle 13]
2025-10-27 10:46:14,700 - GPU-3 - DEBUG -     [Latent Recursive] Starting 1 steps of latent thinking
2025-10-27 10:46:14,744 - GPU-3 - DEBUG -       [Latent] Step 1/1
2025-10-27 10:46:14,904 - GPU-3 - DEBUG -       [After Latent Recursive] 1 tokens unmasked
2025-10-27 10:46:14,904 - GPU-3 - INFO -   [Cycle 14]
2025-10-27 10:46:14,905 - GPU-3 - DEBUG -     [Latent Recursive] Starting 1 steps of latent thinking
2025-10-27 10:46:14,948 - GPU-3 - DEBUG -       [Latent] Step 1/1
2025-10-27 10:46:15,108 - GPU-3 - DEBUG -       [After Latent Recursive] 1 tokens unmasked
2025-10-27 10:46:15,109 - GPU-3 - INFO -   [Cycle 15]
2025-10-27 10:46:15,109 - GPU-3 - DEBUG -     [Latent Recursive] Starting 1 steps of latent thinking
2025-10-27 10:46:15,153 - GPU-3 - DEBUG -       [Latent] Step 1/1
2025-10-27 10:46:15,313 - GPU-3 - DEBUG -       [After Latent Recursive] 1 tokens unmasked
2025-10-27 10:46:15,313 - GPU-3 - INFO -   [Cycle 16]
2025-10-27 10:46:15,313 - GPU-3 - DEBUG -     [Latent Recursive] Starting 1 steps of latent thinking
2025-10-27 10:46:15,357 - GPU-3 - DEBUG -       [Latent] Step 1/1
2025-10-27 10:46:15,517 - GPU-3 - DEBUG -       [After Latent Recursive] 1 tokens unmasked
2025-10-27 10:46:15,518 - GPU-3 - INFO -   [Cycle 17]
2025-10-27 10:46:15,518 - GPU-3 - DEBUG -     [Latent Recursive] Starting 1 steps of latent thinking
2025-10-27 10:46:15,562 - GPU-3 - DEBUG -       [Latent] Step 1/1
2025-10-27 10:46:15,721 - GPU-3 - DEBUG -       [After Latent Recursive] 1 tokens unmasked
2025-10-27 10:46:15,722 - GPU-3 - INFO -   [Cycle 18]
2025-10-27 10:46:15,722 - GPU-3 - DEBUG -     [Latent Recursive] Starting 1 steps of latent thinking
2025-10-27 10:46:15,766 - GPU-3 - DEBUG -       [Latent] Step 1/1
2025-10-27 10:46:15,925 - GPU-3 - DEBUG -       [After Latent Recursive] 1 tokens unmasked
2025-10-27 10:46:15,926 - GPU-3 - INFO -   [Cycle 19]
2025-10-27 10:46:15,926 - GPU-3 - DEBUG -     [Latent Recursive] Starting 1 steps of latent thinking
2025-10-27 10:46:15,970 - GPU-3 - DEBUG -       [Latent] Step 1/1
2025-10-27 10:46:16,130 - GPU-3 - DEBUG -       [After Latent Recursive] 1 tokens unmasked
2025-10-27 10:46:16,130 - GPU-3 - INFO -   [Cycle 20]
2025-10-27 10:46:16,130 - GPU-3 - DEBUG -     [Latent Recursive] Starting 1 steps of latent thinking
2025-10-27 10:46:16,174 - GPU-3 - DEBUG -       [Latent] Step 1/1
2025-10-27 10:46:16,334 - GPU-3 - DEBUG -       [After Latent Recursive] 1 tokens unmasked
2025-10-27 10:46:16,335 - GPU-3 - INFO -   [Cycle 21]
2025-10-27 10:46:16,335 - GPU-3 - DEBUG -     [Latent Recursive] Starting 1 steps of latent thinking
2025-10-27 10:46:16,379 - GPU-3 - DEBUG -       [Latent] Step 1/1
2025-10-27 10:46:16,539 - GPU-3 - DEBUG -       [After Latent Recursive] 1 tokens unmasked
2025-10-27 10:46:16,539 - GPU-3 - INFO -   [Cycle 22]
2025-10-27 10:46:16,539 - GPU-3 - DEBUG -     [Latent Recursive] Starting 1 steps of latent thinking
2025-10-27 10:46:16,583 - GPU-3 - DEBUG -       [Latent] Step 1/1
2025-10-27 10:46:16,743 - GPU-3 - DEBUG -       [After Latent Recursive] 1 tokens unmasked
2025-10-27 10:46:16,744 - GPU-3 - INFO -   [Cycle 23]
2025-10-27 10:46:16,744 - GPU-3 - DEBUG -     [Latent Recursive] Starting 1 steps of latent thinking
2025-10-27 10:46:16,788 - GPU-3 - DEBUG -       [Latent] Step 1/1
2025-10-27 10:46:16,948 - GPU-3 - DEBUG -       [After Latent Recursive] 1 tokens unmasked
2025-10-27 10:46:16,948 - GPU-3 - INFO -   [Cycle 24]
2025-10-27 10:46:16,949 - GPU-3 - DEBUG -     [Latent Recursive] Starting 1 steps of latent thinking
2025-10-27 10:46:16,993 - GPU-3 - DEBUG -       [Latent] Step 1/1
2025-10-27 10:46:17,153 - GPU-3 - DEBUG -       [After Latent Recursive] 1 tokens unmasked
2025-10-27 10:46:17,154 - GPU-3 - INFO -   [Cycle 25]
2025-10-27 10:46:17,154 - GPU-3 - DEBUG -     [Latent Recursive] Starting 1 steps of latent thinking
2025-10-27 10:46:17,198 - GPU-3 - DEBUG -       [Latent] Step 1/1
2025-10-27 10:46:17,358 - GPU-3 - DEBUG -       [After Latent Recursive] 1 tokens unmasked
2025-10-27 10:46:17,358 - GPU-3 - INFO -   [Cycle 26]
2025-10-27 10:46:17,359 - GPU-3 - DEBUG -     [Latent Recursive] Starting 1 steps of latent thinking
2025-10-27 10:46:17,403 - GPU-3 - DEBUG -       [Latent] Step 1/1
2025-10-27 10:46:17,563 - GPU-3 - DEBUG -       [After Latent Recursive] 1 tokens unmasked
2025-10-27 10:46:17,564 - GPU-3 - INFO -   [Cycle 27]
2025-10-27 10:46:17,564 - GPU-3 - DEBUG -     [Latent Recursive] Starting 1 steps of latent thinking
2025-10-27 10:46:17,608 - GPU-3 - DEBUG -       [Latent] Step 1/1
2025-10-27 10:46:17,771 - GPU-3 - DEBUG -       [After Latent Recursive] 1 tokens unmasked
2025-10-27 10:46:17,772 - GPU-3 - INFO -   [Cycle 28]
2025-10-27 10:46:17,772 - GPU-3 - DEBUG -     [Latent Recursive] Starting 1 steps of latent thinking
2025-10-27 10:46:17,816 - GPU-3 - DEBUG -       [Latent] Step 1/1
2025-10-27 10:46:17,980 - GPU-3 - DEBUG -       [After Latent Recursive] 1 tokens unmasked
2025-10-27 10:46:17,981 - GPU-3 - INFO -   [Cycle 29]
2025-10-27 10:46:17,981 - GPU-3 - DEBUG -     [Latent Recursive] Starting 1 steps of latent thinking
2025-10-27 10:46:18,025 - GPU-3 - DEBUG -       [Latent] Step 1/1
2025-10-27 10:46:18,185 - GPU-3 - DEBUG -       [After Latent Recursive] 1 tokens unmasked
2025-10-27 10:46:18,185 - GPU-3 - INFO -   [Cycle 30]
2025-10-27 10:46:18,186 - GPU-3 - DEBUG -     [Latent Recursive] Starting 1 steps of latent thinking
2025-10-27 10:46:18,230 - GPU-3 - DEBUG -       [Latent] Step 1/1
2025-10-27 10:46:18,394 - GPU-3 - DEBUG -       [After Latent Recursive] 1 tokens unmasked
2025-10-27 10:46:18,395 - GPU-3 - INFO -   [Cycle 31]
2025-10-27 10:46:18,395 - GPU-3 - DEBUG -     [Latent Recursive] Starting 1 steps of latent thinking
2025-10-27 10:46:18,439 - GPU-3 - DEBUG -       [Latent] Step 1/1
2025-10-27 10:46:18,601 - GPU-3 - DEBUG -       [After Latent Recursive] 1 tokens unmasked
2025-10-27 10:46:18,602 - GPU-3 - INFO - [Block 10/16] Processing tokens 352-384
2025-10-27 10:46:18,602 - GPU-3 - DEBUG - [Block 9] Before forward: use_cache=True, x.shape=torch.Size([1, 576])
2025-10-27 10:46:18,603 - GPU-3 - DEBUG - [Block 9] Model type: LLaDAModelLM
2025-10-27 10:46:18,603 - GPU-3 - DEBUG - [Block 9] Model config use_cache: True
2025-10-27 10:46:18,625 - GPU-3 - DEBUG - [Block 9] After forward: pkv is None? False
2025-10-27 10:46:18,625 - GPU-3 - DEBUG - [Block 9] out type: CausalLMOutputWithPast
2025-10-27 10:46:18,625 - GPU-3 - DEBUG - [Block 9] pkv type: <class 'list'>, len: 32
2025-10-27 10:46:18,625 - GPU-3 - DEBUG - [Block 9] pkv[0] type: <class 'tuple'>, len: 2
2025-10-27 10:46:18,625 - GPU-3 - DEBUG - [Block 9] pkv[0][0].shape: torch.Size([1, 32, 576, 128])
2025-10-27 10:46:18,712 - GPU-3 - INFO -   [Initial Forward] 1 tokens unmasked
2025-10-27 10:46:18,712 - GPU-3 - INFO -   [Cycle 1]
2025-10-27 10:46:18,712 - GPU-3 - DEBUG -     [Latent Recursive] Starting 1 steps of latent thinking
2025-10-27 10:46:18,756 - GPU-3 - DEBUG -       [Latent] Step 1/1
2025-10-27 10:46:18,914 - GPU-3 - DEBUG -       [After Latent Recursive] 1 tokens unmasked
2025-10-27 10:46:18,914 - GPU-3 - INFO -   [Cycle 2]
2025-10-27 10:46:18,914 - GPU-3 - DEBUG -     [Latent Recursive] Starting 1 steps of latent thinking
2025-10-27 10:46:18,958 - GPU-3 - DEBUG -       [Latent] Step 1/1
2025-10-27 10:46:19,116 - GPU-3 - DEBUG -       [After Latent Recursive] 1 tokens unmasked
2025-10-27 10:46:19,117 - GPU-3 - INFO -   [Cycle 3]
2025-10-27 10:46:19,117 - GPU-3 - DEBUG -     [Latent Recursive] Starting 1 steps of latent thinking
2025-10-27 10:46:19,161 - GPU-3 - DEBUG -       [Latent] Step 1/1
2025-10-27 10:46:19,319 - GPU-3 - DEBUG -       [After Latent Recursive] 1 tokens unmasked
2025-10-27 10:46:19,319 - GPU-3 - INFO -   [Cycle 4]
2025-10-27 10:46:19,319 - GPU-3 - DEBUG -     [Latent Recursive] Starting 1 steps of latent thinking
2025-10-27 10:46:19,363 - GPU-3 - DEBUG -       [Latent] Step 1/1
2025-10-27 10:46:19,521 - GPU-3 - DEBUG -       [After Latent Recursive] 1 tokens unmasked
2025-10-27 10:46:19,521 - GPU-3 - INFO -   [Cycle 5]
2025-10-27 10:46:19,521 - GPU-3 - DEBUG -     [Latent Recursive] Starting 1 steps of latent thinking
2025-10-27 10:46:19,565 - GPU-3 - DEBUG -       [Latent] Step 1/1
2025-10-27 10:46:19,723 - GPU-3 - DEBUG -       [After Latent Recursive] 1 tokens unmasked
2025-10-27 10:46:19,724 - GPU-3 - INFO -   [Cycle 6]
2025-10-27 10:46:19,724 - GPU-3 - DEBUG -     [Latent Recursive] Starting 1 steps of latent thinking
2025-10-27 10:46:19,768 - GPU-3 - DEBUG -       [Latent] Step 1/1
2025-10-27 10:46:19,926 - GPU-3 - DEBUG -       [After Latent Recursive] 1 tokens unmasked
2025-10-27 10:46:19,927 - GPU-3 - INFO -   [Cycle 7]
2025-10-27 10:46:19,927 - GPU-3 - DEBUG -     [Latent Recursive] Starting 1 steps of latent thinking
2025-10-27 10:46:19,971 - GPU-3 - DEBUG -       [Latent] Step 1/1
2025-10-27 10:46:20,128 - GPU-3 - DEBUG -       [After Latent Recursive] 1 tokens unmasked
2025-10-27 10:46:20,128 - GPU-3 - INFO -   [Cycle 8]
2025-10-27 10:46:20,128 - GPU-3 - DEBUG -     [Latent Recursive] Starting 1 steps of latent thinking
2025-10-27 10:46:20,172 - GPU-3 - DEBUG -       [Latent] Step 1/1
2025-10-27 10:46:20,330 - GPU-3 - DEBUG -       [After Latent Recursive] 1 tokens unmasked
2025-10-27 10:46:20,331 - GPU-3 - INFO -   [Cycle 9]
2025-10-27 10:46:20,331 - GPU-3 - DEBUG -     [Latent Recursive] Starting 1 steps of latent thinking
2025-10-27 10:46:20,375 - GPU-3 - DEBUG -       [Latent] Step 1/1
2025-10-27 10:46:20,532 - GPU-3 - DEBUG -       [After Latent Recursive] 1 tokens unmasked
2025-10-27 10:46:20,533 - GPU-3 - INFO -   [Cycle 10]
2025-10-27 10:46:20,533 - GPU-3 - DEBUG -     [Latent Recursive] Starting 1 steps of latent thinking
2025-10-27 10:46:20,577 - GPU-3 - DEBUG -       [Latent] Step 1/1
2025-10-27 10:46:20,735 - GPU-3 - DEBUG -       [After Latent Recursive] 1 tokens unmasked
2025-10-27 10:46:20,735 - GPU-3 - INFO -   [Cycle 11]
2025-10-27 10:46:20,735 - GPU-3 - DEBUG -     [Latent Recursive] Starting 1 steps of latent thinking
2025-10-27 10:46:20,779 - GPU-3 - DEBUG -       [Latent] Step 1/1
2025-10-27 10:46:20,937 - GPU-3 - DEBUG -       [After Latent Recursive] 1 tokens unmasked
2025-10-27 10:46:20,938 - GPU-3 - INFO -   [Cycle 12]
2025-10-27 10:46:20,938 - GPU-3 - DEBUG -     [Latent Recursive] Starting 1 steps of latent thinking
2025-10-27 10:46:20,982 - GPU-3 - DEBUG -       [Latent] Step 1/1
2025-10-27 10:46:21,139 - GPU-3 - DEBUG -       [After Latent Recursive] 1 tokens unmasked
2025-10-27 10:46:21,140 - GPU-3 - INFO -   [Cycle 13]
2025-10-27 10:46:21,140 - GPU-3 - DEBUG -     [Latent Recursive] Starting 1 steps of latent thinking
2025-10-27 10:46:21,184 - GPU-3 - DEBUG -       [Latent] Step 1/1
2025-10-27 10:46:21,342 - GPU-3 - DEBUG -       [After Latent Recursive] 1 tokens unmasked
2025-10-27 10:46:21,342 - GPU-3 - INFO -   [Cycle 14]
2025-10-27 10:46:21,342 - GPU-3 - DEBUG -     [Latent Recursive] Starting 1 steps of latent thinking
2025-10-27 10:46:21,386 - GPU-3 - DEBUG -       [Latent] Step 1/1
2025-10-27 10:46:21,544 - GPU-3 - DEBUG -       [After Latent Recursive] 1 tokens unmasked
2025-10-27 10:46:21,544 - GPU-3 - INFO -   [Cycle 15]
2025-10-27 10:46:21,545 - GPU-3 - DEBUG -     [Latent Recursive] Starting 1 steps of latent thinking
2025-10-27 10:46:21,588 - GPU-3 - DEBUG -       [Latent] Step 1/1
2025-10-27 10:46:21,747 - GPU-3 - DEBUG -       [After Latent Recursive] 1 tokens unmasked
2025-10-27 10:46:21,747 - GPU-3 - INFO -   [Cycle 16]
2025-10-27 10:46:21,747 - GPU-3 - DEBUG -     [Latent Recursive] Starting 1 steps of latent thinking
2025-10-27 10:46:21,791 - GPU-3 - DEBUG -       [Latent] Step 1/1
2025-10-27 10:46:21,949 - GPU-3 - DEBUG -       [After Latent Recursive] 1 tokens unmasked
2025-10-27 10:46:21,950 - GPU-3 - INFO -   [Cycle 17]
2025-10-27 10:46:21,950 - GPU-3 - DEBUG -     [Latent Recursive] Starting 1 steps of latent thinking
2025-10-27 10:46:21,994 - GPU-3 - DEBUG -       [Latent] Step 1/1
2025-10-27 10:46:22,152 - GPU-3 - DEBUG -       [After Latent Recursive] 1 tokens unmasked
2025-10-27 10:46:22,152 - GPU-3 - INFO -   [Cycle 18]
2025-10-27 10:46:22,152 - GPU-3 - DEBUG -     [Latent Recursive] Starting 1 steps of latent thinking
2025-10-27 10:46:22,196 - GPU-3 - DEBUG -       [Latent] Step 1/1
2025-10-27 10:46:22,354 - GPU-3 - DEBUG -       [After Latent Recursive] 1 tokens unmasked
2025-10-27 10:46:22,355 - GPU-3 - INFO -   [Cycle 19]
2025-10-27 10:46:22,355 - GPU-3 - DEBUG -     [Latent Recursive] Starting 1 steps of latent thinking
2025-10-27 10:46:22,399 - GPU-3 - DEBUG -       [Latent] Step 1/1
2025-10-27 10:46:22,556 - GPU-3 - DEBUG -       [After Latent Recursive] 1 tokens unmasked
2025-10-27 10:46:22,557 - GPU-3 - INFO -   [Cycle 20]
2025-10-27 10:46:22,557 - GPU-3 - DEBUG -     [Latent Recursive] Starting 1 steps of latent thinking
2025-10-27 10:46:22,601 - GPU-3 - DEBUG -       [Latent] Step 1/1
2025-10-27 10:46:22,758 - GPU-3 - DEBUG -       [After Latent Recursive] 1 tokens unmasked
2025-10-27 10:46:22,758 - GPU-3 - INFO -   [Cycle 21]
2025-10-27 10:46:22,758 - GPU-3 - DEBUG -     [Latent Recursive] Starting 1 steps of latent thinking
2025-10-27 10:46:22,802 - GPU-3 - DEBUG -       [Latent] Step 1/1
2025-10-27 10:46:22,960 - GPU-3 - DEBUG -       [After Latent Recursive] 1 tokens unmasked
2025-10-27 10:46:22,960 - GPU-3 - INFO -   [Cycle 22]
2025-10-27 10:46:22,960 - GPU-3 - DEBUG -     [Latent Recursive] Starting 1 steps of latent thinking
2025-10-27 10:46:23,004 - GPU-3 - DEBUG -       [Latent] Step 1/1
2025-10-27 10:46:23,162 - GPU-3 - DEBUG -       [After Latent Recursive] 1 tokens unmasked
2025-10-27 10:46:23,163 - GPU-3 - INFO -   [Cycle 23]
2025-10-27 10:46:23,163 - GPU-3 - DEBUG -     [Latent Recursive] Starting 1 steps of latent thinking
2025-10-27 10:46:23,207 - GPU-3 - DEBUG -       [Latent] Step 1/1
2025-10-27 10:46:23,365 - GPU-3 - DEBUG -       [After Latent Recursive] 1 tokens unmasked
2025-10-27 10:46:23,365 - GPU-3 - INFO -   [Cycle 24]
2025-10-27 10:46:23,366 - GPU-3 - DEBUG -     [Latent Recursive] Starting 1 steps of latent thinking
2025-10-27 10:46:23,409 - GPU-3 - DEBUG -       [Latent] Step 1/1
2025-10-27 10:46:23,567 - GPU-3 - DEBUG -       [After Latent Recursive] 1 tokens unmasked
2025-10-27 10:46:23,567 - GPU-3 - INFO -   [Cycle 25]
2025-10-27 10:46:23,568 - GPU-3 - DEBUG -     [Latent Recursive] Starting 1 steps of latent thinking
2025-10-27 10:46:23,612 - GPU-3 - DEBUG -       [Latent] Step 1/1
2025-10-27 10:46:23,770 - GPU-3 - DEBUG -       [After Latent Recursive] 1 tokens unmasked
2025-10-27 10:46:23,770 - GPU-3 - INFO -   [Cycle 26]
2025-10-27 10:46:23,770 - GPU-3 - DEBUG -     [Latent Recursive] Starting 1 steps of latent thinking
2025-10-27 10:46:23,814 - GPU-3 - DEBUG -       [Latent] Step 1/1
2025-10-27 10:46:23,972 - GPU-3 - DEBUG -       [After Latent Recursive] 1 tokens unmasked
2025-10-27 10:46:23,972 - GPU-3 - INFO -   [Cycle 27]
2025-10-27 10:46:23,972 - GPU-3 - DEBUG -     [Latent Recursive] Starting 1 steps of latent thinking
2025-10-27 10:46:24,016 - GPU-3 - DEBUG -       [Latent] Step 1/1
2025-10-27 10:46:24,174 - GPU-3 - DEBUG -       [After Latent Recursive] 1 tokens unmasked
2025-10-27 10:46:24,174 - GPU-3 - INFO -   [Cycle 28]
2025-10-27 10:46:24,175 - GPU-3 - DEBUG -     [Latent Recursive] Starting 1 steps of latent thinking
2025-10-27 10:46:24,218 - GPU-3 - DEBUG -       [Latent] Step 1/1
2025-10-27 10:46:24,376 - GPU-3 - DEBUG -       [After Latent Recursive] 1 tokens unmasked
2025-10-27 10:46:24,376 - GPU-3 - INFO -   [Cycle 29]
2025-10-27 10:46:24,376 - GPU-3 - DEBUG -     [Latent Recursive] Starting 1 steps of latent thinking
2025-10-27 10:46:24,420 - GPU-3 - DEBUG -       [Latent] Step 1/1
2025-10-27 10:46:24,578 - GPU-3 - DEBUG -       [After Latent Recursive] 1 tokens unmasked
2025-10-27 10:46:24,579 - GPU-3 - INFO -   [Cycle 30]
2025-10-27 10:46:24,579 - GPU-3 - DEBUG -     [Latent Recursive] Starting 1 steps of latent thinking
2025-10-27 10:46:24,623 - GPU-3 - DEBUG -       [Latent] Step 1/1
2025-10-27 10:46:24,781 - GPU-3 - DEBUG -       [After Latent Recursive] 1 tokens unmasked
2025-10-27 10:46:24,781 - GPU-3 - INFO -   [Cycle 31]
2025-10-27 10:46:24,781 - GPU-3 - DEBUG -     [Latent Recursive] Starting 1 steps of latent thinking
2025-10-27 10:46:24,825 - GPU-3 - DEBUG -       [Latent] Step 1/1
2025-10-27 10:46:24,983 - GPU-3 - DEBUG -       [After Latent Recursive] 1 tokens unmasked
2025-10-27 10:46:24,983 - GPU-3 - INFO - [Block 11/16] Processing tokens 384-416
2025-10-27 10:46:24,984 - GPU-3 - DEBUG - [Block 10] Before forward: use_cache=True, x.shape=torch.Size([1, 576])
2025-10-27 10:46:24,984 - GPU-3 - DEBUG - [Block 10] Model type: LLaDAModelLM
2025-10-27 10:46:24,984 - GPU-3 - DEBUG - [Block 10] Model config use_cache: True
2025-10-27 10:46:25,006 - GPU-3 - DEBUG - [Block 10] After forward: pkv is None? False
2025-10-27 10:46:25,006 - GPU-3 - DEBUG - [Block 10] out type: CausalLMOutputWithPast
2025-10-27 10:46:25,006 - GPU-3 - DEBUG - [Block 10] pkv type: <class 'list'>, len: 32
2025-10-27 10:46:25,006 - GPU-3 - DEBUG - [Block 10] pkv[0] type: <class 'tuple'>, len: 2
2025-10-27 10:46:25,006 - GPU-3 - DEBUG - [Block 10] pkv[0][0].shape: torch.Size([1, 32, 576, 128])
2025-10-27 10:46:25,092 - GPU-3 - INFO -   [Initial Forward] 1 tokens unmasked
2025-10-27 10:46:25,093 - GPU-3 - INFO -   [Cycle 1]
2025-10-27 10:46:25,093 - GPU-3 - DEBUG -     [Latent Recursive] Starting 1 steps of latent thinking
2025-10-27 10:46:25,137 - GPU-3 - DEBUG -       [Latent] Step 1/1
2025-10-27 10:46:25,294 - GPU-3 - DEBUG -       [After Latent Recursive] 1 tokens unmasked
2025-10-27 10:46:25,294 - GPU-3 - INFO -   [Cycle 2]
2025-10-27 10:46:25,294 - GPU-3 - DEBUG -     [Latent Recursive] Starting 1 steps of latent thinking
2025-10-27 10:46:25,338 - GPU-3 - DEBUG -       [Latent] Step 1/1
2025-10-27 10:46:25,495 - GPU-3 - DEBUG -       [After Latent Recursive] 1 tokens unmasked
2025-10-27 10:46:25,496 - GPU-3 - INFO -   [Cycle 3]
2025-10-27 10:46:25,496 - GPU-3 - DEBUG -     [Latent Recursive] Starting 1 steps of latent thinking
2025-10-27 10:46:25,540 - GPU-3 - DEBUG -       [Latent] Step 1/1
2025-10-27 10:46:25,697 - GPU-3 - DEBUG -       [After Latent Recursive] 1 tokens unmasked
2025-10-27 10:46:25,697 - GPU-3 - INFO -   [Cycle 4]
2025-10-27 10:46:25,697 - GPU-3 - DEBUG -     [Latent Recursive] Starting 1 steps of latent thinking
2025-10-27 10:46:25,741 - GPU-3 - DEBUG -       [Latent] Step 1/1
2025-10-27 10:46:25,898 - GPU-3 - DEBUG -       [After Latent Recursive] 1 tokens unmasked
2025-10-27 10:46:25,899 - GPU-3 - INFO -   [Cycle 5]
2025-10-27 10:46:25,899 - GPU-3 - DEBUG -     [Latent Recursive] Starting 1 steps of latent thinking
2025-10-27 10:46:25,943 - GPU-3 - DEBUG -       [Latent] Step 1/1
2025-10-27 10:46:26,100 - GPU-3 - DEBUG -       [After Latent Recursive] 1 tokens unmasked
2025-10-27 10:46:26,100 - GPU-3 - INFO -   [Cycle 6]
2025-10-27 10:46:26,100 - GPU-3 - DEBUG -     [Latent Recursive] Starting 1 steps of latent thinking
2025-10-27 10:46:26,144 - GPU-3 - DEBUG -       [Latent] Step 1/1
2025-10-27 10:46:26,301 - GPU-3 - DEBUG -       [After Latent Recursive] 1 tokens unmasked
2025-10-27 10:46:26,301 - GPU-3 - INFO -   [Cycle 7]
2025-10-27 10:46:26,301 - GPU-3 - DEBUG -     [Latent Recursive] Starting 1 steps of latent thinking
2025-10-27 10:46:26,345 - GPU-3 - DEBUG -       [Latent] Step 1/1
2025-10-27 10:46:26,502 - GPU-3 - DEBUG -       [After Latent Recursive] 1 tokens unmasked
2025-10-27 10:46:26,503 - GPU-3 - INFO -   [Cycle 8]
2025-10-27 10:46:26,503 - GPU-3 - DEBUG -     [Latent Recursive] Starting 1 steps of latent thinking
2025-10-27 10:46:26,547 - GPU-3 - DEBUG -       [Latent] Step 1/1
2025-10-27 10:46:26,704 - GPU-3 - DEBUG -       [After Latent Recursive] 1 tokens unmasked
2025-10-27 10:46:26,704 - GPU-3 - INFO -   [Cycle 9]
2025-10-27 10:46:26,704 - GPU-3 - DEBUG -     [Latent Recursive] Starting 1 steps of latent thinking
2025-10-27 10:46:26,748 - GPU-3 - DEBUG -       [Latent] Step 1/1
2025-10-27 10:46:26,906 - GPU-3 - DEBUG -       [After Latent Recursive] 1 tokens unmasked
2025-10-27 10:46:26,906 - GPU-3 - INFO -   [Cycle 10]
2025-10-27 10:46:26,906 - GPU-3 - DEBUG -     [Latent Recursive] Starting 1 steps of latent thinking
2025-10-27 10:46:26,950 - GPU-3 - DEBUG -       [Latent] Step 1/1
2025-10-27 10:46:27,106 - GPU-3 - DEBUG -       [After Latent Recursive] 1 tokens unmasked
2025-10-27 10:46:27,107 - GPU-3 - INFO -   [Cycle 11]
2025-10-27 10:46:27,107 - GPU-3 - DEBUG -     [Latent Recursive] Starting 1 steps of latent thinking
2025-10-27 10:46:27,151 - GPU-3 - DEBUG -       [Latent] Step 1/1
2025-10-27 10:46:27,308 - GPU-3 - DEBUG -       [After Latent Recursive] 1 tokens unmasked
2025-10-27 10:46:27,309 - GPU-3 - INFO -   [Cycle 12]
2025-10-27 10:46:27,309 - GPU-3 - DEBUG -     [Latent Recursive] Starting 1 steps of latent thinking
2025-10-27 10:46:27,353 - GPU-3 - DEBUG -       [Latent] Step 1/1
2025-10-27 10:46:27,510 - GPU-3 - DEBUG -       [After Latent Recursive] 1 tokens unmasked
2025-10-27 10:46:27,510 - GPU-3 - INFO -   [Cycle 13]
2025-10-27 10:46:27,510 - GPU-3 - DEBUG -     [Latent Recursive] Starting 1 steps of latent thinking
2025-10-27 10:46:27,554 - GPU-3 - DEBUG -       [Latent] Step 1/1
2025-10-27 10:46:27,712 - GPU-3 - DEBUG -       [After Latent Recursive] 1 tokens unmasked
2025-10-27 10:46:27,712 - GPU-3 - INFO -   [Cycle 14]
2025-10-27 10:46:27,712 - GPU-3 - DEBUG -     [Latent Recursive] Starting 1 steps of latent thinking
2025-10-27 10:46:27,756 - GPU-3 - DEBUG -       [Latent] Step 1/1
2025-10-27 10:46:27,913 - GPU-3 - DEBUG -       [After Latent Recursive] 1 tokens unmasked
2025-10-27 10:46:27,914 - GPU-3 - INFO -   [Cycle 15]
2025-10-27 10:46:27,914 - GPU-3 - DEBUG -     [Latent Recursive] Starting 1 steps of latent thinking
2025-10-27 10:46:27,958 - GPU-3 - DEBUG -       [Latent] Step 1/1
2025-10-27 10:46:28,115 - GPU-3 - DEBUG -       [After Latent Recursive] 1 tokens unmasked
2025-10-27 10:46:28,116 - GPU-3 - INFO -   [Cycle 16]
2025-10-27 10:46:28,116 - GPU-3 - DEBUG -     [Latent Recursive] Starting 1 steps of latent thinking
2025-10-27 10:46:28,160 - GPU-3 - DEBUG -       [Latent] Step 1/1
2025-10-27 10:46:28,317 - GPU-3 - DEBUG -       [After Latent Recursive] 1 tokens unmasked
2025-10-27 10:46:28,318 - GPU-3 - INFO -   [Cycle 17]
2025-10-27 10:46:28,318 - GPU-3 - DEBUG -     [Latent Recursive] Starting 1 steps of latent thinking
2025-10-27 10:46:28,362 - GPU-3 - DEBUG -       [Latent] Step 1/1
2025-10-27 10:46:28,519 - GPU-3 - DEBUG -       [After Latent Recursive] 1 tokens unmasked
2025-10-27 10:46:28,520 - GPU-3 - INFO -   [Cycle 18]
2025-10-27 10:46:28,520 - GPU-3 - DEBUG -     [Latent Recursive] Starting 1 steps of latent thinking
2025-10-27 10:46:28,564 - GPU-3 - DEBUG -       [Latent] Step 1/1
2025-10-27 10:46:28,721 - GPU-3 - DEBUG -       [After Latent Recursive] 1 tokens unmasked
2025-10-27 10:46:28,721 - GPU-3 - INFO -   [Cycle 19]
2025-10-27 10:46:28,721 - GPU-3 - DEBUG -     [Latent Recursive] Starting 1 steps of latent thinking
2025-10-27 10:46:28,765 - GPU-3 - DEBUG -       [Latent] Step 1/1
2025-10-27 10:46:28,923 - GPU-3 - DEBUG -       [After Latent Recursive] 1 tokens unmasked
2025-10-27 10:46:28,923 - GPU-3 - INFO -   [Cycle 20]
2025-10-27 10:46:28,923 - GPU-3 - DEBUG -     [Latent Recursive] Starting 1 steps of latent thinking
2025-10-27 10:46:28,967 - GPU-3 - DEBUG -       [Latent] Step 1/1
2025-10-27 10:46:29,125 - GPU-3 - DEBUG -       [After Latent Recursive] 1 tokens unmasked
2025-10-27 10:46:29,125 - GPU-3 - INFO -   [Cycle 21]
2025-10-27 10:46:29,125 - GPU-3 - DEBUG -     [Latent Recursive] Starting 1 steps of latent thinking
2025-10-27 10:46:29,169 - GPU-3 - DEBUG -       [Latent] Step 1/1
2025-10-27 10:46:29,326 - GPU-3 - DEBUG -       [After Latent Recursive] 1 tokens unmasked
2025-10-27 10:46:29,327 - GPU-3 - INFO -   [Cycle 22]
2025-10-27 10:46:29,327 - GPU-3 - DEBUG -     [Latent Recursive] Starting 1 steps of latent thinking
2025-10-27 10:46:29,371 - GPU-3 - DEBUG -       [Latent] Step 1/1
2025-10-27 10:46:29,528 - GPU-3 - DEBUG -       [After Latent Recursive] 1 tokens unmasked
2025-10-27 10:46:29,528 - GPU-3 - INFO -   [Cycle 23]
2025-10-27 10:46:29,529 - GPU-3 - DEBUG -     [Latent Recursive] Starting 1 steps of latent thinking
2025-10-27 10:46:29,572 - GPU-3 - DEBUG -       [Latent] Step 1/1
2025-10-27 10:46:29,729 - GPU-3 - DEBUG -       [After Latent Recursive] 1 tokens unmasked
2025-10-27 10:46:29,730 - GPU-3 - INFO -   [Cycle 24]
2025-10-27 10:46:29,730 - GPU-3 - DEBUG -     [Latent Recursive] Starting 1 steps of latent thinking
2025-10-27 10:46:29,774 - GPU-3 - DEBUG -       [Latent] Step 1/1
2025-10-27 10:46:29,931 - GPU-3 - DEBUG -       [After Latent Recursive] 1 tokens unmasked
2025-10-27 10:46:29,931 - GPU-3 - INFO -   [Cycle 25]
2025-10-27 10:46:29,931 - GPU-3 - DEBUG -     [Latent Recursive] Starting 1 steps of latent thinking
2025-10-27 10:46:29,975 - GPU-3 - DEBUG -       [Latent] Step 1/1
2025-10-27 10:46:30,133 - GPU-3 - DEBUG -       [After Latent Recursive] 1 tokens unmasked
2025-10-27 10:46:30,133 - GPU-3 - INFO -   [Cycle 26]
2025-10-27 10:46:30,133 - GPU-3 - DEBUG -     [Latent Recursive] Starting 1 steps of latent thinking
2025-10-27 10:46:30,177 - GPU-3 - DEBUG -       [Latent] Step 1/1
2025-10-27 10:46:30,334 - GPU-3 - DEBUG -       [After Latent Recursive] 1 tokens unmasked
2025-10-27 10:46:30,334 - GPU-3 - INFO -   [Cycle 27]
2025-10-27 10:46:30,334 - GPU-3 - DEBUG -     [Latent Recursive] Starting 1 steps of latent thinking
2025-10-27 10:46:30,378 - GPU-3 - DEBUG -       [Latent] Step 1/1
2025-10-27 10:46:30,535 - GPU-3 - DEBUG -       [After Latent Recursive] 1 tokens unmasked
2025-10-27 10:46:30,536 - GPU-3 - INFO -   [Cycle 28]
2025-10-27 10:46:30,536 - GPU-3 - DEBUG -     [Latent Recursive] Starting 1 steps of latent thinking
2025-10-27 10:46:30,579 - GPU-3 - DEBUG -       [Latent] Step 1/1
2025-10-27 10:46:30,737 - GPU-3 - DEBUG -       [After Latent Recursive] 1 tokens unmasked
2025-10-27 10:46:30,737 - GPU-3 - INFO -   [Cycle 29]
2025-10-27 10:46:30,737 - GPU-3 - DEBUG -     [Latent Recursive] Starting 1 steps of latent thinking
2025-10-27 10:46:30,781 - GPU-3 - DEBUG -       [Latent] Step 1/1
2025-10-27 10:46:30,938 - GPU-3 - DEBUG -       [After Latent Recursive] 1 tokens unmasked
2025-10-27 10:46:30,939 - GPU-3 - INFO -   [Cycle 30]
2025-10-27 10:46:30,939 - GPU-3 - DEBUG -     [Latent Recursive] Starting 1 steps of latent thinking
2025-10-27 10:46:30,983 - GPU-3 - DEBUG -       [Latent] Step 1/1
2025-10-27 10:46:31,140 - GPU-3 - DEBUG -       [After Latent Recursive] 1 tokens unmasked
2025-10-27 10:46:31,140 - GPU-3 - INFO -   [Cycle 31]
2025-10-27 10:46:31,141 - GPU-3 - DEBUG -     [Latent Recursive] Starting 1 steps of latent thinking
2025-10-27 10:46:31,184 - GPU-3 - DEBUG -       [Latent] Step 1/1
2025-10-27 10:46:31,341 - GPU-3 - DEBUG -       [After Latent Recursive] 1 tokens unmasked
2025-10-27 10:46:31,342 - GPU-3 - INFO - [Block 12/16] Processing tokens 416-448
2025-10-27 10:46:31,342 - GPU-3 - DEBUG - [Block 11] Before forward: use_cache=True, x.shape=torch.Size([1, 576])
2025-10-27 10:46:31,342 - GPU-3 - DEBUG - [Block 11] Model type: LLaDAModelLM
2025-10-27 10:46:31,342 - GPU-3 - DEBUG - [Block 11] Model config use_cache: True
2025-10-27 10:46:31,364 - GPU-3 - DEBUG - [Block 11] After forward: pkv is None? False
2025-10-27 10:46:31,364 - GPU-3 - DEBUG - [Block 11] out type: CausalLMOutputWithPast
2025-10-27 10:46:31,364 - GPU-3 - DEBUG - [Block 11] pkv type: <class 'list'>, len: 32
2025-10-27 10:46:31,365 - GPU-3 - DEBUG - [Block 11] pkv[0] type: <class 'tuple'>, len: 2
2025-10-27 10:46:31,365 - GPU-3 - DEBUG - [Block 11] pkv[0][0].shape: torch.Size([1, 32, 576, 128])
2025-10-27 10:46:31,451 - GPU-3 - INFO -   [Initial Forward] 1 tokens unmasked
2025-10-27 10:46:31,451 - GPU-3 - INFO -   [Cycle 1]
2025-10-27 10:46:31,451 - GPU-3 - DEBUG -     [Latent Recursive] Starting 1 steps of latent thinking
2025-10-27 10:46:31,495 - GPU-3 - DEBUG -       [Latent] Step 1/1
2025-10-27 10:46:31,651 - GPU-3 - DEBUG -       [After Latent Recursive] 1 tokens unmasked
2025-10-27 10:46:31,652 - GPU-3 - INFO -   [Cycle 2]
2025-10-27 10:46:31,652 - GPU-3 - DEBUG -     [Latent Recursive] Starting 1 steps of latent thinking
2025-10-27 10:46:31,696 - GPU-3 - DEBUG -       [Latent] Step 1/1
2025-10-27 10:46:31,852 - GPU-3 - DEBUG -       [After Latent Recursive] 1 tokens unmasked
2025-10-27 10:46:31,853 - GPU-3 - INFO -   [Cycle 3]
2025-10-27 10:46:31,853 - GPU-3 - DEBUG -     [Latent Recursive] Starting 1 steps of latent thinking
2025-10-27 10:46:31,897 - GPU-3 - DEBUG -       [Latent] Step 1/1
2025-10-27 10:46:32,053 - GPU-3 - DEBUG -       [After Latent Recursive] 1 tokens unmasked
2025-10-27 10:46:32,053 - GPU-3 - INFO -   [Cycle 4]
2025-10-27 10:46:32,053 - GPU-3 - DEBUG -     [Latent Recursive] Starting 1 steps of latent thinking
2025-10-27 10:46:32,097 - GPU-3 - DEBUG -       [Latent] Step 1/1
2025-10-27 10:46:32,254 - GPU-3 - DEBUG -       [After Latent Recursive] 1 tokens unmasked
2025-10-27 10:46:32,254 - GPU-3 - INFO -   [Cycle 5]
2025-10-27 10:46:32,254 - GPU-3 - DEBUG -     [Latent Recursive] Starting 1 steps of latent thinking
2025-10-27 10:46:32,298 - GPU-3 - DEBUG -       [Latent] Step 1/1
2025-10-27 10:46:32,454 - GPU-3 - DEBUG -       [After Latent Recursive] 1 tokens unmasked
2025-10-27 10:46:32,455 - GPU-3 - INFO -   [Cycle 6]
2025-10-27 10:46:32,455 - GPU-3 - DEBUG -     [Latent Recursive] Starting 1 steps of latent thinking
2025-10-27 10:46:32,499 - GPU-3 - DEBUG -       [Latent] Step 1/1
2025-10-27 10:46:32,655 - GPU-3 - DEBUG -       [After Latent Recursive] 1 tokens unmasked
2025-10-27 10:46:32,655 - GPU-3 - INFO -   [Cycle 7]
2025-10-27 10:46:32,656 - GPU-3 - DEBUG -     [Latent Recursive] Starting 1 steps of latent thinking
2025-10-27 10:46:32,699 - GPU-3 - DEBUG -       [Latent] Step 1/1
2025-10-27 10:46:32,856 - GPU-3 - DEBUG -       [After Latent Recursive] 1 tokens unmasked
2025-10-27 10:46:32,856 - GPU-3 - INFO -   [Cycle 8]
2025-10-27 10:46:32,856 - GPU-3 - DEBUG -     [Latent Recursive] Starting 1 steps of latent thinking
2025-10-27 10:46:32,900 - GPU-3 - DEBUG -       [Latent] Step 1/1
2025-10-27 10:46:33,057 - GPU-3 - DEBUG -       [After Latent Recursive] 1 tokens unmasked
2025-10-27 10:46:33,057 - GPU-3 - INFO -   [Cycle 9]
2025-10-27 10:46:33,057 - GPU-3 - DEBUG -     [Latent Recursive] Starting 1 steps of latent thinking
2025-10-27 10:46:33,101 - GPU-3 - DEBUG -       [Latent] Step 1/1
2025-10-27 10:46:33,257 - GPU-3 - DEBUG -       [After Latent Recursive] 1 tokens unmasked
2025-10-27 10:46:33,258 - GPU-3 - INFO -   [Cycle 10]
2025-10-27 10:46:33,258 - GPU-3 - DEBUG -     [Latent Recursive] Starting 1 steps of latent thinking
2025-10-27 10:46:33,302 - GPU-3 - DEBUG -       [Latent] Step 1/1
2025-10-27 10:46:33,458 - GPU-3 - DEBUG -       [After Latent Recursive] 1 tokens unmasked
2025-10-27 10:46:33,459 - GPU-3 - INFO -   [Cycle 11]
2025-10-27 10:46:33,459 - GPU-3 - DEBUG -     [Latent Recursive] Starting 1 steps of latent thinking
2025-10-27 10:46:33,503 - GPU-3 - DEBUG -       [Latent] Step 1/1
2025-10-27 10:46:33,659 - GPU-3 - DEBUG -       [After Latent Recursive] 1 tokens unmasked
2025-10-27 10:46:33,659 - GPU-3 - INFO -   [Cycle 12]
2025-10-27 10:46:33,660 - GPU-3 - DEBUG -     [Latent Recursive] Starting 1 steps of latent thinking
2025-10-27 10:46:33,704 - GPU-3 - DEBUG -       [Latent] Step 1/1
2025-10-27 10:46:33,860 - GPU-3 - DEBUG -       [After Latent Recursive] 1 tokens unmasked
2025-10-27 10:46:33,860 - GPU-3 - INFO -   [Cycle 13]
2025-10-27 10:46:33,861 - GPU-3 - DEBUG -     [Latent Recursive] Starting 1 steps of latent thinking
2025-10-27 10:46:33,904 - GPU-3 - DEBUG -       [Latent] Step 1/1
2025-10-27 10:46:34,061 - GPU-3 - DEBUG -       [After Latent Recursive] 1 tokens unmasked
2025-10-27 10:46:34,061 - GPU-3 - INFO -   [Cycle 14]
2025-10-27 10:46:34,062 - GPU-3 - DEBUG -     [Latent Recursive] Starting 1 steps of latent thinking
2025-10-27 10:46:34,106 - GPU-3 - DEBUG -       [Latent] Step 1/1
2025-10-27 10:46:34,263 - GPU-3 - DEBUG -       [After Latent Recursive] 1 tokens unmasked
2025-10-27 10:46:34,263 - GPU-3 - INFO -   [Cycle 15]
2025-10-27 10:46:34,263 - GPU-3 - DEBUG -     [Latent Recursive] Starting 1 steps of latent thinking
2025-10-27 10:46:34,307 - GPU-3 - DEBUG -       [Latent] Step 1/1
2025-10-27 10:46:34,463 - GPU-3 - DEBUG -       [After Latent Recursive] 1 tokens unmasked
2025-10-27 10:46:34,464 - GPU-3 - INFO -   [Cycle 16]
2025-10-27 10:46:34,464 - GPU-3 - DEBUG -     [Latent Recursive] Starting 1 steps of latent thinking
2025-10-27 10:46:34,508 - GPU-3 - DEBUG -       [Latent] Step 1/1
2025-10-27 10:46:34,664 - GPU-3 - DEBUG -       [After Latent Recursive] 1 tokens unmasked
2025-10-27 10:46:34,665 - GPU-3 - INFO -   [Cycle 17]
2025-10-27 10:46:34,665 - GPU-3 - DEBUG -     [Latent Recursive] Starting 1 steps of latent thinking
2025-10-27 10:46:34,709 - GPU-3 - DEBUG -       [Latent] Step 1/1
2025-10-27 10:46:34,865 - GPU-3 - DEBUG -       [After Latent Recursive] 1 tokens unmasked
2025-10-27 10:46:34,866 - GPU-3 - INFO -   [Cycle 18]
2025-10-27 10:46:34,866 - GPU-3 - DEBUG -     [Latent Recursive] Starting 1 steps of latent thinking
2025-10-27 10:46:34,910 - GPU-3 - DEBUG -       [Latent] Step 1/1
2025-10-27 10:46:35,067 - GPU-3 - DEBUG -       [After Latent Recursive] 1 tokens unmasked
2025-10-27 10:46:35,067 - GPU-3 - INFO -   [Cycle 19]
2025-10-27 10:46:35,067 - GPU-3 - DEBUG -     [Latent Recursive] Starting 1 steps of latent thinking
2025-10-27 10:46:35,111 - GPU-3 - DEBUG -       [Latent] Step 1/1
2025-10-27 10:46:35,267 - GPU-3 - DEBUG -       [After Latent Recursive] 1 tokens unmasked
2025-10-27 10:46:35,268 - GPU-3 - INFO -   [Cycle 20]
2025-10-27 10:46:35,268 - GPU-3 - DEBUG -     [Latent Recursive] Starting 1 steps of latent thinking
2025-10-27 10:46:35,312 - GPU-3 - DEBUG -       [Latent] Step 1/1
2025-10-27 10:46:35,469 - GPU-3 - DEBUG -       [After Latent Recursive] 1 tokens unmasked
2025-10-27 10:46:35,469 - GPU-3 - INFO -   [Cycle 21]
2025-10-27 10:46:35,469 - GPU-3 - DEBUG -     [Latent Recursive] Starting 1 steps of latent thinking
2025-10-27 10:46:35,513 - GPU-3 - DEBUG -       [Latent] Step 1/1
2025-10-27 10:46:35,669 - GPU-3 - DEBUG -       [After Latent Recursive] 1 tokens unmasked
2025-10-27 10:46:35,669 - GPU-3 - INFO -   [Cycle 22]
2025-10-27 10:46:35,670 - GPU-3 - DEBUG -     [Latent Recursive] Starting 1 steps of latent thinking
2025-10-27 10:46:35,713 - GPU-3 - DEBUG -       [Latent] Step 1/1
2025-10-27 10:46:35,870 - GPU-3 - DEBUG -       [After Latent Recursive] 1 tokens unmasked
2025-10-27 10:46:35,870 - GPU-3 - INFO -   [Cycle 23]
2025-10-27 10:46:35,870 - GPU-3 - DEBUG -     [Latent Recursive] Starting 1 steps of latent thinking
2025-10-27 10:46:35,914 - GPU-3 - DEBUG -       [Latent] Step 1/1
2025-10-27 10:46:36,070 - GPU-3 - DEBUG -       [After Latent Recursive] 1 tokens unmasked
2025-10-27 10:46:36,071 - GPU-3 - INFO -   [Cycle 24]
2025-10-27 10:46:36,071 - GPU-3 - DEBUG -     [Latent Recursive] Starting 1 steps of latent thinking
2025-10-27 10:46:36,115 - GPU-3 - DEBUG -       [Latent] Step 1/1
2025-10-27 10:46:36,271 - GPU-3 - DEBUG -       [After Latent Recursive] 1 tokens unmasked
2025-10-27 10:46:36,272 - GPU-3 - INFO -   [Cycle 25]
2025-10-27 10:46:36,272 - GPU-3 - DEBUG -     [Latent Recursive] Starting 1 steps of latent thinking
2025-10-27 10:46:36,316 - GPU-3 - DEBUG -       [Latent] Step 1/1
2025-10-27 10:46:36,472 - GPU-3 - DEBUG -       [After Latent Recursive] 1 tokens unmasked
2025-10-27 10:46:36,472 - GPU-3 - INFO -   [Cycle 26]
2025-10-27 10:46:36,472 - GPU-3 - DEBUG -     [Latent Recursive] Starting 1 steps of latent thinking
2025-10-27 10:46:36,516 - GPU-3 - DEBUG -       [Latent] Step 1/1
2025-10-27 10:46:36,673 - GPU-3 - DEBUG -       [After Latent Recursive] 1 tokens unmasked
2025-10-27 10:46:36,673 - GPU-3 - INFO -   [Cycle 27]
2025-10-27 10:46:36,673 - GPU-3 - DEBUG -     [Latent Recursive] Starting 1 steps of latent thinking
2025-10-27 10:46:36,717 - GPU-3 - DEBUG -       [Latent] Step 1/1
2025-10-27 10:46:36,873 - GPU-3 - DEBUG -       [After Latent Recursive] 1 tokens unmasked
2025-10-27 10:46:36,874 - GPU-3 - INFO -   [Cycle 28]
2025-10-27 10:46:36,874 - GPU-3 - DEBUG -     [Latent Recursive] Starting 1 steps of latent thinking
2025-10-27 10:46:36,918 - GPU-3 - DEBUG -       [Latent] Step 1/1
2025-10-27 10:46:37,074 - GPU-3 - DEBUG -       [After Latent Recursive] 1 tokens unmasked
2025-10-27 10:46:37,075 - GPU-3 - INFO -   [Cycle 29]
2025-10-27 10:46:37,075 - GPU-3 - DEBUG -     [Latent Recursive] Starting 1 steps of latent thinking
2025-10-27 10:46:37,119 - GPU-3 - DEBUG -       [Latent] Step 1/1
2025-10-27 10:46:37,275 - GPU-3 - DEBUG -       [After Latent Recursive] 1 tokens unmasked
2025-10-27 10:46:37,276 - GPU-3 - INFO -   [Cycle 30]
2025-10-27 10:46:37,276 - GPU-3 - DEBUG -     [Latent Recursive] Starting 1 steps of latent thinking
2025-10-27 10:46:37,320 - GPU-3 - DEBUG -       [Latent] Step 1/1
2025-10-27 10:46:37,476 - GPU-3 - DEBUG -       [After Latent Recursive] 1 tokens unmasked
2025-10-27 10:46:37,477 - GPU-3 - INFO -   [Cycle 31]
2025-10-27 10:46:37,477 - GPU-3 - DEBUG -     [Latent Recursive] Starting 1 steps of latent thinking
2025-10-27 10:46:37,521 - GPU-3 - DEBUG -       [Latent] Step 1/1
2025-10-27 10:46:37,677 - GPU-3 - DEBUG -       [After Latent Recursive] 1 tokens unmasked
2025-10-27 10:46:37,678 - GPU-3 - INFO - [Block 13/16] Processing tokens 448-480
2025-10-27 10:46:37,678 - GPU-3 - DEBUG - [Block 12] Before forward: use_cache=True, x.shape=torch.Size([1, 576])
2025-10-27 10:46:37,678 - GPU-3 - DEBUG - [Block 12] Model type: LLaDAModelLM
2025-10-27 10:46:37,679 - GPU-3 - DEBUG - [Block 12] Model config use_cache: True
2025-10-27 10:46:37,701 - GPU-3 - DEBUG - [Block 12] After forward: pkv is None? False
2025-10-27 10:46:37,701 - GPU-3 - DEBUG - [Block 12] out type: CausalLMOutputWithPast
2025-10-27 10:46:37,701 - GPU-3 - DEBUG - [Block 12] pkv type: <class 'list'>, len: 32
2025-10-27 10:46:37,701 - GPU-3 - DEBUG - [Block 12] pkv[0] type: <class 'tuple'>, len: 2
2025-10-27 10:46:37,701 - GPU-3 - DEBUG - [Block 12] pkv[0][0].shape: torch.Size([1, 32, 576, 128])
2025-10-27 10:46:37,788 - GPU-3 - INFO -   [Initial Forward] 1 tokens unmasked
2025-10-27 10:46:37,788 - GPU-3 - INFO -   [Cycle 1]
2025-10-27 10:46:37,788 - GPU-3 - DEBUG -     [Latent Recursive] Starting 1 steps of latent thinking
2025-10-27 10:46:37,832 - GPU-3 - DEBUG -       [Latent] Step 1/1
2025-10-27 10:46:37,986 - GPU-3 - DEBUG -       [After Latent Recursive] 1 tokens unmasked
2025-10-27 10:46:37,987 - GPU-3 - INFO -   [Cycle 2]
2025-10-27 10:46:37,987 - GPU-3 - DEBUG -     [Latent Recursive] Starting 1 steps of latent thinking
2025-10-27 10:46:38,031 - GPU-3 - DEBUG -       [Latent] Step 1/1
2025-10-27 10:46:38,185 - GPU-3 - DEBUG -       [After Latent Recursive] 1 tokens unmasked
2025-10-27 10:46:38,186 - GPU-3 - INFO -   [Cycle 3]
2025-10-27 10:46:38,186 - GPU-3 - DEBUG -     [Latent Recursive] Starting 1 steps of latent thinking
2025-10-27 10:46:38,230 - GPU-3 - DEBUG -       [Latent] Step 1/1
2025-10-27 10:46:38,383 - GPU-3 - DEBUG -       [After Latent Recursive] 1 tokens unmasked
2025-10-27 10:46:38,384 - GPU-3 - INFO -   [Cycle 4]
2025-10-27 10:46:38,384 - GPU-3 - DEBUG -     [Latent Recursive] Starting 1 steps of latent thinking
2025-10-27 10:46:38,428 - GPU-3 - DEBUG -       [Latent] Step 1/1
2025-10-27 10:46:38,582 - GPU-3 - DEBUG -       [After Latent Recursive] 1 tokens unmasked
2025-10-27 10:46:38,582 - GPU-3 - INFO -   [Cycle 5]
2025-10-27 10:46:38,582 - GPU-3 - DEBUG -     [Latent Recursive] Starting 1 steps of latent thinking
2025-10-27 10:46:38,626 - GPU-3 - DEBUG -       [Latent] Step 1/1
2025-10-27 10:46:38,780 - GPU-3 - DEBUG -       [After Latent Recursive] 1 tokens unmasked
2025-10-27 10:46:38,780 - GPU-3 - INFO -   [Cycle 6]
2025-10-27 10:46:38,780 - GPU-3 - DEBUG -     [Latent Recursive] Starting 1 steps of latent thinking
2025-10-27 10:46:38,824 - GPU-3 - DEBUG -       [Latent] Step 1/1
2025-10-27 10:46:38,978 - GPU-3 - DEBUG -       [After Latent Recursive] 1 tokens unmasked
2025-10-27 10:46:38,978 - GPU-3 - INFO -   [Cycle 7]
2025-10-27 10:46:38,979 - GPU-3 - DEBUG -     [Latent Recursive] Starting 1 steps of latent thinking
2025-10-27 10:46:39,023 - GPU-3 - DEBUG -       [Latent] Step 1/1
2025-10-27 10:46:39,176 - GPU-3 - DEBUG -       [After Latent Recursive] 1 tokens unmasked
2025-10-27 10:46:39,177 - GPU-3 - INFO -   [Cycle 8]
2025-10-27 10:46:39,177 - GPU-3 - DEBUG -     [Latent Recursive] Starting 1 steps of latent thinking
2025-10-27 10:46:39,221 - GPU-3 - DEBUG -       [Latent] Step 1/1
2025-10-27 10:46:39,375 - GPU-3 - DEBUG -       [After Latent Recursive] 1 tokens unmasked
2025-10-27 10:46:39,375 - GPU-3 - INFO -   [Cycle 9]
2025-10-27 10:46:39,375 - GPU-3 - DEBUG -     [Latent Recursive] Starting 1 steps of latent thinking
2025-10-27 10:46:39,419 - GPU-3 - DEBUG -       [Latent] Step 1/1
2025-10-27 10:46:39,573 - GPU-3 - DEBUG -       [After Latent Recursive] 1 tokens unmasked
2025-10-27 10:46:39,574 - GPU-3 - INFO -   [Cycle 10]
2025-10-27 10:46:39,574 - GPU-3 - DEBUG -     [Latent Recursive] Starting 1 steps of latent thinking
2025-10-27 10:46:39,618 - GPU-3 - DEBUG -       [Latent] Step 1/1
2025-10-27 10:46:39,772 - GPU-3 - DEBUG -       [After Latent Recursive] 1 tokens unmasked
2025-10-27 10:46:39,772 - GPU-3 - INFO -   [Cycle 11]
2025-10-27 10:46:39,772 - GPU-3 - DEBUG -     [Latent Recursive] Starting 1 steps of latent thinking
2025-10-27 10:46:39,816 - GPU-3 - DEBUG -       [Latent] Step 1/1
2025-10-27 10:46:39,970 - GPU-3 - DEBUG -       [After Latent Recursive] 1 tokens unmasked
2025-10-27 10:46:39,971 - GPU-3 - INFO -   [Cycle 12]
2025-10-27 10:46:39,971 - GPU-3 - DEBUG -     [Latent Recursive] Starting 1 steps of latent thinking
2025-10-27 10:46:40,015 - GPU-3 - DEBUG -       [Latent] Step 1/1
2025-10-27 10:46:40,169 - GPU-3 - DEBUG -       [After Latent Recursive] 1 tokens unmasked
2025-10-27 10:46:40,170 - GPU-3 - INFO -   [Cycle 13]
2025-10-27 10:46:40,170 - GPU-3 - DEBUG -     [Latent Recursive] Starting 1 steps of latent thinking
2025-10-27 10:46:40,214 - GPU-3 - DEBUG -       [Latent] Step 1/1
2025-10-27 10:46:40,368 - GPU-3 - DEBUG -       [After Latent Recursive] 1 tokens unmasked
2025-10-27 10:46:40,368 - GPU-3 - INFO -   [Cycle 14]
2025-10-27 10:46:40,368 - GPU-3 - DEBUG -     [Latent Recursive] Starting 1 steps of latent thinking
2025-10-27 10:46:40,412 - GPU-3 - DEBUG -       [Latent] Step 1/1
2025-10-27 10:46:40,566 - GPU-3 - DEBUG -       [After Latent Recursive] 1 tokens unmasked
2025-10-27 10:46:40,567 - GPU-3 - INFO -   [Cycle 15]
2025-10-27 10:46:40,567 - GPU-3 - DEBUG -     [Latent Recursive] Starting 1 steps of latent thinking
2025-10-27 10:46:40,611 - GPU-3 - DEBUG -       [Latent] Step 1/1
2025-10-27 10:46:40,765 - GPU-3 - DEBUG -       [After Latent Recursive] 1 tokens unmasked
2025-10-27 10:46:40,765 - GPU-3 - INFO -   [Cycle 16]
2025-10-27 10:46:40,766 - GPU-3 - DEBUG -     [Latent Recursive] Starting 1 steps of latent thinking
2025-10-27 10:46:40,810 - GPU-3 - DEBUG -       [Latent] Step 1/1
2025-10-27 10:46:40,964 - GPU-3 - DEBUG -       [After Latent Recursive] 1 tokens unmasked
2025-10-27 10:46:40,964 - GPU-3 - INFO -   [Cycle 17]
2025-10-27 10:46:40,964 - GPU-3 - DEBUG -     [Latent Recursive] Starting 1 steps of latent thinking
2025-10-27 10:46:41,008 - GPU-3 - DEBUG -       [Latent] Step 1/1
2025-10-27 10:46:41,162 - GPU-3 - DEBUG -       [After Latent Recursive] 1 tokens unmasked
2025-10-27 10:46:41,163 - GPU-3 - INFO -   [Cycle 18]
2025-10-27 10:46:41,163 - GPU-3 - DEBUG -     [Latent Recursive] Starting 1 steps of latent thinking
2025-10-27 10:46:41,207 - GPU-3 - DEBUG -       [Latent] Step 1/1
2025-10-27 10:46:41,360 - GPU-3 - DEBUG -       [After Latent Recursive] 1 tokens unmasked
2025-10-27 10:46:41,361 - GPU-3 - INFO -   [Cycle 19]
2025-10-27 10:46:41,361 - GPU-3 - DEBUG -     [Latent Recursive] Starting 1 steps of latent thinking
2025-10-27 10:46:41,405 - GPU-3 - DEBUG -       [Latent] Step 1/1
2025-10-27 10:46:41,559 - GPU-3 - DEBUG -       [After Latent Recursive] 1 tokens unmasked
2025-10-27 10:46:41,559 - GPU-3 - INFO -   [Cycle 20]
2025-10-27 10:46:41,560 - GPU-3 - DEBUG -     [Latent Recursive] Starting 1 steps of latent thinking
2025-10-27 10:46:41,603 - GPU-3 - DEBUG -       [Latent] Step 1/1
2025-10-27 10:46:41,757 - GPU-3 - DEBUG -       [After Latent Recursive] 1 tokens unmasked
2025-10-27 10:46:41,758 - GPU-3 - INFO -   [Cycle 21]
2025-10-27 10:46:41,758 - GPU-3 - DEBUG -     [Latent Recursive] Starting 1 steps of latent thinking
2025-10-27 10:46:41,802 - GPU-3 - DEBUG -       [Latent] Step 1/1
2025-10-27 10:46:41,956 - GPU-3 - DEBUG -       [After Latent Recursive] 1 tokens unmasked
2025-10-27 10:46:41,956 - GPU-3 - INFO -   [Cycle 22]
2025-10-27 10:46:41,956 - GPU-3 - DEBUG -     [Latent Recursive] Starting 1 steps of latent thinking
2025-10-27 10:46:42,000 - GPU-3 - DEBUG -       [Latent] Step 1/1
2025-10-27 10:46:42,154 - GPU-3 - DEBUG -       [After Latent Recursive] 1 tokens unmasked
2025-10-27 10:46:42,155 - GPU-3 - INFO -   [Cycle 23]
2025-10-27 10:46:42,155 - GPU-3 - DEBUG -     [Latent Recursive] Starting 1 steps of latent thinking
2025-10-27 10:46:42,199 - GPU-3 - DEBUG -       [Latent] Step 1/1
2025-10-27 10:46:42,353 - GPU-3 - DEBUG -       [After Latent Recursive] 1 tokens unmasked
2025-10-27 10:46:42,353 - GPU-3 - INFO -   [Cycle 24]
2025-10-27 10:46:42,354 - GPU-3 - DEBUG -     [Latent Recursive] Starting 1 steps of latent thinking
2025-10-27 10:46:42,397 - GPU-3 - DEBUG -       [Latent] Step 1/1
2025-10-27 10:46:42,551 - GPU-3 - DEBUG -       [After Latent Recursive] 1 tokens unmasked
2025-10-27 10:46:42,552 - GPU-3 - INFO -   [Cycle 25]
2025-10-27 10:46:42,552 - GPU-3 - DEBUG -     [Latent Recursive] Starting 1 steps of latent thinking
2025-10-27 10:46:42,596 - GPU-3 - DEBUG -       [Latent] Step 1/1
2025-10-27 10:46:42,750 - GPU-3 - DEBUG -       [After Latent Recursive] 1 tokens unmasked
2025-10-27 10:46:42,750 - GPU-3 - INFO -   [Cycle 26]
2025-10-27 10:46:42,751 - GPU-3 - DEBUG -     [Latent Recursive] Starting 1 steps of latent thinking
2025-10-27 10:46:42,794 - GPU-3 - DEBUG -       [Latent] Step 1/1
2025-10-27 10:46:42,949 - GPU-3 - DEBUG -       [After Latent Recursive] 1 tokens unmasked
2025-10-27 10:46:42,949 - GPU-3 - INFO -   [Cycle 27]
2025-10-27 10:46:42,949 - GPU-3 - DEBUG -     [Latent Recursive] Starting 1 steps of latent thinking
2025-10-27 10:46:42,993 - GPU-3 - DEBUG -       [Latent] Step 1/1
2025-10-27 10:46:43,148 - GPU-3 - DEBUG -       [After Latent Recursive] 1 tokens unmasked
2025-10-27 10:46:43,148 - GPU-3 - INFO -   [Cycle 28]
2025-10-27 10:46:43,148 - GPU-3 - DEBUG -     [Latent Recursive] Starting 1 steps of latent thinking
2025-10-27 10:46:43,192 - GPU-3 - DEBUG -       [Latent] Step 1/1
2025-10-27 10:46:43,346 - GPU-3 - DEBUG -       [After Latent Recursive] 1 tokens unmasked
2025-10-27 10:46:43,347 - GPU-3 - INFO -   [Cycle 29]
2025-10-27 10:46:43,347 - GPU-3 - DEBUG -     [Latent Recursive] Starting 1 steps of latent thinking
2025-10-27 10:46:43,391 - GPU-3 - DEBUG -       [Latent] Step 1/1
2025-10-27 10:46:43,545 - GPU-3 - DEBUG -       [After Latent Recursive] 1 tokens unmasked
2025-10-27 10:46:43,545 - GPU-3 - INFO -   [Cycle 30]
2025-10-27 10:46:43,546 - GPU-3 - DEBUG -     [Latent Recursive] Starting 1 steps of latent thinking
2025-10-27 10:46:43,590 - GPU-3 - DEBUG -       [Latent] Step 1/1
2025-10-27 10:46:43,744 - GPU-3 - DEBUG -       [After Latent Recursive] 1 tokens unmasked
2025-10-27 10:46:43,744 - GPU-3 - INFO -   [Cycle 31]
2025-10-27 10:46:43,744 - GPU-3 - DEBUG -     [Latent Recursive] Starting 1 steps of latent thinking
2025-10-27 10:46:43,788 - GPU-3 - DEBUG -       [Latent] Step 1/1
2025-10-27 10:46:43,943 - GPU-3 - DEBUG -       [After Latent Recursive] 1 tokens unmasked
2025-10-27 10:46:43,943 - GPU-3 - INFO - [Block 14/16] Processing tokens 480-512
2025-10-27 10:46:43,943 - GPU-3 - DEBUG - [Block 13] Before forward: use_cache=True, x.shape=torch.Size([1, 576])
2025-10-27 10:46:43,943 - GPU-3 - DEBUG - [Block 13] Model type: LLaDAModelLM
2025-10-27 10:46:43,943 - GPU-3 - DEBUG - [Block 13] Model config use_cache: True
2025-10-27 10:46:43,965 - GPU-3 - DEBUG - [Block 13] After forward: pkv is None? False
2025-10-27 10:46:43,965 - GPU-3 - DEBUG - [Block 13] out type: CausalLMOutputWithPast
2025-10-27 10:46:43,966 - GPU-3 - DEBUG - [Block 13] pkv type: <class 'list'>, len: 32
2025-10-27 10:46:43,966 - GPU-3 - DEBUG - [Block 13] pkv[0] type: <class 'tuple'>, len: 2
2025-10-27 10:46:43,966 - GPU-3 - DEBUG - [Block 13] pkv[0][0].shape: torch.Size([1, 32, 576, 128])
2025-10-27 10:46:44,052 - GPU-3 - INFO -   [Initial Forward] 1 tokens unmasked
2025-10-27 10:46:44,052 - GPU-3 - INFO -   [Cycle 1]
2025-10-27 10:46:44,052 - GPU-3 - DEBUG -     [Latent Recursive] Starting 1 steps of latent thinking
2025-10-27 10:46:44,097 - GPU-3 - DEBUG -       [Latent] Step 1/1
2025-10-27 10:46:44,250 - GPU-3 - DEBUG -       [After Latent Recursive] 1 tokens unmasked
2025-10-27 10:46:44,250 - GPU-3 - INFO -   [Cycle 2]
2025-10-27 10:46:44,250 - GPU-3 - DEBUG -     [Latent Recursive] Starting 1 steps of latent thinking
2025-10-27 10:46:44,294 - GPU-3 - DEBUG -       [Latent] Step 1/1
2025-10-27 10:46:44,448 - GPU-3 - DEBUG -       [After Latent Recursive] 1 tokens unmasked
2025-10-27 10:46:44,448 - GPU-3 - INFO -   [Cycle 3]
2025-10-27 10:46:44,448 - GPU-3 - DEBUG -     [Latent Recursive] Starting 1 steps of latent thinking
2025-10-27 10:46:44,492 - GPU-3 - DEBUG -       [Latent] Step 1/1
2025-10-27 10:46:44,646 - GPU-3 - DEBUG -       [After Latent Recursive] 1 tokens unmasked
2025-10-27 10:46:44,646 - GPU-3 - INFO -   [Cycle 4]
2025-10-27 10:46:44,646 - GPU-3 - DEBUG -     [Latent Recursive] Starting 1 steps of latent thinking
2025-10-27 10:46:44,690 - GPU-3 - DEBUG -       [Latent] Step 1/1
2025-10-27 10:46:44,843 - GPU-3 - DEBUG -       [After Latent Recursive] 1 tokens unmasked
2025-10-27 10:46:44,843 - GPU-3 - INFO -   [Cycle 5]
2025-10-27 10:46:44,844 - GPU-3 - DEBUG -     [Latent Recursive] Starting 1 steps of latent thinking
2025-10-27 10:46:44,887 - GPU-3 - DEBUG -       [Latent] Step 1/1
2025-10-27 10:46:45,041 - GPU-3 - DEBUG -       [After Latent Recursive] 1 tokens unmasked
2025-10-27 10:46:45,041 - GPU-3 - INFO -   [Cycle 6]
2025-10-27 10:46:45,041 - GPU-3 - DEBUG -     [Latent Recursive] Starting 1 steps of latent thinking
2025-10-27 10:46:45,085 - GPU-3 - DEBUG -       [Latent] Step 1/1
2025-10-27 10:46:45,239 - GPU-3 - DEBUG -       [After Latent Recursive] 1 tokens unmasked
2025-10-27 10:46:45,239 - GPU-3 - INFO -   [Cycle 7]
2025-10-27 10:46:45,239 - GPU-3 - DEBUG -     [Latent Recursive] Starting 1 steps of latent thinking
2025-10-27 10:46:45,283 - GPU-3 - DEBUG -       [Latent] Step 1/1
2025-10-27 10:46:45,437 - GPU-3 - DEBUG -       [After Latent Recursive] 1 tokens unmasked
2025-10-27 10:46:45,437 - GPU-3 - INFO -   [Cycle 8]
2025-10-27 10:46:45,437 - GPU-3 - DEBUG -     [Latent Recursive] Starting 1 steps of latent thinking
2025-10-27 10:46:45,481 - GPU-3 - DEBUG -       [Latent] Step 1/1
2025-10-27 10:46:45,634 - GPU-3 - DEBUG -       [After Latent Recursive] 1 tokens unmasked
2025-10-27 10:46:45,635 - GPU-3 - INFO -   [Cycle 9]
2025-10-27 10:46:45,635 - GPU-3 - DEBUG -     [Latent Recursive] Starting 1 steps of latent thinking
2025-10-27 10:46:45,679 - GPU-3 - DEBUG -       [Latent] Step 1/1
2025-10-27 10:46:45,832 - GPU-3 - DEBUG -       [After Latent Recursive] 1 tokens unmasked
2025-10-27 10:46:45,833 - GPU-3 - INFO -   [Cycle 10]
2025-10-27 10:46:45,833 - GPU-3 - DEBUG -     [Latent Recursive] Starting 1 steps of latent thinking
2025-10-27 10:46:45,877 - GPU-3 - DEBUG -       [Latent] Step 1/1
2025-10-27 10:46:46,030 - GPU-3 - DEBUG -       [After Latent Recursive] 1 tokens unmasked
2025-10-27 10:46:46,030 - GPU-3 - INFO -   [Cycle 11]
2025-10-27 10:46:46,031 - GPU-3 - DEBUG -     [Latent Recursive] Starting 1 steps of latent thinking
2025-10-27 10:46:46,074 - GPU-3 - DEBUG -       [Latent] Step 1/1
2025-10-27 10:46:46,228 - GPU-3 - DEBUG -       [After Latent Recursive] 1 tokens unmasked
2025-10-27 10:46:46,228 - GPU-3 - INFO -   [Cycle 12]
2025-10-27 10:46:46,228 - GPU-3 - DEBUG -     [Latent Recursive] Starting 1 steps of latent thinking
2025-10-27 10:46:46,272 - GPU-3 - DEBUG -       [Latent] Step 1/1
2025-10-27 10:46:46,426 - GPU-3 - DEBUG -       [After Latent Recursive] 1 tokens unmasked
2025-10-27 10:46:46,426 - GPU-3 - INFO -   [Cycle 13]
2025-10-27 10:46:46,426 - GPU-3 - DEBUG -     [Latent Recursive] Starting 1 steps of latent thinking
2025-10-27 10:46:46,470 - GPU-3 - DEBUG -       [Latent] Step 1/1
2025-10-27 10:46:46,623 - GPU-3 - DEBUG -       [After Latent Recursive] 1 tokens unmasked
2025-10-27 10:46:46,624 - GPU-3 - INFO -   [Cycle 14]
2025-10-27 10:46:46,624 - GPU-3 - DEBUG -     [Latent Recursive] Starting 1 steps of latent thinking
2025-10-27 10:46:46,668 - GPU-3 - DEBUG -       [Latent] Step 1/1
2025-10-27 10:46:46,821 - GPU-3 - DEBUG -       [After Latent Recursive] 1 tokens unmasked
2025-10-27 10:46:46,822 - GPU-3 - INFO -   [Cycle 15]
2025-10-27 10:46:46,822 - GPU-3 - DEBUG -     [Latent Recursive] Starting 1 steps of latent thinking
2025-10-27 10:46:46,866 - GPU-3 - DEBUG -       [Latent] Step 1/1
2025-10-27 10:46:47,019 - GPU-3 - DEBUG -       [After Latent Recursive] 1 tokens unmasked
2025-10-27 10:46:47,020 - GPU-3 - INFO -   [Cycle 16]
2025-10-27 10:46:47,020 - GPU-3 - DEBUG -     [Latent Recursive] Starting 1 steps of latent thinking
2025-10-27 10:46:47,064 - GPU-3 - DEBUG -       [Latent] Step 1/1
2025-10-27 10:46:47,217 - GPU-3 - DEBUG -       [After Latent Recursive] 1 tokens unmasked
2025-10-27 10:46:47,217 - GPU-3 - INFO -   [Cycle 17]
2025-10-27 10:46:47,217 - GPU-3 - DEBUG -     [Latent Recursive] Starting 1 steps of latent thinking
2025-10-27 10:46:47,261 - GPU-3 - DEBUG -       [Latent] Step 1/1
2025-10-27 10:46:47,415 - GPU-3 - DEBUG -       [After Latent Recursive] 1 tokens unmasked
2025-10-27 10:46:47,415 - GPU-3 - INFO -   [Cycle 18]
2025-10-27 10:46:47,415 - GPU-3 - DEBUG -     [Latent Recursive] Starting 1 steps of latent thinking
2025-10-27 10:46:47,459 - GPU-3 - DEBUG -       [Latent] Step 1/1
2025-10-27 10:46:47,613 - GPU-3 - DEBUG -       [After Latent Recursive] 1 tokens unmasked
2025-10-27 10:46:47,613 - GPU-3 - INFO -   [Cycle 19]
2025-10-27 10:46:47,613 - GPU-3 - DEBUG -     [Latent Recursive] Starting 1 steps of latent thinking
2025-10-27 10:46:47,657 - GPU-3 - DEBUG -       [Latent] Step 1/1
2025-10-27 10:46:47,810 - GPU-3 - DEBUG -       [After Latent Recursive] 1 tokens unmasked
2025-10-27 10:46:47,811 - GPU-3 - INFO -   [Cycle 20]
2025-10-27 10:46:47,811 - GPU-3 - DEBUG -     [Latent Recursive] Starting 1 steps of latent thinking
2025-10-27 10:46:47,855 - GPU-3 - DEBUG -       [Latent] Step 1/1
2025-10-27 10:46:48,009 - GPU-3 - DEBUG -       [After Latent Recursive] 1 tokens unmasked
2025-10-27 10:46:48,009 - GPU-3 - INFO -   [Cycle 21]
2025-10-27 10:46:48,009 - GPU-3 - DEBUG -     [Latent Recursive] Starting 1 steps of latent thinking
2025-10-27 10:46:48,053 - GPU-3 - DEBUG -       [Latent] Step 1/1
2025-10-27 10:46:48,206 - GPU-3 - DEBUG -       [After Latent Recursive] 1 tokens unmasked
2025-10-27 10:46:48,207 - GPU-3 - INFO -   [Cycle 22]
2025-10-27 10:46:48,207 - GPU-3 - DEBUG -     [Latent Recursive] Starting 1 steps of latent thinking
2025-10-27 10:46:48,251 - GPU-3 - DEBUG -       [Latent] Step 1/1
2025-10-27 10:46:48,404 - GPU-3 - DEBUG -       [After Latent Recursive] 1 tokens unmasked
2025-10-27 10:46:48,405 - GPU-3 - INFO -   [Cycle 23]
2025-10-27 10:46:48,405 - GPU-3 - DEBUG -     [Latent Recursive] Starting 1 steps of latent thinking
2025-10-27 10:46:48,449 - GPU-3 - DEBUG -       [Latent] Step 1/1
2025-10-27 10:46:48,602 - GPU-3 - DEBUG -       [After Latent Recursive] 1 tokens unmasked
2025-10-27 10:46:48,602 - GPU-3 - INFO -   [Cycle 24]
2025-10-27 10:46:48,603 - GPU-3 - DEBUG -     [Latent Recursive] Starting 1 steps of latent thinking
2025-10-27 10:46:48,646 - GPU-3 - DEBUG -       [Latent] Step 1/1
2025-10-27 10:46:48,800 - GPU-3 - DEBUG -       [After Latent Recursive] 1 tokens unmasked
2025-10-27 10:46:48,800 - GPU-3 - INFO -   [Cycle 25]
2025-10-27 10:46:48,801 - GPU-3 - DEBUG -     [Latent Recursive] Starting 1 steps of latent thinking
2025-10-27 10:46:48,845 - GPU-3 - DEBUG -       [Latent] Step 1/1
2025-10-27 10:46:48,998 - GPU-3 - DEBUG -       [After Latent Recursive] 1 tokens unmasked
2025-10-27 10:46:48,998 - GPU-3 - INFO -   [Cycle 26]
2025-10-27 10:46:48,999 - GPU-3 - DEBUG -     [Latent Recursive] Starting 1 steps of latent thinking
2025-10-27 10:46:49,043 - GPU-3 - DEBUG -       [Latent] Step 1/1
2025-10-27 10:46:49,196 - GPU-3 - DEBUG -       [After Latent Recursive] 1 tokens unmasked
2025-10-27 10:46:49,196 - GPU-3 - INFO -   [Cycle 27]
2025-10-27 10:46:49,196 - GPU-3 - DEBUG -     [Latent Recursive] Starting 1 steps of latent thinking
2025-10-27 10:46:49,240 - GPU-3 - DEBUG -       [Latent] Step 1/1
2025-10-27 10:46:49,394 - GPU-3 - DEBUG -       [After Latent Recursive] 1 tokens unmasked
2025-10-27 10:46:49,394 - GPU-3 - INFO -   [Cycle 28]
2025-10-27 10:46:49,394 - GPU-3 - DEBUG -     [Latent Recursive] Starting 1 steps of latent thinking
2025-10-27 10:46:49,438 - GPU-3 - DEBUG -       [Latent] Step 1/1
2025-10-27 10:46:49,592 - GPU-3 - DEBUG -       [After Latent Recursive] 1 tokens unmasked
2025-10-27 10:46:49,592 - GPU-3 - INFO -   [Cycle 29]
2025-10-27 10:46:49,592 - GPU-3 - DEBUG -     [Latent Recursive] Starting 1 steps of latent thinking
2025-10-27 10:46:49,636 - GPU-3 - DEBUG -       [Latent] Step 1/1
2025-10-27 10:46:49,790 - GPU-3 - DEBUG -       [After Latent Recursive] 1 tokens unmasked
2025-10-27 10:46:49,790 - GPU-3 - INFO -   [Cycle 30]
2025-10-27 10:46:49,790 - GPU-3 - DEBUG -     [Latent Recursive] Starting 1 steps of latent thinking
2025-10-27 10:46:49,834 - GPU-3 - DEBUG -       [Latent] Step 1/1
2025-10-27 10:46:49,988 - GPU-3 - DEBUG -       [After Latent Recursive] 1 tokens unmasked
2025-10-27 10:46:49,988 - GPU-3 - INFO -   [Cycle 31]
2025-10-27 10:46:49,988 - GPU-3 - DEBUG -     [Latent Recursive] Starting 1 steps of latent thinking
2025-10-27 10:46:50,032 - GPU-3 - DEBUG -       [Latent] Step 1/1
2025-10-27 10:46:50,185 - GPU-3 - DEBUG -       [After Latent Recursive] 1 tokens unmasked
2025-10-27 10:46:50,186 - GPU-3 - INFO - [Block 15/16] Processing tokens 512-544
2025-10-27 10:46:50,186 - GPU-3 - DEBUG - [Block 14] Before forward: use_cache=True, x.shape=torch.Size([1, 576])
2025-10-27 10:46:50,186 - GPU-3 - DEBUG - [Block 14] Model type: LLaDAModelLM
2025-10-27 10:46:50,186 - GPU-3 - DEBUG - [Block 14] Model config use_cache: True
2025-10-27 10:46:50,208 - GPU-3 - DEBUG - [Block 14] After forward: pkv is None? False
2025-10-27 10:46:50,208 - GPU-3 - DEBUG - [Block 14] out type: CausalLMOutputWithPast
2025-10-27 10:46:50,208 - GPU-3 - DEBUG - [Block 14] pkv type: <class 'list'>, len: 32
2025-10-27 10:46:50,208 - GPU-3 - DEBUG - [Block 14] pkv[0] type: <class 'tuple'>, len: 2
2025-10-27 10:46:50,209 - GPU-3 - DEBUG - [Block 14] pkv[0][0].shape: torch.Size([1, 32, 576, 128])
2025-10-27 10:46:50,295 - GPU-3 - INFO -   [Initial Forward] 1 tokens unmasked
2025-10-27 10:46:50,295 - GPU-3 - INFO -   [Cycle 1]
2025-10-27 10:46:50,295 - GPU-3 - DEBUG -     [Latent Recursive] Starting 1 steps of latent thinking
2025-10-27 10:46:50,340 - GPU-3 - DEBUG -       [Latent] Step 1/1
2025-10-27 10:46:50,491 - GPU-3 - DEBUG -       [After Latent Recursive] 1 tokens unmasked
2025-10-27 10:46:50,491 - GPU-3 - INFO -   [Cycle 2]
2025-10-27 10:46:50,491 - GPU-3 - DEBUG -     [Latent Recursive] Starting 1 steps of latent thinking
2025-10-27 10:46:50,535 - GPU-3 - DEBUG -       [Latent] Step 1/1
2025-10-27 10:46:50,686 - GPU-3 - DEBUG -       [After Latent Recursive] 1 tokens unmasked
2025-10-27 10:46:50,687 - GPU-3 - INFO -   [Cycle 3]
2025-10-27 10:46:50,687 - GPU-3 - DEBUG -     [Latent Recursive] Starting 1 steps of latent thinking
2025-10-27 10:46:50,731 - GPU-3 - DEBUG -       [Latent] Step 1/1
2025-10-27 10:46:50,882 - GPU-3 - DEBUG -       [After Latent Recursive] 1 tokens unmasked
2025-10-27 10:46:50,882 - GPU-3 - INFO -   [Cycle 4]
2025-10-27 10:46:50,882 - GPU-3 - DEBUG -     [Latent Recursive] Starting 1 steps of latent thinking
2025-10-27 10:46:50,926 - GPU-3 - DEBUG -       [Latent] Step 1/1
2025-10-27 10:46:51,077 - GPU-3 - DEBUG -       [After Latent Recursive] 1 tokens unmasked
2025-10-27 10:46:51,077 - GPU-3 - INFO -   [Cycle 5]
2025-10-27 10:46:51,077 - GPU-3 - DEBUG -     [Latent Recursive] Starting 1 steps of latent thinking
2025-10-27 10:46:51,121 - GPU-3 - DEBUG -       [Latent] Step 1/1
2025-10-27 10:46:51,272 - GPU-3 - DEBUG -       [After Latent Recursive] 1 tokens unmasked
2025-10-27 10:46:51,273 - GPU-3 - INFO -   [Cycle 6]
2025-10-27 10:46:51,273 - GPU-3 - DEBUG -     [Latent Recursive] Starting 1 steps of latent thinking
2025-10-27 10:46:51,317 - GPU-3 - DEBUG -       [Latent] Step 1/1
2025-10-27 10:46:51,468 - GPU-3 - DEBUG -       [After Latent Recursive] 1 tokens unmasked
2025-10-27 10:46:51,468 - GPU-3 - INFO -   [Cycle 7]
2025-10-27 10:46:51,468 - GPU-3 - DEBUG -     [Latent Recursive] Starting 1 steps of latent thinking
2025-10-27 10:46:51,512 - GPU-3 - DEBUG -       [Latent] Step 1/1
2025-10-27 10:46:51,663 - GPU-3 - DEBUG -       [After Latent Recursive] 1 tokens unmasked
2025-10-27 10:46:51,664 - GPU-3 - INFO -   [Cycle 8]
2025-10-27 10:46:51,664 - GPU-3 - DEBUG -     [Latent Recursive] Starting 1 steps of latent thinking
2025-10-27 10:46:51,708 - GPU-3 - DEBUG -       [Latent] Step 1/1
2025-10-27 10:46:51,858 - GPU-3 - DEBUG -       [After Latent Recursive] 1 tokens unmasked
2025-10-27 10:46:51,859 - GPU-3 - INFO -   [Cycle 9]
2025-10-27 10:46:51,859 - GPU-3 - DEBUG -     [Latent Recursive] Starting 1 steps of latent thinking
2025-10-27 10:46:51,903 - GPU-3 - DEBUG -       [Latent] Step 1/1
2025-10-27 10:46:52,054 - GPU-3 - DEBUG -       [After Latent Recursive] 1 tokens unmasked
2025-10-27 10:46:52,055 - GPU-3 - INFO -   [Cycle 10]
2025-10-27 10:46:52,055 - GPU-3 - DEBUG -     [Latent Recursive] Starting 1 steps of latent thinking
2025-10-27 10:46:52,099 - GPU-3 - DEBUG -       [Latent] Step 1/1
2025-10-27 10:46:52,250 - GPU-3 - DEBUG -       [After Latent Recursive] 1 tokens unmasked
2025-10-27 10:46:52,250 - GPU-3 - INFO -   [Cycle 11]
2025-10-27 10:46:52,250 - GPU-3 - DEBUG -     [Latent Recursive] Starting 1 steps of latent thinking
2025-10-27 10:46:52,294 - GPU-3 - DEBUG -       [Latent] Step 1/1
2025-10-27 10:46:52,445 - GPU-3 - DEBUG -       [After Latent Recursive] 1 tokens unmasked
2025-10-27 10:46:52,446 - GPU-3 - INFO -   [Cycle 12]
2025-10-27 10:46:52,446 - GPU-3 - DEBUG -     [Latent Recursive] Starting 1 steps of latent thinking
2025-10-27 10:46:52,490 - GPU-3 - DEBUG -       [Latent] Step 1/1
2025-10-27 10:46:52,641 - GPU-3 - DEBUG -       [After Latent Recursive] 1 tokens unmasked
2025-10-27 10:46:52,642 - GPU-3 - INFO -   [Cycle 13]
2025-10-27 10:46:52,642 - GPU-3 - DEBUG -     [Latent Recursive] Starting 1 steps of latent thinking
2025-10-27 10:46:52,686 - GPU-3 - DEBUG -       [Latent] Step 1/1
2025-10-27 10:46:52,837 - GPU-3 - DEBUG -       [After Latent Recursive] 1 tokens unmasked
2025-10-27 10:46:52,837 - GPU-3 - INFO -   [Cycle 14]
2025-10-27 10:46:52,837 - GPU-3 - DEBUG -     [Latent Recursive] Starting 1 steps of latent thinking
2025-10-27 10:46:52,881 - GPU-3 - DEBUG -       [Latent] Step 1/1
2025-10-27 10:46:53,032 - GPU-3 - DEBUG -       [After Latent Recursive] 1 tokens unmasked
2025-10-27 10:46:53,032 - GPU-3 - INFO -   [Cycle 15]
2025-10-27 10:46:53,032 - GPU-3 - DEBUG -     [Latent Recursive] Starting 1 steps of latent thinking
2025-10-27 10:46:53,076 - GPU-3 - DEBUG -       [Latent] Step 1/1
2025-10-27 10:46:53,227 - GPU-3 - DEBUG -       [After Latent Recursive] 1 tokens unmasked
2025-10-27 10:46:53,228 - GPU-3 - INFO -   [Cycle 16]
2025-10-27 10:46:53,228 - GPU-3 - DEBUG -     [Latent Recursive] Starting 1 steps of latent thinking
2025-10-27 10:46:53,272 - GPU-3 - DEBUG -       [Latent] Step 1/1
2025-10-27 10:46:53,423 - GPU-3 - DEBUG -       [After Latent Recursive] 1 tokens unmasked
2025-10-27 10:46:53,423 - GPU-3 - INFO -   [Cycle 17]
2025-10-27 10:46:53,423 - GPU-3 - DEBUG -     [Latent Recursive] Starting 1 steps of latent thinking
2025-10-27 10:46:53,467 - GPU-3 - DEBUG -       [Latent] Step 1/1
2025-10-27 10:46:53,618 - GPU-3 - DEBUG -       [After Latent Recursive] 1 tokens unmasked
2025-10-27 10:46:53,619 - GPU-3 - INFO -   [Cycle 18]
2025-10-27 10:46:53,619 - GPU-3 - DEBUG -     [Latent Recursive] Starting 1 steps of latent thinking
2025-10-27 10:46:53,663 - GPU-3 - DEBUG -       [Latent] Step 1/1
2025-10-27 10:46:53,814 - GPU-3 - DEBUG -       [After Latent Recursive] 1 tokens unmasked
2025-10-27 10:46:53,815 - GPU-3 - INFO -   [Cycle 19]
2025-10-27 10:46:53,815 - GPU-3 - DEBUG -     [Latent Recursive] Starting 1 steps of latent thinking
2025-10-27 10:46:53,859 - GPU-3 - DEBUG -       [Latent] Step 1/1
2025-10-27 10:46:54,010 - GPU-3 - DEBUG -       [After Latent Recursive] 1 tokens unmasked
2025-10-27 10:46:54,010 - GPU-3 - INFO -   [Cycle 20]
2025-10-27 10:46:54,010 - GPU-3 - DEBUG -     [Latent Recursive] Starting 1 steps of latent thinking
2025-10-27 10:46:54,054 - GPU-3 - DEBUG -       [Latent] Step 1/1
2025-10-27 10:46:54,205 - GPU-3 - DEBUG -       [After Latent Recursive] 1 tokens unmasked
2025-10-27 10:46:54,205 - GPU-3 - INFO -   [Cycle 21]
2025-10-27 10:46:54,206 - GPU-3 - DEBUG -     [Latent Recursive] Starting 1 steps of latent thinking
2025-10-27 10:46:54,250 - GPU-3 - DEBUG -       [Latent] Step 1/1
2025-10-27 10:46:54,400 - GPU-3 - DEBUG -       [After Latent Recursive] 1 tokens unmasked
2025-10-27 10:46:54,401 - GPU-3 - INFO -   [Cycle 22]
2025-10-27 10:46:54,401 - GPU-3 - DEBUG -     [Latent Recursive] Starting 1 steps of latent thinking
2025-10-27 10:46:54,445 - GPU-3 - DEBUG -       [Latent] Step 1/1
2025-10-27 10:46:54,595 - GPU-3 - DEBUG -       [After Latent Recursive] 1 tokens unmasked
2025-10-27 10:46:54,596 - GPU-3 - INFO -   [Cycle 23]
2025-10-27 10:46:54,596 - GPU-3 - DEBUG -     [Latent Recursive] Starting 1 steps of latent thinking
2025-10-27 10:46:54,640 - GPU-3 - DEBUG -       [Latent] Step 1/1
2025-10-27 10:46:54,791 - GPU-3 - DEBUG -       [After Latent Recursive] 1 tokens unmasked
2025-10-27 10:46:54,791 - GPU-3 - INFO -   [Cycle 24]
2025-10-27 10:46:54,791 - GPU-3 - DEBUG -     [Latent Recursive] Starting 1 steps of latent thinking
2025-10-27 10:46:54,836 - GPU-3 - DEBUG -       [Latent] Step 1/1
2025-10-27 10:46:54,987 - GPU-3 - DEBUG -       [After Latent Recursive] 1 tokens unmasked
2025-10-27 10:46:54,987 - GPU-3 - INFO -   [Cycle 25]
2025-10-27 10:46:54,987 - GPU-3 - DEBUG -     [Latent Recursive] Starting 1 steps of latent thinking
2025-10-27 10:46:55,031 - GPU-3 - DEBUG -       [Latent] Step 1/1
2025-10-27 10:46:55,182 - GPU-3 - DEBUG -       [After Latent Recursive] 1 tokens unmasked
2025-10-27 10:46:55,182 - GPU-3 - INFO -   [Cycle 26]
2025-10-27 10:46:55,182 - GPU-3 - DEBUG -     [Latent Recursive] Starting 1 steps of latent thinking
2025-10-27 10:46:55,226 - GPU-3 - DEBUG -       [Latent] Step 1/1
2025-10-27 10:46:55,377 - GPU-3 - DEBUG -       [After Latent Recursive] 1 tokens unmasked
2025-10-27 10:46:55,377 - GPU-3 - INFO -   [Cycle 27]
2025-10-27 10:46:55,378 - GPU-3 - DEBUG -     [Latent Recursive] Starting 1 steps of latent thinking
2025-10-27 10:46:55,422 - GPU-3 - DEBUG -       [Latent] Step 1/1
2025-10-27 10:46:55,573 - GPU-3 - DEBUG -       [After Latent Recursive] 1 tokens unmasked
2025-10-27 10:46:55,573 - GPU-3 - INFO -   [Cycle 28]
2025-10-27 10:46:55,573 - GPU-3 - DEBUG -     [Latent Recursive] Starting 1 steps of latent thinking
2025-10-27 10:46:55,617 - GPU-3 - DEBUG -       [Latent] Step 1/1
2025-10-27 10:46:55,768 - GPU-3 - DEBUG -       [After Latent Recursive] 1 tokens unmasked
2025-10-27 10:46:55,769 - GPU-3 - INFO -   [Cycle 29]
2025-10-27 10:46:55,769 - GPU-3 - DEBUG -     [Latent Recursive] Starting 1 steps of latent thinking
2025-10-27 10:46:55,813 - GPU-3 - DEBUG -       [Latent] Step 1/1
2025-10-27 10:46:55,964 - GPU-3 - DEBUG -       [After Latent Recursive] 1 tokens unmasked
2025-10-27 10:46:55,964 - GPU-3 - INFO -   [Cycle 30]
2025-10-27 10:46:55,964 - GPU-3 - DEBUG -     [Latent Recursive] Starting 1 steps of latent thinking
2025-10-27 10:46:56,008 - GPU-3 - DEBUG -       [Latent] Step 1/1
2025-10-27 10:46:56,159 - GPU-3 - DEBUG -       [After Latent Recursive] 1 tokens unmasked
2025-10-27 10:46:56,160 - GPU-3 - INFO -   [Cycle 31]
2025-10-27 10:46:56,160 - GPU-3 - DEBUG -     [Latent Recursive] Starting 1 steps of latent thinking
2025-10-27 10:46:56,204 - GPU-3 - DEBUG -       [Latent] Step 1/1
2025-10-27 10:46:56,355 - GPU-3 - DEBUG -       [After Latent Recursive] 1 tokens unmasked
2025-10-27 10:46:56,355 - GPU-3 - INFO - [Block 16/16] Processing tokens 544-576
2025-10-27 10:46:56,356 - GPU-3 - DEBUG - [Block 15] Before forward: use_cache=True, x.shape=torch.Size([1, 576])
2025-10-27 10:46:56,356 - GPU-3 - DEBUG - [Block 15] Model type: LLaDAModelLM
2025-10-27 10:46:56,356 - GPU-3 - DEBUG - [Block 15] Model config use_cache: True
2025-10-27 10:46:56,378 - GPU-3 - DEBUG - [Block 15] After forward: pkv is None? False
2025-10-27 10:46:56,378 - GPU-3 - DEBUG - [Block 15] out type: CausalLMOutputWithPast
2025-10-27 10:46:56,378 - GPU-3 - DEBUG - [Block 15] pkv type: <class 'list'>, len: 32
2025-10-27 10:46:56,378 - GPU-3 - DEBUG - [Block 15] pkv[0] type: <class 'tuple'>, len: 2
2025-10-27 10:46:56,378 - GPU-3 - DEBUG - [Block 15] pkv[0][0].shape: torch.Size([1, 32, 576, 128])
2025-10-27 10:46:56,464 - GPU-3 - INFO -   [Initial Forward] 1 tokens unmasked
2025-10-27 10:46:56,466 - GPU-3 - INFO -   [Cycle 1]
2025-10-27 10:46:56,466 - GPU-3 - DEBUG -     [Latent Recursive] Starting 1 steps of latent thinking
2025-10-27 10:46:56,510 - GPU-3 - DEBUG -       [Latent] Step 1/1
2025-10-27 10:46:56,660 - GPU-3 - DEBUG -       [After Latent Recursive] 1 tokens unmasked
2025-10-27 10:46:56,660 - GPU-3 - INFO -   [Cycle 2]
2025-10-27 10:46:56,660 - GPU-3 - DEBUG -     [Latent Recursive] Starting 1 steps of latent thinking
2025-10-27 10:46:56,704 - GPU-3 - DEBUG -       [Latent] Step 1/1
2025-10-27 10:46:56,854 - GPU-3 - DEBUG -       [After Latent Recursive] 1 tokens unmasked
2025-10-27 10:46:56,854 - GPU-3 - INFO -   [Cycle 3]
2025-10-27 10:46:56,854 - GPU-3 - DEBUG -     [Latent Recursive] Starting 1 steps of latent thinking
2025-10-27 10:46:56,898 - GPU-3 - DEBUG -       [Latent] Step 1/1
2025-10-27 10:46:57,048 - GPU-3 - DEBUG -       [After Latent Recursive] 1 tokens unmasked
2025-10-27 10:46:57,048 - GPU-3 - INFO -   [Cycle 4]
2025-10-27 10:46:57,049 - GPU-3 - DEBUG -     [Latent Recursive] Starting 1 steps of latent thinking
2025-10-27 10:46:57,092 - GPU-3 - DEBUG -       [Latent] Step 1/1
2025-10-27 10:46:57,242 - GPU-3 - DEBUG -       [After Latent Recursive] 1 tokens unmasked
2025-10-27 10:46:57,242 - GPU-3 - INFO -   [Cycle 5]
2025-10-27 10:46:57,243 - GPU-3 - DEBUG -     [Latent Recursive] Starting 1 steps of latent thinking
2025-10-27 10:46:57,287 - GPU-3 - DEBUG -       [Latent] Step 1/1
2025-10-27 10:46:57,436 - GPU-3 - DEBUG -       [After Latent Recursive] 1 tokens unmasked
2025-10-27 10:46:57,437 - GPU-3 - INFO -   [Cycle 6]
2025-10-27 10:46:57,437 - GPU-3 - DEBUG -     [Latent Recursive] Starting 1 steps of latent thinking
2025-10-27 10:46:57,481 - GPU-3 - DEBUG -       [Latent] Step 1/1
2025-10-27 10:46:57,630 - GPU-3 - DEBUG -       [After Latent Recursive] 1 tokens unmasked
2025-10-27 10:46:57,631 - GPU-3 - INFO -   [Cycle 7]
2025-10-27 10:46:57,631 - GPU-3 - DEBUG -     [Latent Recursive] Starting 1 steps of latent thinking
2025-10-27 10:46:57,675 - GPU-3 - DEBUG -       [Latent] Step 1/1
2025-10-27 10:46:57,825 - GPU-3 - DEBUG -       [After Latent Recursive] 1 tokens unmasked
2025-10-27 10:46:57,825 - GPU-3 - INFO -   [Cycle 8]
2025-10-27 10:46:57,825 - GPU-3 - DEBUG -     [Latent Recursive] Starting 1 steps of latent thinking
2025-10-27 10:46:57,869 - GPU-3 - DEBUG -       [Latent] Step 1/1
2025-10-27 10:46:58,019 - GPU-3 - DEBUG -       [After Latent Recursive] 1 tokens unmasked
2025-10-27 10:46:58,019 - GPU-3 - INFO -   [Cycle 9]
2025-10-27 10:46:58,020 - GPU-3 - DEBUG -     [Latent Recursive] Starting 1 steps of latent thinking
2025-10-27 10:46:58,064 - GPU-3 - DEBUG -       [Latent] Step 1/1
2025-10-27 10:46:58,213 - GPU-3 - DEBUG -       [After Latent Recursive] 1 tokens unmasked
2025-10-27 10:46:58,214 - GPU-3 - INFO -   [Cycle 10]
2025-10-27 10:46:58,214 - GPU-3 - DEBUG -     [Latent Recursive] Starting 1 steps of latent thinking
2025-10-27 10:46:58,258 - GPU-3 - DEBUG -       [Latent] Step 1/1
2025-10-27 10:46:58,407 - GPU-3 - DEBUG -       [After Latent Recursive] 1 tokens unmasked
2025-10-27 10:46:58,408 - GPU-3 - INFO -   [Cycle 11]
2025-10-27 10:46:58,408 - GPU-3 - DEBUG -     [Latent Recursive] Starting 1 steps of latent thinking
2025-10-27 10:46:58,452 - GPU-3 - DEBUG -       [Latent] Step 1/1
2025-10-27 10:46:58,602 - GPU-3 - DEBUG -       [After Latent Recursive] 1 tokens unmasked
2025-10-27 10:46:58,602 - GPU-3 - INFO -   [Cycle 12]
2025-10-27 10:46:58,602 - GPU-3 - DEBUG -     [Latent Recursive] Starting 1 steps of latent thinking
2025-10-27 10:46:58,646 - GPU-3 - DEBUG -       [Latent] Step 1/1
2025-10-27 10:46:58,796 - GPU-3 - DEBUG -       [After Latent Recursive] 1 tokens unmasked
2025-10-27 10:46:58,797 - GPU-3 - INFO -   [Cycle 13]
2025-10-27 10:46:58,797 - GPU-3 - DEBUG -     [Latent Recursive] Starting 1 steps of latent thinking
2025-10-27 10:46:58,841 - GPU-3 - DEBUG -       [Latent] Step 1/1
2025-10-27 10:46:58,991 - GPU-3 - DEBUG -       [After Latent Recursive] 1 tokens unmasked
2025-10-27 10:46:58,991 - GPU-3 - INFO -   [Cycle 14]
2025-10-27 10:46:58,991 - GPU-3 - DEBUG -     [Latent Recursive] Starting 1 steps of latent thinking
2025-10-27 10:46:59,035 - GPU-3 - DEBUG -       [Latent] Step 1/1
2025-10-27 10:46:59,185 - GPU-3 - DEBUG -       [After Latent Recursive] 1 tokens unmasked
2025-10-27 10:46:59,185 - GPU-3 - INFO -   [Cycle 15]
2025-10-27 10:46:59,185 - GPU-3 - DEBUG -     [Latent Recursive] Starting 1 steps of latent thinking
2025-10-27 10:46:59,229 - GPU-3 - DEBUG -       [Latent] Step 1/1
2025-10-27 10:46:59,379 - GPU-3 - DEBUG -       [After Latent Recursive] 1 tokens unmasked
2025-10-27 10:46:59,379 - GPU-3 - INFO -   [Cycle 16]
2025-10-27 10:46:59,380 - GPU-3 - DEBUG -     [Latent Recursive] Starting 1 steps of latent thinking
2025-10-27 10:46:59,424 - GPU-3 - DEBUG -       [Latent] Step 1/1
2025-10-27 10:46:59,573 - GPU-3 - DEBUG -       [After Latent Recursive] 1 tokens unmasked
2025-10-27 10:46:59,574 - GPU-3 - INFO -   [Cycle 17]
2025-10-27 10:46:59,574 - GPU-3 - DEBUG -     [Latent Recursive] Starting 1 steps of latent thinking
2025-10-27 10:46:59,618 - GPU-3 - DEBUG -       [Latent] Step 1/1
2025-10-27 10:46:59,768 - GPU-3 - DEBUG -       [After Latent Recursive] 1 tokens unmasked
2025-10-27 10:46:59,768 - GPU-3 - INFO -   [Cycle 18]
2025-10-27 10:46:59,768 - GPU-3 - DEBUG -     [Latent Recursive] Starting 1 steps of latent thinking
2025-10-27 10:46:59,812 - GPU-3 - DEBUG -       [Latent] Step 1/1
2025-10-27 10:46:59,962 - GPU-3 - DEBUG -       [After Latent Recursive] 1 tokens unmasked
2025-10-27 10:46:59,962 - GPU-3 - INFO -   [Cycle 19]
2025-10-27 10:46:59,963 - GPU-3 - DEBUG -     [Latent Recursive] Starting 1 steps of latent thinking
2025-10-27 10:47:00,007 - GPU-3 - DEBUG -       [Latent] Step 1/1
2025-10-27 10:47:00,157 - GPU-3 - DEBUG -       [After Latent Recursive] 1 tokens unmasked
2025-10-27 10:47:00,157 - GPU-3 - INFO -   [Cycle 20]
2025-10-27 10:47:00,157 - GPU-3 - DEBUG -     [Latent Recursive] Starting 1 steps of latent thinking
2025-10-27 10:47:00,201 - GPU-3 - DEBUG -       [Latent] Step 1/1
2025-10-27 10:47:00,351 - GPU-3 - DEBUG -       [After Latent Recursive] 1 tokens unmasked
2025-10-27 10:47:00,351 - GPU-3 - INFO -   [Cycle 21]
2025-10-27 10:47:00,351 - GPU-3 - DEBUG -     [Latent Recursive] Starting 1 steps of latent thinking
2025-10-27 10:47:00,395 - GPU-3 - DEBUG -       [Latent] Step 1/1
2025-10-27 10:47:00,545 - GPU-3 - DEBUG -       [After Latent Recursive] 1 tokens unmasked
2025-10-27 10:47:00,545 - GPU-3 - INFO -   [Cycle 22]
2025-10-27 10:47:00,545 - GPU-3 - DEBUG -     [Latent Recursive] Starting 1 steps of latent thinking
2025-10-27 10:47:00,589 - GPU-3 - DEBUG -       [Latent] Step 1/1
2025-10-27 10:47:00,739 - GPU-3 - DEBUG -       [After Latent Recursive] 1 tokens unmasked
2025-10-27 10:47:00,739 - GPU-3 - INFO -   [Cycle 23]
2025-10-27 10:47:00,739 - GPU-3 - DEBUG -     [Latent Recursive] Starting 1 steps of latent thinking
2025-10-27 10:47:00,783 - GPU-3 - DEBUG -       [Latent] Step 1/1
2025-10-27 10:47:00,933 - GPU-3 - DEBUG -       [After Latent Recursive] 1 tokens unmasked
2025-10-27 10:47:00,933 - GPU-3 - INFO -   [Cycle 24]
2025-10-27 10:47:00,933 - GPU-3 - DEBUG -     [Latent Recursive] Starting 1 steps of latent thinking
2025-10-27 10:47:00,977 - GPU-3 - DEBUG -       [Latent] Step 1/1
2025-10-27 10:47:01,127 - GPU-3 - DEBUG -       [After Latent Recursive] 1 tokens unmasked
2025-10-27 10:47:01,127 - GPU-3 - INFO -   [Cycle 25]
2025-10-27 10:47:01,127 - GPU-3 - DEBUG -     [Latent Recursive] Starting 1 steps of latent thinking
2025-10-27 10:47:01,172 - GPU-3 - DEBUG -       [Latent] Step 1/1
2025-10-27 10:47:01,322 - GPU-3 - DEBUG -       [After Latent Recursive] 1 tokens unmasked
2025-10-27 10:47:01,322 - GPU-3 - INFO -   [Cycle 26]
2025-10-27 10:47:01,322 - GPU-3 - DEBUG -     [Latent Recursive] Starting 1 steps of latent thinking
2025-10-27 10:47:01,366 - GPU-3 - DEBUG -       [Latent] Step 1/1
2025-10-27 10:47:01,516 - GPU-3 - DEBUG -       [After Latent Recursive] 1 tokens unmasked
2025-10-27 10:47:01,516 - GPU-3 - INFO -   [Cycle 27]
2025-10-27 10:47:01,516 - GPU-3 - DEBUG -     [Latent Recursive] Starting 1 steps of latent thinking
2025-10-27 10:47:01,560 - GPU-3 - DEBUG -       [Latent] Step 1/1
2025-10-27 10:47:01,710 - GPU-3 - DEBUG -       [After Latent Recursive] 1 tokens unmasked
2025-10-27 10:47:01,710 - GPU-3 - INFO -   [Cycle 28]
2025-10-27 10:47:01,711 - GPU-3 - DEBUG -     [Latent Recursive] Starting 1 steps of latent thinking
2025-10-27 10:47:01,755 - GPU-3 - DEBUG -       [Latent] Step 1/1
2025-10-27 10:47:01,904 - GPU-3 - DEBUG -       [After Latent Recursive] 1 tokens unmasked
2025-10-27 10:47:01,905 - GPU-3 - INFO -   [Cycle 29]
2025-10-27 10:47:01,905 - GPU-3 - DEBUG -     [Latent Recursive] Starting 1 steps of latent thinking
2025-10-27 10:47:01,949 - GPU-3 - DEBUG -       [Latent] Step 1/1
2025-10-27 10:47:02,099 - GPU-3 - DEBUG -       [After Latent Recursive] 1 tokens unmasked
2025-10-27 10:47:02,099 - GPU-3 - INFO -   [Cycle 30]
2025-10-27 10:47:02,099 - GPU-3 - DEBUG -     [Latent Recursive] Starting 1 steps of latent thinking
2025-10-27 10:47:02,143 - GPU-3 - DEBUG -       [Latent] Step 1/1
2025-10-27 10:47:02,293 - GPU-3 - DEBUG -       [After Latent Recursive] 1 tokens unmasked
2025-10-27 10:47:02,293 - GPU-3 - INFO -   [Cycle 31]
2025-10-27 10:47:02,293 - GPU-3 - DEBUG -     [Latent Recursive] Starting 1 steps of latent thinking
2025-10-27 10:47:02,337 - GPU-3 - DEBUG -       [Latent] Step 1/1
2025-10-27 10:47:02,487 - GPU-3 - DEBUG -       [After Latent Recursive] 1 tokens unmasked
