2025-10-27 10:41:50,508 - GPU-6 - INFO - [GPU 6] Loaded freeze config from metadata.json: freeze_first_half_layers=False, trainable_layer_start_idx=0
2025-10-27 10:41:50,746 - GPU-6 - INFO - === Starting generate_with_prefix_cache ===
2025-10-27 10:41:50,746 - GPU-6 - INFO - use_cache=True, R=1, N=1
2025-10-27 10:41:50,750 - GPU-6 - INFO - [Block 1/16] Processing tokens 75-107
2025-10-27 10:41:50,751 - GPU-6 - DEBUG - [Block 0] Before forward: use_cache=True, x.shape=torch.Size([1, 587])
2025-10-27 10:41:50,751 - GPU-6 - DEBUG - [Block 0] Model type: LLaDAModelLM
2025-10-27 10:41:50,751 - GPU-6 - DEBUG - [Block 0] Model config use_cache: True
2025-10-27 10:41:51,015 - GPU-6 - DEBUG - [Block 0] After forward: pkv is None? False
2025-10-27 10:41:51,015 - GPU-6 - DEBUG - [Block 0] out type: CausalLMOutputWithPast
2025-10-27 10:41:51,016 - GPU-6 - DEBUG - [Block 0] pkv type: <class 'list'>, len: 32
2025-10-27 10:41:51,016 - GPU-6 - DEBUG - [Block 0] pkv[0] type: <class 'tuple'>, len: 2
2025-10-27 10:41:51,016 - GPU-6 - DEBUG - [Block 0] pkv[0][0].shape: torch.Size([1, 32, 587, 128])
2025-10-27 10:41:51,155 - GPU-6 - INFO -   [Initial Forward] 2 tokens unmasked
2025-10-27 10:41:51,156 - GPU-6 - INFO -   [Cycle 1]
2025-10-27 10:41:51,156 - GPU-6 - DEBUG -     [Latent Recursive] Starting 1 steps of latent thinking
2025-10-27 10:41:51,263 - GPU-6 - DEBUG -       [Latent] Step 1/1
2025-10-27 10:41:51,442 - GPU-6 - DEBUG -       [After Latent Recursive] 2 tokens unmasked
2025-10-27 10:41:51,442 - GPU-6 - INFO -   [Cycle 2]
2025-10-27 10:41:51,442 - GPU-6 - DEBUG -     [Latent Recursive] Starting 1 steps of latent thinking
2025-10-27 10:41:51,488 - GPU-6 - DEBUG -       [Latent] Step 1/1
2025-10-27 10:41:51,666 - GPU-6 - DEBUG -       [After Latent Recursive] 2 tokens unmasked
2025-10-27 10:41:51,667 - GPU-6 - INFO -   [Cycle 3]
2025-10-27 10:41:51,667 - GPU-6 - DEBUG -     [Latent Recursive] Starting 1 steps of latent thinking
2025-10-27 10:41:51,713 - GPU-6 - DEBUG -       [Latent] Step 1/1
2025-10-27 10:41:51,891 - GPU-6 - DEBUG -       [After Latent Recursive] 2 tokens unmasked
2025-10-27 10:41:51,892 - GPU-6 - INFO -   [Cycle 4]
2025-10-27 10:41:51,892 - GPU-6 - DEBUG -     [Latent Recursive] Starting 1 steps of latent thinking
2025-10-27 10:41:51,938 - GPU-6 - DEBUG -       [Latent] Step 1/1
2025-10-27 10:41:52,116 - GPU-6 - DEBUG -       [After Latent Recursive] 2 tokens unmasked
2025-10-27 10:41:52,116 - GPU-6 - INFO -   [Cycle 5]
2025-10-27 10:41:52,117 - GPU-6 - DEBUG -     [Latent Recursive] Starting 1 steps of latent thinking
2025-10-27 10:41:52,162 - GPU-6 - DEBUG -       [Latent] Step 1/1
2025-10-27 10:41:52,341 - GPU-6 - DEBUG -       [After Latent Recursive] 2 tokens unmasked
2025-10-27 10:41:52,341 - GPU-6 - INFO -   [Cycle 6]
2025-10-27 10:41:52,341 - GPU-6 - DEBUG -     [Latent Recursive] Starting 1 steps of latent thinking
2025-10-27 10:41:52,387 - GPU-6 - DEBUG -       [Latent] Step 1/1
2025-10-27 10:41:52,566 - GPU-6 - DEBUG -       [After Latent Recursive] 2 tokens unmasked
2025-10-27 10:41:52,566 - GPU-6 - INFO -   [Cycle 7]
2025-10-27 10:41:52,566 - GPU-6 - DEBUG -     [Latent Recursive] Starting 1 steps of latent thinking
2025-10-27 10:41:52,612 - GPU-6 - DEBUG -       [Latent] Step 1/1
2025-10-27 10:41:52,791 - GPU-6 - DEBUG -       [After Latent Recursive] 2 tokens unmasked
2025-10-27 10:41:52,791 - GPU-6 - INFO -   [Cycle 8]
2025-10-27 10:41:52,791 - GPU-6 - DEBUG -     [Latent Recursive] Starting 1 steps of latent thinking
2025-10-27 10:41:52,837 - GPU-6 - DEBUG -       [Latent] Step 1/1
2025-10-27 10:41:53,015 - GPU-6 - DEBUG -       [After Latent Recursive] 2 tokens unmasked
2025-10-27 10:41:53,016 - GPU-6 - INFO -   [Cycle 9]
2025-10-27 10:41:53,016 - GPU-6 - DEBUG -     [Latent Recursive] Starting 1 steps of latent thinking
2025-10-27 10:41:53,062 - GPU-6 - DEBUG -       [Latent] Step 1/1
2025-10-27 10:41:53,240 - GPU-6 - DEBUG -       [After Latent Recursive] 2 tokens unmasked
2025-10-27 10:41:53,240 - GPU-6 - INFO -   [Cycle 10]
2025-10-27 10:41:53,241 - GPU-6 - DEBUG -     [Latent Recursive] Starting 1 steps of latent thinking
2025-10-27 10:41:53,287 - GPU-6 - DEBUG -       [Latent] Step 1/1
2025-10-27 10:41:53,465 - GPU-6 - DEBUG -       [After Latent Recursive] 2 tokens unmasked
2025-10-27 10:41:53,465 - GPU-6 - INFO -   [Cycle 11]
2025-10-27 10:41:53,466 - GPU-6 - DEBUG -     [Latent Recursive] Starting 1 steps of latent thinking
2025-10-27 10:41:53,511 - GPU-6 - DEBUG -       [Latent] Step 1/1
2025-10-27 10:41:53,690 - GPU-6 - DEBUG -       [After Latent Recursive] 2 tokens unmasked
2025-10-27 10:41:53,690 - GPU-6 - INFO -   [Cycle 12]
2025-10-27 10:41:53,690 - GPU-6 - DEBUG -     [Latent Recursive] Starting 1 steps of latent thinking
2025-10-27 10:41:53,736 - GPU-6 - DEBUG -       [Latent] Step 1/1
2025-10-27 10:41:53,914 - GPU-6 - DEBUG -       [After Latent Recursive] 2 tokens unmasked
2025-10-27 10:41:53,915 - GPU-6 - INFO -   [Cycle 13]
2025-10-27 10:41:53,915 - GPU-6 - DEBUG -     [Latent Recursive] Starting 1 steps of latent thinking
2025-10-27 10:41:53,961 - GPU-6 - DEBUG -       [Latent] Step 1/1
2025-10-27 10:41:54,139 - GPU-6 - DEBUG -       [After Latent Recursive] 2 tokens unmasked
2025-10-27 10:41:54,139 - GPU-6 - INFO -   [Cycle 14]
2025-10-27 10:41:54,140 - GPU-6 - DEBUG -     [Latent Recursive] Starting 1 steps of latent thinking
2025-10-27 10:41:54,186 - GPU-6 - DEBUG -       [Latent] Step 1/1
2025-10-27 10:41:54,364 - GPU-6 - DEBUG -       [After Latent Recursive] 2 tokens unmasked
2025-10-27 10:41:54,364 - GPU-6 - INFO -   [Cycle 15]
2025-10-27 10:41:54,364 - GPU-6 - DEBUG -     [Latent Recursive] Starting 1 steps of latent thinking
2025-10-27 10:41:54,410 - GPU-6 - DEBUG -       [Latent] Step 1/1
2025-10-27 10:41:54,588 - GPU-6 - DEBUG -       [After Latent Recursive] 2 tokens unmasked
2025-10-27 10:41:54,589 - GPU-6 - INFO - [Block 2/16] Processing tokens 107-139
2025-10-27 10:41:54,589 - GPU-6 - DEBUG - [Block 1] Before forward: use_cache=True, x.shape=torch.Size([1, 587])
2025-10-27 10:41:54,589 - GPU-6 - DEBUG - [Block 1] Model type: LLaDAModelLM
2025-10-27 10:41:54,590 - GPU-6 - DEBUG - [Block 1] Model config use_cache: True
2025-10-27 10:41:54,612 - GPU-6 - DEBUG - [Block 1] After forward: pkv is None? False
2025-10-27 10:41:54,612 - GPU-6 - DEBUG - [Block 1] out type: CausalLMOutputWithPast
2025-10-27 10:41:54,613 - GPU-6 - DEBUG - [Block 1] pkv type: <class 'list'>, len: 32
2025-10-27 10:41:54,613 - GPU-6 - DEBUG - [Block 1] pkv[0] type: <class 'tuple'>, len: 2
2025-10-27 10:41:54,613 - GPU-6 - DEBUG - [Block 1] pkv[0][0].shape: torch.Size([1, 32, 587, 128])
2025-10-27 10:41:54,702 - GPU-6 - INFO -   [Initial Forward] 2 tokens unmasked
2025-10-27 10:41:54,702 - GPU-6 - INFO -   [Cycle 1]
2025-10-27 10:41:54,702 - GPU-6 - DEBUG -     [Latent Recursive] Starting 1 steps of latent thinking
2025-10-27 10:41:54,748 - GPU-6 - DEBUG -       [Latent] Step 1/1
2025-10-27 10:41:54,926 - GPU-6 - DEBUG -       [After Latent Recursive] 2 tokens unmasked
2025-10-27 10:41:54,926 - GPU-6 - INFO -   [Cycle 2]
2025-10-27 10:41:54,926 - GPU-6 - DEBUG -     [Latent Recursive] Starting 1 steps of latent thinking
2025-10-27 10:41:54,972 - GPU-6 - DEBUG -       [Latent] Step 1/1
2025-10-27 10:41:55,150 - GPU-6 - DEBUG -       [After Latent Recursive] 2 tokens unmasked
2025-10-27 10:41:55,150 - GPU-6 - INFO -   [Cycle 3]
2025-10-27 10:41:55,150 - GPU-6 - DEBUG -     [Latent Recursive] Starting 1 steps of latent thinking
2025-10-27 10:41:55,196 - GPU-6 - DEBUG -       [Latent] Step 1/1
2025-10-27 10:41:55,374 - GPU-6 - DEBUG -       [After Latent Recursive] 2 tokens unmasked
2025-10-27 10:41:55,374 - GPU-6 - INFO -   [Cycle 4]
2025-10-27 10:41:55,374 - GPU-6 - DEBUG -     [Latent Recursive] Starting 1 steps of latent thinking
2025-10-27 10:41:55,420 - GPU-6 - DEBUG -       [Latent] Step 1/1
2025-10-27 10:41:55,598 - GPU-6 - DEBUG -       [After Latent Recursive] 2 tokens unmasked
2025-10-27 10:41:55,598 - GPU-6 - INFO -   [Cycle 5]
2025-10-27 10:41:55,598 - GPU-6 - DEBUG -     [Latent Recursive] Starting 1 steps of latent thinking
2025-10-27 10:41:55,644 - GPU-6 - DEBUG -       [Latent] Step 1/1
2025-10-27 10:41:55,822 - GPU-6 - DEBUG -       [After Latent Recursive] 2 tokens unmasked
2025-10-27 10:41:55,822 - GPU-6 - INFO -   [Cycle 6]
2025-10-27 10:41:55,823 - GPU-6 - DEBUG -     [Latent Recursive] Starting 1 steps of latent thinking
2025-10-27 10:41:55,869 - GPU-6 - DEBUG -       [Latent] Step 1/1
2025-10-27 10:41:56,046 - GPU-6 - DEBUG -       [After Latent Recursive] 2 tokens unmasked
2025-10-27 10:41:56,046 - GPU-6 - INFO -   [Cycle 7]
2025-10-27 10:41:56,046 - GPU-6 - DEBUG -     [Latent Recursive] Starting 1 steps of latent thinking
2025-10-27 10:41:56,092 - GPU-6 - DEBUG -       [Latent] Step 1/1
2025-10-27 10:41:56,270 - GPU-6 - DEBUG -       [After Latent Recursive] 2 tokens unmasked
2025-10-27 10:41:56,270 - GPU-6 - INFO -   [Cycle 8]
2025-10-27 10:41:56,270 - GPU-6 - DEBUG -     [Latent Recursive] Starting 1 steps of latent thinking
2025-10-27 10:41:56,316 - GPU-6 - DEBUG -       [Latent] Step 1/1
2025-10-27 10:41:56,494 - GPU-6 - DEBUG -       [After Latent Recursive] 2 tokens unmasked
2025-10-27 10:41:56,494 - GPU-6 - INFO -   [Cycle 9]
2025-10-27 10:41:56,494 - GPU-6 - DEBUG -     [Latent Recursive] Starting 1 steps of latent thinking
2025-10-27 10:41:56,540 - GPU-6 - DEBUG -       [Latent] Step 1/1
2025-10-27 10:41:56,718 - GPU-6 - DEBUG -       [After Latent Recursive] 2 tokens unmasked
2025-10-27 10:41:56,718 - GPU-6 - INFO -   [Cycle 10]
2025-10-27 10:41:56,718 - GPU-6 - DEBUG -     [Latent Recursive] Starting 1 steps of latent thinking
2025-10-27 10:41:56,764 - GPU-6 - DEBUG -       [Latent] Step 1/1
2025-10-27 10:41:56,941 - GPU-6 - DEBUG -       [After Latent Recursive] 2 tokens unmasked
2025-10-27 10:41:56,942 - GPU-6 - INFO -   [Cycle 11]
2025-10-27 10:41:56,942 - GPU-6 - DEBUG -     [Latent Recursive] Starting 1 steps of latent thinking
2025-10-27 10:41:56,988 - GPU-6 - DEBUG -       [Latent] Step 1/1
2025-10-27 10:41:57,165 - GPU-6 - DEBUG -       [After Latent Recursive] 2 tokens unmasked
2025-10-27 10:41:57,166 - GPU-6 - INFO -   [Cycle 12]
2025-10-27 10:41:57,166 - GPU-6 - DEBUG -     [Latent Recursive] Starting 1 steps of latent thinking
2025-10-27 10:41:57,212 - GPU-6 - DEBUG -       [Latent] Step 1/1
2025-10-27 10:41:57,389 - GPU-6 - DEBUG -       [After Latent Recursive] 2 tokens unmasked
2025-10-27 10:41:57,389 - GPU-6 - INFO -   [Cycle 13]
2025-10-27 10:41:57,390 - GPU-6 - DEBUG -     [Latent Recursive] Starting 1 steps of latent thinking
2025-10-27 10:41:57,436 - GPU-6 - DEBUG -       [Latent] Step 1/1
2025-10-27 10:41:57,613 - GPU-6 - DEBUG -       [After Latent Recursive] 2 tokens unmasked
2025-10-27 10:41:57,614 - GPU-6 - INFO -   [Cycle 14]
2025-10-27 10:41:57,614 - GPU-6 - DEBUG -     [Latent Recursive] Starting 1 steps of latent thinking
2025-10-27 10:41:57,660 - GPU-6 - DEBUG -       [Latent] Step 1/1
2025-10-27 10:41:57,837 - GPU-6 - DEBUG -       [After Latent Recursive] 2 tokens unmasked
2025-10-27 10:41:57,837 - GPU-6 - INFO -   [Cycle 15]
2025-10-27 10:41:57,838 - GPU-6 - DEBUG -     [Latent Recursive] Starting 1 steps of latent thinking
2025-10-27 10:41:57,884 - GPU-6 - DEBUG -       [Latent] Step 1/1
2025-10-27 10:41:58,061 - GPU-6 - DEBUG -       [After Latent Recursive] 2 tokens unmasked
2025-10-27 10:41:58,061 - GPU-6 - INFO - [Block 3/16] Processing tokens 139-171
2025-10-27 10:41:58,062 - GPU-6 - DEBUG - [Block 2] Before forward: use_cache=True, x.shape=torch.Size([1, 587])
2025-10-27 10:41:58,062 - GPU-6 - DEBUG - [Block 2] Model type: LLaDAModelLM
2025-10-27 10:41:58,062 - GPU-6 - DEBUG - [Block 2] Model config use_cache: True
2025-10-27 10:41:58,085 - GPU-6 - DEBUG - [Block 2] After forward: pkv is None? False
2025-10-27 10:41:58,085 - GPU-6 - DEBUG - [Block 2] out type: CausalLMOutputWithPast
2025-10-27 10:41:58,085 - GPU-6 - DEBUG - [Block 2] pkv type: <class 'list'>, len: 32
2025-10-27 10:41:58,085 - GPU-6 - DEBUG - [Block 2] pkv[0] type: <class 'tuple'>, len: 2
2025-10-27 10:41:58,085 - GPU-6 - DEBUG - [Block 2] pkv[0][0].shape: torch.Size([1, 32, 587, 128])
2025-10-27 10:41:58,174 - GPU-6 - INFO -   [Initial Forward] 2 tokens unmasked
2025-10-27 10:41:58,174 - GPU-6 - INFO -   [Cycle 1]
2025-10-27 10:41:58,174 - GPU-6 - DEBUG -     [Latent Recursive] Starting 1 steps of latent thinking
2025-10-27 10:41:58,221 - GPU-6 - DEBUG -       [Latent] Step 1/1
2025-10-27 10:41:58,396 - GPU-6 - DEBUG -       [After Latent Recursive] 2 tokens unmasked
2025-10-27 10:41:58,396 - GPU-6 - INFO -   [Cycle 2]
2025-10-27 10:41:58,396 - GPU-6 - DEBUG -     [Latent Recursive] Starting 1 steps of latent thinking
2025-10-27 10:41:58,442 - GPU-6 - DEBUG -       [Latent] Step 1/1
2025-10-27 10:41:58,617 - GPU-6 - DEBUG -       [After Latent Recursive] 2 tokens unmasked
2025-10-27 10:41:58,618 - GPU-6 - INFO -   [Cycle 3]
2025-10-27 10:41:58,618 - GPU-6 - DEBUG -     [Latent Recursive] Starting 1 steps of latent thinking
2025-10-27 10:41:58,664 - GPU-6 - DEBUG -       [Latent] Step 1/1
2025-10-27 10:41:58,839 - GPU-6 - DEBUG -       [After Latent Recursive] 2 tokens unmasked
2025-10-27 10:41:58,840 - GPU-6 - INFO -   [Cycle 4]
2025-10-27 10:41:58,840 - GPU-6 - DEBUG -     [Latent Recursive] Starting 1 steps of latent thinking
2025-10-27 10:41:58,886 - GPU-6 - DEBUG -       [Latent] Step 1/1
2025-10-27 10:41:59,061 - GPU-6 - DEBUG -       [After Latent Recursive] 2 tokens unmasked
2025-10-27 10:41:59,061 - GPU-6 - INFO -   [Cycle 5]
2025-10-27 10:41:59,062 - GPU-6 - DEBUG -     [Latent Recursive] Starting 1 steps of latent thinking
2025-10-27 10:41:59,107 - GPU-6 - DEBUG -       [Latent] Step 1/1
2025-10-27 10:41:59,283 - GPU-6 - DEBUG -       [After Latent Recursive] 2 tokens unmasked
2025-10-27 10:41:59,283 - GPU-6 - INFO -   [Cycle 6]
2025-10-27 10:41:59,283 - GPU-6 - DEBUG -     [Latent Recursive] Starting 1 steps of latent thinking
2025-10-27 10:41:59,329 - GPU-6 - DEBUG -       [Latent] Step 1/1
2025-10-27 10:41:59,504 - GPU-6 - DEBUG -       [After Latent Recursive] 2 tokens unmasked
2025-10-27 10:41:59,505 - GPU-6 - INFO -   [Cycle 7]
2025-10-27 10:41:59,505 - GPU-6 - DEBUG -     [Latent Recursive] Starting 1 steps of latent thinking
2025-10-27 10:41:59,551 - GPU-6 - DEBUG -       [Latent] Step 1/1
2025-10-27 10:41:59,726 - GPU-6 - DEBUG -       [After Latent Recursive] 2 tokens unmasked
2025-10-27 10:41:59,726 - GPU-6 - INFO -   [Cycle 8]
2025-10-27 10:41:59,726 - GPU-6 - DEBUG -     [Latent Recursive] Starting 1 steps of latent thinking
2025-10-27 10:41:59,772 - GPU-6 - DEBUG -       [Latent] Step 1/1
2025-10-27 10:41:59,947 - GPU-6 - DEBUG -       [After Latent Recursive] 2 tokens unmasked
2025-10-27 10:41:59,948 - GPU-6 - INFO -   [Cycle 9]
2025-10-27 10:41:59,948 - GPU-6 - DEBUG -     [Latent Recursive] Starting 1 steps of latent thinking
2025-10-27 10:41:59,994 - GPU-6 - DEBUG -       [Latent] Step 1/1
2025-10-27 10:42:00,169 - GPU-6 - DEBUG -       [After Latent Recursive] 2 tokens unmasked
2025-10-27 10:42:00,169 - GPU-6 - INFO -   [Cycle 10]
2025-10-27 10:42:00,169 - GPU-6 - DEBUG -     [Latent Recursive] Starting 1 steps of latent thinking
2025-10-27 10:42:00,215 - GPU-6 - DEBUG -       [Latent] Step 1/1
2025-10-27 10:42:00,391 - GPU-6 - DEBUG -       [After Latent Recursive] 2 tokens unmasked
2025-10-27 10:42:00,391 - GPU-6 - INFO -   [Cycle 11]
2025-10-27 10:42:00,391 - GPU-6 - DEBUG -     [Latent Recursive] Starting 1 steps of latent thinking
2025-10-27 10:42:00,437 - GPU-6 - DEBUG -       [Latent] Step 1/1
2025-10-27 10:42:00,613 - GPU-6 - DEBUG -       [After Latent Recursive] 2 tokens unmasked
2025-10-27 10:42:00,613 - GPU-6 - INFO -   [Cycle 12]
2025-10-27 10:42:00,613 - GPU-6 - DEBUG -     [Latent Recursive] Starting 1 steps of latent thinking
2025-10-27 10:42:00,659 - GPU-6 - DEBUG -       [Latent] Step 1/1
2025-10-27 10:42:00,834 - GPU-6 - DEBUG -       [After Latent Recursive] 2 tokens unmasked
2025-10-27 10:42:00,835 - GPU-6 - INFO -   [Cycle 13]
2025-10-27 10:42:00,835 - GPU-6 - DEBUG -     [Latent Recursive] Starting 1 steps of latent thinking
2025-10-27 10:42:00,881 - GPU-6 - DEBUG -       [Latent] Step 1/1
2025-10-27 10:42:01,056 - GPU-6 - DEBUG -       [After Latent Recursive] 2 tokens unmasked
2025-10-27 10:42:01,056 - GPU-6 - INFO -   [Cycle 14]
2025-10-27 10:42:01,056 - GPU-6 - DEBUG -     [Latent Recursive] Starting 1 steps of latent thinking
2025-10-27 10:42:01,102 - GPU-6 - DEBUG -       [Latent] Step 1/1
2025-10-27 10:42:01,277 - GPU-6 - DEBUG -       [After Latent Recursive] 2 tokens unmasked
2025-10-27 10:42:01,278 - GPU-6 - INFO -   [Cycle 15]
2025-10-27 10:42:01,278 - GPU-6 - DEBUG -     [Latent Recursive] Starting 1 steps of latent thinking
2025-10-27 10:42:01,324 - GPU-6 - DEBUG -       [Latent] Step 1/1
2025-10-27 10:42:01,499 - GPU-6 - DEBUG -       [After Latent Recursive] 2 tokens unmasked
2025-10-27 10:42:01,500 - GPU-6 - INFO - [Block 4/16] Processing tokens 171-203
2025-10-27 10:42:01,500 - GPU-6 - DEBUG - [Block 3] Before forward: use_cache=True, x.shape=torch.Size([1, 587])
2025-10-27 10:42:01,500 - GPU-6 - DEBUG - [Block 3] Model type: LLaDAModelLM
2025-10-27 10:42:01,500 - GPU-6 - DEBUG - [Block 3] Model config use_cache: True
2025-10-27 10:42:01,523 - GPU-6 - DEBUG - [Block 3] After forward: pkv is None? False
2025-10-27 10:42:01,523 - GPU-6 - DEBUG - [Block 3] out type: CausalLMOutputWithPast
2025-10-27 10:42:01,523 - GPU-6 - DEBUG - [Block 3] pkv type: <class 'list'>, len: 32
2025-10-27 10:42:01,523 - GPU-6 - DEBUG - [Block 3] pkv[0] type: <class 'tuple'>, len: 2
2025-10-27 10:42:01,523 - GPU-6 - DEBUG - [Block 3] pkv[0][0].shape: torch.Size([1, 32, 587, 128])
2025-10-27 10:42:01,612 - GPU-6 - INFO -   [Initial Forward] 2 tokens unmasked
2025-10-27 10:42:01,612 - GPU-6 - INFO -   [Cycle 1]
2025-10-27 10:42:01,612 - GPU-6 - DEBUG -     [Latent Recursive] Starting 1 steps of latent thinking
2025-10-27 10:42:01,658 - GPU-6 - DEBUG -       [Latent] Step 1/1
2025-10-27 10:42:01,833 - GPU-6 - DEBUG -       [After Latent Recursive] 2 tokens unmasked
2025-10-27 10:42:01,833 - GPU-6 - INFO -   [Cycle 2]
2025-10-27 10:42:01,833 - GPU-6 - DEBUG -     [Latent Recursive] Starting 1 steps of latent thinking
2025-10-27 10:42:01,879 - GPU-6 - DEBUG -       [Latent] Step 1/1
2025-10-27 10:42:02,053 - GPU-6 - DEBUG -       [After Latent Recursive] 2 tokens unmasked
2025-10-27 10:42:02,054 - GPU-6 - INFO -   [Cycle 3]
2025-10-27 10:42:02,054 - GPU-6 - DEBUG -     [Latent Recursive] Starting 1 steps of latent thinking
2025-10-27 10:42:02,100 - GPU-6 - DEBUG -       [Latent] Step 1/1
2025-10-27 10:42:02,274 - GPU-6 - DEBUG -       [After Latent Recursive] 2 tokens unmasked
2025-10-27 10:42:02,275 - GPU-6 - INFO -   [Cycle 4]
2025-10-27 10:42:02,275 - GPU-6 - DEBUG -     [Latent Recursive] Starting 1 steps of latent thinking
2025-10-27 10:42:02,321 - GPU-6 - DEBUG -       [Latent] Step 1/1
2025-10-27 10:42:02,496 - GPU-6 - DEBUG -       [After Latent Recursive] 2 tokens unmasked
2025-10-27 10:42:02,497 - GPU-6 - INFO -   [Cycle 5]
2025-10-27 10:42:02,497 - GPU-6 - DEBUG -     [Latent Recursive] Starting 1 steps of latent thinking
2025-10-27 10:42:02,543 - GPU-6 - DEBUG -       [Latent] Step 1/1
2025-10-27 10:42:02,717 - GPU-6 - DEBUG -       [After Latent Recursive] 2 tokens unmasked
2025-10-27 10:42:02,718 - GPU-6 - INFO -   [Cycle 6]
2025-10-27 10:42:02,718 - GPU-6 - DEBUG -     [Latent Recursive] Starting 1 steps of latent thinking
2025-10-27 10:42:02,763 - GPU-6 - DEBUG -       [Latent] Step 1/1
2025-10-27 10:42:02,938 - GPU-6 - DEBUG -       [After Latent Recursive] 2 tokens unmasked
2025-10-27 10:42:02,938 - GPU-6 - INFO -   [Cycle 7]
2025-10-27 10:42:02,938 - GPU-6 - DEBUG -     [Latent Recursive] Starting 1 steps of latent thinking
2025-10-27 10:42:02,984 - GPU-6 - DEBUG -       [Latent] Step 1/1
2025-10-27 10:42:03,159 - GPU-6 - DEBUG -       [After Latent Recursive] 2 tokens unmasked
2025-10-27 10:42:03,159 - GPU-6 - INFO -   [Cycle 8]
2025-10-27 10:42:03,159 - GPU-6 - DEBUG -     [Latent Recursive] Starting 1 steps of latent thinking
2025-10-27 10:42:03,205 - GPU-6 - DEBUG -       [Latent] Step 1/1
2025-10-27 10:42:03,380 - GPU-6 - DEBUG -       [After Latent Recursive] 2 tokens unmasked
2025-10-27 10:42:03,380 - GPU-6 - INFO -   [Cycle 9]
2025-10-27 10:42:03,380 - GPU-6 - DEBUG -     [Latent Recursive] Starting 1 steps of latent thinking
2025-10-27 10:42:03,426 - GPU-6 - DEBUG -       [Latent] Step 1/1
2025-10-27 10:42:03,601 - GPU-6 - DEBUG -       [After Latent Recursive] 2 tokens unmasked
2025-10-27 10:42:03,601 - GPU-6 - INFO -   [Cycle 10]
2025-10-27 10:42:03,601 - GPU-6 - DEBUG -     [Latent Recursive] Starting 1 steps of latent thinking
2025-10-27 10:42:03,647 - GPU-6 - DEBUG -       [Latent] Step 1/1
2025-10-27 10:42:03,821 - GPU-6 - DEBUG -       [After Latent Recursive] 2 tokens unmasked
2025-10-27 10:42:03,822 - GPU-6 - INFO -   [Cycle 11]
2025-10-27 10:42:03,822 - GPU-6 - DEBUG -     [Latent Recursive] Starting 1 steps of latent thinking
2025-10-27 10:42:03,868 - GPU-6 - DEBUG -       [Latent] Step 1/1
2025-10-27 10:42:04,042 - GPU-6 - DEBUG -       [After Latent Recursive] 2 tokens unmasked
2025-10-27 10:42:04,042 - GPU-6 - INFO -   [Cycle 12]
2025-10-27 10:42:04,042 - GPU-6 - DEBUG -     [Latent Recursive] Starting 1 steps of latent thinking
2025-10-27 10:42:04,088 - GPU-6 - DEBUG -       [Latent] Step 1/1
2025-10-27 10:42:04,263 - GPU-6 - DEBUG -       [After Latent Recursive] 2 tokens unmasked
2025-10-27 10:42:04,263 - GPU-6 - INFO -   [Cycle 13]
2025-10-27 10:42:04,263 - GPU-6 - DEBUG -     [Latent Recursive] Starting 1 steps of latent thinking
2025-10-27 10:42:04,309 - GPU-6 - DEBUG -       [Latent] Step 1/1
2025-10-27 10:42:04,483 - GPU-6 - DEBUG -       [After Latent Recursive] 2 tokens unmasked
2025-10-27 10:42:04,484 - GPU-6 - INFO -   [Cycle 14]
2025-10-27 10:42:04,484 - GPU-6 - DEBUG -     [Latent Recursive] Starting 1 steps of latent thinking
2025-10-27 10:42:04,530 - GPU-6 - DEBUG -       [Latent] Step 1/1
2025-10-27 10:42:04,704 - GPU-6 - DEBUG -       [After Latent Recursive] 2 tokens unmasked
2025-10-27 10:42:04,704 - GPU-6 - INFO -   [Cycle 15]
2025-10-27 10:42:04,705 - GPU-6 - DEBUG -     [Latent Recursive] Starting 1 steps of latent thinking
2025-10-27 10:42:04,750 - GPU-6 - DEBUG -       [Latent] Step 1/1
2025-10-27 10:42:04,925 - GPU-6 - DEBUG -       [After Latent Recursive] 2 tokens unmasked
2025-10-27 10:42:04,925 - GPU-6 - INFO - [Block 5/16] Processing tokens 203-235
2025-10-27 10:42:04,925 - GPU-6 - DEBUG - [Block 4] Before forward: use_cache=True, x.shape=torch.Size([1, 587])
2025-10-27 10:42:04,925 - GPU-6 - DEBUG - [Block 4] Model type: LLaDAModelLM
2025-10-27 10:42:04,925 - GPU-6 - DEBUG - [Block 4] Model config use_cache: True
2025-10-27 10:42:04,948 - GPU-6 - DEBUG - [Block 4] After forward: pkv is None? False
2025-10-27 10:42:04,948 - GPU-6 - DEBUG - [Block 4] out type: CausalLMOutputWithPast
2025-10-27 10:42:04,949 - GPU-6 - DEBUG - [Block 4] pkv type: <class 'list'>, len: 32
2025-10-27 10:42:04,949 - GPU-6 - DEBUG - [Block 4] pkv[0] type: <class 'tuple'>, len: 2
2025-10-27 10:42:04,949 - GPU-6 - DEBUG - [Block 4] pkv[0][0].shape: torch.Size([1, 32, 587, 128])
2025-10-27 10:42:05,037 - GPU-6 - INFO -   [Initial Forward] 2 tokens unmasked
2025-10-27 10:42:05,038 - GPU-6 - INFO -   [Cycle 1]
2025-10-27 10:42:05,038 - GPU-6 - DEBUG -     [Latent Recursive] Starting 1 steps of latent thinking
2025-10-27 10:42:05,085 - GPU-6 - DEBUG -       [Latent] Step 1/1
2025-10-27 10:42:05,257 - GPU-6 - DEBUG -       [After Latent Recursive] 2 tokens unmasked
2025-10-27 10:42:05,257 - GPU-6 - INFO -   [Cycle 2]
2025-10-27 10:42:05,258 - GPU-6 - DEBUG -     [Latent Recursive] Starting 1 steps of latent thinking
2025-10-27 10:42:05,304 - GPU-6 - DEBUG -       [Latent] Step 1/1
2025-10-27 10:42:05,476 - GPU-6 - DEBUG -       [After Latent Recursive] 2 tokens unmasked
2025-10-27 10:42:05,476 - GPU-6 - INFO -   [Cycle 3]
2025-10-27 10:42:05,476 - GPU-6 - DEBUG -     [Latent Recursive] Starting 1 steps of latent thinking
2025-10-27 10:42:05,522 - GPU-6 - DEBUG -       [Latent] Step 1/1
2025-10-27 10:42:05,694 - GPU-6 - DEBUG -       [After Latent Recursive] 2 tokens unmasked
2025-10-27 10:42:05,695 - GPU-6 - INFO -   [Cycle 4]
2025-10-27 10:42:05,695 - GPU-6 - DEBUG -     [Latent Recursive] Starting 1 steps of latent thinking
2025-10-27 10:42:05,741 - GPU-6 - DEBUG -       [Latent] Step 1/1
2025-10-27 10:42:05,913 - GPU-6 - DEBUG -       [After Latent Recursive] 2 tokens unmasked
2025-10-27 10:42:05,914 - GPU-6 - INFO -   [Cycle 5]
2025-10-27 10:42:05,914 - GPU-6 - DEBUG -     [Latent Recursive] Starting 1 steps of latent thinking
2025-10-27 10:42:05,960 - GPU-6 - DEBUG -       [Latent] Step 1/1
2025-10-27 10:42:06,132 - GPU-6 - DEBUG -       [After Latent Recursive] 2 tokens unmasked
2025-10-27 10:42:06,132 - GPU-6 - INFO -   [Cycle 6]
2025-10-27 10:42:06,132 - GPU-6 - DEBUG -     [Latent Recursive] Starting 1 steps of latent thinking
2025-10-27 10:42:06,178 - GPU-6 - DEBUG -       [Latent] Step 1/1
2025-10-27 10:42:06,350 - GPU-6 - DEBUG -       [After Latent Recursive] 2 tokens unmasked
2025-10-27 10:42:06,351 - GPU-6 - INFO -   [Cycle 7]
2025-10-27 10:42:06,351 - GPU-6 - DEBUG -     [Latent Recursive] Starting 1 steps of latent thinking
2025-10-27 10:42:06,397 - GPU-6 - DEBUG -       [Latent] Step 1/1
2025-10-27 10:42:06,569 - GPU-6 - DEBUG -       [After Latent Recursive] 2 tokens unmasked
2025-10-27 10:42:06,569 - GPU-6 - INFO -   [Cycle 8]
2025-10-27 10:42:06,569 - GPU-6 - DEBUG -     [Latent Recursive] Starting 1 steps of latent thinking
2025-10-27 10:42:06,615 - GPU-6 - DEBUG -       [Latent] Step 1/1
2025-10-27 10:42:06,787 - GPU-6 - DEBUG -       [After Latent Recursive] 2 tokens unmasked
2025-10-27 10:42:06,787 - GPU-6 - INFO -   [Cycle 9]
2025-10-27 10:42:06,788 - GPU-6 - DEBUG -     [Latent Recursive] Starting 1 steps of latent thinking
2025-10-27 10:42:06,834 - GPU-6 - DEBUG -       [Latent] Step 1/1
2025-10-27 10:42:07,006 - GPU-6 - DEBUG -       [After Latent Recursive] 2 tokens unmasked
2025-10-27 10:42:07,006 - GPU-6 - INFO -   [Cycle 10]
2025-10-27 10:42:07,006 - GPU-6 - DEBUG -     [Latent Recursive] Starting 1 steps of latent thinking
2025-10-27 10:42:07,052 - GPU-6 - DEBUG -       [Latent] Step 1/1
2025-10-27 10:42:07,224 - GPU-6 - DEBUG -       [After Latent Recursive] 2 tokens unmasked
2025-10-27 10:42:07,225 - GPU-6 - INFO -   [Cycle 11]
2025-10-27 10:42:07,225 - GPU-6 - DEBUG -     [Latent Recursive] Starting 1 steps of latent thinking
2025-10-27 10:42:07,271 - GPU-6 - DEBUG -       [Latent] Step 1/1
2025-10-27 10:42:07,443 - GPU-6 - DEBUG -       [After Latent Recursive] 2 tokens unmasked
2025-10-27 10:42:07,444 - GPU-6 - INFO -   [Cycle 12]
2025-10-27 10:42:07,444 - GPU-6 - DEBUG -     [Latent Recursive] Starting 1 steps of latent thinking
2025-10-27 10:42:07,490 - GPU-6 - DEBUG -       [Latent] Step 1/1
2025-10-27 10:42:07,662 - GPU-6 - DEBUG -       [After Latent Recursive] 2 tokens unmasked
2025-10-27 10:42:07,662 - GPU-6 - INFO -   [Cycle 13]
2025-10-27 10:42:07,662 - GPU-6 - DEBUG -     [Latent Recursive] Starting 1 steps of latent thinking
2025-10-27 10:42:07,708 - GPU-6 - DEBUG -       [Latent] Step 1/1
2025-10-27 10:42:07,880 - GPU-6 - DEBUG -       [After Latent Recursive] 2 tokens unmasked
2025-10-27 10:42:07,881 - GPU-6 - INFO -   [Cycle 14]
2025-10-27 10:42:07,881 - GPU-6 - DEBUG -     [Latent Recursive] Starting 1 steps of latent thinking
2025-10-27 10:42:07,927 - GPU-6 - DEBUG -       [Latent] Step 1/1
2025-10-27 10:42:08,099 - GPU-6 - DEBUG -       [After Latent Recursive] 2 tokens unmasked
2025-10-27 10:42:08,099 - GPU-6 - INFO -   [Cycle 15]
2025-10-27 10:42:08,099 - GPU-6 - DEBUG -     [Latent Recursive] Starting 1 steps of latent thinking
2025-10-27 10:42:08,145 - GPU-6 - DEBUG -       [Latent] Step 1/1
2025-10-27 10:42:08,317 - GPU-6 - DEBUG -       [After Latent Recursive] 2 tokens unmasked
2025-10-27 10:42:08,318 - GPU-6 - INFO - [Block 6/16] Processing tokens 235-267
2025-10-27 10:42:08,318 - GPU-6 - DEBUG - [Block 5] Before forward: use_cache=True, x.shape=torch.Size([1, 587])
2025-10-27 10:42:08,318 - GPU-6 - DEBUG - [Block 5] Model type: LLaDAModelLM
2025-10-27 10:42:08,318 - GPU-6 - DEBUG - [Block 5] Model config use_cache: True
2025-10-27 10:42:08,341 - GPU-6 - DEBUG - [Block 5] After forward: pkv is None? False
2025-10-27 10:42:08,341 - GPU-6 - DEBUG - [Block 5] out type: CausalLMOutputWithPast
2025-10-27 10:42:08,341 - GPU-6 - DEBUG - [Block 5] pkv type: <class 'list'>, len: 32
2025-10-27 10:42:08,341 - GPU-6 - DEBUG - [Block 5] pkv[0] type: <class 'tuple'>, len: 2
2025-10-27 10:42:08,341 - GPU-6 - DEBUG - [Block 5] pkv[0][0].shape: torch.Size([1, 32, 587, 128])
2025-10-27 10:42:08,430 - GPU-6 - INFO -   [Initial Forward] 2 tokens unmasked
2025-10-27 10:42:08,431 - GPU-6 - INFO -   [Cycle 1]
2025-10-27 10:42:08,431 - GPU-6 - DEBUG -     [Latent Recursive] Starting 1 steps of latent thinking
2025-10-27 10:42:08,477 - GPU-6 - DEBUG -       [Latent] Step 1/1
2025-10-27 10:42:08,648 - GPU-6 - DEBUG -       [After Latent Recursive] 2 tokens unmasked
2025-10-27 10:42:08,649 - GPU-6 - INFO -   [Cycle 2]
2025-10-27 10:42:08,649 - GPU-6 - DEBUG -     [Latent Recursive] Starting 1 steps of latent thinking
2025-10-27 10:42:08,695 - GPU-6 - DEBUG -       [Latent] Step 1/1
2025-10-27 10:42:08,866 - GPU-6 - DEBUG -       [After Latent Recursive] 2 tokens unmasked
2025-10-27 10:42:08,866 - GPU-6 - INFO -   [Cycle 3]
2025-10-27 10:42:08,866 - GPU-6 - DEBUG -     [Latent Recursive] Starting 1 steps of latent thinking
2025-10-27 10:42:08,912 - GPU-6 - DEBUG -       [Latent] Step 1/1
2025-10-27 10:42:09,084 - GPU-6 - DEBUG -       [After Latent Recursive] 2 tokens unmasked
2025-10-27 10:42:09,084 - GPU-6 - INFO -   [Cycle 4]
2025-10-27 10:42:09,084 - GPU-6 - DEBUG -     [Latent Recursive] Starting 1 steps of latent thinking
2025-10-27 10:42:09,130 - GPU-6 - DEBUG -       [Latent] Step 1/1
2025-10-27 10:42:09,301 - GPU-6 - DEBUG -       [After Latent Recursive] 2 tokens unmasked
2025-10-27 10:42:09,301 - GPU-6 - INFO -   [Cycle 5]
2025-10-27 10:42:09,301 - GPU-6 - DEBUG -     [Latent Recursive] Starting 1 steps of latent thinking
2025-10-27 10:42:09,347 - GPU-6 - DEBUG -       [Latent] Step 1/1
2025-10-27 10:42:09,519 - GPU-6 - DEBUG -       [After Latent Recursive] 2 tokens unmasked
2025-10-27 10:42:09,519 - GPU-6 - INFO -   [Cycle 6]
2025-10-27 10:42:09,519 - GPU-6 - DEBUG -     [Latent Recursive] Starting 1 steps of latent thinking
2025-10-27 10:42:09,565 - GPU-6 - DEBUG -       [Latent] Step 1/1
2025-10-27 10:42:09,736 - GPU-6 - DEBUG -       [After Latent Recursive] 2 tokens unmasked
2025-10-27 10:42:09,737 - GPU-6 - INFO -   [Cycle 7]
2025-10-27 10:42:09,737 - GPU-6 - DEBUG -     [Latent Recursive] Starting 1 steps of latent thinking
2025-10-27 10:42:09,783 - GPU-6 - DEBUG -       [Latent] Step 1/1
2025-10-27 10:42:09,954 - GPU-6 - DEBUG -       [After Latent Recursive] 2 tokens unmasked
2025-10-27 10:42:09,954 - GPU-6 - INFO -   [Cycle 8]
2025-10-27 10:42:09,954 - GPU-6 - DEBUG -     [Latent Recursive] Starting 1 steps of latent thinking
2025-10-27 10:42:10,000 - GPU-6 - DEBUG -       [Latent] Step 1/1
2025-10-27 10:42:10,171 - GPU-6 - DEBUG -       [After Latent Recursive] 2 tokens unmasked
2025-10-27 10:42:10,172 - GPU-6 - INFO -   [Cycle 9]
2025-10-27 10:42:10,172 - GPU-6 - DEBUG -     [Latent Recursive] Starting 1 steps of latent thinking
2025-10-27 10:42:10,218 - GPU-6 - DEBUG -       [Latent] Step 1/1
2025-10-27 10:42:10,389 - GPU-6 - DEBUG -       [After Latent Recursive] 2 tokens unmasked
2025-10-27 10:42:10,390 - GPU-6 - INFO -   [Cycle 10]
2025-10-27 10:42:10,390 - GPU-6 - DEBUG -     [Latent Recursive] Starting 1 steps of latent thinking
2025-10-27 10:42:10,436 - GPU-6 - DEBUG -       [Latent] Step 1/1
2025-10-27 10:42:10,607 - GPU-6 - DEBUG -       [After Latent Recursive] 2 tokens unmasked
2025-10-27 10:42:10,607 - GPU-6 - INFO -   [Cycle 11]
2025-10-27 10:42:10,607 - GPU-6 - DEBUG -     [Latent Recursive] Starting 1 steps of latent thinking
2025-10-27 10:42:10,653 - GPU-6 - DEBUG -       [Latent] Step 1/1
2025-10-27 10:42:10,824 - GPU-6 - DEBUG -       [After Latent Recursive] 2 tokens unmasked
2025-10-27 10:42:10,825 - GPU-6 - INFO -   [Cycle 12]
2025-10-27 10:42:10,825 - GPU-6 - DEBUG -     [Latent Recursive] Starting 1 steps of latent thinking
2025-10-27 10:42:10,871 - GPU-6 - DEBUG -       [Latent] Step 1/1
2025-10-27 10:42:11,042 - GPU-6 - DEBUG -       [After Latent Recursive] 2 tokens unmasked
2025-10-27 10:42:11,042 - GPU-6 - INFO -   [Cycle 13]
2025-10-27 10:42:11,042 - GPU-6 - DEBUG -     [Latent Recursive] Starting 1 steps of latent thinking
2025-10-27 10:42:11,088 - GPU-6 - DEBUG -       [Latent] Step 1/1
2025-10-27 10:42:11,259 - GPU-6 - DEBUG -       [After Latent Recursive] 2 tokens unmasked
2025-10-27 10:42:11,260 - GPU-6 - INFO -   [Cycle 14]
2025-10-27 10:42:11,260 - GPU-6 - DEBUG -     [Latent Recursive] Starting 1 steps of latent thinking
2025-10-27 10:42:11,306 - GPU-6 - DEBUG -       [Latent] Step 1/1
2025-10-27 10:42:11,477 - GPU-6 - DEBUG -       [After Latent Recursive] 2 tokens unmasked
2025-10-27 10:42:11,478 - GPU-6 - INFO -   [Cycle 15]
2025-10-27 10:42:11,478 - GPU-6 - DEBUG -     [Latent Recursive] Starting 1 steps of latent thinking
2025-10-27 10:42:11,524 - GPU-6 - DEBUG -       [Latent] Step 1/1
2025-10-27 10:42:11,695 - GPU-6 - DEBUG -       [After Latent Recursive] 2 tokens unmasked
2025-10-27 10:42:11,696 - GPU-6 - INFO - [Block 7/16] Processing tokens 267-299
2025-10-27 10:42:11,696 - GPU-6 - DEBUG - [Block 6] Before forward: use_cache=True, x.shape=torch.Size([1, 587])
2025-10-27 10:42:11,696 - GPU-6 - DEBUG - [Block 6] Model type: LLaDAModelLM
2025-10-27 10:42:11,696 - GPU-6 - DEBUG - [Block 6] Model config use_cache: True
2025-10-27 10:42:11,719 - GPU-6 - DEBUG - [Block 6] After forward: pkv is None? False
2025-10-27 10:42:11,719 - GPU-6 - DEBUG - [Block 6] out type: CausalLMOutputWithPast
2025-10-27 10:42:11,719 - GPU-6 - DEBUG - [Block 6] pkv type: <class 'list'>, len: 32
2025-10-27 10:42:11,719 - GPU-6 - DEBUG - [Block 6] pkv[0] type: <class 'tuple'>, len: 2
2025-10-27 10:42:11,719 - GPU-6 - DEBUG - [Block 6] pkv[0][0].shape: torch.Size([1, 32, 587, 128])
2025-10-27 10:42:11,808 - GPU-6 - INFO -   [Initial Forward] 2 tokens unmasked
2025-10-27 10:42:11,808 - GPU-6 - INFO -   [Cycle 1]
2025-10-27 10:42:11,808 - GPU-6 - DEBUG -     [Latent Recursive] Starting 1 steps of latent thinking
2025-10-27 10:42:11,854 - GPU-6 - DEBUG -       [Latent] Step 1/1
2025-10-27 10:42:12,025 - GPU-6 - DEBUG -       [After Latent Recursive] 2 tokens unmasked
2025-10-27 10:42:12,025 - GPU-6 - INFO -   [Cycle 2]
2025-10-27 10:42:12,025 - GPU-6 - DEBUG -     [Latent Recursive] Starting 1 steps of latent thinking
2025-10-27 10:42:12,071 - GPU-6 - DEBUG -       [Latent] Step 1/1
2025-10-27 10:42:12,242 - GPU-6 - DEBUG -       [After Latent Recursive] 2 tokens unmasked
2025-10-27 10:42:12,242 - GPU-6 - INFO -   [Cycle 3]
2025-10-27 10:42:12,242 - GPU-6 - DEBUG -     [Latent Recursive] Starting 1 steps of latent thinking
2025-10-27 10:42:12,288 - GPU-6 - DEBUG -       [Latent] Step 1/1
2025-10-27 10:42:12,459 - GPU-6 - DEBUG -       [After Latent Recursive] 2 tokens unmasked
2025-10-27 10:42:12,459 - GPU-6 - INFO -   [Cycle 4]
2025-10-27 10:42:12,459 - GPU-6 - DEBUG -     [Latent Recursive] Starting 1 steps of latent thinking
2025-10-27 10:42:12,505 - GPU-6 - DEBUG -       [Latent] Step 1/1
2025-10-27 10:42:12,675 - GPU-6 - DEBUG -       [After Latent Recursive] 2 tokens unmasked
2025-10-27 10:42:12,676 - GPU-6 - INFO -   [Cycle 5]
2025-10-27 10:42:12,676 - GPU-6 - DEBUG -     [Latent Recursive] Starting 1 steps of latent thinking
2025-10-27 10:42:12,721 - GPU-6 - DEBUG -       [Latent] Step 1/1
2025-10-27 10:42:12,891 - GPU-6 - DEBUG -       [After Latent Recursive] 2 tokens unmasked
2025-10-27 10:42:12,891 - GPU-6 - INFO -   [Cycle 6]
2025-10-27 10:42:12,891 - GPU-6 - DEBUG -     [Latent Recursive] Starting 1 steps of latent thinking
2025-10-27 10:42:12,937 - GPU-6 - DEBUG -       [Latent] Step 1/1
2025-10-27 10:42:13,106 - GPU-6 - DEBUG -       [After Latent Recursive] 2 tokens unmasked
2025-10-27 10:42:13,107 - GPU-6 - INFO -   [Cycle 7]
2025-10-27 10:42:13,107 - GPU-6 - DEBUG -     [Latent Recursive] Starting 1 steps of latent thinking
2025-10-27 10:42:13,153 - GPU-6 - DEBUG -       [Latent] Step 1/1
2025-10-27 10:42:13,322 - GPU-6 - DEBUG -       [After Latent Recursive] 2 tokens unmasked
2025-10-27 10:42:13,323 - GPU-6 - INFO -   [Cycle 8]
2025-10-27 10:42:13,323 - GPU-6 - DEBUG -     [Latent Recursive] Starting 1 steps of latent thinking
2025-10-27 10:42:13,368 - GPU-6 - DEBUG -       [Latent] Step 1/1
2025-10-27 10:42:13,538 - GPU-6 - DEBUG -       [After Latent Recursive] 2 tokens unmasked
2025-10-27 10:42:13,538 - GPU-6 - INFO -   [Cycle 9]
2025-10-27 10:42:13,538 - GPU-6 - DEBUG -     [Latent Recursive] Starting 1 steps of latent thinking
2025-10-27 10:42:13,584 - GPU-6 - DEBUG -       [Latent] Step 1/1
2025-10-27 10:42:13,753 - GPU-6 - DEBUG -       [After Latent Recursive] 2 tokens unmasked
2025-10-27 10:42:13,754 - GPU-6 - INFO -   [Cycle 10]
2025-10-27 10:42:13,754 - GPU-6 - DEBUG -     [Latent Recursive] Starting 1 steps of latent thinking
2025-10-27 10:42:13,800 - GPU-6 - DEBUG -       [Latent] Step 1/1
2025-10-27 10:42:13,970 - GPU-6 - DEBUG -       [After Latent Recursive] 2 tokens unmasked
2025-10-27 10:42:13,970 - GPU-6 - INFO -   [Cycle 11]
2025-10-27 10:42:13,970 - GPU-6 - DEBUG -     [Latent Recursive] Starting 1 steps of latent thinking
2025-10-27 10:42:14,016 - GPU-6 - DEBUG -       [Latent] Step 1/1
2025-10-27 10:42:14,185 - GPU-6 - DEBUG -       [After Latent Recursive] 2 tokens unmasked
2025-10-27 10:42:14,186 - GPU-6 - INFO -   [Cycle 12]
2025-10-27 10:42:14,186 - GPU-6 - DEBUG -     [Latent Recursive] Starting 1 steps of latent thinking
2025-10-27 10:42:14,231 - GPU-6 - DEBUG -       [Latent] Step 1/1
2025-10-27 10:42:14,401 - GPU-6 - DEBUG -       [After Latent Recursive] 2 tokens unmasked
2025-10-27 10:42:14,401 - GPU-6 - INFO -   [Cycle 13]
2025-10-27 10:42:14,401 - GPU-6 - DEBUG -     [Latent Recursive] Starting 1 steps of latent thinking
2025-10-27 10:42:14,447 - GPU-6 - DEBUG -       [Latent] Step 1/1
2025-10-27 10:42:14,616 - GPU-6 - DEBUG -       [After Latent Recursive] 2 tokens unmasked
2025-10-27 10:42:14,617 - GPU-6 - INFO -   [Cycle 14]
2025-10-27 10:42:14,617 - GPU-6 - DEBUG -     [Latent Recursive] Starting 1 steps of latent thinking
2025-10-27 10:42:14,663 - GPU-6 - DEBUG -       [Latent] Step 1/1
2025-10-27 10:42:14,832 - GPU-6 - DEBUG -       [After Latent Recursive] 2 tokens unmasked
2025-10-27 10:42:14,833 - GPU-6 - INFO -   [Cycle 15]
2025-10-27 10:42:14,833 - GPU-6 - DEBUG -     [Latent Recursive] Starting 1 steps of latent thinking
2025-10-27 10:42:14,878 - GPU-6 - DEBUG -       [Latent] Step 1/1
2025-10-27 10:42:15,048 - GPU-6 - DEBUG -       [After Latent Recursive] 2 tokens unmasked
2025-10-27 10:42:15,048 - GPU-6 - INFO - [Block 8/16] Processing tokens 299-331
2025-10-27 10:42:15,048 - GPU-6 - DEBUG - [Block 7] Before forward: use_cache=True, x.shape=torch.Size([1, 587])
2025-10-27 10:42:15,048 - GPU-6 - DEBUG - [Block 7] Model type: LLaDAModelLM
2025-10-27 10:42:15,049 - GPU-6 - DEBUG - [Block 7] Model config use_cache: True
2025-10-27 10:42:15,071 - GPU-6 - DEBUG - [Block 7] After forward: pkv is None? False
2025-10-27 10:42:15,071 - GPU-6 - DEBUG - [Block 7] out type: CausalLMOutputWithPast
2025-10-27 10:42:15,071 - GPU-6 - DEBUG - [Block 7] pkv type: <class 'list'>, len: 32
2025-10-27 10:42:15,071 - GPU-6 - DEBUG - [Block 7] pkv[0] type: <class 'tuple'>, len: 2
2025-10-27 10:42:15,071 - GPU-6 - DEBUG - [Block 7] pkv[0][0].shape: torch.Size([1, 32, 587, 128])
2025-10-27 10:42:15,160 - GPU-6 - INFO -   [Initial Forward] 2 tokens unmasked
2025-10-27 10:42:15,161 - GPU-6 - INFO -   [Cycle 1]
2025-10-27 10:42:15,161 - GPU-6 - DEBUG -     [Latent Recursive] Starting 1 steps of latent thinking
2025-10-27 10:42:15,206 - GPU-6 - DEBUG -       [Latent] Step 1/1
2025-10-27 10:42:15,373 - GPU-6 - DEBUG -       [After Latent Recursive] 2 tokens unmasked
2025-10-27 10:42:15,374 - GPU-6 - INFO -   [Cycle 2]
2025-10-27 10:42:15,374 - GPU-6 - DEBUG -     [Latent Recursive] Starting 1 steps of latent thinking
2025-10-27 10:42:15,420 - GPU-6 - DEBUG -       [Latent] Step 1/1
2025-10-27 10:42:15,587 - GPU-6 - DEBUG -       [After Latent Recursive] 2 tokens unmasked
2025-10-27 10:42:15,587 - GPU-6 - INFO -   [Cycle 3]
2025-10-27 10:42:15,588 - GPU-6 - DEBUG -     [Latent Recursive] Starting 1 steps of latent thinking
2025-10-27 10:42:15,633 - GPU-6 - DEBUG -       [Latent] Step 1/1
2025-10-27 10:42:15,800 - GPU-6 - DEBUG -       [After Latent Recursive] 2 tokens unmasked
2025-10-27 10:42:15,801 - GPU-6 - INFO -   [Cycle 4]
2025-10-27 10:42:15,801 - GPU-6 - DEBUG -     [Latent Recursive] Starting 1 steps of latent thinking
2025-10-27 10:42:15,847 - GPU-6 - DEBUG -       [Latent] Step 1/1
2025-10-27 10:42:16,014 - GPU-6 - DEBUG -       [After Latent Recursive] 2 tokens unmasked
2025-10-27 10:42:16,015 - GPU-6 - INFO -   [Cycle 5]
2025-10-27 10:42:16,015 - GPU-6 - DEBUG -     [Latent Recursive] Starting 1 steps of latent thinking
2025-10-27 10:42:16,061 - GPU-6 - DEBUG -       [Latent] Step 1/1
2025-10-27 10:42:16,228 - GPU-6 - DEBUG -       [After Latent Recursive] 2 tokens unmasked
2025-10-27 10:42:16,228 - GPU-6 - INFO -   [Cycle 6]
2025-10-27 10:42:16,228 - GPU-6 - DEBUG -     [Latent Recursive] Starting 1 steps of latent thinking
2025-10-27 10:42:16,274 - GPU-6 - DEBUG -       [Latent] Step 1/1
2025-10-27 10:42:16,441 - GPU-6 - DEBUG -       [After Latent Recursive] 2 tokens unmasked
2025-10-27 10:42:16,442 - GPU-6 - INFO -   [Cycle 7]
2025-10-27 10:42:16,442 - GPU-6 - DEBUG -     [Latent Recursive] Starting 1 steps of latent thinking
2025-10-27 10:42:16,488 - GPU-6 - DEBUG -       [Latent] Step 1/1
2025-10-27 10:42:16,655 - GPU-6 - DEBUG -       [After Latent Recursive] 2 tokens unmasked
2025-10-27 10:42:16,655 - GPU-6 - INFO -   [Cycle 8]
2025-10-27 10:42:16,656 - GPU-6 - DEBUG -     [Latent Recursive] Starting 1 steps of latent thinking
2025-10-27 10:42:16,702 - GPU-6 - DEBUG -       [Latent] Step 1/1
2025-10-27 10:42:16,869 - GPU-6 - DEBUG -       [After Latent Recursive] 2 tokens unmasked
2025-10-27 10:42:16,869 - GPU-6 - INFO -   [Cycle 9]
2025-10-27 10:42:16,869 - GPU-6 - DEBUG -     [Latent Recursive] Starting 1 steps of latent thinking
2025-10-27 10:42:16,915 - GPU-6 - DEBUG -       [Latent] Step 1/1
2025-10-27 10:42:17,082 - GPU-6 - DEBUG -       [After Latent Recursive] 2 tokens unmasked
2025-10-27 10:42:17,082 - GPU-6 - INFO -   [Cycle 10]
2025-10-27 10:42:17,083 - GPU-6 - DEBUG -     [Latent Recursive] Starting 1 steps of latent thinking
2025-10-27 10:42:17,128 - GPU-6 - DEBUG -       [Latent] Step 1/1
2025-10-27 10:42:17,296 - GPU-6 - DEBUG -       [After Latent Recursive] 2 tokens unmasked
2025-10-27 10:42:17,296 - GPU-6 - INFO -   [Cycle 11]
2025-10-27 10:42:17,296 - GPU-6 - DEBUG -     [Latent Recursive] Starting 1 steps of latent thinking
2025-10-27 10:42:17,342 - GPU-6 - DEBUG -       [Latent] Step 1/1
2025-10-27 10:42:17,509 - GPU-6 - DEBUG -       [After Latent Recursive] 2 tokens unmasked
2025-10-27 10:42:17,510 - GPU-6 - INFO -   [Cycle 12]
2025-10-27 10:42:17,510 - GPU-6 - DEBUG -     [Latent Recursive] Starting 1 steps of latent thinking
2025-10-27 10:42:17,556 - GPU-6 - DEBUG -       [Latent] Step 1/1
2025-10-27 10:42:17,723 - GPU-6 - DEBUG -       [After Latent Recursive] 2 tokens unmasked
2025-10-27 10:42:17,724 - GPU-6 - INFO -   [Cycle 13]
2025-10-27 10:42:17,724 - GPU-6 - DEBUG -     [Latent Recursive] Starting 1 steps of latent thinking
2025-10-27 10:42:17,770 - GPU-6 - DEBUG -       [Latent] Step 1/1
2025-10-27 10:42:17,937 - GPU-6 - DEBUG -       [After Latent Recursive] 2 tokens unmasked
2025-10-27 10:42:17,937 - GPU-6 - INFO -   [Cycle 14]
2025-10-27 10:42:17,937 - GPU-6 - DEBUG -     [Latent Recursive] Starting 1 steps of latent thinking
2025-10-27 10:42:17,983 - GPU-6 - DEBUG -       [Latent] Step 1/1
2025-10-27 10:42:18,150 - GPU-6 - DEBUG -       [After Latent Recursive] 2 tokens unmasked
2025-10-27 10:42:18,151 - GPU-6 - INFO -   [Cycle 15]
2025-10-27 10:42:18,151 - GPU-6 - DEBUG -     [Latent Recursive] Starting 1 steps of latent thinking
2025-10-27 10:42:18,196 - GPU-6 - DEBUG -       [Latent] Step 1/1
2025-10-27 10:42:18,364 - GPU-6 - DEBUG -       [After Latent Recursive] 2 tokens unmasked
2025-10-27 10:42:18,364 - GPU-6 - INFO - [Block 9/16] Processing tokens 331-363
2025-10-27 10:42:18,364 - GPU-6 - DEBUG - [Block 8] Before forward: use_cache=True, x.shape=torch.Size([1, 587])
2025-10-27 10:42:18,364 - GPU-6 - DEBUG - [Block 8] Model type: LLaDAModelLM
2025-10-27 10:42:18,364 - GPU-6 - DEBUG - [Block 8] Model config use_cache: True
2025-10-27 10:42:18,387 - GPU-6 - DEBUG - [Block 8] After forward: pkv is None? False
2025-10-27 10:42:18,387 - GPU-6 - DEBUG - [Block 8] out type: CausalLMOutputWithPast
2025-10-27 10:42:18,387 - GPU-6 - DEBUG - [Block 8] pkv type: <class 'list'>, len: 32
2025-10-27 10:42:18,387 - GPU-6 - DEBUG - [Block 8] pkv[0] type: <class 'tuple'>, len: 2
2025-10-27 10:42:18,387 - GPU-6 - DEBUG - [Block 8] pkv[0][0].shape: torch.Size([1, 32, 587, 128])
2025-10-27 10:42:18,476 - GPU-6 - INFO -   [Initial Forward] 2 tokens unmasked
2025-10-27 10:42:18,476 - GPU-6 - INFO -   [Cycle 1]
2025-10-27 10:42:18,476 - GPU-6 - DEBUG -     [Latent Recursive] Starting 1 steps of latent thinking
2025-10-27 10:42:18,522 - GPU-6 - DEBUG -       [Latent] Step 1/1
2025-10-27 10:42:18,688 - GPU-6 - DEBUG -       [After Latent Recursive] 2 tokens unmasked
2025-10-27 10:42:18,689 - GPU-6 - INFO -   [Cycle 2]
2025-10-27 10:42:18,689 - GPU-6 - DEBUG -     [Latent Recursive] Starting 1 steps of latent thinking
2025-10-27 10:42:18,735 - GPU-6 - DEBUG -       [Latent] Step 1/1
2025-10-27 10:42:18,901 - GPU-6 - DEBUG -       [After Latent Recursive] 2 tokens unmasked
2025-10-27 10:42:18,902 - GPU-6 - INFO -   [Cycle 3]
2025-10-27 10:42:18,902 - GPU-6 - DEBUG -     [Latent Recursive] Starting 1 steps of latent thinking
2025-10-27 10:42:18,947 - GPU-6 - DEBUG -       [Latent] Step 1/1
2025-10-27 10:42:19,113 - GPU-6 - DEBUG -       [After Latent Recursive] 2 tokens unmasked
2025-10-27 10:42:19,114 - GPU-6 - INFO -   [Cycle 4]
2025-10-27 10:42:19,114 - GPU-6 - DEBUG -     [Latent Recursive] Starting 1 steps of latent thinking
2025-10-27 10:42:19,159 - GPU-6 - DEBUG -       [Latent] Step 1/1
2025-10-27 10:42:19,326 - GPU-6 - DEBUG -       [After Latent Recursive] 2 tokens unmasked
2025-10-27 10:42:19,326 - GPU-6 - INFO -   [Cycle 5]
2025-10-27 10:42:19,326 - GPU-6 - DEBUG -     [Latent Recursive] Starting 1 steps of latent thinking
2025-10-27 10:42:19,372 - GPU-6 - DEBUG -       [Latent] Step 1/1
2025-10-27 10:42:19,540 - GPU-6 - DEBUG -       [After Latent Recursive] 2 tokens unmasked
2025-10-27 10:42:19,540 - GPU-6 - INFO -   [Cycle 6]
2025-10-27 10:42:19,540 - GPU-6 - DEBUG -     [Latent Recursive] Starting 1 steps of latent thinking
2025-10-27 10:42:19,586 - GPU-6 - DEBUG -       [Latent] Step 1/1
2025-10-27 10:42:19,756 - GPU-6 - DEBUG -       [After Latent Recursive] 2 tokens unmasked
2025-10-27 10:42:19,757 - GPU-6 - INFO -   [Cycle 7]
2025-10-27 10:42:19,757 - GPU-6 - DEBUG -     [Latent Recursive] Starting 1 steps of latent thinking
2025-10-27 10:42:19,802 - GPU-6 - DEBUG -       [Latent] Step 1/1
2025-10-27 10:42:19,969 - GPU-6 - DEBUG -       [After Latent Recursive] 2 tokens unmasked
2025-10-27 10:42:19,970 - GPU-6 - INFO -   [Cycle 8]
2025-10-27 10:42:19,970 - GPU-6 - DEBUG -     [Latent Recursive] Starting 1 steps of latent thinking
2025-10-27 10:42:20,016 - GPU-6 - DEBUG -       [Latent] Step 1/1
2025-10-27 10:42:20,184 - GPU-6 - DEBUG -       [After Latent Recursive] 2 tokens unmasked
2025-10-27 10:42:20,185 - GPU-6 - INFO -   [Cycle 9]
2025-10-27 10:42:20,185 - GPU-6 - DEBUG -     [Latent Recursive] Starting 1 steps of latent thinking
2025-10-27 10:42:20,231 - GPU-6 - DEBUG -       [Latent] Step 1/1
2025-10-27 10:42:20,399 - GPU-6 - DEBUG -       [After Latent Recursive] 2 tokens unmasked
2025-10-27 10:42:20,400 - GPU-6 - INFO -   [Cycle 10]
2025-10-27 10:42:20,400 - GPU-6 - DEBUG -     [Latent Recursive] Starting 1 steps of latent thinking
2025-10-27 10:42:20,446 - GPU-6 - DEBUG -       [Latent] Step 1/1
2025-10-27 10:42:20,612 - GPU-6 - DEBUG -       [After Latent Recursive] 2 tokens unmasked
2025-10-27 10:42:20,612 - GPU-6 - INFO -   [Cycle 11]
2025-10-27 10:42:20,613 - GPU-6 - DEBUG -     [Latent Recursive] Starting 1 steps of latent thinking
2025-10-27 10:42:20,658 - GPU-6 - DEBUG -       [Latent] Step 1/1
2025-10-27 10:42:20,824 - GPU-6 - DEBUG -       [After Latent Recursive] 2 tokens unmasked
2025-10-27 10:42:20,825 - GPU-6 - INFO -   [Cycle 12]
2025-10-27 10:42:20,825 - GPU-6 - DEBUG -     [Latent Recursive] Starting 1 steps of latent thinking
2025-10-27 10:42:20,871 - GPU-6 - DEBUG -       [Latent] Step 1/1
2025-10-27 10:42:21,037 - GPU-6 - DEBUG -       [After Latent Recursive] 2 tokens unmasked
2025-10-27 10:42:21,037 - GPU-6 - INFO -   [Cycle 13]
2025-10-27 10:42:21,038 - GPU-6 - DEBUG -     [Latent Recursive] Starting 1 steps of latent thinking
2025-10-27 10:42:21,083 - GPU-6 - DEBUG -       [Latent] Step 1/1
2025-10-27 10:42:21,250 - GPU-6 - DEBUG -       [After Latent Recursive] 2 tokens unmasked
2025-10-27 10:42:21,250 - GPU-6 - INFO -   [Cycle 14]
2025-10-27 10:42:21,250 - GPU-6 - DEBUG -     [Latent Recursive] Starting 1 steps of latent thinking
2025-10-27 10:42:21,296 - GPU-6 - DEBUG -       [Latent] Step 1/1
2025-10-27 10:42:21,462 - GPU-6 - DEBUG -       [After Latent Recursive] 2 tokens unmasked
2025-10-27 10:42:21,463 - GPU-6 - INFO -   [Cycle 15]
2025-10-27 10:42:21,463 - GPU-6 - DEBUG -     [Latent Recursive] Starting 1 steps of latent thinking
2025-10-27 10:42:21,509 - GPU-6 - DEBUG -       [Latent] Step 1/1
2025-10-27 10:42:21,675 - GPU-6 - DEBUG -       [After Latent Recursive] 2 tokens unmasked
2025-10-27 10:42:21,675 - GPU-6 - INFO - [Block 10/16] Processing tokens 363-395
2025-10-27 10:42:21,675 - GPU-6 - DEBUG - [Block 9] Before forward: use_cache=True, x.shape=torch.Size([1, 587])
2025-10-27 10:42:21,676 - GPU-6 - DEBUG - [Block 9] Model type: LLaDAModelLM
2025-10-27 10:42:21,676 - GPU-6 - DEBUG - [Block 9] Model config use_cache: True
2025-10-27 10:42:21,698 - GPU-6 - DEBUG - [Block 9] After forward: pkv is None? False
2025-10-27 10:42:21,698 - GPU-6 - DEBUG - [Block 9] out type: CausalLMOutputWithPast
2025-10-27 10:42:21,699 - GPU-6 - DEBUG - [Block 9] pkv type: <class 'list'>, len: 32
2025-10-27 10:42:21,699 - GPU-6 - DEBUG - [Block 9] pkv[0] type: <class 'tuple'>, len: 2
2025-10-27 10:42:21,699 - GPU-6 - DEBUG - [Block 9] pkv[0][0].shape: torch.Size([1, 32, 587, 128])
2025-10-27 10:42:21,787 - GPU-6 - INFO -   [Initial Forward] 2 tokens unmasked
2025-10-27 10:42:21,788 - GPU-6 - INFO -   [Cycle 1]
2025-10-27 10:42:21,788 - GPU-6 - DEBUG -     [Latent Recursive] Starting 1 steps of latent thinking
2025-10-27 10:42:21,833 - GPU-6 - DEBUG -       [Latent] Step 1/1
2025-10-27 10:42:21,997 - GPU-6 - DEBUG -       [After Latent Recursive] 2 tokens unmasked
2025-10-27 10:42:21,998 - GPU-6 - INFO -   [Cycle 2]
2025-10-27 10:42:21,998 - GPU-6 - DEBUG -     [Latent Recursive] Starting 1 steps of latent thinking
2025-10-27 10:42:22,043 - GPU-6 - DEBUG -       [Latent] Step 1/1
2025-10-27 10:42:22,208 - GPU-6 - DEBUG -       [After Latent Recursive] 2 tokens unmasked
2025-10-27 10:42:22,208 - GPU-6 - INFO -   [Cycle 3]
2025-10-27 10:42:22,208 - GPU-6 - DEBUG -     [Latent Recursive] Starting 1 steps of latent thinking
2025-10-27 10:42:22,253 - GPU-6 - DEBUG -       [Latent] Step 1/1
2025-10-27 10:42:22,417 - GPU-6 - DEBUG -       [After Latent Recursive] 2 tokens unmasked
2025-10-27 10:42:22,418 - GPU-6 - INFO -   [Cycle 4]
2025-10-27 10:42:22,418 - GPU-6 - DEBUG -     [Latent Recursive] Starting 1 steps of latent thinking
2025-10-27 10:42:22,464 - GPU-6 - DEBUG -       [Latent] Step 1/1
2025-10-27 10:42:22,628 - GPU-6 - DEBUG -       [After Latent Recursive] 2 tokens unmasked
2025-10-27 10:42:22,628 - GPU-6 - INFO -   [Cycle 5]
2025-10-27 10:42:22,628 - GPU-6 - DEBUG -     [Latent Recursive] Starting 1 steps of latent thinking
2025-10-27 10:42:22,674 - GPU-6 - DEBUG -       [Latent] Step 1/1
2025-10-27 10:42:22,838 - GPU-6 - DEBUG -       [After Latent Recursive] 2 tokens unmasked
2025-10-27 10:42:22,838 - GPU-6 - INFO -   [Cycle 6]
2025-10-27 10:42:22,839 - GPU-6 - DEBUG -     [Latent Recursive] Starting 1 steps of latent thinking
2025-10-27 10:42:22,884 - GPU-6 - DEBUG -       [Latent] Step 1/1
2025-10-27 10:42:23,050 - GPU-6 - DEBUG -       [After Latent Recursive] 2 tokens unmasked
2025-10-27 10:42:23,050 - GPU-6 - INFO -   [Cycle 7]
2025-10-27 10:42:23,050 - GPU-6 - DEBUG -     [Latent Recursive] Starting 1 steps of latent thinking
2025-10-27 10:42:23,096 - GPU-6 - DEBUG -       [Latent] Step 1/1
2025-10-27 10:42:23,262 - GPU-6 - DEBUG -       [After Latent Recursive] 2 tokens unmasked
2025-10-27 10:42:23,262 - GPU-6 - INFO -   [Cycle 8]
2025-10-27 10:42:23,262 - GPU-6 - DEBUG -     [Latent Recursive] Starting 1 steps of latent thinking
2025-10-27 10:42:23,308 - GPU-6 - DEBUG -       [Latent] Step 1/1
2025-10-27 10:42:23,474 - GPU-6 - DEBUG -       [After Latent Recursive] 2 tokens unmasked
2025-10-27 10:42:23,475 - GPU-6 - INFO -   [Cycle 9]
2025-10-27 10:42:23,475 - GPU-6 - DEBUG -     [Latent Recursive] Starting 1 steps of latent thinking
2025-10-27 10:42:23,521 - GPU-6 - DEBUG -       [Latent] Step 1/1
2025-10-27 10:42:23,689 - GPU-6 - DEBUG -       [After Latent Recursive] 2 tokens unmasked
2025-10-27 10:42:23,689 - GPU-6 - INFO -   [Cycle 10]
2025-10-27 10:42:23,689 - GPU-6 - DEBUG -     [Latent Recursive] Starting 1 steps of latent thinking
2025-10-27 10:42:23,735 - GPU-6 - DEBUG -       [Latent] Step 1/1
2025-10-27 10:42:23,900 - GPU-6 - DEBUG -       [After Latent Recursive] 2 tokens unmasked
2025-10-27 10:42:23,900 - GPU-6 - INFO -   [Cycle 11]
2025-10-27 10:42:23,900 - GPU-6 - DEBUG -     [Latent Recursive] Starting 1 steps of latent thinking
2025-10-27 10:42:23,946 - GPU-6 - DEBUG -       [Latent] Step 1/1
2025-10-27 10:42:24,110 - GPU-6 - DEBUG -       [After Latent Recursive] 2 tokens unmasked
2025-10-27 10:42:24,110 - GPU-6 - INFO -   [Cycle 12]
2025-10-27 10:42:24,110 - GPU-6 - DEBUG -     [Latent Recursive] Starting 1 steps of latent thinking
2025-10-27 10:42:24,156 - GPU-6 - DEBUG -       [Latent] Step 1/1
2025-10-27 10:42:24,320 - GPU-6 - DEBUG -       [After Latent Recursive] 2 tokens unmasked
2025-10-27 10:42:24,320 - GPU-6 - INFO -   [Cycle 13]
2025-10-27 10:42:24,321 - GPU-6 - DEBUG -     [Latent Recursive] Starting 1 steps of latent thinking
2025-10-27 10:42:24,366 - GPU-6 - DEBUG -       [Latent] Step 1/1
2025-10-27 10:42:24,530 - GPU-6 - DEBUG -       [After Latent Recursive] 2 tokens unmasked
2025-10-27 10:42:24,531 - GPU-6 - INFO -   [Cycle 14]
2025-10-27 10:42:24,531 - GPU-6 - DEBUG -     [Latent Recursive] Starting 1 steps of latent thinking
2025-10-27 10:42:24,576 - GPU-6 - DEBUG -       [Latent] Step 1/1
2025-10-27 10:42:24,740 - GPU-6 - DEBUG -       [After Latent Recursive] 2 tokens unmasked
2025-10-27 10:42:24,741 - GPU-6 - INFO -   [Cycle 15]
2025-10-27 10:42:24,741 - GPU-6 - DEBUG -     [Latent Recursive] Starting 1 steps of latent thinking
2025-10-27 10:42:24,786 - GPU-6 - DEBUG -       [Latent] Step 1/1
2025-10-27 10:42:24,950 - GPU-6 - DEBUG -       [After Latent Recursive] 2 tokens unmasked
2025-10-27 10:42:24,951 - GPU-6 - INFO - [Block 11/16] Processing tokens 395-427
2025-10-27 10:42:24,951 - GPU-6 - DEBUG - [Block 10] Before forward: use_cache=True, x.shape=torch.Size([1, 587])
2025-10-27 10:42:24,951 - GPU-6 - DEBUG - [Block 10] Model type: LLaDAModelLM
2025-10-27 10:42:24,952 - GPU-6 - DEBUG - [Block 10] Model config use_cache: True
2025-10-27 10:42:24,974 - GPU-6 - DEBUG - [Block 10] After forward: pkv is None? False
2025-10-27 10:42:24,974 - GPU-6 - DEBUG - [Block 10] out type: CausalLMOutputWithPast
2025-10-27 10:42:24,974 - GPU-6 - DEBUG - [Block 10] pkv type: <class 'list'>, len: 32
2025-10-27 10:42:24,974 - GPU-6 - DEBUG - [Block 10] pkv[0] type: <class 'tuple'>, len: 2
2025-10-27 10:42:24,975 - GPU-6 - DEBUG - [Block 10] pkv[0][0].shape: torch.Size([1, 32, 587, 128])
2025-10-27 10:42:25,063 - GPU-6 - INFO -   [Initial Forward] 2 tokens unmasked
2025-10-27 10:42:25,063 - GPU-6 - INFO -   [Cycle 1]
2025-10-27 10:42:25,064 - GPU-6 - DEBUG -     [Latent Recursive] Starting 1 steps of latent thinking
2025-10-27 10:42:25,110 - GPU-6 - DEBUG -       [Latent] Step 1/1
2025-10-27 10:42:25,273 - GPU-6 - DEBUG -       [After Latent Recursive] 2 tokens unmasked
2025-10-27 10:42:25,273 - GPU-6 - INFO -   [Cycle 2]
2025-10-27 10:42:25,273 - GPU-6 - DEBUG -     [Latent Recursive] Starting 1 steps of latent thinking
2025-10-27 10:42:25,319 - GPU-6 - DEBUG -       [Latent] Step 1/1
2025-10-27 10:42:25,482 - GPU-6 - DEBUG -       [After Latent Recursive] 2 tokens unmasked
2025-10-27 10:42:25,482 - GPU-6 - INFO -   [Cycle 3]
2025-10-27 10:42:25,483 - GPU-6 - DEBUG -     [Latent Recursive] Starting 1 steps of latent thinking
2025-10-27 10:42:25,528 - GPU-6 - DEBUG -       [Latent] Step 1/1
2025-10-27 10:42:25,691 - GPU-6 - DEBUG -       [After Latent Recursive] 2 tokens unmasked
2025-10-27 10:42:25,692 - GPU-6 - INFO -   [Cycle 4]
2025-10-27 10:42:25,692 - GPU-6 - DEBUG -     [Latent Recursive] Starting 1 steps of latent thinking
2025-10-27 10:42:25,738 - GPU-6 - DEBUG -       [Latent] Step 1/1
2025-10-27 10:42:25,901 - GPU-6 - DEBUG -       [After Latent Recursive] 2 tokens unmasked
2025-10-27 10:42:25,901 - GPU-6 - INFO -   [Cycle 5]
2025-10-27 10:42:25,901 - GPU-6 - DEBUG -     [Latent Recursive] Starting 1 steps of latent thinking
2025-10-27 10:42:25,947 - GPU-6 - DEBUG -       [Latent] Step 1/1
2025-10-27 10:42:26,110 - GPU-6 - DEBUG -       [After Latent Recursive] 2 tokens unmasked
2025-10-27 10:42:26,110 - GPU-6 - INFO -   [Cycle 6]
2025-10-27 10:42:26,110 - GPU-6 - DEBUG -     [Latent Recursive] Starting 1 steps of latent thinking
2025-10-27 10:42:26,156 - GPU-6 - DEBUG -       [Latent] Step 1/1
2025-10-27 10:42:26,319 - GPU-6 - DEBUG -       [After Latent Recursive] 2 tokens unmasked
2025-10-27 10:42:26,320 - GPU-6 - INFO -   [Cycle 7]
2025-10-27 10:42:26,320 - GPU-6 - DEBUG -     [Latent Recursive] Starting 1 steps of latent thinking
2025-10-27 10:42:26,366 - GPU-6 - DEBUG -       [Latent] Step 1/1
2025-10-27 10:42:26,529 - GPU-6 - DEBUG -       [After Latent Recursive] 2 tokens unmasked
2025-10-27 10:42:26,529 - GPU-6 - INFO -   [Cycle 8]
2025-10-27 10:42:26,529 - GPU-6 - DEBUG -     [Latent Recursive] Starting 1 steps of latent thinking
2025-10-27 10:42:26,575 - GPU-6 - DEBUG -       [Latent] Step 1/1
2025-10-27 10:42:26,738 - GPU-6 - DEBUG -       [After Latent Recursive] 2 tokens unmasked
2025-10-27 10:42:26,739 - GPU-6 - INFO -   [Cycle 9]
2025-10-27 10:42:26,739 - GPU-6 - DEBUG -     [Latent Recursive] Starting 1 steps of latent thinking
2025-10-27 10:42:26,785 - GPU-6 - DEBUG -       [Latent] Step 1/1
2025-10-27 10:42:26,947 - GPU-6 - DEBUG -       [After Latent Recursive] 2 tokens unmasked
2025-10-27 10:42:26,948 - GPU-6 - INFO -   [Cycle 10]
2025-10-27 10:42:26,948 - GPU-6 - DEBUG -     [Latent Recursive] Starting 1 steps of latent thinking
2025-10-27 10:42:26,994 - GPU-6 - DEBUG -       [Latent] Step 1/1
2025-10-27 10:42:27,157 - GPU-6 - DEBUG -       [After Latent Recursive] 2 tokens unmasked
2025-10-27 10:42:27,158 - GPU-6 - INFO -   [Cycle 11]
2025-10-27 10:42:27,158 - GPU-6 - DEBUG -     [Latent Recursive] Starting 1 steps of latent thinking
2025-10-27 10:42:27,203 - GPU-6 - DEBUG -       [Latent] Step 1/1
2025-10-27 10:42:27,366 - GPU-6 - DEBUG -       [After Latent Recursive] 2 tokens unmasked
2025-10-27 10:42:27,367 - GPU-6 - INFO -   [Cycle 12]
2025-10-27 10:42:27,367 - GPU-6 - DEBUG -     [Latent Recursive] Starting 1 steps of latent thinking
2025-10-27 10:42:27,413 - GPU-6 - DEBUG -       [Latent] Step 1/1
2025-10-27 10:42:27,576 - GPU-6 - DEBUG -       [After Latent Recursive] 2 tokens unmasked
2025-10-27 10:42:27,576 - GPU-6 - INFO -   [Cycle 13]
2025-10-27 10:42:27,576 - GPU-6 - DEBUG -     [Latent Recursive] Starting 1 steps of latent thinking
2025-10-27 10:42:27,622 - GPU-6 - DEBUG -       [Latent] Step 1/1
2025-10-27 10:42:27,785 - GPU-6 - DEBUG -       [After Latent Recursive] 2 tokens unmasked
2025-10-27 10:42:27,785 - GPU-6 - INFO -   [Cycle 14]
2025-10-27 10:42:27,785 - GPU-6 - DEBUG -     [Latent Recursive] Starting 1 steps of latent thinking
2025-10-27 10:42:27,831 - GPU-6 - DEBUG -       [Latent] Step 1/1
2025-10-27 10:42:27,994 - GPU-6 - DEBUG -       [After Latent Recursive] 2 tokens unmasked
2025-10-27 10:42:27,994 - GPU-6 - INFO -   [Cycle 15]
2025-10-27 10:42:27,995 - GPU-6 - DEBUG -     [Latent Recursive] Starting 1 steps of latent thinking
2025-10-27 10:42:28,040 - GPU-6 - DEBUG -       [Latent] Step 1/1
2025-10-27 10:42:28,204 - GPU-6 - DEBUG -       [After Latent Recursive] 2 tokens unmasked
2025-10-27 10:42:28,204 - GPU-6 - INFO - [Block 12/16] Processing tokens 427-459
2025-10-27 10:42:28,204 - GPU-6 - DEBUG - [Block 11] Before forward: use_cache=True, x.shape=torch.Size([1, 587])
2025-10-27 10:42:28,204 - GPU-6 - DEBUG - [Block 11] Model type: LLaDAModelLM
2025-10-27 10:42:28,205 - GPU-6 - DEBUG - [Block 11] Model config use_cache: True
2025-10-27 10:42:28,227 - GPU-6 - DEBUG - [Block 11] After forward: pkv is None? False
2025-10-27 10:42:28,227 - GPU-6 - DEBUG - [Block 11] out type: CausalLMOutputWithPast
2025-10-27 10:42:28,227 - GPU-6 - DEBUG - [Block 11] pkv type: <class 'list'>, len: 32
2025-10-27 10:42:28,228 - GPU-6 - DEBUG - [Block 11] pkv[0] type: <class 'tuple'>, len: 2
2025-10-27 10:42:28,228 - GPU-6 - DEBUG - [Block 11] pkv[0][0].shape: torch.Size([1, 32, 587, 128])
2025-10-27 10:42:28,316 - GPU-6 - INFO -   [Initial Forward] 2 tokens unmasked
2025-10-27 10:42:28,316 - GPU-6 - INFO -   [Cycle 1]
2025-10-27 10:42:28,317 - GPU-6 - DEBUG -     [Latent Recursive] Starting 1 steps of latent thinking
2025-10-27 10:42:28,362 - GPU-6 - DEBUG -       [Latent] Step 1/1
2025-10-27 10:42:28,525 - GPU-6 - DEBUG -       [After Latent Recursive] 2 tokens unmasked
2025-10-27 10:42:28,525 - GPU-6 - INFO -   [Cycle 2]
2025-10-27 10:42:28,525 - GPU-6 - DEBUG -     [Latent Recursive] Starting 1 steps of latent thinking
2025-10-27 10:42:28,571 - GPU-6 - DEBUG -       [Latent] Step 1/1
2025-10-27 10:42:28,733 - GPU-6 - DEBUG -       [After Latent Recursive] 2 tokens unmasked
2025-10-27 10:42:28,734 - GPU-6 - INFO -   [Cycle 3]
2025-10-27 10:42:28,734 - GPU-6 - DEBUG -     [Latent Recursive] Starting 1 steps of latent thinking
2025-10-27 10:42:28,780 - GPU-6 - DEBUG -       [Latent] Step 1/1
2025-10-27 10:42:28,942 - GPU-6 - DEBUG -       [After Latent Recursive] 2 tokens unmasked
2025-10-27 10:42:28,942 - GPU-6 - INFO -   [Cycle 4]
2025-10-27 10:42:28,942 - GPU-6 - DEBUG -     [Latent Recursive] Starting 1 steps of latent thinking
2025-10-27 10:42:28,988 - GPU-6 - DEBUG -       [Latent] Step 1/1
2025-10-27 10:42:29,151 - GPU-6 - DEBUG -       [After Latent Recursive] 2 tokens unmasked
2025-10-27 10:42:29,151 - GPU-6 - INFO -   [Cycle 5]
2025-10-27 10:42:29,152 - GPU-6 - DEBUG -     [Latent Recursive] Starting 1 steps of latent thinking
2025-10-27 10:42:29,197 - GPU-6 - DEBUG -       [Latent] Step 1/1
2025-10-27 10:42:29,360 - GPU-6 - DEBUG -       [After Latent Recursive] 2 tokens unmasked
2025-10-27 10:42:29,360 - GPU-6 - INFO -   [Cycle 6]
2025-10-27 10:42:29,360 - GPU-6 - DEBUG -     [Latent Recursive] Starting 1 steps of latent thinking
2025-10-27 10:42:29,406 - GPU-6 - DEBUG -       [Latent] Step 1/1
2025-10-27 10:42:29,569 - GPU-6 - DEBUG -       [After Latent Recursive] 2 tokens unmasked
2025-10-27 10:42:29,569 - GPU-6 - INFO -   [Cycle 7]
2025-10-27 10:42:29,569 - GPU-6 - DEBUG -     [Latent Recursive] Starting 1 steps of latent thinking
2025-10-27 10:42:29,615 - GPU-6 - DEBUG -       [Latent] Step 1/1
2025-10-27 10:42:29,777 - GPU-6 - DEBUG -       [After Latent Recursive] 2 tokens unmasked
2025-10-27 10:42:29,778 - GPU-6 - INFO -   [Cycle 8]
2025-10-27 10:42:29,778 - GPU-6 - DEBUG -     [Latent Recursive] Starting 1 steps of latent thinking
2025-10-27 10:42:29,823 - GPU-6 - DEBUG -       [Latent] Step 1/1
2025-10-27 10:42:29,986 - GPU-6 - DEBUG -       [After Latent Recursive] 2 tokens unmasked
2025-10-27 10:42:29,986 - GPU-6 - INFO -   [Cycle 9]
2025-10-27 10:42:29,986 - GPU-6 - DEBUG -     [Latent Recursive] Starting 1 steps of latent thinking
2025-10-27 10:42:30,032 - GPU-6 - DEBUG -       [Latent] Step 1/1
2025-10-27 10:42:30,194 - GPU-6 - DEBUG -       [After Latent Recursive] 2 tokens unmasked
2025-10-27 10:42:30,194 - GPU-6 - INFO -   [Cycle 10]
2025-10-27 10:42:30,194 - GPU-6 - DEBUG -     [Latent Recursive] Starting 1 steps of latent thinking
2025-10-27 10:42:30,240 - GPU-6 - DEBUG -       [Latent] Step 1/1
2025-10-27 10:42:30,403 - GPU-6 - DEBUG -       [After Latent Recursive] 2 tokens unmasked
2025-10-27 10:42:30,403 - GPU-6 - INFO -   [Cycle 11]
2025-10-27 10:42:30,403 - GPU-6 - DEBUG -     [Latent Recursive] Starting 1 steps of latent thinking
2025-10-27 10:42:30,449 - GPU-6 - DEBUG -       [Latent] Step 1/1
2025-10-27 10:42:30,611 - GPU-6 - DEBUG -       [After Latent Recursive] 2 tokens unmasked
2025-10-27 10:42:30,611 - GPU-6 - INFO -   [Cycle 12]
2025-10-27 10:42:30,611 - GPU-6 - DEBUG -     [Latent Recursive] Starting 1 steps of latent thinking
2025-10-27 10:42:30,657 - GPU-6 - DEBUG -       [Latent] Step 1/1
2025-10-27 10:42:30,820 - GPU-6 - DEBUG -       [After Latent Recursive] 2 tokens unmasked
2025-10-27 10:42:30,820 - GPU-6 - INFO -   [Cycle 13]
2025-10-27 10:42:30,820 - GPU-6 - DEBUG -     [Latent Recursive] Starting 1 steps of latent thinking
2025-10-27 10:42:30,866 - GPU-6 - DEBUG -       [Latent] Step 1/1
2025-10-27 10:42:31,028 - GPU-6 - DEBUG -       [After Latent Recursive] 2 tokens unmasked
2025-10-27 10:42:31,028 - GPU-6 - INFO -   [Cycle 14]
2025-10-27 10:42:31,029 - GPU-6 - DEBUG -     [Latent Recursive] Starting 1 steps of latent thinking
2025-10-27 10:42:31,074 - GPU-6 - DEBUG -       [Latent] Step 1/1
2025-10-27 10:42:31,237 - GPU-6 - DEBUG -       [After Latent Recursive] 2 tokens unmasked
2025-10-27 10:42:31,237 - GPU-6 - INFO -   [Cycle 15]
2025-10-27 10:42:31,237 - GPU-6 - DEBUG -     [Latent Recursive] Starting 1 steps of latent thinking
2025-10-27 10:42:31,283 - GPU-6 - DEBUG -       [Latent] Step 1/1
2025-10-27 10:42:31,445 - GPU-6 - DEBUG -       [After Latent Recursive] 2 tokens unmasked
2025-10-27 10:42:31,446 - GPU-6 - INFO - [Block 13/16] Processing tokens 459-491
2025-10-27 10:42:31,446 - GPU-6 - DEBUG - [Block 12] Before forward: use_cache=True, x.shape=torch.Size([1, 587])
2025-10-27 10:42:31,446 - GPU-6 - DEBUG - [Block 12] Model type: LLaDAModelLM
2025-10-27 10:42:31,446 - GPU-6 - DEBUG - [Block 12] Model config use_cache: True
2025-10-27 10:42:31,469 - GPU-6 - DEBUG - [Block 12] After forward: pkv is None? False
2025-10-27 10:42:31,469 - GPU-6 - DEBUG - [Block 12] out type: CausalLMOutputWithPast
2025-10-27 10:42:31,469 - GPU-6 - DEBUG - [Block 12] pkv type: <class 'list'>, len: 32
2025-10-27 10:42:31,469 - GPU-6 - DEBUG - [Block 12] pkv[0] type: <class 'tuple'>, len: 2
2025-10-27 10:42:31,469 - GPU-6 - DEBUG - [Block 12] pkv[0][0].shape: torch.Size([1, 32, 587, 128])
2025-10-27 10:42:31,558 - GPU-6 - INFO -   [Initial Forward] 2 tokens unmasked
2025-10-27 10:42:31,558 - GPU-6 - INFO -   [Cycle 1]
2025-10-27 10:42:31,558 - GPU-6 - DEBUG -     [Latent Recursive] Starting 1 steps of latent thinking
2025-10-27 10:42:31,604 - GPU-6 - DEBUG -       [Latent] Step 1/1
2025-10-27 10:42:31,764 - GPU-6 - DEBUG -       [After Latent Recursive] 2 tokens unmasked
2025-10-27 10:42:31,765 - GPU-6 - INFO -   [Cycle 2]
2025-10-27 10:42:31,765 - GPU-6 - DEBUG -     [Latent Recursive] Starting 1 steps of latent thinking
2025-10-27 10:42:31,811 - GPU-6 - DEBUG -       [Latent] Step 1/1
2025-10-27 10:42:31,971 - GPU-6 - DEBUG -       [After Latent Recursive] 2 tokens unmasked
2025-10-27 10:42:31,971 - GPU-6 - INFO -   [Cycle 3]
2025-10-27 10:42:31,971 - GPU-6 - DEBUG -     [Latent Recursive] Starting 1 steps of latent thinking
2025-10-27 10:42:32,017 - GPU-6 - DEBUG -       [Latent] Step 1/1
2025-10-27 10:42:32,177 - GPU-6 - DEBUG -       [After Latent Recursive] 2 tokens unmasked
2025-10-27 10:42:32,177 - GPU-6 - INFO -   [Cycle 4]
2025-10-27 10:42:32,177 - GPU-6 - DEBUG -     [Latent Recursive] Starting 1 steps of latent thinking
2025-10-27 10:42:32,223 - GPU-6 - DEBUG -       [Latent] Step 1/1
2025-10-27 10:42:32,383 - GPU-6 - DEBUG -       [After Latent Recursive] 2 tokens unmasked
2025-10-27 10:42:32,384 - GPU-6 - INFO -   [Cycle 5]
2025-10-27 10:42:32,384 - GPU-6 - DEBUG -     [Latent Recursive] Starting 1 steps of latent thinking
2025-10-27 10:42:32,429 - GPU-6 - DEBUG -       [Latent] Step 1/1
2025-10-27 10:42:32,589 - GPU-6 - DEBUG -       [After Latent Recursive] 2 tokens unmasked
2025-10-27 10:42:32,590 - GPU-6 - INFO -   [Cycle 6]
2025-10-27 10:42:32,590 - GPU-6 - DEBUG -     [Latent Recursive] Starting 1 steps of latent thinking
2025-10-27 10:42:32,635 - GPU-6 - DEBUG -       [Latent] Step 1/1
2025-10-27 10:42:32,795 - GPU-6 - DEBUG -       [After Latent Recursive] 2 tokens unmasked
2025-10-27 10:42:32,796 - GPU-6 - INFO -   [Cycle 7]
2025-10-27 10:42:32,796 - GPU-6 - DEBUG -     [Latent Recursive] Starting 1 steps of latent thinking
2025-10-27 10:42:32,842 - GPU-6 - DEBUG -       [Latent] Step 1/1
2025-10-27 10:42:33,002 - GPU-6 - DEBUG -       [After Latent Recursive] 2 tokens unmasked
2025-10-27 10:42:33,002 - GPU-6 - INFO -   [Cycle 8]
2025-10-27 10:42:33,002 - GPU-6 - DEBUG -     [Latent Recursive] Starting 1 steps of latent thinking
2025-10-27 10:42:33,048 - GPU-6 - DEBUG -       [Latent] Step 1/1
2025-10-27 10:42:33,208 - GPU-6 - DEBUG -       [After Latent Recursive] 2 tokens unmasked
2025-10-27 10:42:33,208 - GPU-6 - INFO -   [Cycle 9]
2025-10-27 10:42:33,208 - GPU-6 - DEBUG -     [Latent Recursive] Starting 1 steps of latent thinking
2025-10-27 10:42:33,254 - GPU-6 - DEBUG -       [Latent] Step 1/1
2025-10-27 10:42:33,414 - GPU-6 - DEBUG -       [After Latent Recursive] 2 tokens unmasked
2025-10-27 10:42:33,414 - GPU-6 - INFO -   [Cycle 10]
2025-10-27 10:42:33,414 - GPU-6 - DEBUG -     [Latent Recursive] Starting 1 steps of latent thinking
2025-10-27 10:42:33,460 - GPU-6 - DEBUG -       [Latent] Step 1/1
2025-10-27 10:42:33,620 - GPU-6 - DEBUG -       [After Latent Recursive] 2 tokens unmasked
2025-10-27 10:42:33,620 - GPU-6 - INFO -   [Cycle 11]
2025-10-27 10:42:33,621 - GPU-6 - DEBUG -     [Latent Recursive] Starting 1 steps of latent thinking
2025-10-27 10:42:33,666 - GPU-6 - DEBUG -       [Latent] Step 1/1
2025-10-27 10:42:33,826 - GPU-6 - DEBUG -       [After Latent Recursive] 2 tokens unmasked
2025-10-27 10:42:33,827 - GPU-6 - INFO -   [Cycle 12]
2025-10-27 10:42:33,827 - GPU-6 - DEBUG -     [Latent Recursive] Starting 1 steps of latent thinking
2025-10-27 10:42:33,872 - GPU-6 - DEBUG -       [Latent] Step 1/1
2025-10-27 10:42:34,032 - GPU-6 - DEBUG -       [After Latent Recursive] 2 tokens unmasked
2025-10-27 10:42:34,033 - GPU-6 - INFO -   [Cycle 13]
2025-10-27 10:42:34,033 - GPU-6 - DEBUG -     [Latent Recursive] Starting 1 steps of latent thinking
2025-10-27 10:42:34,079 - GPU-6 - DEBUG -       [Latent] Step 1/1
2025-10-27 10:42:34,239 - GPU-6 - DEBUG -       [After Latent Recursive] 2 tokens unmasked
2025-10-27 10:42:34,239 - GPU-6 - INFO -   [Cycle 14]
2025-10-27 10:42:34,239 - GPU-6 - DEBUG -     [Latent Recursive] Starting 1 steps of latent thinking
2025-10-27 10:42:34,285 - GPU-6 - DEBUG -       [Latent] Step 1/1
2025-10-27 10:42:34,445 - GPU-6 - DEBUG -       [After Latent Recursive] 2 tokens unmasked
2025-10-27 10:42:34,445 - GPU-6 - INFO -   [Cycle 15]
2025-10-27 10:42:34,445 - GPU-6 - DEBUG -     [Latent Recursive] Starting 1 steps of latent thinking
2025-10-27 10:42:34,491 - GPU-6 - DEBUG -       [Latent] Step 1/1
2025-10-27 10:42:34,651 - GPU-6 - DEBUG -       [After Latent Recursive] 2 tokens unmasked
2025-10-27 10:42:34,652 - GPU-6 - INFO - [Block 14/16] Processing tokens 491-523
2025-10-27 10:42:34,652 - GPU-6 - DEBUG - [Block 13] Before forward: use_cache=True, x.shape=torch.Size([1, 587])
2025-10-27 10:42:34,652 - GPU-6 - DEBUG - [Block 13] Model type: LLaDAModelLM
2025-10-27 10:42:34,652 - GPU-6 - DEBUG - [Block 13] Model config use_cache: True
2025-10-27 10:42:34,675 - GPU-6 - DEBUG - [Block 13] After forward: pkv is None? False
2025-10-27 10:42:34,675 - GPU-6 - DEBUG - [Block 13] out type: CausalLMOutputWithPast
2025-10-27 10:42:34,675 - GPU-6 - DEBUG - [Block 13] pkv type: <class 'list'>, len: 32
2025-10-27 10:42:34,675 - GPU-6 - DEBUG - [Block 13] pkv[0] type: <class 'tuple'>, len: 2
2025-10-27 10:42:34,675 - GPU-6 - DEBUG - [Block 13] pkv[0][0].shape: torch.Size([1, 32, 587, 128])
2025-10-27 10:42:34,764 - GPU-6 - INFO -   [Initial Forward] 2 tokens unmasked
2025-10-27 10:42:34,764 - GPU-6 - INFO -   [Cycle 1]
2025-10-27 10:42:34,764 - GPU-6 - DEBUG -     [Latent Recursive] Starting 1 steps of latent thinking
2025-10-27 10:42:34,810 - GPU-6 - DEBUG -       [Latent] Step 1/1
2025-10-27 10:42:34,969 - GPU-6 - DEBUG -       [After Latent Recursive] 2 tokens unmasked
2025-10-27 10:42:34,969 - GPU-6 - INFO -   [Cycle 2]
2025-10-27 10:42:34,970 - GPU-6 - DEBUG -     [Latent Recursive] Starting 1 steps of latent thinking
2025-10-27 10:42:35,015 - GPU-6 - DEBUG -       [Latent] Step 1/1
2025-10-27 10:42:35,175 - GPU-6 - DEBUG -       [After Latent Recursive] 2 tokens unmasked
2025-10-27 10:42:35,175 - GPU-6 - INFO -   [Cycle 3]
2025-10-27 10:42:35,175 - GPU-6 - DEBUG -     [Latent Recursive] Starting 1 steps of latent thinking
2025-10-27 10:42:35,221 - GPU-6 - DEBUG -       [Latent] Step 1/1
2025-10-27 10:42:35,380 - GPU-6 - DEBUG -       [After Latent Recursive] 2 tokens unmasked
2025-10-27 10:42:35,380 - GPU-6 - INFO -   [Cycle 4]
2025-10-27 10:42:35,380 - GPU-6 - DEBUG -     [Latent Recursive] Starting 1 steps of latent thinking
2025-10-27 10:42:35,426 - GPU-6 - DEBUG -       [Latent] Step 1/1
2025-10-27 10:42:35,585 - GPU-6 - DEBUG -       [After Latent Recursive] 2 tokens unmasked
2025-10-27 10:42:35,586 - GPU-6 - INFO -   [Cycle 5]
2025-10-27 10:42:35,586 - GPU-6 - DEBUG -     [Latent Recursive] Starting 1 steps of latent thinking
2025-10-27 10:42:35,631 - GPU-6 - DEBUG -       [Latent] Step 1/1
2025-10-27 10:42:35,791 - GPU-6 - DEBUG -       [After Latent Recursive] 2 tokens unmasked
2025-10-27 10:42:35,791 - GPU-6 - INFO -   [Cycle 6]
2025-10-27 10:42:35,791 - GPU-6 - DEBUG -     [Latent Recursive] Starting 1 steps of latent thinking
2025-10-27 10:42:35,837 - GPU-6 - DEBUG -       [Latent] Step 1/1
2025-10-27 10:42:35,996 - GPU-6 - DEBUG -       [After Latent Recursive] 2 tokens unmasked
2025-10-27 10:42:35,996 - GPU-6 - INFO -   [Cycle 7]
2025-10-27 10:42:35,997 - GPU-6 - DEBUG -     [Latent Recursive] Starting 1 steps of latent thinking
2025-10-27 10:42:36,042 - GPU-6 - DEBUG -       [Latent] Step 1/1
2025-10-27 10:42:36,201 - GPU-6 - DEBUG -       [After Latent Recursive] 2 tokens unmasked
2025-10-27 10:42:36,202 - GPU-6 - INFO -   [Cycle 8]
2025-10-27 10:42:36,202 - GPU-6 - DEBUG -     [Latent Recursive] Starting 1 steps of latent thinking
2025-10-27 10:42:36,248 - GPU-6 - DEBUG -       [Latent] Step 1/1
2025-10-27 10:42:36,407 - GPU-6 - DEBUG -       [After Latent Recursive] 2 tokens unmasked
2025-10-27 10:42:36,407 - GPU-6 - INFO -   [Cycle 9]
2025-10-27 10:42:36,407 - GPU-6 - DEBUG -     [Latent Recursive] Starting 1 steps of latent thinking
2025-10-27 10:42:36,453 - GPU-6 - DEBUG -       [Latent] Step 1/1
2025-10-27 10:42:36,612 - GPU-6 - DEBUG -       [After Latent Recursive] 2 tokens unmasked
2025-10-27 10:42:36,612 - GPU-6 - INFO -   [Cycle 10]
2025-10-27 10:42:36,612 - GPU-6 - DEBUG -     [Latent Recursive] Starting 1 steps of latent thinking
2025-10-27 10:42:36,658 - GPU-6 - DEBUG -       [Latent] Step 1/1
2025-10-27 10:42:36,817 - GPU-6 - DEBUG -       [After Latent Recursive] 2 tokens unmasked
2025-10-27 10:42:36,818 - GPU-6 - INFO -   [Cycle 11]
2025-10-27 10:42:36,818 - GPU-6 - DEBUG -     [Latent Recursive] Starting 1 steps of latent thinking
2025-10-27 10:42:36,864 - GPU-6 - DEBUG -       [Latent] Step 1/1
2025-10-27 10:42:37,023 - GPU-6 - DEBUG -       [After Latent Recursive] 2 tokens unmasked
2025-10-27 10:42:37,023 - GPU-6 - INFO -   [Cycle 12]
2025-10-27 10:42:37,024 - GPU-6 - DEBUG -     [Latent Recursive] Starting 1 steps of latent thinking
2025-10-27 10:42:37,069 - GPU-6 - DEBUG -       [Latent] Step 1/1
2025-10-27 10:42:37,228 - GPU-6 - DEBUG -       [After Latent Recursive] 2 tokens unmasked
2025-10-27 10:42:37,229 - GPU-6 - INFO -   [Cycle 13]
2025-10-27 10:42:37,229 - GPU-6 - DEBUG -     [Latent Recursive] Starting 1 steps of latent thinking
2025-10-27 10:42:37,275 - GPU-6 - DEBUG -       [Latent] Step 1/1
2025-10-27 10:42:37,434 - GPU-6 - DEBUG -       [After Latent Recursive] 2 tokens unmasked
2025-10-27 10:42:37,434 - GPU-6 - INFO -   [Cycle 14]
2025-10-27 10:42:37,434 - GPU-6 - DEBUG -     [Latent Recursive] Starting 1 steps of latent thinking
2025-10-27 10:42:37,480 - GPU-6 - DEBUG -       [Latent] Step 1/1
2025-10-27 10:42:37,639 - GPU-6 - DEBUG -       [After Latent Recursive] 2 tokens unmasked
2025-10-27 10:42:37,640 - GPU-6 - INFO -   [Cycle 15]
2025-10-27 10:42:37,640 - GPU-6 - DEBUG -     [Latent Recursive] Starting 1 steps of latent thinking
2025-10-27 10:42:37,685 - GPU-6 - DEBUG -       [Latent] Step 1/1
2025-10-27 10:42:37,844 - GPU-6 - DEBUG -       [After Latent Recursive] 2 tokens unmasked
2025-10-27 10:42:37,845 - GPU-6 - INFO - [Block 15/16] Processing tokens 523-555
2025-10-27 10:42:37,845 - GPU-6 - DEBUG - [Block 14] Before forward: use_cache=True, x.shape=torch.Size([1, 587])
2025-10-27 10:42:37,845 - GPU-6 - DEBUG - [Block 14] Model type: LLaDAModelLM
2025-10-27 10:42:37,845 - GPU-6 - DEBUG - [Block 14] Model config use_cache: True
2025-10-27 10:42:37,868 - GPU-6 - DEBUG - [Block 14] After forward: pkv is None? False
2025-10-27 10:42:37,868 - GPU-6 - DEBUG - [Block 14] out type: CausalLMOutputWithPast
2025-10-27 10:42:37,868 - GPU-6 - DEBUG - [Block 14] pkv type: <class 'list'>, len: 32
2025-10-27 10:42:37,868 - GPU-6 - DEBUG - [Block 14] pkv[0] type: <class 'tuple'>, len: 2
2025-10-27 10:42:37,868 - GPU-6 - DEBUG - [Block 14] pkv[0][0].shape: torch.Size([1, 32, 587, 128])
2025-10-27 10:42:37,957 - GPU-6 - INFO -   [Initial Forward] 2 tokens unmasked
2025-10-27 10:42:37,957 - GPU-6 - INFO -   [Cycle 1]
2025-10-27 10:42:37,957 - GPU-6 - DEBUG -     [Latent Recursive] Starting 1 steps of latent thinking
2025-10-27 10:42:38,003 - GPU-6 - DEBUG -       [Latent] Step 1/1
2025-10-27 10:42:38,160 - GPU-6 - DEBUG -       [After Latent Recursive] 2 tokens unmasked
2025-10-27 10:42:38,160 - GPU-6 - INFO -   [Cycle 2]
2025-10-27 10:42:38,160 - GPU-6 - DEBUG -     [Latent Recursive] Starting 1 steps of latent thinking
2025-10-27 10:42:38,206 - GPU-6 - DEBUG -       [Latent] Step 1/1
2025-10-27 10:42:38,363 - GPU-6 - DEBUG -       [After Latent Recursive] 2 tokens unmasked
2025-10-27 10:42:38,363 - GPU-6 - INFO -   [Cycle 3]
2025-10-27 10:42:38,363 - GPU-6 - DEBUG -     [Latent Recursive] Starting 1 steps of latent thinking
2025-10-27 10:42:38,409 - GPU-6 - DEBUG -       [Latent] Step 1/1
2025-10-27 10:42:38,566 - GPU-6 - DEBUG -       [After Latent Recursive] 2 tokens unmasked
2025-10-27 10:42:38,566 - GPU-6 - INFO -   [Cycle 4]
2025-10-27 10:42:38,566 - GPU-6 - DEBUG -     [Latent Recursive] Starting 1 steps of latent thinking
2025-10-27 10:42:38,612 - GPU-6 - DEBUG -       [Latent] Step 1/1
2025-10-27 10:42:38,769 - GPU-6 - DEBUG -       [After Latent Recursive] 2 tokens unmasked
2025-10-27 10:42:38,769 - GPU-6 - INFO -   [Cycle 5]
2025-10-27 10:42:38,769 - GPU-6 - DEBUG -     [Latent Recursive] Starting 1 steps of latent thinking
2025-10-27 10:42:38,815 - GPU-6 - DEBUG -       [Latent] Step 1/1
2025-10-27 10:42:38,972 - GPU-6 - DEBUG -       [After Latent Recursive] 2 tokens unmasked
2025-10-27 10:42:38,972 - GPU-6 - INFO -   [Cycle 6]
2025-10-27 10:42:38,972 - GPU-6 - DEBUG -     [Latent Recursive] Starting 1 steps of latent thinking
2025-10-27 10:42:39,018 - GPU-6 - DEBUG -       [Latent] Step 1/1
2025-10-27 10:42:39,174 - GPU-6 - DEBUG -       [After Latent Recursive] 2 tokens unmasked
2025-10-27 10:42:39,175 - GPU-6 - INFO -   [Cycle 7]
2025-10-27 10:42:39,175 - GPU-6 - DEBUG -     [Latent Recursive] Starting 1 steps of latent thinking
2025-10-27 10:42:39,221 - GPU-6 - DEBUG -       [Latent] Step 1/1
2025-10-27 10:42:39,377 - GPU-6 - DEBUG -       [After Latent Recursive] 2 tokens unmasked
2025-10-27 10:42:39,378 - GPU-6 - INFO -   [Cycle 8]
2025-10-27 10:42:39,378 - GPU-6 - DEBUG -     [Latent Recursive] Starting 1 steps of latent thinking
2025-10-27 10:42:39,424 - GPU-6 - DEBUG -       [Latent] Step 1/1
2025-10-27 10:42:39,580 - GPU-6 - DEBUG -       [After Latent Recursive] 2 tokens unmasked
2025-10-27 10:42:39,581 - GPU-6 - INFO -   [Cycle 9]
2025-10-27 10:42:39,581 - GPU-6 - DEBUG -     [Latent Recursive] Starting 1 steps of latent thinking
2025-10-27 10:42:39,626 - GPU-6 - DEBUG -       [Latent] Step 1/1
2025-10-27 10:42:39,783 - GPU-6 - DEBUG -       [After Latent Recursive] 2 tokens unmasked
2025-10-27 10:42:39,784 - GPU-6 - INFO -   [Cycle 10]
2025-10-27 10:42:39,784 - GPU-6 - DEBUG -     [Latent Recursive] Starting 1 steps of latent thinking
2025-10-27 10:42:39,829 - GPU-6 - DEBUG -       [Latent] Step 1/1
2025-10-27 10:42:39,986 - GPU-6 - DEBUG -       [After Latent Recursive] 2 tokens unmasked
2025-10-27 10:42:39,987 - GPU-6 - INFO -   [Cycle 11]
2025-10-27 10:42:39,987 - GPU-6 - DEBUG -     [Latent Recursive] Starting 1 steps of latent thinking
2025-10-27 10:42:40,033 - GPU-6 - DEBUG -       [Latent] Step 1/1
2025-10-27 10:42:40,189 - GPU-6 - DEBUG -       [After Latent Recursive] 2 tokens unmasked
2025-10-27 10:42:40,190 - GPU-6 - INFO -   [Cycle 12]
2025-10-27 10:42:40,190 - GPU-6 - DEBUG -     [Latent Recursive] Starting 1 steps of latent thinking
2025-10-27 10:42:40,236 - GPU-6 - DEBUG -       [Latent] Step 1/1
2025-10-27 10:42:40,392 - GPU-6 - DEBUG -       [After Latent Recursive] 2 tokens unmasked
2025-10-27 10:42:40,393 - GPU-6 - INFO -   [Cycle 13]
2025-10-27 10:42:40,393 - GPU-6 - DEBUG -     [Latent Recursive] Starting 1 steps of latent thinking
2025-10-27 10:42:40,439 - GPU-6 - DEBUG -       [Latent] Step 1/1
2025-10-27 10:42:40,596 - GPU-6 - DEBUG -       [After Latent Recursive] 2 tokens unmasked
2025-10-27 10:42:40,596 - GPU-6 - INFO -   [Cycle 14]
2025-10-27 10:42:40,596 - GPU-6 - DEBUG -     [Latent Recursive] Starting 1 steps of latent thinking
2025-10-27 10:42:40,642 - GPU-6 - DEBUG -       [Latent] Step 1/1
2025-10-27 10:42:40,799 - GPU-6 - DEBUG -       [After Latent Recursive] 2 tokens unmasked
2025-10-27 10:42:40,799 - GPU-6 - INFO -   [Cycle 15]
2025-10-27 10:42:40,799 - GPU-6 - DEBUG -     [Latent Recursive] Starting 1 steps of latent thinking
2025-10-27 10:42:40,845 - GPU-6 - DEBUG -       [Latent] Step 1/1
2025-10-27 10:42:41,002 - GPU-6 - DEBUG -       [After Latent Recursive] 2 tokens unmasked
2025-10-27 10:42:41,002 - GPU-6 - INFO - [Block 16/16] Processing tokens 555-587
2025-10-27 10:42:41,002 - GPU-6 - DEBUG - [Block 15] Before forward: use_cache=True, x.shape=torch.Size([1, 587])
2025-10-27 10:42:41,002 - GPU-6 - DEBUG - [Block 15] Model type: LLaDAModelLM
2025-10-27 10:42:41,002 - GPU-6 - DEBUG - [Block 15] Model config use_cache: True
2025-10-27 10:42:41,025 - GPU-6 - DEBUG - [Block 15] After forward: pkv is None? False
2025-10-27 10:42:41,025 - GPU-6 - DEBUG - [Block 15] out type: CausalLMOutputWithPast
2025-10-27 10:42:41,025 - GPU-6 - DEBUG - [Block 15] pkv type: <class 'list'>, len: 32
2025-10-27 10:42:41,025 - GPU-6 - DEBUG - [Block 15] pkv[0] type: <class 'tuple'>, len: 2
2025-10-27 10:42:41,025 - GPU-6 - DEBUG - [Block 15] pkv[0][0].shape: torch.Size([1, 32, 587, 128])
2025-10-27 10:42:41,114 - GPU-6 - INFO -   [Initial Forward] 2 tokens unmasked
2025-10-27 10:42:41,114 - GPU-6 - INFO -   [Cycle 1]
2025-10-27 10:42:41,114 - GPU-6 - DEBUG -     [Latent Recursive] Starting 1 steps of latent thinking
2025-10-27 10:42:41,160 - GPU-6 - DEBUG -       [Latent] Step 1/1
2025-10-27 10:42:41,316 - GPU-6 - DEBUG -       [After Latent Recursive] 2 tokens unmasked
2025-10-27 10:42:41,317 - GPU-6 - INFO -   [Cycle 2]
2025-10-27 10:42:41,317 - GPU-6 - DEBUG -     [Latent Recursive] Starting 1 steps of latent thinking
2025-10-27 10:42:41,363 - GPU-6 - DEBUG -       [Latent] Step 1/1
2025-10-27 10:42:41,518 - GPU-6 - DEBUG -       [After Latent Recursive] 2 tokens unmasked
2025-10-27 10:42:41,519 - GPU-6 - INFO -   [Cycle 3]
2025-10-27 10:42:41,519 - GPU-6 - DEBUG -     [Latent Recursive] Starting 1 steps of latent thinking
2025-10-27 10:42:41,565 - GPU-6 - DEBUG -       [Latent] Step 1/1
2025-10-27 10:42:41,721 - GPU-6 - DEBUG -       [After Latent Recursive] 2 tokens unmasked
2025-10-27 10:42:41,721 - GPU-6 - INFO -   [Cycle 4]
2025-10-27 10:42:41,721 - GPU-6 - DEBUG -     [Latent Recursive] Starting 1 steps of latent thinking
2025-10-27 10:42:41,767 - GPU-6 - DEBUG -       [Latent] Step 1/1
2025-10-27 10:42:41,923 - GPU-6 - DEBUG -       [After Latent Recursive] 2 tokens unmasked
2025-10-27 10:42:41,923 - GPU-6 - INFO -   [Cycle 5]
2025-10-27 10:42:41,924 - GPU-6 - DEBUG -     [Latent Recursive] Starting 1 steps of latent thinking
2025-10-27 10:42:41,969 - GPU-6 - DEBUG -       [Latent] Step 1/1
2025-10-27 10:42:42,125 - GPU-6 - DEBUG -       [After Latent Recursive] 2 tokens unmasked
2025-10-27 10:42:42,126 - GPU-6 - INFO -   [Cycle 6]
2025-10-27 10:42:42,126 - GPU-6 - DEBUG -     [Latent Recursive] Starting 1 steps of latent thinking
2025-10-27 10:42:42,172 - GPU-6 - DEBUG -       [Latent] Step 1/1
2025-10-27 10:42:42,328 - GPU-6 - DEBUG -       [After Latent Recursive] 2 tokens unmasked
2025-10-27 10:42:42,328 - GPU-6 - INFO -   [Cycle 7]
2025-10-27 10:42:42,328 - GPU-6 - DEBUG -     [Latent Recursive] Starting 1 steps of latent thinking
2025-10-27 10:42:42,374 - GPU-6 - DEBUG -       [Latent] Step 1/1
2025-10-27 10:42:42,530 - GPU-6 - DEBUG -       [After Latent Recursive] 2 tokens unmasked
2025-10-27 10:42:42,530 - GPU-6 - INFO -   [Cycle 8]
2025-10-27 10:42:42,530 - GPU-6 - DEBUG -     [Latent Recursive] Starting 1 steps of latent thinking
2025-10-27 10:42:42,576 - GPU-6 - DEBUG -       [Latent] Step 1/1
2025-10-27 10:42:42,732 - GPU-6 - DEBUG -       [After Latent Recursive] 2 tokens unmasked
2025-10-27 10:42:42,732 - GPU-6 - INFO -   [Cycle 9]
2025-10-27 10:42:42,733 - GPU-6 - DEBUG -     [Latent Recursive] Starting 1 steps of latent thinking
2025-10-27 10:42:42,778 - GPU-6 - DEBUG -       [Latent] Step 1/1
2025-10-27 10:42:42,934 - GPU-6 - DEBUG -       [After Latent Recursive] 2 tokens unmasked
2025-10-27 10:42:42,935 - GPU-6 - INFO -   [Cycle 10]
2025-10-27 10:42:42,935 - GPU-6 - DEBUG -     [Latent Recursive] Starting 1 steps of latent thinking
2025-10-27 10:42:42,980 - GPU-6 - DEBUG -       [Latent] Step 1/1
2025-10-27 10:42:43,137 - GPU-6 - DEBUG -       [After Latent Recursive] 2 tokens unmasked
2025-10-27 10:42:43,137 - GPU-6 - INFO -   [Cycle 11]
2025-10-27 10:42:43,137 - GPU-6 - DEBUG -     [Latent Recursive] Starting 1 steps of latent thinking
2025-10-27 10:42:43,183 - GPU-6 - DEBUG -       [Latent] Step 1/1
2025-10-27 10:42:43,339 - GPU-6 - DEBUG -       [After Latent Recursive] 2 tokens unmasked
2025-10-27 10:42:43,339 - GPU-6 - INFO -   [Cycle 12]
2025-10-27 10:42:43,340 - GPU-6 - DEBUG -     [Latent Recursive] Starting 1 steps of latent thinking
2025-10-27 10:42:43,385 - GPU-6 - DEBUG -       [Latent] Step 1/1
2025-10-27 10:42:43,541 - GPU-6 - DEBUG -       [After Latent Recursive] 2 tokens unmasked
2025-10-27 10:42:43,541 - GPU-6 - INFO -   [Cycle 13]
2025-10-27 10:42:43,542 - GPU-6 - DEBUG -     [Latent Recursive] Starting 1 steps of latent thinking
2025-10-27 10:42:43,587 - GPU-6 - DEBUG -       [Latent] Step 1/1
2025-10-27 10:42:43,744 - GPU-6 - DEBUG -       [After Latent Recursive] 2 tokens unmasked
2025-10-27 10:42:43,744 - GPU-6 - INFO -   [Cycle 14]
2025-10-27 10:42:43,744 - GPU-6 - DEBUG -     [Latent Recursive] Starting 1 steps of latent thinking
2025-10-27 10:42:43,790 - GPU-6 - DEBUG -       [Latent] Step 1/1
2025-10-27 10:42:43,946 - GPU-6 - DEBUG -       [After Latent Recursive] 2 tokens unmasked
2025-10-27 10:42:43,946 - GPU-6 - INFO -   [Cycle 15]
2025-10-27 10:42:43,946 - GPU-6 - DEBUG -     [Latent Recursive] Starting 1 steps of latent thinking
2025-10-27 10:42:43,992 - GPU-6 - DEBUG -       [Latent] Step 1/1
2025-10-27 10:42:44,147 - GPU-6 - DEBUG -       [After Latent Recursive] 2 tokens unmasked
2025-10-27 10:45:17,350 - GPU-6 - INFO - [GPU 6] Loaded freeze config from metadata.json: freeze_first_half_layers=False, trainable_layer_start_idx=0
2025-10-27 10:45:17,592 - GPU-6 - INFO - === Starting generate_with_prefix_cache ===
2025-10-27 10:45:17,592 - GPU-6 - INFO - use_cache=True, R=1, N=1
2025-10-27 10:45:17,596 - GPU-6 - INFO - [Block 1/16] Processing tokens 71-103
2025-10-27 10:45:17,597 - GPU-6 - DEBUG - [Block 0] Before forward: use_cache=True, x.shape=torch.Size([1, 583])
2025-10-27 10:45:17,597 - GPU-6 - DEBUG - [Block 0] Model type: LLaDAModelLM
2025-10-27 10:45:17,597 - GPU-6 - DEBUG - [Block 0] Model config use_cache: True
2025-10-27 10:45:17,835 - GPU-6 - DEBUG - [Block 0] After forward: pkv is None? False
2025-10-27 10:45:17,836 - GPU-6 - DEBUG - [Block 0] out type: CausalLMOutputWithPast
2025-10-27 10:45:17,836 - GPU-6 - DEBUG - [Block 0] pkv type: <class 'list'>, len: 32
2025-10-27 10:45:17,836 - GPU-6 - DEBUG - [Block 0] pkv[0] type: <class 'tuple'>, len: 2
2025-10-27 10:45:17,836 - GPU-6 - DEBUG - [Block 0] pkv[0][0].shape: torch.Size([1, 32, 583, 128])
2025-10-27 10:45:17,974 - GPU-6 - INFO -   [Initial Forward] 1 tokens unmasked
2025-10-27 10:45:17,974 - GPU-6 - INFO -   [Cycle 1]
2025-10-27 10:45:17,975 - GPU-6 - DEBUG -     [Latent Recursive] Starting 1 steps of latent thinking
2025-10-27 10:45:18,082 - GPU-6 - DEBUG -       [Latent] Step 1/1
2025-10-27 10:45:18,260 - GPU-6 - DEBUG -       [After Latent Recursive] 1 tokens unmasked
2025-10-27 10:45:18,261 - GPU-6 - INFO -   [Cycle 2]
2025-10-27 10:45:18,261 - GPU-6 - DEBUG -     [Latent Recursive] Starting 1 steps of latent thinking
2025-10-27 10:45:18,307 - GPU-6 - DEBUG -       [Latent] Step 1/1
2025-10-27 10:45:18,485 - GPU-6 - DEBUG -       [After Latent Recursive] 1 tokens unmasked
2025-10-27 10:45:18,485 - GPU-6 - INFO -   [Cycle 3]
2025-10-27 10:45:18,485 - GPU-6 - DEBUG -     [Latent Recursive] Starting 1 steps of latent thinking
2025-10-27 10:45:18,531 - GPU-6 - DEBUG -       [Latent] Step 1/1
2025-10-27 10:45:18,709 - GPU-6 - DEBUG -       [After Latent Recursive] 1 tokens unmasked
2025-10-27 10:45:18,709 - GPU-6 - INFO -   [Cycle 4]
2025-10-27 10:45:18,710 - GPU-6 - DEBUG -     [Latent Recursive] Starting 1 steps of latent thinking
2025-10-27 10:45:18,755 - GPU-6 - DEBUG -       [Latent] Step 1/1
2025-10-27 10:45:18,934 - GPU-6 - DEBUG -       [After Latent Recursive] 1 tokens unmasked
2025-10-27 10:45:18,934 - GPU-6 - INFO -   [Cycle 5]
2025-10-27 10:45:18,934 - GPU-6 - DEBUG -     [Latent Recursive] Starting 1 steps of latent thinking
2025-10-27 10:45:18,980 - GPU-6 - DEBUG -       [Latent] Step 1/1
2025-10-27 10:45:19,158 - GPU-6 - DEBUG -       [After Latent Recursive] 1 tokens unmasked
2025-10-27 10:45:19,158 - GPU-6 - INFO -   [Cycle 6]
2025-10-27 10:45:19,158 - GPU-6 - DEBUG -     [Latent Recursive] Starting 1 steps of latent thinking
2025-10-27 10:45:19,204 - GPU-6 - DEBUG -       [Latent] Step 1/1
2025-10-27 10:45:19,382 - GPU-6 - DEBUG -       [After Latent Recursive] 1 tokens unmasked
2025-10-27 10:45:19,383 - GPU-6 - INFO -   [Cycle 7]
2025-10-27 10:45:19,383 - GPU-6 - DEBUG -     [Latent Recursive] Starting 1 steps of latent thinking
2025-10-27 10:45:19,429 - GPU-6 - DEBUG -       [Latent] Step 1/1
2025-10-27 10:45:19,607 - GPU-6 - DEBUG -       [After Latent Recursive] 1 tokens unmasked
2025-10-27 10:45:19,607 - GPU-6 - INFO -   [Cycle 8]
2025-10-27 10:45:19,607 - GPU-6 - DEBUG -     [Latent Recursive] Starting 1 steps of latent thinking
2025-10-27 10:45:19,653 - GPU-6 - DEBUG -       [Latent] Step 1/1
2025-10-27 10:45:19,831 - GPU-6 - DEBUG -       [After Latent Recursive] 1 tokens unmasked
2025-10-27 10:45:19,832 - GPU-6 - INFO -   [Cycle 9]
2025-10-27 10:45:19,832 - GPU-6 - DEBUG -     [Latent Recursive] Starting 1 steps of latent thinking
2025-10-27 10:45:19,878 - GPU-6 - DEBUG -       [Latent] Step 1/1
2025-10-27 10:45:20,056 - GPU-6 - DEBUG -       [After Latent Recursive] 1 tokens unmasked
2025-10-27 10:45:20,056 - GPU-6 - INFO -   [Cycle 10]
2025-10-27 10:45:20,056 - GPU-6 - DEBUG -     [Latent Recursive] Starting 1 steps of latent thinking
2025-10-27 10:45:20,102 - GPU-6 - DEBUG -       [Latent] Step 1/1
2025-10-27 10:45:20,280 - GPU-6 - DEBUG -       [After Latent Recursive] 1 tokens unmasked
2025-10-27 10:45:20,281 - GPU-6 - INFO -   [Cycle 11]
2025-10-27 10:45:20,281 - GPU-6 - DEBUG -     [Latent Recursive] Starting 1 steps of latent thinking
2025-10-27 10:45:20,327 - GPU-6 - DEBUG -       [Latent] Step 1/1
2025-10-27 10:45:20,505 - GPU-6 - DEBUG -       [After Latent Recursive] 1 tokens unmasked
2025-10-27 10:45:20,505 - GPU-6 - INFO -   [Cycle 12]
2025-10-27 10:45:20,505 - GPU-6 - DEBUG -     [Latent Recursive] Starting 1 steps of latent thinking
2025-10-27 10:45:20,551 - GPU-6 - DEBUG -       [Latent] Step 1/1
2025-10-27 10:45:20,729 - GPU-6 - DEBUG -       [After Latent Recursive] 1 tokens unmasked
2025-10-27 10:45:20,730 - GPU-6 - INFO -   [Cycle 13]
2025-10-27 10:45:20,730 - GPU-6 - DEBUG -     [Latent Recursive] Starting 1 steps of latent thinking
2025-10-27 10:45:20,775 - GPU-6 - DEBUG -       [Latent] Step 1/1
2025-10-27 10:45:20,956 - GPU-6 - DEBUG -       [After Latent Recursive] 1 tokens unmasked
2025-10-27 10:45:20,957 - GPU-6 - INFO -   [Cycle 14]
2025-10-27 10:45:20,957 - GPU-6 - DEBUG -     [Latent Recursive] Starting 1 steps of latent thinking
2025-10-27 10:45:21,003 - GPU-6 - DEBUG -       [Latent] Step 1/1
2025-10-27 10:45:21,186 - GPU-6 - DEBUG -       [After Latent Recursive] 1 tokens unmasked
2025-10-27 10:45:21,187 - GPU-6 - INFO -   [Cycle 15]
2025-10-27 10:45:21,187 - GPU-6 - DEBUG -     [Latent Recursive] Starting 1 steps of latent thinking
2025-10-27 10:45:21,233 - GPU-6 - DEBUG -       [Latent] Step 1/1
2025-10-27 10:45:21,413 - GPU-6 - DEBUG -       [After Latent Recursive] 1 tokens unmasked
2025-10-27 10:45:21,413 - GPU-6 - INFO -   [Cycle 16]
2025-10-27 10:45:21,413 - GPU-6 - DEBUG -     [Latent Recursive] Starting 1 steps of latent thinking
2025-10-27 10:45:21,459 - GPU-6 - DEBUG -       [Latent] Step 1/1
2025-10-27 10:45:21,637 - GPU-6 - DEBUG -       [After Latent Recursive] 1 tokens unmasked
2025-10-27 10:45:21,638 - GPU-6 - INFO -   [Cycle 17]
2025-10-27 10:45:21,638 - GPU-6 - DEBUG -     [Latent Recursive] Starting 1 steps of latent thinking
2025-10-27 10:45:21,684 - GPU-6 - DEBUG -       [Latent] Step 1/1
2025-10-27 10:45:21,862 - GPU-6 - DEBUG -       [After Latent Recursive] 1 tokens unmasked
2025-10-27 10:45:21,862 - GPU-6 - INFO -   [Cycle 18]
2025-10-27 10:45:21,863 - GPU-6 - DEBUG -     [Latent Recursive] Starting 1 steps of latent thinking
2025-10-27 10:45:21,908 - GPU-6 - DEBUG -       [Latent] Step 1/1
2025-10-27 10:45:22,086 - GPU-6 - DEBUG -       [After Latent Recursive] 1 tokens unmasked
2025-10-27 10:45:22,087 - GPU-6 - INFO -   [Cycle 19]
2025-10-27 10:45:22,087 - GPU-6 - DEBUG -     [Latent Recursive] Starting 1 steps of latent thinking
2025-10-27 10:45:22,133 - GPU-6 - DEBUG -       [Latent] Step 1/1
2025-10-27 10:45:22,311 - GPU-6 - DEBUG -       [After Latent Recursive] 1 tokens unmasked
2025-10-27 10:45:22,311 - GPU-6 - INFO -   [Cycle 20]
2025-10-27 10:45:22,311 - GPU-6 - DEBUG -     [Latent Recursive] Starting 1 steps of latent thinking
2025-10-27 10:45:22,357 - GPU-6 - DEBUG -       [Latent] Step 1/1
2025-10-27 10:45:22,535 - GPU-6 - DEBUG -       [After Latent Recursive] 1 tokens unmasked
2025-10-27 10:45:22,535 - GPU-6 - INFO -   [Cycle 21]
2025-10-27 10:45:22,535 - GPU-6 - DEBUG -     [Latent Recursive] Starting 1 steps of latent thinking
2025-10-27 10:45:22,581 - GPU-6 - DEBUG -       [Latent] Step 1/1
2025-10-27 10:45:22,759 - GPU-6 - DEBUG -       [After Latent Recursive] 1 tokens unmasked
2025-10-27 10:45:22,760 - GPU-6 - INFO -   [Cycle 22]
2025-10-27 10:45:22,760 - GPU-6 - DEBUG -     [Latent Recursive] Starting 1 steps of latent thinking
2025-10-27 10:45:22,806 - GPU-6 - DEBUG -       [Latent] Step 1/1
2025-10-27 10:45:22,984 - GPU-6 - DEBUG -       [After Latent Recursive] 1 tokens unmasked
2025-10-27 10:45:22,984 - GPU-6 - INFO -   [Cycle 23]
2025-10-27 10:45:22,984 - GPU-6 - DEBUG -     [Latent Recursive] Starting 1 steps of latent thinking
2025-10-27 10:45:23,030 - GPU-6 - DEBUG -       [Latent] Step 1/1
2025-10-27 10:45:23,208 - GPU-6 - DEBUG -       [After Latent Recursive] 1 tokens unmasked
2025-10-27 10:45:23,208 - GPU-6 - INFO -   [Cycle 24]
2025-10-27 10:45:23,208 - GPU-6 - DEBUG -     [Latent Recursive] Starting 1 steps of latent thinking
2025-10-27 10:45:23,254 - GPU-6 - DEBUG -       [Latent] Step 1/1
2025-10-27 10:45:23,432 - GPU-6 - DEBUG -       [After Latent Recursive] 1 tokens unmasked
2025-10-27 10:45:23,433 - GPU-6 - INFO -   [Cycle 25]
2025-10-27 10:45:23,433 - GPU-6 - DEBUG -     [Latent Recursive] Starting 1 steps of latent thinking
2025-10-27 10:45:23,479 - GPU-6 - DEBUG -       [Latent] Step 1/1
2025-10-27 10:45:23,657 - GPU-6 - DEBUG -       [After Latent Recursive] 1 tokens unmasked
2025-10-27 10:45:23,657 - GPU-6 - INFO -   [Cycle 26]
2025-10-27 10:45:23,657 - GPU-6 - DEBUG -     [Latent Recursive] Starting 1 steps of latent thinking
2025-10-27 10:45:23,703 - GPU-6 - DEBUG -       [Latent] Step 1/1
2025-10-27 10:45:23,881 - GPU-6 - DEBUG -       [After Latent Recursive] 1 tokens unmasked
2025-10-27 10:45:23,881 - GPU-6 - INFO -   [Cycle 27]
2025-10-27 10:45:23,881 - GPU-6 - DEBUG -     [Latent Recursive] Starting 1 steps of latent thinking
2025-10-27 10:45:23,927 - GPU-6 - DEBUG -       [Latent] Step 1/1
2025-10-27 10:45:24,105 - GPU-6 - DEBUG -       [After Latent Recursive] 1 tokens unmasked
2025-10-27 10:45:24,105 - GPU-6 - INFO -   [Cycle 28]
2025-10-27 10:45:24,106 - GPU-6 - DEBUG -     [Latent Recursive] Starting 1 steps of latent thinking
2025-10-27 10:45:24,151 - GPU-6 - DEBUG -       [Latent] Step 1/1
2025-10-27 10:45:24,332 - GPU-6 - DEBUG -       [After Latent Recursive] 1 tokens unmasked
2025-10-27 10:45:24,332 - GPU-6 - INFO -   [Cycle 29]
2025-10-27 10:45:24,332 - GPU-6 - DEBUG -     [Latent Recursive] Starting 1 steps of latent thinking
2025-10-27 10:45:24,378 - GPU-6 - DEBUG -       [Latent] Step 1/1
2025-10-27 10:45:24,559 - GPU-6 - DEBUG -       [After Latent Recursive] 1 tokens unmasked
2025-10-27 10:45:24,559 - GPU-6 - INFO -   [Cycle 30]
2025-10-27 10:45:24,559 - GPU-6 - DEBUG -     [Latent Recursive] Starting 1 steps of latent thinking
2025-10-27 10:45:24,605 - GPU-6 - DEBUG -       [Latent] Step 1/1
2025-10-27 10:45:24,783 - GPU-6 - DEBUG -       [After Latent Recursive] 1 tokens unmasked
2025-10-27 10:45:24,784 - GPU-6 - INFO -   [Cycle 31]
2025-10-27 10:45:24,784 - GPU-6 - DEBUG -     [Latent Recursive] Starting 1 steps of latent thinking
2025-10-27 10:45:24,830 - GPU-6 - DEBUG -       [Latent] Step 1/1
2025-10-27 10:45:25,009 - GPU-6 - DEBUG -       [After Latent Recursive] 1 tokens unmasked
2025-10-27 10:45:25,010 - GPU-6 - INFO - [Block 2/16] Processing tokens 103-135
2025-10-27 10:45:25,010 - GPU-6 - DEBUG - [Block 1] Before forward: use_cache=True, x.shape=torch.Size([1, 583])
2025-10-27 10:45:25,010 - GPU-6 - DEBUG - [Block 1] Model type: LLaDAModelLM
2025-10-27 10:45:25,010 - GPU-6 - DEBUG - [Block 1] Model config use_cache: True
2025-10-27 10:45:25,033 - GPU-6 - DEBUG - [Block 1] After forward: pkv is None? False
2025-10-27 10:45:25,033 - GPU-6 - DEBUG - [Block 1] out type: CausalLMOutputWithPast
2025-10-27 10:45:25,033 - GPU-6 - DEBUG - [Block 1] pkv type: <class 'list'>, len: 32
2025-10-27 10:45:25,033 - GPU-6 - DEBUG - [Block 1] pkv[0] type: <class 'tuple'>, len: 2
2025-10-27 10:45:25,033 - GPU-6 - DEBUG - [Block 1] pkv[0][0].shape: torch.Size([1, 32, 583, 128])
2025-10-27 10:45:25,122 - GPU-6 - INFO -   [Initial Forward] 1 tokens unmasked
2025-10-27 10:45:25,123 - GPU-6 - INFO -   [Cycle 1]
2025-10-27 10:45:25,124 - GPU-6 - DEBUG -     [Latent Recursive] Starting 1 steps of latent thinking
2025-10-27 10:45:25,170 - GPU-6 - DEBUG -       [Latent] Step 1/1
2025-10-27 10:45:25,347 - GPU-6 - DEBUG -       [After Latent Recursive] 1 tokens unmasked
2025-10-27 10:45:25,347 - GPU-6 - INFO -   [Cycle 2]
2025-10-27 10:45:25,347 - GPU-6 - DEBUG -     [Latent Recursive] Starting 1 steps of latent thinking
2025-10-27 10:45:25,393 - GPU-6 - DEBUG -       [Latent] Step 1/1
2025-10-27 10:45:25,570 - GPU-6 - DEBUG -       [After Latent Recursive] 1 tokens unmasked
2025-10-27 10:45:25,571 - GPU-6 - INFO -   [Cycle 3]
2025-10-27 10:45:25,571 - GPU-6 - DEBUG -     [Latent Recursive] Starting 1 steps of latent thinking
2025-10-27 10:45:25,617 - GPU-6 - DEBUG -       [Latent] Step 1/1
2025-10-27 10:45:25,794 - GPU-6 - DEBUG -       [After Latent Recursive] 1 tokens unmasked
2025-10-27 10:45:25,794 - GPU-6 - INFO -   [Cycle 4]
2025-10-27 10:45:25,794 - GPU-6 - DEBUG -     [Latent Recursive] Starting 1 steps of latent thinking
2025-10-27 10:45:25,840 - GPU-6 - DEBUG -       [Latent] Step 1/1
2025-10-27 10:45:26,017 - GPU-6 - DEBUG -       [After Latent Recursive] 1 tokens unmasked
2025-10-27 10:45:26,018 - GPU-6 - INFO -   [Cycle 5]
2025-10-27 10:45:26,018 - GPU-6 - DEBUG -     [Latent Recursive] Starting 1 steps of latent thinking
2025-10-27 10:45:26,064 - GPU-6 - DEBUG -       [Latent] Step 1/1
2025-10-27 10:45:26,241 - GPU-6 - DEBUG -       [After Latent Recursive] 1 tokens unmasked
2025-10-27 10:45:26,241 - GPU-6 - INFO -   [Cycle 6]
2025-10-27 10:45:26,241 - GPU-6 - DEBUG -     [Latent Recursive] Starting 1 steps of latent thinking
2025-10-27 10:45:26,287 - GPU-6 - DEBUG -       [Latent] Step 1/1
2025-10-27 10:45:26,465 - GPU-6 - DEBUG -       [After Latent Recursive] 1 tokens unmasked
2025-10-27 10:45:26,465 - GPU-6 - INFO -   [Cycle 7]
2025-10-27 10:45:26,465 - GPU-6 - DEBUG -     [Latent Recursive] Starting 1 steps of latent thinking
2025-10-27 10:45:26,511 - GPU-6 - DEBUG -       [Latent] Step 1/1
2025-10-27 10:45:26,688 - GPU-6 - DEBUG -       [After Latent Recursive] 1 tokens unmasked
2025-10-27 10:45:26,688 - GPU-6 - INFO -   [Cycle 8]
2025-10-27 10:45:26,688 - GPU-6 - DEBUG -     [Latent Recursive] Starting 1 steps of latent thinking
2025-10-27 10:45:26,734 - GPU-6 - DEBUG -       [Latent] Step 1/1
2025-10-27 10:45:26,911 - GPU-6 - DEBUG -       [After Latent Recursive] 1 tokens unmasked
2025-10-27 10:45:26,912 - GPU-6 - INFO -   [Cycle 9]
2025-10-27 10:45:26,912 - GPU-6 - DEBUG -     [Latent Recursive] Starting 1 steps of latent thinking
2025-10-27 10:45:26,958 - GPU-6 - DEBUG -       [Latent] Step 1/1
2025-10-27 10:45:27,135 - GPU-6 - DEBUG -       [After Latent Recursive] 1 tokens unmasked
2025-10-27 10:45:27,136 - GPU-6 - INFO -   [Cycle 10]
2025-10-27 10:45:27,136 - GPU-6 - DEBUG -     [Latent Recursive] Starting 1 steps of latent thinking
2025-10-27 10:45:27,182 - GPU-6 - DEBUG -       [Latent] Step 1/1
2025-10-27 10:45:27,359 - GPU-6 - DEBUG -       [After Latent Recursive] 1 tokens unmasked
2025-10-27 10:45:27,359 - GPU-6 - INFO -   [Cycle 11]
2025-10-27 10:45:27,359 - GPU-6 - DEBUG -     [Latent Recursive] Starting 1 steps of latent thinking
2025-10-27 10:45:27,405 - GPU-6 - DEBUG -       [Latent] Step 1/1
2025-10-27 10:45:27,582 - GPU-6 - DEBUG -       [After Latent Recursive] 1 tokens unmasked
2025-10-27 10:45:27,583 - GPU-6 - INFO -   [Cycle 12]
2025-10-27 10:45:27,583 - GPU-6 - DEBUG -     [Latent Recursive] Starting 1 steps of latent thinking
2025-10-27 10:45:27,629 - GPU-6 - DEBUG -       [Latent] Step 1/1
2025-10-27 10:45:27,806 - GPU-6 - DEBUG -       [After Latent Recursive] 1 tokens unmasked
2025-10-27 10:45:27,806 - GPU-6 - INFO -   [Cycle 13]
2025-10-27 10:45:27,806 - GPU-6 - DEBUG -     [Latent Recursive] Starting 1 steps of latent thinking
2025-10-27 10:45:27,852 - GPU-6 - DEBUG -       [Latent] Step 1/1
2025-10-27 10:45:28,029 - GPU-6 - DEBUG -       [After Latent Recursive] 1 tokens unmasked
2025-10-27 10:45:28,030 - GPU-6 - INFO -   [Cycle 14]
2025-10-27 10:45:28,030 - GPU-6 - DEBUG -     [Latent Recursive] Starting 1 steps of latent thinking
2025-10-27 10:45:28,076 - GPU-6 - DEBUG -       [Latent] Step 1/1
2025-10-27 10:45:28,253 - GPU-6 - DEBUG -       [After Latent Recursive] 1 tokens unmasked
2025-10-27 10:45:28,253 - GPU-6 - INFO -   [Cycle 15]
2025-10-27 10:45:28,253 - GPU-6 - DEBUG -     [Latent Recursive] Starting 1 steps of latent thinking
2025-10-27 10:45:28,299 - GPU-6 - DEBUG -       [Latent] Step 1/1
2025-10-27 10:45:28,477 - GPU-6 - DEBUG -       [After Latent Recursive] 1 tokens unmasked
2025-10-27 10:45:28,477 - GPU-6 - INFO -   [Cycle 16]
2025-10-27 10:45:28,477 - GPU-6 - DEBUG -     [Latent Recursive] Starting 1 steps of latent thinking
2025-10-27 10:45:28,523 - GPU-6 - DEBUG -       [Latent] Step 1/1
2025-10-27 10:45:28,701 - GPU-6 - DEBUG -       [After Latent Recursive] 1 tokens unmasked
2025-10-27 10:45:28,701 - GPU-6 - INFO -   [Cycle 17]
2025-10-27 10:45:28,701 - GPU-6 - DEBUG -     [Latent Recursive] Starting 1 steps of latent thinking
2025-10-27 10:45:28,747 - GPU-6 - DEBUG -       [Latent] Step 1/1
2025-10-27 10:45:28,924 - GPU-6 - DEBUG -       [After Latent Recursive] 1 tokens unmasked
2025-10-27 10:45:28,925 - GPU-6 - INFO -   [Cycle 18]
2025-10-27 10:45:28,925 - GPU-6 - DEBUG -     [Latent Recursive] Starting 1 steps of latent thinking
2025-10-27 10:45:28,971 - GPU-6 - DEBUG -       [Latent] Step 1/1
2025-10-27 10:45:29,148 - GPU-6 - DEBUG -       [After Latent Recursive] 1 tokens unmasked
2025-10-27 10:45:29,149 - GPU-6 - INFO -   [Cycle 19]
2025-10-27 10:45:29,149 - GPU-6 - DEBUG -     [Latent Recursive] Starting 1 steps of latent thinking
2025-10-27 10:45:29,195 - GPU-6 - DEBUG -       [Latent] Step 1/1
2025-10-27 10:45:29,372 - GPU-6 - DEBUG -       [After Latent Recursive] 1 tokens unmasked
2025-10-27 10:45:29,372 - GPU-6 - INFO -   [Cycle 20]
2025-10-27 10:45:29,372 - GPU-6 - DEBUG -     [Latent Recursive] Starting 1 steps of latent thinking
2025-10-27 10:45:29,418 - GPU-6 - DEBUG -       [Latent] Step 1/1
2025-10-27 10:45:29,596 - GPU-6 - DEBUG -       [After Latent Recursive] 1 tokens unmasked
2025-10-27 10:45:29,596 - GPU-6 - INFO -   [Cycle 21]
2025-10-27 10:45:29,596 - GPU-6 - DEBUG -     [Latent Recursive] Starting 1 steps of latent thinking
2025-10-27 10:45:29,642 - GPU-6 - DEBUG -       [Latent] Step 1/1
2025-10-27 10:45:29,819 - GPU-6 - DEBUG -       [After Latent Recursive] 1 tokens unmasked
2025-10-27 10:45:29,820 - GPU-6 - INFO -   [Cycle 22]
2025-10-27 10:45:29,820 - GPU-6 - DEBUG -     [Latent Recursive] Starting 1 steps of latent thinking
2025-10-27 10:45:29,866 - GPU-6 - DEBUG -       [Latent] Step 1/1
2025-10-27 10:45:30,044 - GPU-6 - DEBUG -       [After Latent Recursive] 1 tokens unmasked
2025-10-27 10:45:30,044 - GPU-6 - INFO -   [Cycle 23]
2025-10-27 10:45:30,044 - GPU-6 - DEBUG -     [Latent Recursive] Starting 1 steps of latent thinking
2025-10-27 10:45:30,090 - GPU-6 - DEBUG -       [Latent] Step 1/1
2025-10-27 10:45:30,267 - GPU-6 - DEBUG -       [After Latent Recursive] 1 tokens unmasked
2025-10-27 10:45:30,268 - GPU-6 - INFO -   [Cycle 24]
2025-10-27 10:45:30,268 - GPU-6 - DEBUG -     [Latent Recursive] Starting 1 steps of latent thinking
2025-10-27 10:45:30,314 - GPU-6 - DEBUG -       [Latent] Step 1/1
2025-10-27 10:45:30,491 - GPU-6 - DEBUG -       [After Latent Recursive] 1 tokens unmasked
2025-10-27 10:45:30,492 - GPU-6 - INFO -   [Cycle 25]
2025-10-27 10:45:30,492 - GPU-6 - DEBUG -     [Latent Recursive] Starting 1 steps of latent thinking
2025-10-27 10:45:30,538 - GPU-6 - DEBUG -       [Latent] Step 1/1
2025-10-27 10:45:30,715 - GPU-6 - DEBUG -       [After Latent Recursive] 1 tokens unmasked
2025-10-27 10:45:30,715 - GPU-6 - INFO -   [Cycle 26]
2025-10-27 10:45:30,715 - GPU-6 - DEBUG -     [Latent Recursive] Starting 1 steps of latent thinking
2025-10-27 10:45:30,761 - GPU-6 - DEBUG -       [Latent] Step 1/1
2025-10-27 10:45:30,939 - GPU-6 - DEBUG -       [After Latent Recursive] 1 tokens unmasked
2025-10-27 10:45:30,939 - GPU-6 - INFO -   [Cycle 27]
2025-10-27 10:45:30,939 - GPU-6 - DEBUG -     [Latent Recursive] Starting 1 steps of latent thinking
2025-10-27 10:45:30,985 - GPU-6 - DEBUG -       [Latent] Step 1/1
2025-10-27 10:45:31,162 - GPU-6 - DEBUG -       [After Latent Recursive] 1 tokens unmasked
2025-10-27 10:45:31,163 - GPU-6 - INFO -   [Cycle 28]
2025-10-27 10:45:31,163 - GPU-6 - DEBUG -     [Latent Recursive] Starting 1 steps of latent thinking
2025-10-27 10:45:31,209 - GPU-6 - DEBUG -       [Latent] Step 1/1
2025-10-27 10:45:31,386 - GPU-6 - DEBUG -       [After Latent Recursive] 1 tokens unmasked
2025-10-27 10:45:31,386 - GPU-6 - INFO -   [Cycle 29]
2025-10-27 10:45:31,387 - GPU-6 - DEBUG -     [Latent Recursive] Starting 1 steps of latent thinking
2025-10-27 10:45:31,432 - GPU-6 - DEBUG -       [Latent] Step 1/1
2025-10-27 10:45:31,609 - GPU-6 - DEBUG -       [After Latent Recursive] 1 tokens unmasked
2025-10-27 10:45:31,610 - GPU-6 - INFO -   [Cycle 30]
2025-10-27 10:45:31,610 - GPU-6 - DEBUG -     [Latent Recursive] Starting 1 steps of latent thinking
2025-10-27 10:45:31,656 - GPU-6 - DEBUG -       [Latent] Step 1/1
2025-10-27 10:45:31,833 - GPU-6 - DEBUG -       [After Latent Recursive] 1 tokens unmasked
2025-10-27 10:45:31,834 - GPU-6 - INFO -   [Cycle 31]
2025-10-27 10:45:31,834 - GPU-6 - DEBUG -     [Latent Recursive] Starting 1 steps of latent thinking
2025-10-27 10:45:31,880 - GPU-6 - DEBUG -       [Latent] Step 1/1
2025-10-27 10:45:32,057 - GPU-6 - DEBUG -       [After Latent Recursive] 1 tokens unmasked
2025-10-27 10:45:32,057 - GPU-6 - INFO - [Block 3/16] Processing tokens 135-167
2025-10-27 10:45:32,057 - GPU-6 - DEBUG - [Block 2] Before forward: use_cache=True, x.shape=torch.Size([1, 583])
2025-10-27 10:45:32,058 - GPU-6 - DEBUG - [Block 2] Model type: LLaDAModelLM
2025-10-27 10:45:32,058 - GPU-6 - DEBUG - [Block 2] Model config use_cache: True
2025-10-27 10:45:32,080 - GPU-6 - DEBUG - [Block 2] After forward: pkv is None? False
2025-10-27 10:45:32,081 - GPU-6 - DEBUG - [Block 2] out type: CausalLMOutputWithPast
2025-10-27 10:45:32,081 - GPU-6 - DEBUG - [Block 2] pkv type: <class 'list'>, len: 32
2025-10-27 10:45:32,081 - GPU-6 - DEBUG - [Block 2] pkv[0] type: <class 'tuple'>, len: 2
2025-10-27 10:45:32,081 - GPU-6 - DEBUG - [Block 2] pkv[0][0].shape: torch.Size([1, 32, 583, 128])
2025-10-27 10:45:32,170 - GPU-6 - INFO -   [Initial Forward] 1 tokens unmasked
2025-10-27 10:45:32,170 - GPU-6 - INFO -   [Cycle 1]
2025-10-27 10:45:32,170 - GPU-6 - DEBUG -     [Latent Recursive] Starting 1 steps of latent thinking
2025-10-27 10:45:32,216 - GPU-6 - DEBUG -       [Latent] Step 1/1
2025-10-27 10:45:32,391 - GPU-6 - DEBUG -       [After Latent Recursive] 1 tokens unmasked
2025-10-27 10:45:32,392 - GPU-6 - INFO -   [Cycle 2]
2025-10-27 10:45:32,392 - GPU-6 - DEBUG -     [Latent Recursive] Starting 1 steps of latent thinking
2025-10-27 10:45:32,438 - GPU-6 - DEBUG -       [Latent] Step 1/1
2025-10-27 10:45:32,613 - GPU-6 - DEBUG -       [After Latent Recursive] 1 tokens unmasked
2025-10-27 10:45:32,613 - GPU-6 - INFO -   [Cycle 3]
2025-10-27 10:45:32,613 - GPU-6 - DEBUG -     [Latent Recursive] Starting 1 steps of latent thinking
2025-10-27 10:45:32,659 - GPU-6 - DEBUG -       [Latent] Step 1/1
2025-10-27 10:45:32,834 - GPU-6 - DEBUG -       [After Latent Recursive] 1 tokens unmasked
2025-10-27 10:45:32,834 - GPU-6 - INFO -   [Cycle 4]
2025-10-27 10:45:32,834 - GPU-6 - DEBUG -     [Latent Recursive] Starting 1 steps of latent thinking
2025-10-27 10:45:32,880 - GPU-6 - DEBUG -       [Latent] Step 1/1
2025-10-27 10:45:33,055 - GPU-6 - DEBUG -       [After Latent Recursive] 1 tokens unmasked
2025-10-27 10:45:33,055 - GPU-6 - INFO -   [Cycle 5]
2025-10-27 10:45:33,055 - GPU-6 - DEBUG -     [Latent Recursive] Starting 1 steps of latent thinking
2025-10-27 10:45:33,101 - GPU-6 - DEBUG -       [Latent] Step 1/1
2025-10-27 10:45:33,276 - GPU-6 - DEBUG -       [After Latent Recursive] 1 tokens unmasked
2025-10-27 10:45:33,276 - GPU-6 - INFO -   [Cycle 6]
2025-10-27 10:45:33,276 - GPU-6 - DEBUG -     [Latent Recursive] Starting 1 steps of latent thinking
2025-10-27 10:45:33,322 - GPU-6 - DEBUG -       [Latent] Step 1/1
2025-10-27 10:45:33,497 - GPU-6 - DEBUG -       [After Latent Recursive] 1 tokens unmasked
2025-10-27 10:45:33,498 - GPU-6 - INFO -   [Cycle 7]
2025-10-27 10:45:33,498 - GPU-6 - DEBUG -     [Latent Recursive] Starting 1 steps of latent thinking
2025-10-27 10:45:33,543 - GPU-6 - DEBUG -       [Latent] Step 1/1
2025-10-27 10:45:33,718 - GPU-6 - DEBUG -       [After Latent Recursive] 1 tokens unmasked
2025-10-27 10:45:33,719 - GPU-6 - INFO -   [Cycle 8]
2025-10-27 10:45:33,719 - GPU-6 - DEBUG -     [Latent Recursive] Starting 1 steps of latent thinking
2025-10-27 10:45:33,765 - GPU-6 - DEBUG -       [Latent] Step 1/1
2025-10-27 10:45:33,939 - GPU-6 - DEBUG -       [After Latent Recursive] 1 tokens unmasked
2025-10-27 10:45:33,940 - GPU-6 - INFO -   [Cycle 9]
2025-10-27 10:45:33,940 - GPU-6 - DEBUG -     [Latent Recursive] Starting 1 steps of latent thinking
2025-10-27 10:45:33,986 - GPU-6 - DEBUG -       [Latent] Step 1/1
2025-10-27 10:45:34,160 - GPU-6 - DEBUG -       [After Latent Recursive] 1 tokens unmasked
2025-10-27 10:45:34,161 - GPU-6 - INFO -   [Cycle 10]
2025-10-27 10:45:34,161 - GPU-6 - DEBUG -     [Latent Recursive] Starting 1 steps of latent thinking
2025-10-27 10:45:34,207 - GPU-6 - DEBUG -       [Latent] Step 1/1
2025-10-27 10:45:34,382 - GPU-6 - DEBUG -       [After Latent Recursive] 1 tokens unmasked
2025-10-27 10:45:34,382 - GPU-6 - INFO -   [Cycle 11]
2025-10-27 10:45:34,382 - GPU-6 - DEBUG -     [Latent Recursive] Starting 1 steps of latent thinking
2025-10-27 10:45:34,428 - GPU-6 - DEBUG -       [Latent] Step 1/1
2025-10-27 10:45:34,602 - GPU-6 - DEBUG -       [After Latent Recursive] 1 tokens unmasked
2025-10-27 10:45:34,603 - GPU-6 - INFO -   [Cycle 12]
2025-10-27 10:45:34,603 - GPU-6 - DEBUG -     [Latent Recursive] Starting 1 steps of latent thinking
2025-10-27 10:45:34,649 - GPU-6 - DEBUG -       [Latent] Step 1/1
2025-10-27 10:45:34,824 - GPU-6 - DEBUG -       [After Latent Recursive] 1 tokens unmasked
2025-10-27 10:45:34,824 - GPU-6 - INFO -   [Cycle 13]
2025-10-27 10:45:34,824 - GPU-6 - DEBUG -     [Latent Recursive] Starting 1 steps of latent thinking
2025-10-27 10:45:34,870 - GPU-6 - DEBUG -       [Latent] Step 1/1
2025-10-27 10:45:35,044 - GPU-6 - DEBUG -       [After Latent Recursive] 1 tokens unmasked
2025-10-27 10:45:35,045 - GPU-6 - INFO -   [Cycle 14]
2025-10-27 10:45:35,045 - GPU-6 - DEBUG -     [Latent Recursive] Starting 1 steps of latent thinking
2025-10-27 10:45:35,091 - GPU-6 - DEBUG -       [Latent] Step 1/1
2025-10-27 10:45:35,266 - GPU-6 - DEBUG -       [After Latent Recursive] 1 tokens unmasked
2025-10-27 10:45:35,266 - GPU-6 - INFO -   [Cycle 15]
2025-10-27 10:45:35,266 - GPU-6 - DEBUG -     [Latent Recursive] Starting 1 steps of latent thinking
2025-10-27 10:45:35,312 - GPU-6 - DEBUG -       [Latent] Step 1/1
2025-10-27 10:45:35,487 - GPU-6 - DEBUG -       [After Latent Recursive] 1 tokens unmasked
2025-10-27 10:45:35,487 - GPU-6 - INFO -   [Cycle 16]
2025-10-27 10:45:35,487 - GPU-6 - DEBUG -     [Latent Recursive] Starting 1 steps of latent thinking
2025-10-27 10:45:35,533 - GPU-6 - DEBUG -       [Latent] Step 1/1
2025-10-27 10:45:35,708 - GPU-6 - DEBUG -       [After Latent Recursive] 1 tokens unmasked
2025-10-27 10:45:35,708 - GPU-6 - INFO -   [Cycle 17]
2025-10-27 10:45:35,708 - GPU-6 - DEBUG -     [Latent Recursive] Starting 1 steps of latent thinking
2025-10-27 10:45:35,754 - GPU-6 - DEBUG -       [Latent] Step 1/1
2025-10-27 10:45:35,929 - GPU-6 - DEBUG -       [After Latent Recursive] 1 tokens unmasked
2025-10-27 10:45:35,929 - GPU-6 - INFO -   [Cycle 18]
2025-10-27 10:45:35,929 - GPU-6 - DEBUG -     [Latent Recursive] Starting 1 steps of latent thinking
2025-10-27 10:45:35,975 - GPU-6 - DEBUG -       [Latent] Step 1/1
2025-10-27 10:45:36,150 - GPU-6 - DEBUG -       [After Latent Recursive] 1 tokens unmasked
2025-10-27 10:45:36,150 - GPU-6 - INFO -   [Cycle 19]
2025-10-27 10:45:36,151 - GPU-6 - DEBUG -     [Latent Recursive] Starting 1 steps of latent thinking
2025-10-27 10:45:36,196 - GPU-6 - DEBUG -       [Latent] Step 1/1
2025-10-27 10:45:36,371 - GPU-6 - DEBUG -       [After Latent Recursive] 1 tokens unmasked
2025-10-27 10:45:36,371 - GPU-6 - INFO -   [Cycle 20]
2025-10-27 10:45:36,371 - GPU-6 - DEBUG -     [Latent Recursive] Starting 1 steps of latent thinking
2025-10-27 10:45:36,417 - GPU-6 - DEBUG -       [Latent] Step 1/1
2025-10-27 10:45:36,592 - GPU-6 - DEBUG -       [After Latent Recursive] 1 tokens unmasked
2025-10-27 10:45:36,592 - GPU-6 - INFO -   [Cycle 21]
2025-10-27 10:45:36,592 - GPU-6 - DEBUG -     [Latent Recursive] Starting 1 steps of latent thinking
2025-10-27 10:45:36,638 - GPU-6 - DEBUG -       [Latent] Step 1/1
2025-10-27 10:45:36,813 - GPU-6 - DEBUG -       [After Latent Recursive] 1 tokens unmasked
2025-10-27 10:45:36,813 - GPU-6 - INFO -   [Cycle 22]
2025-10-27 10:45:36,813 - GPU-6 - DEBUG -     [Latent Recursive] Starting 1 steps of latent thinking
2025-10-27 10:45:36,859 - GPU-6 - DEBUG -       [Latent] Step 1/1
2025-10-27 10:45:37,034 - GPU-6 - DEBUG -       [After Latent Recursive] 1 tokens unmasked
2025-10-27 10:45:37,034 - GPU-6 - INFO -   [Cycle 23]
2025-10-27 10:45:37,034 - GPU-6 - DEBUG -     [Latent Recursive] Starting 1 steps of latent thinking
2025-10-27 10:45:37,080 - GPU-6 - DEBUG -       [Latent] Step 1/1
2025-10-27 10:45:37,254 - GPU-6 - DEBUG -       [After Latent Recursive] 1 tokens unmasked
2025-10-27 10:45:37,255 - GPU-6 - INFO -   [Cycle 24]
2025-10-27 10:45:37,255 - GPU-6 - DEBUG -     [Latent Recursive] Starting 1 steps of latent thinking
2025-10-27 10:45:37,301 - GPU-6 - DEBUG -       [Latent] Step 1/1
2025-10-27 10:45:37,475 - GPU-6 - DEBUG -       [After Latent Recursive] 1 tokens unmasked
2025-10-27 10:45:37,476 - GPU-6 - INFO -   [Cycle 25]
2025-10-27 10:45:37,476 - GPU-6 - DEBUG -     [Latent Recursive] Starting 1 steps of latent thinking
2025-10-27 10:45:37,522 - GPU-6 - DEBUG -       [Latent] Step 1/1
2025-10-27 10:45:37,696 - GPU-6 - DEBUG -       [After Latent Recursive] 1 tokens unmasked
2025-10-27 10:45:37,697 - GPU-6 - INFO -   [Cycle 26]
2025-10-27 10:45:37,697 - GPU-6 - DEBUG -     [Latent Recursive] Starting 1 steps of latent thinking
2025-10-27 10:45:37,743 - GPU-6 - DEBUG -       [Latent] Step 1/1
2025-10-27 10:45:37,917 - GPU-6 - DEBUG -       [After Latent Recursive] 1 tokens unmasked
2025-10-27 10:45:37,918 - GPU-6 - INFO -   [Cycle 27]
2025-10-27 10:45:37,918 - GPU-6 - DEBUG -     [Latent Recursive] Starting 1 steps of latent thinking
2025-10-27 10:45:37,964 - GPU-6 - DEBUG -       [Latent] Step 1/1
2025-10-27 10:45:38,138 - GPU-6 - DEBUG -       [After Latent Recursive] 1 tokens unmasked
2025-10-27 10:45:38,138 - GPU-6 - INFO -   [Cycle 28]
2025-10-27 10:45:38,139 - GPU-6 - DEBUG -     [Latent Recursive] Starting 1 steps of latent thinking
2025-10-27 10:45:38,185 - GPU-6 - DEBUG -       [Latent] Step 1/1
2025-10-27 10:45:38,359 - GPU-6 - DEBUG -       [After Latent Recursive] 1 tokens unmasked
2025-10-27 10:45:38,360 - GPU-6 - INFO -   [Cycle 29]
2025-10-27 10:45:38,360 - GPU-6 - DEBUG -     [Latent Recursive] Starting 1 steps of latent thinking
2025-10-27 10:45:38,406 - GPU-6 - DEBUG -       [Latent] Step 1/1
2025-10-27 10:45:38,580 - GPU-6 - DEBUG -       [After Latent Recursive] 1 tokens unmasked
2025-10-27 10:45:38,580 - GPU-6 - INFO -   [Cycle 30]
2025-10-27 10:45:38,581 - GPU-6 - DEBUG -     [Latent Recursive] Starting 1 steps of latent thinking
2025-10-27 10:45:38,627 - GPU-6 - DEBUG -       [Latent] Step 1/1
2025-10-27 10:45:38,801 - GPU-6 - DEBUG -       [After Latent Recursive] 1 tokens unmasked
2025-10-27 10:45:38,801 - GPU-6 - INFO -   [Cycle 31]
2025-10-27 10:45:38,802 - GPU-6 - DEBUG -     [Latent Recursive] Starting 1 steps of latent thinking
2025-10-27 10:45:38,847 - GPU-6 - DEBUG -       [Latent] Step 1/1
2025-10-27 10:45:39,022 - GPU-6 - DEBUG -       [After Latent Recursive] 1 tokens unmasked
2025-10-27 10:45:39,023 - GPU-6 - INFO - [Block 4/16] Processing tokens 167-199
2025-10-27 10:45:39,023 - GPU-6 - DEBUG - [Block 3] Before forward: use_cache=True, x.shape=torch.Size([1, 583])
2025-10-27 10:45:39,023 - GPU-6 - DEBUG - [Block 3] Model type: LLaDAModelLM
2025-10-27 10:45:39,023 - GPU-6 - DEBUG - [Block 3] Model config use_cache: True
2025-10-27 10:45:39,046 - GPU-6 - DEBUG - [Block 3] After forward: pkv is None? False
2025-10-27 10:45:39,046 - GPU-6 - DEBUG - [Block 3] out type: CausalLMOutputWithPast
2025-10-27 10:45:39,046 - GPU-6 - DEBUG - [Block 3] pkv type: <class 'list'>, len: 32
2025-10-27 10:45:39,046 - GPU-6 - DEBUG - [Block 3] pkv[0] type: <class 'tuple'>, len: 2
2025-10-27 10:45:39,046 - GPU-6 - DEBUG - [Block 3] pkv[0][0].shape: torch.Size([1, 32, 583, 128])
2025-10-27 10:45:39,135 - GPU-6 - INFO -   [Initial Forward] 1 tokens unmasked
2025-10-27 10:45:39,135 - GPU-6 - INFO -   [Cycle 1]
2025-10-27 10:45:39,136 - GPU-6 - DEBUG -     [Latent Recursive] Starting 1 steps of latent thinking
2025-10-27 10:45:39,182 - GPU-6 - DEBUG -       [Latent] Step 1/1
2025-10-27 10:45:39,355 - GPU-6 - DEBUG -       [After Latent Recursive] 1 tokens unmasked
2025-10-27 10:45:39,356 - GPU-6 - INFO -   [Cycle 2]
2025-10-27 10:45:39,356 - GPU-6 - DEBUG -     [Latent Recursive] Starting 1 steps of latent thinking
2025-10-27 10:45:39,402 - GPU-6 - DEBUG -       [Latent] Step 1/1
2025-10-27 10:45:39,575 - GPU-6 - DEBUG -       [After Latent Recursive] 1 tokens unmasked
2025-10-27 10:45:39,576 - GPU-6 - INFO -   [Cycle 3]
2025-10-27 10:45:39,576 - GPU-6 - DEBUG -     [Latent Recursive] Starting 1 steps of latent thinking
2025-10-27 10:45:39,622 - GPU-6 - DEBUG -       [Latent] Step 1/1
2025-10-27 10:45:39,795 - GPU-6 - DEBUG -       [After Latent Recursive] 1 tokens unmasked
2025-10-27 10:45:39,796 - GPU-6 - INFO -   [Cycle 4]
2025-10-27 10:45:39,796 - GPU-6 - DEBUG -     [Latent Recursive] Starting 1 steps of latent thinking
2025-10-27 10:45:39,842 - GPU-6 - DEBUG -       [Latent] Step 1/1
2025-10-27 10:45:40,016 - GPU-6 - DEBUG -       [After Latent Recursive] 1 tokens unmasked
2025-10-27 10:45:40,016 - GPU-6 - INFO -   [Cycle 5]
2025-10-27 10:45:40,016 - GPU-6 - DEBUG -     [Latent Recursive] Starting 1 steps of latent thinking
2025-10-27 10:45:40,062 - GPU-6 - DEBUG -       [Latent] Step 1/1
2025-10-27 10:45:40,236 - GPU-6 - DEBUG -       [After Latent Recursive] 1 tokens unmasked
2025-10-27 10:45:40,236 - GPU-6 - INFO -   [Cycle 6]
2025-10-27 10:45:40,236 - GPU-6 - DEBUG -     [Latent Recursive] Starting 1 steps of latent thinking
2025-10-27 10:45:40,282 - GPU-6 - DEBUG -       [Latent] Step 1/1
2025-10-27 10:45:40,456 - GPU-6 - DEBUG -       [After Latent Recursive] 1 tokens unmasked
2025-10-27 10:45:40,456 - GPU-6 - INFO -   [Cycle 7]
2025-10-27 10:45:40,457 - GPU-6 - DEBUG -     [Latent Recursive] Starting 1 steps of latent thinking
2025-10-27 10:45:40,502 - GPU-6 - DEBUG -       [Latent] Step 1/1
2025-10-27 10:45:40,676 - GPU-6 - DEBUG -       [After Latent Recursive] 1 tokens unmasked
2025-10-27 10:45:40,676 - GPU-6 - INFO -   [Cycle 8]
2025-10-27 10:45:40,677 - GPU-6 - DEBUG -     [Latent Recursive] Starting 1 steps of latent thinking
2025-10-27 10:45:40,722 - GPU-6 - DEBUG -       [Latent] Step 1/1
2025-10-27 10:45:40,896 - GPU-6 - DEBUG -       [After Latent Recursive] 1 tokens unmasked
2025-10-27 10:45:40,897 - GPU-6 - INFO -   [Cycle 9]
2025-10-27 10:45:40,897 - GPU-6 - DEBUG -     [Latent Recursive] Starting 1 steps of latent thinking
2025-10-27 10:45:40,943 - GPU-6 - DEBUG -       [Latent] Step 1/1
2025-10-27 10:45:41,117 - GPU-6 - DEBUG -       [After Latent Recursive] 1 tokens unmasked
2025-10-27 10:45:41,117 - GPU-6 - INFO -   [Cycle 10]
2025-10-27 10:45:41,117 - GPU-6 - DEBUG -     [Latent Recursive] Starting 1 steps of latent thinking
2025-10-27 10:45:41,163 - GPU-6 - DEBUG -       [Latent] Step 1/1
2025-10-27 10:45:41,337 - GPU-6 - DEBUG -       [After Latent Recursive] 1 tokens unmasked
2025-10-27 10:45:41,337 - GPU-6 - INFO -   [Cycle 11]
2025-10-27 10:45:41,337 - GPU-6 - DEBUG -     [Latent Recursive] Starting 1 steps of latent thinking
2025-10-27 10:45:41,383 - GPU-6 - DEBUG -       [Latent] Step 1/1
2025-10-27 10:45:41,557 - GPU-6 - DEBUG -       [After Latent Recursive] 1 tokens unmasked
2025-10-27 10:45:41,557 - GPU-6 - INFO -   [Cycle 12]
2025-10-27 10:45:41,557 - GPU-6 - DEBUG -     [Latent Recursive] Starting 1 steps of latent thinking
2025-10-27 10:45:41,603 - GPU-6 - DEBUG -       [Latent] Step 1/1
2025-10-27 10:45:41,777 - GPU-6 - DEBUG -       [After Latent Recursive] 1 tokens unmasked
2025-10-27 10:45:41,778 - GPU-6 - INFO -   [Cycle 13]
2025-10-27 10:45:41,778 - GPU-6 - DEBUG -     [Latent Recursive] Starting 1 steps of latent thinking
2025-10-27 10:45:41,824 - GPU-6 - DEBUG -       [Latent] Step 1/1
2025-10-27 10:45:41,997 - GPU-6 - DEBUG -       [After Latent Recursive] 1 tokens unmasked
2025-10-27 10:45:41,998 - GPU-6 - INFO -   [Cycle 14]
2025-10-27 10:45:41,998 - GPU-6 - DEBUG -     [Latent Recursive] Starting 1 steps of latent thinking
2025-10-27 10:45:42,044 - GPU-6 - DEBUG -       [Latent] Step 1/1
2025-10-27 10:45:42,217 - GPU-6 - DEBUG -       [After Latent Recursive] 1 tokens unmasked
2025-10-27 10:45:42,218 - GPU-6 - INFO -   [Cycle 15]
2025-10-27 10:45:42,218 - GPU-6 - DEBUG -     [Latent Recursive] Starting 1 steps of latent thinking
2025-10-27 10:45:42,264 - GPU-6 - DEBUG -       [Latent] Step 1/1
2025-10-27 10:45:42,437 - GPU-6 - DEBUG -       [After Latent Recursive] 1 tokens unmasked
2025-10-27 10:45:42,438 - GPU-6 - INFO -   [Cycle 16]
2025-10-27 10:45:42,438 - GPU-6 - DEBUG -     [Latent Recursive] Starting 1 steps of latent thinking
2025-10-27 10:45:42,484 - GPU-6 - DEBUG -       [Latent] Step 1/1
2025-10-27 10:45:42,658 - GPU-6 - DEBUG -       [After Latent Recursive] 1 tokens unmasked
2025-10-27 10:45:42,659 - GPU-6 - INFO -   [Cycle 17]
2025-10-27 10:45:42,659 - GPU-6 - DEBUG -     [Latent Recursive] Starting 1 steps of latent thinking
2025-10-27 10:45:42,705 - GPU-6 - DEBUG -       [Latent] Step 1/1
2025-10-27 10:45:42,878 - GPU-6 - DEBUG -       [After Latent Recursive] 1 tokens unmasked
2025-10-27 10:45:42,879 - GPU-6 - INFO -   [Cycle 18]
2025-10-27 10:45:42,879 - GPU-6 - DEBUG -     [Latent Recursive] Starting 1 steps of latent thinking
2025-10-27 10:45:42,925 - GPU-6 - DEBUG -       [Latent] Step 1/1
2025-10-27 10:45:43,099 - GPU-6 - DEBUG -       [After Latent Recursive] 1 tokens unmasked
2025-10-27 10:45:43,099 - GPU-6 - INFO -   [Cycle 19]
2025-10-27 10:45:43,099 - GPU-6 - DEBUG -     [Latent Recursive] Starting 1 steps of latent thinking
2025-10-27 10:45:43,145 - GPU-6 - DEBUG -       [Latent] Step 1/1
2025-10-27 10:45:43,318 - GPU-6 - DEBUG -       [After Latent Recursive] 1 tokens unmasked
2025-10-27 10:45:43,318 - GPU-6 - INFO -   [Cycle 20]
2025-10-27 10:45:43,318 - GPU-6 - DEBUG -     [Latent Recursive] Starting 1 steps of latent thinking
2025-10-27 10:45:43,364 - GPU-6 - DEBUG -       [Latent] Step 1/1
2025-10-27 10:45:43,537 - GPU-6 - DEBUG -       [After Latent Recursive] 1 tokens unmasked
2025-10-27 10:45:43,537 - GPU-6 - INFO -   [Cycle 21]
2025-10-27 10:45:43,538 - GPU-6 - DEBUG -     [Latent Recursive] Starting 1 steps of latent thinking
2025-10-27 10:45:43,583 - GPU-6 - DEBUG -       [Latent] Step 1/1
2025-10-27 10:45:43,756 - GPU-6 - DEBUG -       [After Latent Recursive] 1 tokens unmasked
2025-10-27 10:45:43,757 - GPU-6 - INFO -   [Cycle 22]
2025-10-27 10:45:43,757 - GPU-6 - DEBUG -     [Latent Recursive] Starting 1 steps of latent thinking
2025-10-27 10:45:43,802 - GPU-6 - DEBUG -       [Latent] Step 1/1
2025-10-27 10:45:43,975 - GPU-6 - DEBUG -       [After Latent Recursive] 1 tokens unmasked
2025-10-27 10:45:43,976 - GPU-6 - INFO -   [Cycle 23]
2025-10-27 10:45:43,976 - GPU-6 - DEBUG -     [Latent Recursive] Starting 1 steps of latent thinking
2025-10-27 10:45:44,021 - GPU-6 - DEBUG -       [Latent] Step 1/1
2025-10-27 10:45:44,194 - GPU-6 - DEBUG -       [After Latent Recursive] 1 tokens unmasked
2025-10-27 10:45:44,195 - GPU-6 - INFO -   [Cycle 24]
2025-10-27 10:45:44,195 - GPU-6 - DEBUG -     [Latent Recursive] Starting 1 steps of latent thinking
2025-10-27 10:45:44,240 - GPU-6 - DEBUG -       [Latent] Step 1/1
2025-10-27 10:45:44,414 - GPU-6 - DEBUG -       [After Latent Recursive] 1 tokens unmasked
2025-10-27 10:45:44,414 - GPU-6 - INFO -   [Cycle 25]
2025-10-27 10:45:44,414 - GPU-6 - DEBUG -     [Latent Recursive] Starting 1 steps of latent thinking
2025-10-27 10:45:44,460 - GPU-6 - DEBUG -       [Latent] Step 1/1
2025-10-27 10:45:44,633 - GPU-6 - DEBUG -       [After Latent Recursive] 1 tokens unmasked
2025-10-27 10:45:44,633 - GPU-6 - INFO -   [Cycle 26]
2025-10-27 10:45:44,633 - GPU-6 - DEBUG -     [Latent Recursive] Starting 1 steps of latent thinking
2025-10-27 10:45:44,679 - GPU-6 - DEBUG -       [Latent] Step 1/1
2025-10-27 10:45:44,851 - GPU-6 - DEBUG -       [After Latent Recursive] 1 tokens unmasked
2025-10-27 10:45:44,852 - GPU-6 - INFO -   [Cycle 27]
2025-10-27 10:45:44,852 - GPU-6 - DEBUG -     [Latent Recursive] Starting 1 steps of latent thinking
2025-10-27 10:45:44,898 - GPU-6 - DEBUG -       [Latent] Step 1/1
2025-10-27 10:45:45,070 - GPU-6 - DEBUG -       [After Latent Recursive] 1 tokens unmasked
2025-10-27 10:45:45,071 - GPU-6 - INFO -   [Cycle 28]
2025-10-27 10:45:45,071 - GPU-6 - DEBUG -     [Latent Recursive] Starting 1 steps of latent thinking
2025-10-27 10:45:45,117 - GPU-6 - DEBUG -       [Latent] Step 1/1
2025-10-27 10:45:45,289 - GPU-6 - DEBUG -       [After Latent Recursive] 1 tokens unmasked
2025-10-27 10:45:45,290 - GPU-6 - INFO -   [Cycle 29]
2025-10-27 10:45:45,290 - GPU-6 - DEBUG -     [Latent Recursive] Starting 1 steps of latent thinking
2025-10-27 10:45:45,336 - GPU-6 - DEBUG -       [Latent] Step 1/1
2025-10-27 10:45:45,508 - GPU-6 - DEBUG -       [After Latent Recursive] 1 tokens unmasked
2025-10-27 10:45:45,509 - GPU-6 - INFO -   [Cycle 30]
2025-10-27 10:45:45,509 - GPU-6 - DEBUG -     [Latent Recursive] Starting 1 steps of latent thinking
2025-10-27 10:45:45,555 - GPU-6 - DEBUG -       [Latent] Step 1/1
2025-10-27 10:45:45,728 - GPU-6 - DEBUG -       [After Latent Recursive] 1 tokens unmasked
2025-10-27 10:45:45,728 - GPU-6 - INFO -   [Cycle 31]
2025-10-27 10:45:45,728 - GPU-6 - DEBUG -     [Latent Recursive] Starting 1 steps of latent thinking
2025-10-27 10:45:45,774 - GPU-6 - DEBUG -       [Latent] Step 1/1
2025-10-27 10:45:45,947 - GPU-6 - DEBUG -       [After Latent Recursive] 1 tokens unmasked
2025-10-27 10:45:45,947 - GPU-6 - INFO - [Block 5/16] Processing tokens 199-231
2025-10-27 10:45:45,947 - GPU-6 - DEBUG - [Block 4] Before forward: use_cache=True, x.shape=torch.Size([1, 583])
2025-10-27 10:45:45,948 - GPU-6 - DEBUG - [Block 4] Model type: LLaDAModelLM
2025-10-27 10:45:45,948 - GPU-6 - DEBUG - [Block 4] Model config use_cache: True
2025-10-27 10:45:45,970 - GPU-6 - DEBUG - [Block 4] After forward: pkv is None? False
2025-10-27 10:45:45,970 - GPU-6 - DEBUG - [Block 4] out type: CausalLMOutputWithPast
2025-10-27 10:45:45,971 - GPU-6 - DEBUG - [Block 4] pkv type: <class 'list'>, len: 32
2025-10-27 10:45:45,971 - GPU-6 - DEBUG - [Block 4] pkv[0] type: <class 'tuple'>, len: 2
2025-10-27 10:45:45,971 - GPU-6 - DEBUG - [Block 4] pkv[0][0].shape: torch.Size([1, 32, 583, 128])
2025-10-27 10:45:46,059 - GPU-6 - INFO -   [Initial Forward] 1 tokens unmasked
2025-10-27 10:45:46,059 - GPU-6 - INFO -   [Cycle 1]
2025-10-27 10:45:46,060 - GPU-6 - DEBUG -     [Latent Recursive] Starting 1 steps of latent thinking
2025-10-27 10:45:46,105 - GPU-6 - DEBUG -       [Latent] Step 1/1
2025-10-27 10:45:46,276 - GPU-6 - DEBUG -       [After Latent Recursive] 1 tokens unmasked
2025-10-27 10:45:46,276 - GPU-6 - INFO -   [Cycle 2]
2025-10-27 10:45:46,276 - GPU-6 - DEBUG -     [Latent Recursive] Starting 1 steps of latent thinking
2025-10-27 10:45:46,322 - GPU-6 - DEBUG -       [Latent] Step 1/1
2025-10-27 10:45:46,493 - GPU-6 - DEBUG -       [After Latent Recursive] 1 tokens unmasked
2025-10-27 10:45:46,493 - GPU-6 - INFO -   [Cycle 3]
2025-10-27 10:45:46,493 - GPU-6 - DEBUG -     [Latent Recursive] Starting 1 steps of latent thinking
2025-10-27 10:45:46,539 - GPU-6 - DEBUG -       [Latent] Step 1/1
2025-10-27 10:45:46,709 - GPU-6 - DEBUG -       [After Latent Recursive] 1 tokens unmasked
2025-10-27 10:45:46,710 - GPU-6 - INFO -   [Cycle 4]
2025-10-27 10:45:46,710 - GPU-6 - DEBUG -     [Latent Recursive] Starting 1 steps of latent thinking
2025-10-27 10:45:46,755 - GPU-6 - DEBUG -       [Latent] Step 1/1
2025-10-27 10:45:46,926 - GPU-6 - DEBUG -       [After Latent Recursive] 1 tokens unmasked
2025-10-27 10:45:46,926 - GPU-6 - INFO -   [Cycle 5]
2025-10-27 10:45:46,927 - GPU-6 - DEBUG -     [Latent Recursive] Starting 1 steps of latent thinking
2025-10-27 10:45:46,972 - GPU-6 - DEBUG -       [Latent] Step 1/1
2025-10-27 10:45:47,142 - GPU-6 - DEBUG -       [After Latent Recursive] 1 tokens unmasked
2025-10-27 10:45:47,143 - GPU-6 - INFO -   [Cycle 6]
2025-10-27 10:45:47,143 - GPU-6 - DEBUG -     [Latent Recursive] Starting 1 steps of latent thinking
2025-10-27 10:45:47,189 - GPU-6 - DEBUG -       [Latent] Step 1/1
2025-10-27 10:45:47,359 - GPU-6 - DEBUG -       [After Latent Recursive] 1 tokens unmasked
2025-10-27 10:45:47,360 - GPU-6 - INFO -   [Cycle 7]
2025-10-27 10:45:47,360 - GPU-6 - DEBUG -     [Latent Recursive] Starting 1 steps of latent thinking
2025-10-27 10:45:47,405 - GPU-6 - DEBUG -       [Latent] Step 1/1
2025-10-27 10:45:47,576 - GPU-6 - DEBUG -       [After Latent Recursive] 1 tokens unmasked
2025-10-27 10:45:47,576 - GPU-6 - INFO -   [Cycle 8]
2025-10-27 10:45:47,576 - GPU-6 - DEBUG -     [Latent Recursive] Starting 1 steps of latent thinking
2025-10-27 10:45:47,622 - GPU-6 - DEBUG -       [Latent] Step 1/1
2025-10-27 10:45:47,792 - GPU-6 - DEBUG -       [After Latent Recursive] 1 tokens unmasked
2025-10-27 10:45:47,793 - GPU-6 - INFO -   [Cycle 9]
2025-10-27 10:45:47,793 - GPU-6 - DEBUG -     [Latent Recursive] Starting 1 steps of latent thinking
2025-10-27 10:45:47,838 - GPU-6 - DEBUG -       [Latent] Step 1/1
2025-10-27 10:45:48,009 - GPU-6 - DEBUG -       [After Latent Recursive] 1 tokens unmasked
2025-10-27 10:45:48,009 - GPU-6 - INFO -   [Cycle 10]
2025-10-27 10:45:48,009 - GPU-6 - DEBUG -     [Latent Recursive] Starting 1 steps of latent thinking
2025-10-27 10:45:48,055 - GPU-6 - DEBUG -       [Latent] Step 1/1
2025-10-27 10:45:48,226 - GPU-6 - DEBUG -       [After Latent Recursive] 1 tokens unmasked
2025-10-27 10:45:48,226 - GPU-6 - INFO -   [Cycle 11]
2025-10-27 10:45:48,226 - GPU-6 - DEBUG -     [Latent Recursive] Starting 1 steps of latent thinking
2025-10-27 10:45:48,272 - GPU-6 - DEBUG -       [Latent] Step 1/1
2025-10-27 10:45:48,442 - GPU-6 - DEBUG -       [After Latent Recursive] 1 tokens unmasked
2025-10-27 10:45:48,442 - GPU-6 - INFO -   [Cycle 12]
2025-10-27 10:45:48,443 - GPU-6 - DEBUG -     [Latent Recursive] Starting 1 steps of latent thinking
2025-10-27 10:45:48,488 - GPU-6 - DEBUG -       [Latent] Step 1/1
2025-10-27 10:45:48,659 - GPU-6 - DEBUG -       [After Latent Recursive] 1 tokens unmasked
2025-10-27 10:45:48,659 - GPU-6 - INFO -   [Cycle 13]
2025-10-27 10:45:48,659 - GPU-6 - DEBUG -     [Latent Recursive] Starting 1 steps of latent thinking
2025-10-27 10:45:48,705 - GPU-6 - DEBUG -       [Latent] Step 1/1
2025-10-27 10:45:48,875 - GPU-6 - DEBUG -       [After Latent Recursive] 1 tokens unmasked
2025-10-27 10:45:48,876 - GPU-6 - INFO -   [Cycle 14]
2025-10-27 10:45:48,876 - GPU-6 - DEBUG -     [Latent Recursive] Starting 1 steps of latent thinking
2025-10-27 10:45:48,922 - GPU-6 - DEBUG -       [Latent] Step 1/1
2025-10-27 10:45:49,092 - GPU-6 - DEBUG -       [After Latent Recursive] 1 tokens unmasked
2025-10-27 10:45:49,092 - GPU-6 - INFO -   [Cycle 15]
2025-10-27 10:45:49,093 - GPU-6 - DEBUG -     [Latent Recursive] Starting 1 steps of latent thinking
2025-10-27 10:45:49,138 - GPU-6 - DEBUG -       [Latent] Step 1/1
2025-10-27 10:45:49,309 - GPU-6 - DEBUG -       [After Latent Recursive] 1 tokens unmasked
2025-10-27 10:45:49,309 - GPU-6 - INFO -   [Cycle 16]
2025-10-27 10:45:49,309 - GPU-6 - DEBUG -     [Latent Recursive] Starting 1 steps of latent thinking
2025-10-27 10:45:49,355 - GPU-6 - DEBUG -       [Latent] Step 1/1
2025-10-27 10:45:49,526 - GPU-6 - DEBUG -       [After Latent Recursive] 1 tokens unmasked
2025-10-27 10:45:49,526 - GPU-6 - INFO -   [Cycle 17]
2025-10-27 10:45:49,526 - GPU-6 - DEBUG -     [Latent Recursive] Starting 1 steps of latent thinking
2025-10-27 10:45:49,572 - GPU-6 - DEBUG -       [Latent] Step 1/1
2025-10-27 10:45:49,742 - GPU-6 - DEBUG -       [After Latent Recursive] 1 tokens unmasked
2025-10-27 10:45:49,743 - GPU-6 - INFO -   [Cycle 18]
2025-10-27 10:45:49,743 - GPU-6 - DEBUG -     [Latent Recursive] Starting 1 steps of latent thinking
2025-10-27 10:45:49,788 - GPU-6 - DEBUG -       [Latent] Step 1/1
2025-10-27 10:45:49,959 - GPU-6 - DEBUG -       [After Latent Recursive] 1 tokens unmasked
2025-10-27 10:45:49,959 - GPU-6 - INFO -   [Cycle 19]
2025-10-27 10:45:49,960 - GPU-6 - DEBUG -     [Latent Recursive] Starting 1 steps of latent thinking
2025-10-27 10:45:50,006 - GPU-6 - DEBUG -       [Latent] Step 1/1
2025-10-27 10:45:50,176 - GPU-6 - DEBUG -       [After Latent Recursive] 1 tokens unmasked
2025-10-27 10:45:50,177 - GPU-6 - INFO -   [Cycle 20]
2025-10-27 10:45:50,177 - GPU-6 - DEBUG -     [Latent Recursive] Starting 1 steps of latent thinking
2025-10-27 10:45:50,223 - GPU-6 - DEBUG -       [Latent] Step 1/1
2025-10-27 10:45:50,393 - GPU-6 - DEBUG -       [After Latent Recursive] 1 tokens unmasked
2025-10-27 10:45:50,394 - GPU-6 - INFO -   [Cycle 21]
2025-10-27 10:45:50,394 - GPU-6 - DEBUG -     [Latent Recursive] Starting 1 steps of latent thinking
2025-10-27 10:45:50,440 - GPU-6 - DEBUG -       [Latent] Step 1/1
2025-10-27 10:45:50,610 - GPU-6 - DEBUG -       [After Latent Recursive] 1 tokens unmasked
2025-10-27 10:45:50,611 - GPU-6 - INFO -   [Cycle 22]
2025-10-27 10:45:50,611 - GPU-6 - DEBUG -     [Latent Recursive] Starting 1 steps of latent thinking
2025-10-27 10:45:50,656 - GPU-6 - DEBUG -       [Latent] Step 1/1
2025-10-27 10:45:50,827 - GPU-6 - DEBUG -       [After Latent Recursive] 1 tokens unmasked
2025-10-27 10:45:50,827 - GPU-6 - INFO -   [Cycle 23]
2025-10-27 10:45:50,828 - GPU-6 - DEBUG -     [Latent Recursive] Starting 1 steps of latent thinking
2025-10-27 10:45:50,873 - GPU-6 - DEBUG -       [Latent] Step 1/1
2025-10-27 10:45:51,044 - GPU-6 - DEBUG -       [After Latent Recursive] 1 tokens unmasked
2025-10-27 10:45:51,044 - GPU-6 - INFO -   [Cycle 24]
2025-10-27 10:45:51,045 - GPU-6 - DEBUG -     [Latent Recursive] Starting 1 steps of latent thinking
2025-10-27 10:45:51,090 - GPU-6 - DEBUG -       [Latent] Step 1/1
2025-10-27 10:45:51,261 - GPU-6 - DEBUG -       [After Latent Recursive] 1 tokens unmasked
2025-10-27 10:45:51,262 - GPU-6 - INFO -   [Cycle 25]
2025-10-27 10:45:51,262 - GPU-6 - DEBUG -     [Latent Recursive] Starting 1 steps of latent thinking
2025-10-27 10:45:51,307 - GPU-6 - DEBUG -       [Latent] Step 1/1
2025-10-27 10:45:51,478 - GPU-6 - DEBUG -       [After Latent Recursive] 1 tokens unmasked
2025-10-27 10:45:51,479 - GPU-6 - INFO -   [Cycle 26]
2025-10-27 10:45:51,479 - GPU-6 - DEBUG -     [Latent Recursive] Starting 1 steps of latent thinking
2025-10-27 10:45:51,525 - GPU-6 - DEBUG -       [Latent] Step 1/1
2025-10-27 10:45:51,696 - GPU-6 - DEBUG -       [After Latent Recursive] 1 tokens unmasked
2025-10-27 10:45:51,696 - GPU-6 - INFO -   [Cycle 27]
2025-10-27 10:45:51,697 - GPU-6 - DEBUG -     [Latent Recursive] Starting 1 steps of latent thinking
2025-10-27 10:45:51,742 - GPU-6 - DEBUG -       [Latent] Step 1/1
2025-10-27 10:45:51,913 - GPU-6 - DEBUG -       [After Latent Recursive] 1 tokens unmasked
2025-10-27 10:45:51,914 - GPU-6 - INFO -   [Cycle 28]
2025-10-27 10:45:51,914 - GPU-6 - DEBUG -     [Latent Recursive] Starting 1 steps of latent thinking
2025-10-27 10:45:51,959 - GPU-6 - DEBUG -       [Latent] Step 1/1
2025-10-27 10:45:52,131 - GPU-6 - DEBUG -       [After Latent Recursive] 1 tokens unmasked
2025-10-27 10:45:52,131 - GPU-6 - INFO -   [Cycle 29]
2025-10-27 10:45:52,131 - GPU-6 - DEBUG -     [Latent Recursive] Starting 1 steps of latent thinking
2025-10-27 10:45:52,177 - GPU-6 - DEBUG -       [Latent] Step 1/1
2025-10-27 10:45:52,348 - GPU-6 - DEBUG -       [After Latent Recursive] 1 tokens unmasked
2025-10-27 10:45:52,348 - GPU-6 - INFO -   [Cycle 30]
2025-10-27 10:45:52,348 - GPU-6 - DEBUG -     [Latent Recursive] Starting 1 steps of latent thinking
2025-10-27 10:45:52,394 - GPU-6 - DEBUG -       [Latent] Step 1/1
2025-10-27 10:45:52,565 - GPU-6 - DEBUG -       [After Latent Recursive] 1 tokens unmasked
2025-10-27 10:45:52,565 - GPU-6 - INFO -   [Cycle 31]
2025-10-27 10:45:52,565 - GPU-6 - DEBUG -     [Latent Recursive] Starting 1 steps of latent thinking
2025-10-27 10:45:52,611 - GPU-6 - DEBUG -       [Latent] Step 1/1
2025-10-27 10:45:52,782 - GPU-6 - DEBUG -       [After Latent Recursive] 1 tokens unmasked
2025-10-27 10:45:52,782 - GPU-6 - INFO - [Block 6/16] Processing tokens 231-263
2025-10-27 10:45:52,782 - GPU-6 - DEBUG - [Block 5] Before forward: use_cache=True, x.shape=torch.Size([1, 583])
2025-10-27 10:45:52,782 - GPU-6 - DEBUG - [Block 5] Model type: LLaDAModelLM
2025-10-27 10:45:52,782 - GPU-6 - DEBUG - [Block 5] Model config use_cache: True
2025-10-27 10:45:52,805 - GPU-6 - DEBUG - [Block 5] After forward: pkv is None? False
2025-10-27 10:45:52,805 - GPU-6 - DEBUG - [Block 5] out type: CausalLMOutputWithPast
2025-10-27 10:45:52,805 - GPU-6 - DEBUG - [Block 5] pkv type: <class 'list'>, len: 32
2025-10-27 10:45:52,805 - GPU-6 - DEBUG - [Block 5] pkv[0] type: <class 'tuple'>, len: 2
2025-10-27 10:45:52,805 - GPU-6 - DEBUG - [Block 5] pkv[0][0].shape: torch.Size([1, 32, 583, 128])
2025-10-27 10:45:52,894 - GPU-6 - INFO -   [Initial Forward] 1 tokens unmasked
2025-10-27 10:45:52,894 - GPU-6 - INFO -   [Cycle 1]
2025-10-27 10:45:52,894 - GPU-6 - DEBUG -     [Latent Recursive] Starting 1 steps of latent thinking
2025-10-27 10:45:52,940 - GPU-6 - DEBUG -       [Latent] Step 1/1
2025-10-27 10:45:53,110 - GPU-6 - DEBUG -       [After Latent Recursive] 1 tokens unmasked
2025-10-27 10:45:53,111 - GPU-6 - INFO -   [Cycle 2]
2025-10-27 10:45:53,111 - GPU-6 - DEBUG -     [Latent Recursive] Starting 1 steps of latent thinking
2025-10-27 10:45:53,156 - GPU-6 - DEBUG -       [Latent] Step 1/1
2025-10-27 10:45:53,327 - GPU-6 - DEBUG -       [After Latent Recursive] 1 tokens unmasked
2025-10-27 10:45:53,327 - GPU-6 - INFO -   [Cycle 3]
2025-10-27 10:45:53,327 - GPU-6 - DEBUG -     [Latent Recursive] Starting 1 steps of latent thinking
2025-10-27 10:45:53,373 - GPU-6 - DEBUG -       [Latent] Step 1/1
2025-10-27 10:45:53,543 - GPU-6 - DEBUG -       [After Latent Recursive] 1 tokens unmasked
2025-10-27 10:45:53,543 - GPU-6 - INFO -   [Cycle 4]
2025-10-27 10:45:53,543 - GPU-6 - DEBUG -     [Latent Recursive] Starting 1 steps of latent thinking
2025-10-27 10:45:53,589 - GPU-6 - DEBUG -       [Latent] Step 1/1
2025-10-27 10:45:53,759 - GPU-6 - DEBUG -       [After Latent Recursive] 1 tokens unmasked
2025-10-27 10:45:53,760 - GPU-6 - INFO -   [Cycle 5]
2025-10-27 10:45:53,760 - GPU-6 - DEBUG -     [Latent Recursive] Starting 1 steps of latent thinking
2025-10-27 10:45:53,806 - GPU-6 - DEBUG -       [Latent] Step 1/1
2025-10-27 10:45:53,976 - GPU-6 - DEBUG -       [After Latent Recursive] 1 tokens unmasked
2025-10-27 10:45:53,976 - GPU-6 - INFO -   [Cycle 6]
2025-10-27 10:45:53,976 - GPU-6 - DEBUG -     [Latent Recursive] Starting 1 steps of latent thinking
2025-10-27 10:45:54,022 - GPU-6 - DEBUG -       [Latent] Step 1/1
2025-10-27 10:45:54,192 - GPU-6 - DEBUG -       [After Latent Recursive] 1 tokens unmasked
2025-10-27 10:45:54,192 - GPU-6 - INFO -   [Cycle 7]
2025-10-27 10:45:54,192 - GPU-6 - DEBUG -     [Latent Recursive] Starting 1 steps of latent thinking
2025-10-27 10:45:54,238 - GPU-6 - DEBUG -       [Latent] Step 1/1
2025-10-27 10:45:54,408 - GPU-6 - DEBUG -       [After Latent Recursive] 1 tokens unmasked
2025-10-27 10:45:54,408 - GPU-6 - INFO -   [Cycle 8]
2025-10-27 10:45:54,409 - GPU-6 - DEBUG -     [Latent Recursive] Starting 1 steps of latent thinking
2025-10-27 10:45:54,454 - GPU-6 - DEBUG -       [Latent] Step 1/1
2025-10-27 10:45:54,624 - GPU-6 - DEBUG -       [After Latent Recursive] 1 tokens unmasked
2025-10-27 10:45:54,625 - GPU-6 - INFO -   [Cycle 9]
2025-10-27 10:45:54,625 - GPU-6 - DEBUG -     [Latent Recursive] Starting 1 steps of latent thinking
2025-10-27 10:45:54,670 - GPU-6 - DEBUG -       [Latent] Step 1/1
2025-10-27 10:45:54,841 - GPU-6 - DEBUG -       [After Latent Recursive] 1 tokens unmasked
2025-10-27 10:45:54,841 - GPU-6 - INFO -   [Cycle 10]
2025-10-27 10:45:54,841 - GPU-6 - DEBUG -     [Latent Recursive] Starting 1 steps of latent thinking
2025-10-27 10:45:54,887 - GPU-6 - DEBUG -       [Latent] Step 1/1
2025-10-27 10:45:55,057 - GPU-6 - DEBUG -       [After Latent Recursive] 1 tokens unmasked
2025-10-27 10:45:55,057 - GPU-6 - INFO -   [Cycle 11]
2025-10-27 10:45:55,057 - GPU-6 - DEBUG -     [Latent Recursive] Starting 1 steps of latent thinking
2025-10-27 10:45:55,103 - GPU-6 - DEBUG -       [Latent] Step 1/1
2025-10-27 10:45:55,273 - GPU-6 - DEBUG -       [After Latent Recursive] 1 tokens unmasked
2025-10-27 10:45:55,273 - GPU-6 - INFO -   [Cycle 12]
2025-10-27 10:45:55,273 - GPU-6 - DEBUG -     [Latent Recursive] Starting 1 steps of latent thinking
2025-10-27 10:45:55,319 - GPU-6 - DEBUG -       [Latent] Step 1/1
2025-10-27 10:45:55,489 - GPU-6 - DEBUG -       [After Latent Recursive] 1 tokens unmasked
2025-10-27 10:45:55,489 - GPU-6 - INFO -   [Cycle 13]
2025-10-27 10:45:55,489 - GPU-6 - DEBUG -     [Latent Recursive] Starting 1 steps of latent thinking
2025-10-27 10:45:55,535 - GPU-6 - DEBUG -       [Latent] Step 1/1
2025-10-27 10:45:55,705 - GPU-6 - DEBUG -       [After Latent Recursive] 1 tokens unmasked
2025-10-27 10:45:55,706 - GPU-6 - INFO -   [Cycle 14]
2025-10-27 10:45:55,706 - GPU-6 - DEBUG -     [Latent Recursive] Starting 1 steps of latent thinking
2025-10-27 10:45:55,752 - GPU-6 - DEBUG -       [Latent] Step 1/1
2025-10-27 10:45:55,922 - GPU-6 - DEBUG -       [After Latent Recursive] 1 tokens unmasked
2025-10-27 10:45:55,922 - GPU-6 - INFO -   [Cycle 15]
2025-10-27 10:45:55,923 - GPU-6 - DEBUG -     [Latent Recursive] Starting 1 steps of latent thinking
2025-10-27 10:45:55,968 - GPU-6 - DEBUG -       [Latent] Step 1/1
2025-10-27 10:45:56,138 - GPU-6 - DEBUG -       [After Latent Recursive] 1 tokens unmasked
2025-10-27 10:45:56,139 - GPU-6 - INFO -   [Cycle 16]
2025-10-27 10:45:56,139 - GPU-6 - DEBUG -     [Latent Recursive] Starting 1 steps of latent thinking
2025-10-27 10:45:56,185 - GPU-6 - DEBUG -       [Latent] Step 1/1
2025-10-27 10:45:56,355 - GPU-6 - DEBUG -       [After Latent Recursive] 1 tokens unmasked
2025-10-27 10:45:56,355 - GPU-6 - INFO -   [Cycle 17]
2025-10-27 10:45:56,356 - GPU-6 - DEBUG -     [Latent Recursive] Starting 1 steps of latent thinking
2025-10-27 10:45:56,401 - GPU-6 - DEBUG -       [Latent] Step 1/1
2025-10-27 10:45:56,571 - GPU-6 - DEBUG -       [After Latent Recursive] 1 tokens unmasked
2025-10-27 10:45:56,572 - GPU-6 - INFO -   [Cycle 18]
2025-10-27 10:45:56,572 - GPU-6 - DEBUG -     [Latent Recursive] Starting 1 steps of latent thinking
2025-10-27 10:45:56,618 - GPU-6 - DEBUG -       [Latent] Step 1/1
2025-10-27 10:45:56,788 - GPU-6 - DEBUG -       [After Latent Recursive] 1 tokens unmasked
2025-10-27 10:45:56,788 - GPU-6 - INFO -   [Cycle 19]
2025-10-27 10:45:56,788 - GPU-6 - DEBUG -     [Latent Recursive] Starting 1 steps of latent thinking
2025-10-27 10:45:56,834 - GPU-6 - DEBUG -       [Latent] Step 1/1
2025-10-27 10:45:57,004 - GPU-6 - DEBUG -       [After Latent Recursive] 1 tokens unmasked
2025-10-27 10:45:57,005 - GPU-6 - INFO -   [Cycle 20]
2025-10-27 10:45:57,005 - GPU-6 - DEBUG -     [Latent Recursive] Starting 1 steps of latent thinking
2025-10-27 10:45:57,050 - GPU-6 - DEBUG -       [Latent] Step 1/1
2025-10-27 10:45:57,221 - GPU-6 - DEBUG -       [After Latent Recursive] 1 tokens unmasked
2025-10-27 10:45:57,221 - GPU-6 - INFO -   [Cycle 21]
2025-10-27 10:45:57,221 - GPU-6 - DEBUG -     [Latent Recursive] Starting 1 steps of latent thinking
2025-10-27 10:45:57,267 - GPU-6 - DEBUG -       [Latent] Step 1/1
2025-10-27 10:45:57,437 - GPU-6 - DEBUG -       [After Latent Recursive] 1 tokens unmasked
2025-10-27 10:45:57,437 - GPU-6 - INFO -   [Cycle 22]
2025-10-27 10:45:57,437 - GPU-6 - DEBUG -     [Latent Recursive] Starting 1 steps of latent thinking
2025-10-27 10:45:57,483 - GPU-6 - DEBUG -       [Latent] Step 1/1
2025-10-27 10:45:57,653 - GPU-6 - DEBUG -       [After Latent Recursive] 1 tokens unmasked
2025-10-27 10:45:57,653 - GPU-6 - INFO -   [Cycle 23]
2025-10-27 10:45:57,654 - GPU-6 - DEBUG -     [Latent Recursive] Starting 1 steps of latent thinking
2025-10-27 10:45:57,699 - GPU-6 - DEBUG -       [Latent] Step 1/1
2025-10-27 10:45:57,869 - GPU-6 - DEBUG -       [After Latent Recursive] 1 tokens unmasked
2025-10-27 10:45:57,870 - GPU-6 - INFO -   [Cycle 24]
2025-10-27 10:45:57,870 - GPU-6 - DEBUG -     [Latent Recursive] Starting 1 steps of latent thinking
2025-10-27 10:45:57,915 - GPU-6 - DEBUG -       [Latent] Step 1/1
2025-10-27 10:45:58,086 - GPU-6 - DEBUG -       [After Latent Recursive] 1 tokens unmasked
2025-10-27 10:45:58,086 - GPU-6 - INFO -   [Cycle 25]
2025-10-27 10:45:58,086 - GPU-6 - DEBUG -     [Latent Recursive] Starting 1 steps of latent thinking
2025-10-27 10:45:58,132 - GPU-6 - DEBUG -       [Latent] Step 1/1
2025-10-27 10:45:58,302 - GPU-6 - DEBUG -       [After Latent Recursive] 1 tokens unmasked
2025-10-27 10:45:58,302 - GPU-6 - INFO -   [Cycle 26]
2025-10-27 10:45:58,302 - GPU-6 - DEBUG -     [Latent Recursive] Starting 1 steps of latent thinking
2025-10-27 10:45:58,348 - GPU-6 - DEBUG -       [Latent] Step 1/1
2025-10-27 10:45:58,518 - GPU-6 - DEBUG -       [After Latent Recursive] 1 tokens unmasked
2025-10-27 10:45:58,519 - GPU-6 - INFO -   [Cycle 27]
2025-10-27 10:45:58,519 - GPU-6 - DEBUG -     [Latent Recursive] Starting 1 steps of latent thinking
2025-10-27 10:45:58,564 - GPU-6 - DEBUG -       [Latent] Step 1/1
2025-10-27 10:45:58,734 - GPU-6 - DEBUG -       [After Latent Recursive] 1 tokens unmasked
2025-10-27 10:45:58,735 - GPU-6 - INFO -   [Cycle 28]
2025-10-27 10:45:58,735 - GPU-6 - DEBUG -     [Latent Recursive] Starting 1 steps of latent thinking
2025-10-27 10:45:58,780 - GPU-6 - DEBUG -       [Latent] Step 1/1
2025-10-27 10:45:58,951 - GPU-6 - DEBUG -       [After Latent Recursive] 1 tokens unmasked
2025-10-27 10:45:58,951 - GPU-6 - INFO -   [Cycle 29]
2025-10-27 10:45:58,951 - GPU-6 - DEBUG -     [Latent Recursive] Starting 1 steps of latent thinking
2025-10-27 10:45:58,997 - GPU-6 - DEBUG -       [Latent] Step 1/1
2025-10-27 10:45:59,167 - GPU-6 - DEBUG -       [After Latent Recursive] 1 tokens unmasked
2025-10-27 10:45:59,167 - GPU-6 - INFO -   [Cycle 30]
2025-10-27 10:45:59,168 - GPU-6 - DEBUG -     [Latent Recursive] Starting 1 steps of latent thinking
2025-10-27 10:45:59,213 - GPU-6 - DEBUG -       [Latent] Step 1/1
2025-10-27 10:45:59,383 - GPU-6 - DEBUG -       [After Latent Recursive] 1 tokens unmasked
2025-10-27 10:45:59,384 - GPU-6 - INFO -   [Cycle 31]
2025-10-27 10:45:59,384 - GPU-6 - DEBUG -     [Latent Recursive] Starting 1 steps of latent thinking
2025-10-27 10:45:59,430 - GPU-6 - DEBUG -       [Latent] Step 1/1
2025-10-27 10:45:59,600 - GPU-6 - DEBUG -       [After Latent Recursive] 1 tokens unmasked
2025-10-27 10:45:59,600 - GPU-6 - INFO - [Block 7/16] Processing tokens 263-295
2025-10-27 10:45:59,600 - GPU-6 - DEBUG - [Block 6] Before forward: use_cache=True, x.shape=torch.Size([1, 583])
2025-10-27 10:45:59,600 - GPU-6 - DEBUG - [Block 6] Model type: LLaDAModelLM
2025-10-27 10:45:59,600 - GPU-6 - DEBUG - [Block 6] Model config use_cache: True
2025-10-27 10:45:59,623 - GPU-6 - DEBUG - [Block 6] After forward: pkv is None? False
2025-10-27 10:45:59,623 - GPU-6 - DEBUG - [Block 6] out type: CausalLMOutputWithPast
2025-10-27 10:45:59,623 - GPU-6 - DEBUG - [Block 6] pkv type: <class 'list'>, len: 32
2025-10-27 10:45:59,623 - GPU-6 - DEBUG - [Block 6] pkv[0] type: <class 'tuple'>, len: 2
2025-10-27 10:45:59,624 - GPU-6 - DEBUG - [Block 6] pkv[0][0].shape: torch.Size([1, 32, 583, 128])
2025-10-27 10:45:59,712 - GPU-6 - INFO -   [Initial Forward] 1 tokens unmasked
2025-10-27 10:45:59,712 - GPU-6 - INFO -   [Cycle 1]
2025-10-27 10:45:59,712 - GPU-6 - DEBUG -     [Latent Recursive] Starting 1 steps of latent thinking
2025-10-27 10:45:59,758 - GPU-6 - DEBUG -       [Latent] Step 1/1
2025-10-27 10:45:59,927 - GPU-6 - DEBUG -       [After Latent Recursive] 1 tokens unmasked
2025-10-27 10:45:59,927 - GPU-6 - INFO -   [Cycle 2]
2025-10-27 10:45:59,927 - GPU-6 - DEBUG -     [Latent Recursive] Starting 1 steps of latent thinking
2025-10-27 10:45:59,973 - GPU-6 - DEBUG -       [Latent] Step 1/1
2025-10-27 10:46:00,143 - GPU-6 - DEBUG -       [After Latent Recursive] 1 tokens unmasked
2025-10-27 10:46:00,143 - GPU-6 - INFO -   [Cycle 3]
2025-10-27 10:46:00,143 - GPU-6 - DEBUG -     [Latent Recursive] Starting 1 steps of latent thinking
2025-10-27 10:46:00,189 - GPU-6 - DEBUG -       [Latent] Step 1/1
2025-10-27 10:46:00,358 - GPU-6 - DEBUG -       [After Latent Recursive] 1 tokens unmasked
2025-10-27 10:46:00,359 - GPU-6 - INFO -   [Cycle 4]
2025-10-27 10:46:00,359 - GPU-6 - DEBUG -     [Latent Recursive] Starting 1 steps of latent thinking
2025-10-27 10:46:00,405 - GPU-6 - DEBUG -       [Latent] Step 1/1
2025-10-27 10:46:00,574 - GPU-6 - DEBUG -       [After Latent Recursive] 1 tokens unmasked
2025-10-27 10:46:00,574 - GPU-6 - INFO -   [Cycle 5]
2025-10-27 10:46:00,575 - GPU-6 - DEBUG -     [Latent Recursive] Starting 1 steps of latent thinking
2025-10-27 10:46:00,620 - GPU-6 - DEBUG -       [Latent] Step 1/1
2025-10-27 10:46:00,789 - GPU-6 - DEBUG -       [After Latent Recursive] 1 tokens unmasked
2025-10-27 10:46:00,790 - GPU-6 - INFO -   [Cycle 6]
2025-10-27 10:46:00,790 - GPU-6 - DEBUG -     [Latent Recursive] Starting 1 steps of latent thinking
2025-10-27 10:46:00,835 - GPU-6 - DEBUG -       [Latent] Step 1/1
2025-10-27 10:46:01,005 - GPU-6 - DEBUG -       [After Latent Recursive] 1 tokens unmasked
2025-10-27 10:46:01,005 - GPU-6 - INFO -   [Cycle 7]
2025-10-27 10:46:01,006 - GPU-6 - DEBUG -     [Latent Recursive] Starting 1 steps of latent thinking
2025-10-27 10:46:01,051 - GPU-6 - DEBUG -       [Latent] Step 1/1
2025-10-27 10:46:01,220 - GPU-6 - DEBUG -       [After Latent Recursive] 1 tokens unmasked
2025-10-27 10:46:01,221 - GPU-6 - INFO -   [Cycle 8]
2025-10-27 10:46:01,221 - GPU-6 - DEBUG -     [Latent Recursive] Starting 1 steps of latent thinking
2025-10-27 10:46:01,267 - GPU-6 - DEBUG -       [Latent] Step 1/1
2025-10-27 10:46:01,436 - GPU-6 - DEBUG -       [After Latent Recursive] 1 tokens unmasked
2025-10-27 10:46:01,437 - GPU-6 - INFO -   [Cycle 9]
2025-10-27 10:46:01,437 - GPU-6 - DEBUG -     [Latent Recursive] Starting 1 steps of latent thinking
2025-10-27 10:46:01,483 - GPU-6 - DEBUG -       [Latent] Step 1/1
2025-10-27 10:46:01,652 - GPU-6 - DEBUG -       [After Latent Recursive] 1 tokens unmasked
2025-10-27 10:46:01,652 - GPU-6 - INFO -   [Cycle 10]
2025-10-27 10:46:01,652 - GPU-6 - DEBUG -     [Latent Recursive] Starting 1 steps of latent thinking
2025-10-27 10:46:01,698 - GPU-6 - DEBUG -       [Latent] Step 1/1
2025-10-27 10:46:01,867 - GPU-6 - DEBUG -       [After Latent Recursive] 1 tokens unmasked
2025-10-27 10:46:01,868 - GPU-6 - INFO -   [Cycle 11]
2025-10-27 10:46:01,868 - GPU-6 - DEBUG -     [Latent Recursive] Starting 1 steps of latent thinking
2025-10-27 10:46:01,914 - GPU-6 - DEBUG -       [Latent] Step 1/1
2025-10-27 10:46:02,083 - GPU-6 - DEBUG -       [After Latent Recursive] 1 tokens unmasked
2025-10-27 10:46:02,083 - GPU-6 - INFO -   [Cycle 12]
2025-10-27 10:46:02,084 - GPU-6 - DEBUG -     [Latent Recursive] Starting 1 steps of latent thinking
2025-10-27 10:46:02,130 - GPU-6 - DEBUG -       [Latent] Step 1/1
2025-10-27 10:46:02,300 - GPU-6 - DEBUG -       [After Latent Recursive] 1 tokens unmasked
2025-10-27 10:46:02,300 - GPU-6 - INFO -   [Cycle 13]
2025-10-27 10:46:02,300 - GPU-6 - DEBUG -     [Latent Recursive] Starting 1 steps of latent thinking
2025-10-27 10:46:02,346 - GPU-6 - DEBUG -       [Latent] Step 1/1
2025-10-27 10:46:02,515 - GPU-6 - DEBUG -       [After Latent Recursive] 1 tokens unmasked
2025-10-27 10:46:02,515 - GPU-6 - INFO -   [Cycle 14]
2025-10-27 10:46:02,516 - GPU-6 - DEBUG -     [Latent Recursive] Starting 1 steps of latent thinking
2025-10-27 10:46:02,561 - GPU-6 - DEBUG -       [Latent] Step 1/1
2025-10-27 10:46:02,731 - GPU-6 - DEBUG -       [After Latent Recursive] 1 tokens unmasked
2025-10-27 10:46:02,731 - GPU-6 - INFO -   [Cycle 15]
2025-10-27 10:46:02,731 - GPU-6 - DEBUG -     [Latent Recursive] Starting 1 steps of latent thinking
2025-10-27 10:46:02,777 - GPU-6 - DEBUG -       [Latent] Step 1/1
2025-10-27 10:46:02,946 - GPU-6 - DEBUG -       [After Latent Recursive] 1 tokens unmasked
2025-10-27 10:46:02,946 - GPU-6 - INFO -   [Cycle 16]
2025-10-27 10:46:02,947 - GPU-6 - DEBUG -     [Latent Recursive] Starting 1 steps of latent thinking
2025-10-27 10:46:02,993 - GPU-6 - DEBUG -       [Latent] Step 1/1
2025-10-27 10:46:03,162 - GPU-6 - DEBUG -       [After Latent Recursive] 1 tokens unmasked
2025-10-27 10:46:03,162 - GPU-6 - INFO -   [Cycle 17]
2025-10-27 10:46:03,163 - GPU-6 - DEBUG -     [Latent Recursive] Starting 1 steps of latent thinking
2025-10-27 10:46:03,208 - GPU-6 - DEBUG -       [Latent] Step 1/1
2025-10-27 10:46:03,377 - GPU-6 - DEBUG -       [After Latent Recursive] 1 tokens unmasked
2025-10-27 10:46:03,378 - GPU-6 - INFO -   [Cycle 18]
2025-10-27 10:46:03,378 - GPU-6 - DEBUG -     [Latent Recursive] Starting 1 steps of latent thinking
2025-10-27 10:46:03,424 - GPU-6 - DEBUG -       [Latent] Step 1/1
2025-10-27 10:46:03,593 - GPU-6 - DEBUG -       [After Latent Recursive] 1 tokens unmasked
2025-10-27 10:46:03,593 - GPU-6 - INFO -   [Cycle 19]
2025-10-27 10:46:03,593 - GPU-6 - DEBUG -     [Latent Recursive] Starting 1 steps of latent thinking
2025-10-27 10:46:03,639 - GPU-6 - DEBUG -       [Latent] Step 1/1
2025-10-27 10:46:03,808 - GPU-6 - DEBUG -       [After Latent Recursive] 1 tokens unmasked
2025-10-27 10:46:03,808 - GPU-6 - INFO -   [Cycle 20]
2025-10-27 10:46:03,808 - GPU-6 - DEBUG -     [Latent Recursive] Starting 1 steps of latent thinking
2025-10-27 10:46:03,854 - GPU-6 - DEBUG -       [Latent] Step 1/1
2025-10-27 10:46:04,023 - GPU-6 - DEBUG -       [After Latent Recursive] 1 tokens unmasked
2025-10-27 10:46:04,024 - GPU-6 - INFO -   [Cycle 21]
2025-10-27 10:46:04,024 - GPU-6 - DEBUG -     [Latent Recursive] Starting 1 steps of latent thinking
2025-10-27 10:46:04,069 - GPU-6 - DEBUG -       [Latent] Step 1/1
2025-10-27 10:46:04,239 - GPU-6 - DEBUG -       [After Latent Recursive] 1 tokens unmasked
2025-10-27 10:46:04,239 - GPU-6 - INFO -   [Cycle 22]
2025-10-27 10:46:04,239 - GPU-6 - DEBUG -     [Latent Recursive] Starting 1 steps of latent thinking
2025-10-27 10:46:04,285 - GPU-6 - DEBUG -       [Latent] Step 1/1
2025-10-27 10:46:04,454 - GPU-6 - DEBUG -       [After Latent Recursive] 1 tokens unmasked
2025-10-27 10:46:04,454 - GPU-6 - INFO -   [Cycle 23]
2025-10-27 10:46:04,454 - GPU-6 - DEBUG -     [Latent Recursive] Starting 1 steps of latent thinking
2025-10-27 10:46:04,500 - GPU-6 - DEBUG -       [Latent] Step 1/1
2025-10-27 10:46:04,669 - GPU-6 - DEBUG -       [After Latent Recursive] 1 tokens unmasked
2025-10-27 10:46:04,670 - GPU-6 - INFO -   [Cycle 24]
2025-10-27 10:46:04,670 - GPU-6 - DEBUG -     [Latent Recursive] Starting 1 steps of latent thinking
2025-10-27 10:46:04,716 - GPU-6 - DEBUG -       [Latent] Step 1/1
2025-10-27 10:46:04,885 - GPU-6 - DEBUG -       [After Latent Recursive] 1 tokens unmasked
2025-10-27 10:46:04,886 - GPU-6 - INFO -   [Cycle 25]
2025-10-27 10:46:04,886 - GPU-6 - DEBUG -     [Latent Recursive] Starting 1 steps of latent thinking
2025-10-27 10:46:04,931 - GPU-6 - DEBUG -       [Latent] Step 1/1
2025-10-27 10:46:05,100 - GPU-6 - DEBUG -       [After Latent Recursive] 1 tokens unmasked
2025-10-27 10:46:05,101 - GPU-6 - INFO -   [Cycle 26]
2025-10-27 10:46:05,101 - GPU-6 - DEBUG -     [Latent Recursive] Starting 1 steps of latent thinking
2025-10-27 10:46:05,146 - GPU-6 - DEBUG -       [Latent] Step 1/1
2025-10-27 10:46:05,316 - GPU-6 - DEBUG -       [After Latent Recursive] 1 tokens unmasked
2025-10-27 10:46:05,316 - GPU-6 - INFO -   [Cycle 27]
2025-10-27 10:46:05,317 - GPU-6 - DEBUG -     [Latent Recursive] Starting 1 steps of latent thinking
2025-10-27 10:46:05,362 - GPU-6 - DEBUG -       [Latent] Step 1/1
2025-10-27 10:46:05,531 - GPU-6 - DEBUG -       [After Latent Recursive] 1 tokens unmasked
2025-10-27 10:46:05,532 - GPU-6 - INFO -   [Cycle 28]
2025-10-27 10:46:05,532 - GPU-6 - DEBUG -     [Latent Recursive] Starting 1 steps of latent thinking
2025-10-27 10:46:05,577 - GPU-6 - DEBUG -       [Latent] Step 1/1
2025-10-27 10:46:05,747 - GPU-6 - DEBUG -       [After Latent Recursive] 1 tokens unmasked
2025-10-27 10:46:05,747 - GPU-6 - INFO -   [Cycle 29]
2025-10-27 10:46:05,747 - GPU-6 - DEBUG -     [Latent Recursive] Starting 1 steps of latent thinking
2025-10-27 10:46:05,793 - GPU-6 - DEBUG -       [Latent] Step 1/1
2025-10-27 10:46:05,962 - GPU-6 - DEBUG -       [After Latent Recursive] 1 tokens unmasked
2025-10-27 10:46:05,962 - GPU-6 - INFO -   [Cycle 30]
2025-10-27 10:46:05,963 - GPU-6 - DEBUG -     [Latent Recursive] Starting 1 steps of latent thinking
2025-10-27 10:46:06,008 - GPU-6 - DEBUG -       [Latent] Step 1/1
2025-10-27 10:46:06,177 - GPU-6 - DEBUG -       [After Latent Recursive] 1 tokens unmasked
2025-10-27 10:46:06,178 - GPU-6 - INFO -   [Cycle 31]
2025-10-27 10:46:06,178 - GPU-6 - DEBUG -     [Latent Recursive] Starting 1 steps of latent thinking
2025-10-27 10:46:06,224 - GPU-6 - DEBUG -       [Latent] Step 1/1
2025-10-27 10:46:06,393 - GPU-6 - DEBUG -       [After Latent Recursive] 1 tokens unmasked
2025-10-27 10:46:06,393 - GPU-6 - INFO - [Block 8/16] Processing tokens 295-327
2025-10-27 10:46:06,393 - GPU-6 - DEBUG - [Block 7] Before forward: use_cache=True, x.shape=torch.Size([1, 583])
2025-10-27 10:46:06,394 - GPU-6 - DEBUG - [Block 7] Model type: LLaDAModelLM
2025-10-27 10:46:06,394 - GPU-6 - DEBUG - [Block 7] Model config use_cache: True
2025-10-27 10:46:06,416 - GPU-6 - DEBUG - [Block 7] After forward: pkv is None? False
2025-10-27 10:46:06,416 - GPU-6 - DEBUG - [Block 7] out type: CausalLMOutputWithPast
2025-10-27 10:46:06,417 - GPU-6 - DEBUG - [Block 7] pkv type: <class 'list'>, len: 32
2025-10-27 10:46:06,417 - GPU-6 - DEBUG - [Block 7] pkv[0] type: <class 'tuple'>, len: 2
2025-10-27 10:46:06,417 - GPU-6 - DEBUG - [Block 7] pkv[0][0].shape: torch.Size([1, 32, 583, 128])
2025-10-27 10:46:06,505 - GPU-6 - INFO -   [Initial Forward] 1 tokens unmasked
2025-10-27 10:46:06,505 - GPU-6 - INFO -   [Cycle 1]
2025-10-27 10:46:06,505 - GPU-6 - DEBUG -     [Latent Recursive] Starting 1 steps of latent thinking
2025-10-27 10:46:06,551 - GPU-6 - DEBUG -       [Latent] Step 1/1
2025-10-27 10:46:06,718 - GPU-6 - DEBUG -       [After Latent Recursive] 1 tokens unmasked
2025-10-27 10:46:06,719 - GPU-6 - INFO -   [Cycle 2]
2025-10-27 10:46:06,719 - GPU-6 - DEBUG -     [Latent Recursive] Starting 1 steps of latent thinking
2025-10-27 10:46:06,764 - GPU-6 - DEBUG -       [Latent] Step 1/1
2025-10-27 10:46:06,932 - GPU-6 - DEBUG -       [After Latent Recursive] 1 tokens unmasked
2025-10-27 10:46:06,932 - GPU-6 - INFO -   [Cycle 3]
2025-10-27 10:46:06,932 - GPU-6 - DEBUG -     [Latent Recursive] Starting 1 steps of latent thinking
2025-10-27 10:46:06,978 - GPU-6 - DEBUG -       [Latent] Step 1/1
2025-10-27 10:46:07,145 - GPU-6 - DEBUG -       [After Latent Recursive] 1 tokens unmasked
2025-10-27 10:46:07,145 - GPU-6 - INFO -   [Cycle 4]
2025-10-27 10:46:07,145 - GPU-6 - DEBUG -     [Latent Recursive] Starting 1 steps of latent thinking
2025-10-27 10:46:07,191 - GPU-6 - DEBUG -       [Latent] Step 1/1
2025-10-27 10:46:07,358 - GPU-6 - DEBUG -       [After Latent Recursive] 1 tokens unmasked
2025-10-27 10:46:07,358 - GPU-6 - INFO -   [Cycle 5]
2025-10-27 10:46:07,359 - GPU-6 - DEBUG -     [Latent Recursive] Starting 1 steps of latent thinking
2025-10-27 10:46:07,404 - GPU-6 - DEBUG -       [Latent] Step 1/1
2025-10-27 10:46:07,571 - GPU-6 - DEBUG -       [After Latent Recursive] 1 tokens unmasked
2025-10-27 10:46:07,571 - GPU-6 - INFO -   [Cycle 6]
2025-10-27 10:46:07,572 - GPU-6 - DEBUG -     [Latent Recursive] Starting 1 steps of latent thinking
2025-10-27 10:46:07,617 - GPU-6 - DEBUG -       [Latent] Step 1/1
2025-10-27 10:46:07,784 - GPU-6 - DEBUG -       [After Latent Recursive] 1 tokens unmasked
2025-10-27 10:46:07,785 - GPU-6 - INFO -   [Cycle 7]
2025-10-27 10:46:07,785 - GPU-6 - DEBUG -     [Latent Recursive] Starting 1 steps of latent thinking
2025-10-27 10:46:07,831 - GPU-6 - DEBUG -       [Latent] Step 1/1
2025-10-27 10:46:07,997 - GPU-6 - DEBUG -       [After Latent Recursive] 1 tokens unmasked
2025-10-27 10:46:07,998 - GPU-6 - INFO -   [Cycle 8]
2025-10-27 10:46:07,998 - GPU-6 - DEBUG -     [Latent Recursive] Starting 1 steps of latent thinking
2025-10-27 10:46:08,044 - GPU-6 - DEBUG -       [Latent] Step 1/1
2025-10-27 10:46:08,211 - GPU-6 - DEBUG -       [After Latent Recursive] 1 tokens unmasked
2025-10-27 10:46:08,211 - GPU-6 - INFO -   [Cycle 9]
2025-10-27 10:46:08,211 - GPU-6 - DEBUG -     [Latent Recursive] Starting 1 steps of latent thinking
2025-10-27 10:46:08,257 - GPU-6 - DEBUG -       [Latent] Step 1/1
2025-10-27 10:46:08,424 - GPU-6 - DEBUG -       [After Latent Recursive] 1 tokens unmasked
2025-10-27 10:46:08,424 - GPU-6 - INFO -   [Cycle 10]
2025-10-27 10:46:08,425 - GPU-6 - DEBUG -     [Latent Recursive] Starting 1 steps of latent thinking
2025-10-27 10:46:08,471 - GPU-6 - DEBUG -       [Latent] Step 1/1
2025-10-27 10:46:08,638 - GPU-6 - DEBUG -       [After Latent Recursive] 1 tokens unmasked
2025-10-27 10:46:08,638 - GPU-6 - INFO -   [Cycle 11]
2025-10-27 10:46:08,638 - GPU-6 - DEBUG -     [Latent Recursive] Starting 1 steps of latent thinking
2025-10-27 10:46:08,684 - GPU-6 - DEBUG -       [Latent] Step 1/1
2025-10-27 10:46:08,850 - GPU-6 - DEBUG -       [After Latent Recursive] 1 tokens unmasked
2025-10-27 10:46:08,851 - GPU-6 - INFO -   [Cycle 12]
2025-10-27 10:46:08,851 - GPU-6 - DEBUG -     [Latent Recursive] Starting 1 steps of latent thinking
2025-10-27 10:46:08,897 - GPU-6 - DEBUG -       [Latent] Step 1/1
2025-10-27 10:46:09,064 - GPU-6 - DEBUG -       [After Latent Recursive] 1 tokens unmasked
2025-10-27 10:46:09,065 - GPU-6 - INFO -   [Cycle 13]
2025-10-27 10:46:09,065 - GPU-6 - DEBUG -     [Latent Recursive] Starting 1 steps of latent thinking
2025-10-27 10:46:09,110 - GPU-6 - DEBUG -       [Latent] Step 1/1
2025-10-27 10:46:09,277 - GPU-6 - DEBUG -       [After Latent Recursive] 1 tokens unmasked
2025-10-27 10:46:09,278 - GPU-6 - INFO -   [Cycle 14]
2025-10-27 10:46:09,278 - GPU-6 - DEBUG -     [Latent Recursive] Starting 1 steps of latent thinking
2025-10-27 10:46:09,324 - GPU-6 - DEBUG -       [Latent] Step 1/1
2025-10-27 10:46:09,491 - GPU-6 - DEBUG -       [After Latent Recursive] 1 tokens unmasked
2025-10-27 10:46:09,491 - GPU-6 - INFO -   [Cycle 15]
2025-10-27 10:46:09,492 - GPU-6 - DEBUG -     [Latent Recursive] Starting 1 steps of latent thinking
2025-10-27 10:46:09,537 - GPU-6 - DEBUG -       [Latent] Step 1/1
2025-10-27 10:46:09,704 - GPU-6 - DEBUG -       [After Latent Recursive] 1 tokens unmasked
2025-10-27 10:46:09,705 - GPU-6 - INFO -   [Cycle 16]
2025-10-27 10:46:09,705 - GPU-6 - DEBUG -     [Latent Recursive] Starting 1 steps of latent thinking
2025-10-27 10:46:09,751 - GPU-6 - DEBUG -       [Latent] Step 1/1
2025-10-27 10:46:09,918 - GPU-6 - DEBUG -       [After Latent Recursive] 1 tokens unmasked
2025-10-27 10:46:09,918 - GPU-6 - INFO -   [Cycle 17]
2025-10-27 10:46:09,918 - GPU-6 - DEBUG -     [Latent Recursive] Starting 1 steps of latent thinking
2025-10-27 10:46:09,964 - GPU-6 - DEBUG -       [Latent] Step 1/1
2025-10-27 10:46:10,131 - GPU-6 - DEBUG -       [After Latent Recursive] 1 tokens unmasked
2025-10-27 10:46:10,131 - GPU-6 - INFO -   [Cycle 18]
2025-10-27 10:46:10,131 - GPU-6 - DEBUG -     [Latent Recursive] Starting 1 steps of latent thinking
2025-10-27 10:46:10,177 - GPU-6 - DEBUG -       [Latent] Step 1/1
2025-10-27 10:46:10,344 - GPU-6 - DEBUG -       [After Latent Recursive] 1 tokens unmasked
2025-10-27 10:46:10,345 - GPU-6 - INFO -   [Cycle 19]
2025-10-27 10:46:10,345 - GPU-6 - DEBUG -     [Latent Recursive] Starting 1 steps of latent thinking
2025-10-27 10:46:10,390 - GPU-6 - DEBUG -       [Latent] Step 1/1
2025-10-27 10:46:10,557 - GPU-6 - DEBUG -       [After Latent Recursive] 1 tokens unmasked
2025-10-27 10:46:10,558 - GPU-6 - INFO -   [Cycle 20]
2025-10-27 10:46:10,558 - GPU-6 - DEBUG -     [Latent Recursive] Starting 1 steps of latent thinking
2025-10-27 10:46:10,604 - GPU-6 - DEBUG -       [Latent] Step 1/1
2025-10-27 10:46:10,770 - GPU-6 - DEBUG -       [After Latent Recursive] 1 tokens unmasked
2025-10-27 10:46:10,771 - GPU-6 - INFO -   [Cycle 21]
2025-10-27 10:46:10,771 - GPU-6 - DEBUG -     [Latent Recursive] Starting 1 steps of latent thinking
2025-10-27 10:46:10,817 - GPU-6 - DEBUG -       [Latent] Step 1/1
2025-10-27 10:46:10,984 - GPU-6 - DEBUG -       [After Latent Recursive] 1 tokens unmasked
2025-10-27 10:46:10,984 - GPU-6 - INFO -   [Cycle 22]
2025-10-27 10:46:10,984 - GPU-6 - DEBUG -     [Latent Recursive] Starting 1 steps of latent thinking
2025-10-27 10:46:11,030 - GPU-6 - DEBUG -       [Latent] Step 1/1
2025-10-27 10:46:11,197 - GPU-6 - DEBUG -       [After Latent Recursive] 1 tokens unmasked
2025-10-27 10:46:11,197 - GPU-6 - INFO -   [Cycle 23]
2025-10-27 10:46:11,198 - GPU-6 - DEBUG -     [Latent Recursive] Starting 1 steps of latent thinking
2025-10-27 10:46:11,243 - GPU-6 - DEBUG -       [Latent] Step 1/1
2025-10-27 10:46:11,410 - GPU-6 - DEBUG -       [After Latent Recursive] 1 tokens unmasked
2025-10-27 10:46:11,411 - GPU-6 - INFO -   [Cycle 24]
2025-10-27 10:46:11,411 - GPU-6 - DEBUG -     [Latent Recursive] Starting 1 steps of latent thinking
2025-10-27 10:46:11,456 - GPU-6 - DEBUG -       [Latent] Step 1/1
2025-10-27 10:46:11,623 - GPU-6 - DEBUG -       [After Latent Recursive] 1 tokens unmasked
2025-10-27 10:46:11,624 - GPU-6 - INFO -   [Cycle 25]
2025-10-27 10:46:11,624 - GPU-6 - DEBUG -     [Latent Recursive] Starting 1 steps of latent thinking
2025-10-27 10:46:11,669 - GPU-6 - DEBUG -       [Latent] Step 1/1
2025-10-27 10:46:11,836 - GPU-6 - DEBUG -       [After Latent Recursive] 1 tokens unmasked
2025-10-27 10:46:11,837 - GPU-6 - INFO -   [Cycle 26]
2025-10-27 10:46:11,837 - GPU-6 - DEBUG -     [Latent Recursive] Starting 1 steps of latent thinking
2025-10-27 10:46:11,883 - GPU-6 - DEBUG -       [Latent] Step 1/1
2025-10-27 10:46:12,050 - GPU-6 - DEBUG -       [After Latent Recursive] 1 tokens unmasked
2025-10-27 10:46:12,050 - GPU-6 - INFO -   [Cycle 27]
2025-10-27 10:46:12,050 - GPU-6 - DEBUG -     [Latent Recursive] Starting 1 steps of latent thinking
2025-10-27 10:46:12,096 - GPU-6 - DEBUG -       [Latent] Step 1/1
2025-10-27 10:46:12,263 - GPU-6 - DEBUG -       [After Latent Recursive] 1 tokens unmasked
2025-10-27 10:46:12,263 - GPU-6 - INFO -   [Cycle 28]
2025-10-27 10:46:12,263 - GPU-6 - DEBUG -     [Latent Recursive] Starting 1 steps of latent thinking
2025-10-27 10:46:12,309 - GPU-6 - DEBUG -       [Latent] Step 1/1
2025-10-27 10:46:12,476 - GPU-6 - DEBUG -       [After Latent Recursive] 1 tokens unmasked
2025-10-27 10:46:12,476 - GPU-6 - INFO -   [Cycle 29]
2025-10-27 10:46:12,476 - GPU-6 - DEBUG -     [Latent Recursive] Starting 1 steps of latent thinking
2025-10-27 10:46:12,522 - GPU-6 - DEBUG -       [Latent] Step 1/1
2025-10-27 10:46:12,689 - GPU-6 - DEBUG -       [After Latent Recursive] 1 tokens unmasked
2025-10-27 10:46:12,690 - GPU-6 - INFO -   [Cycle 30]
2025-10-27 10:46:12,690 - GPU-6 - DEBUG -     [Latent Recursive] Starting 1 steps of latent thinking
2025-10-27 10:46:12,736 - GPU-6 - DEBUG -       [Latent] Step 1/1
2025-10-27 10:46:12,903 - GPU-6 - DEBUG -       [After Latent Recursive] 1 tokens unmasked
2025-10-27 10:46:12,904 - GPU-6 - INFO -   [Cycle 31]
2025-10-27 10:46:12,904 - GPU-6 - DEBUG -     [Latent Recursive] Starting 1 steps of latent thinking
2025-10-27 10:46:12,949 - GPU-6 - DEBUG -       [Latent] Step 1/1
2025-10-27 10:46:13,116 - GPU-6 - DEBUG -       [After Latent Recursive] 1 tokens unmasked
2025-10-27 10:46:13,116 - GPU-6 - INFO - [Block 9/16] Processing tokens 327-359
2025-10-27 10:46:13,117 - GPU-6 - DEBUG - [Block 8] Before forward: use_cache=True, x.shape=torch.Size([1, 583])
2025-10-27 10:46:13,117 - GPU-6 - DEBUG - [Block 8] Model type: LLaDAModelLM
2025-10-27 10:46:13,117 - GPU-6 - DEBUG - [Block 8] Model config use_cache: True
2025-10-27 10:46:13,139 - GPU-6 - DEBUG - [Block 8] After forward: pkv is None? False
2025-10-27 10:46:13,139 - GPU-6 - DEBUG - [Block 8] out type: CausalLMOutputWithPast
2025-10-27 10:46:13,140 - GPU-6 - DEBUG - [Block 8] pkv type: <class 'list'>, len: 32
2025-10-27 10:46:13,140 - GPU-6 - DEBUG - [Block 8] pkv[0] type: <class 'tuple'>, len: 2
2025-10-27 10:46:13,140 - GPU-6 - DEBUG - [Block 8] pkv[0][0].shape: torch.Size([1, 32, 583, 128])
2025-10-27 10:46:13,228 - GPU-6 - INFO -   [Initial Forward] 1 tokens unmasked
2025-10-27 10:46:13,228 - GPU-6 - INFO -   [Cycle 1]
2025-10-27 10:46:13,229 - GPU-6 - DEBUG -     [Latent Recursive] Starting 1 steps of latent thinking
2025-10-27 10:46:13,275 - GPU-6 - DEBUG -       [Latent] Step 1/1
2025-10-27 10:46:13,440 - GPU-6 - DEBUG -       [After Latent Recursive] 1 tokens unmasked
2025-10-27 10:46:13,441 - GPU-6 - INFO -   [Cycle 2]
2025-10-27 10:46:13,441 - GPU-6 - DEBUG -     [Latent Recursive] Starting 1 steps of latent thinking
2025-10-27 10:46:13,487 - GPU-6 - DEBUG -       [Latent] Step 1/1
2025-10-27 10:46:13,653 - GPU-6 - DEBUG -       [After Latent Recursive] 1 tokens unmasked
2025-10-27 10:46:13,653 - GPU-6 - INFO -   [Cycle 3]
2025-10-27 10:46:13,653 - GPU-6 - DEBUG -     [Latent Recursive] Starting 1 steps of latent thinking
2025-10-27 10:46:13,699 - GPU-6 - DEBUG -       [Latent] Step 1/1
2025-10-27 10:46:13,865 - GPU-6 - DEBUG -       [After Latent Recursive] 1 tokens unmasked
2025-10-27 10:46:13,865 - GPU-6 - INFO -   [Cycle 4]
2025-10-27 10:46:13,865 - GPU-6 - DEBUG -     [Latent Recursive] Starting 1 steps of latent thinking
2025-10-27 10:46:13,911 - GPU-6 - DEBUG -       [Latent] Step 1/1
2025-10-27 10:46:14,077 - GPU-6 - DEBUG -       [After Latent Recursive] 1 tokens unmasked
2025-10-27 10:46:14,077 - GPU-6 - INFO -   [Cycle 5]
2025-10-27 10:46:14,078 - GPU-6 - DEBUG -     [Latent Recursive] Starting 1 steps of latent thinking
2025-10-27 10:46:14,123 - GPU-6 - DEBUG -       [Latent] Step 1/1
2025-10-27 10:46:14,289 - GPU-6 - DEBUG -       [After Latent Recursive] 1 tokens unmasked
2025-10-27 10:46:14,289 - GPU-6 - INFO -   [Cycle 6]
2025-10-27 10:46:14,289 - GPU-6 - DEBUG -     [Latent Recursive] Starting 1 steps of latent thinking
2025-10-27 10:46:14,335 - GPU-6 - DEBUG -       [Latent] Step 1/1
2025-10-27 10:46:14,501 - GPU-6 - DEBUG -       [After Latent Recursive] 1 tokens unmasked
2025-10-27 10:46:14,501 - GPU-6 - INFO -   [Cycle 7]
2025-10-27 10:46:14,501 - GPU-6 - DEBUG -     [Latent Recursive] Starting 1 steps of latent thinking
2025-10-27 10:46:14,547 - GPU-6 - DEBUG -       [Latent] Step 1/1
2025-10-27 10:46:14,713 - GPU-6 - DEBUG -       [After Latent Recursive] 1 tokens unmasked
2025-10-27 10:46:14,713 - GPU-6 - INFO -   [Cycle 8]
2025-10-27 10:46:14,713 - GPU-6 - DEBUG -     [Latent Recursive] Starting 1 steps of latent thinking
2025-10-27 10:46:14,759 - GPU-6 - DEBUG -       [Latent] Step 1/1
2025-10-27 10:46:14,925 - GPU-6 - DEBUG -       [After Latent Recursive] 1 tokens unmasked
2025-10-27 10:46:14,925 - GPU-6 - INFO -   [Cycle 9]
2025-10-27 10:46:14,925 - GPU-6 - DEBUG -     [Latent Recursive] Starting 1 steps of latent thinking
2025-10-27 10:46:14,970 - GPU-6 - DEBUG -       [Latent] Step 1/1
2025-10-27 10:46:15,136 - GPU-6 - DEBUG -       [After Latent Recursive] 1 tokens unmasked
2025-10-27 10:46:15,137 - GPU-6 - INFO -   [Cycle 10]
2025-10-27 10:46:15,137 - GPU-6 - DEBUG -     [Latent Recursive] Starting 1 steps of latent thinking
2025-10-27 10:46:15,182 - GPU-6 - DEBUG -       [Latent] Step 1/1
2025-10-27 10:46:15,348 - GPU-6 - DEBUG -       [After Latent Recursive] 1 tokens unmasked
2025-10-27 10:46:15,348 - GPU-6 - INFO -   [Cycle 11]
2025-10-27 10:46:15,349 - GPU-6 - DEBUG -     [Latent Recursive] Starting 1 steps of latent thinking
2025-10-27 10:46:15,394 - GPU-6 - DEBUG -       [Latent] Step 1/1
2025-10-27 10:46:15,560 - GPU-6 - DEBUG -       [After Latent Recursive] 1 tokens unmasked
2025-10-27 10:46:15,560 - GPU-6 - INFO -   [Cycle 12]
2025-10-27 10:46:15,560 - GPU-6 - DEBUG -     [Latent Recursive] Starting 1 steps of latent thinking
2025-10-27 10:46:15,606 - GPU-6 - DEBUG -       [Latent] Step 1/1
2025-10-27 10:46:15,772 - GPU-6 - DEBUG -       [After Latent Recursive] 1 tokens unmasked
2025-10-27 10:46:15,772 - GPU-6 - INFO -   [Cycle 13]
2025-10-27 10:46:15,772 - GPU-6 - DEBUG -     [Latent Recursive] Starting 1 steps of latent thinking
2025-10-27 10:46:15,818 - GPU-6 - DEBUG -       [Latent] Step 1/1
2025-10-27 10:46:15,984 - GPU-6 - DEBUG -       [After Latent Recursive] 1 tokens unmasked
2025-10-27 10:46:15,984 - GPU-6 - INFO -   [Cycle 14]
2025-10-27 10:46:15,984 - GPU-6 - DEBUG -     [Latent Recursive] Starting 1 steps of latent thinking
2025-10-27 10:46:16,030 - GPU-6 - DEBUG -       [Latent] Step 1/1
2025-10-27 10:46:16,196 - GPU-6 - DEBUG -       [After Latent Recursive] 1 tokens unmasked
2025-10-27 10:46:16,196 - GPU-6 - INFO -   [Cycle 15]
2025-10-27 10:46:16,196 - GPU-6 - DEBUG -     [Latent Recursive] Starting 1 steps of latent thinking
2025-10-27 10:46:16,242 - GPU-6 - DEBUG -       [Latent] Step 1/1
2025-10-27 10:46:16,408 - GPU-6 - DEBUG -       [After Latent Recursive] 1 tokens unmasked
2025-10-27 10:46:16,408 - GPU-6 - INFO -   [Cycle 16]
2025-10-27 10:46:16,408 - GPU-6 - DEBUG -     [Latent Recursive] Starting 1 steps of latent thinking
2025-10-27 10:46:16,454 - GPU-6 - DEBUG -       [Latent] Step 1/1
2025-10-27 10:46:16,620 - GPU-6 - DEBUG -       [After Latent Recursive] 1 tokens unmasked
2025-10-27 10:46:16,620 - GPU-6 - INFO -   [Cycle 17]
2025-10-27 10:46:16,620 - GPU-6 - DEBUG -     [Latent Recursive] Starting 1 steps of latent thinking
2025-10-27 10:46:16,666 - GPU-6 - DEBUG -       [Latent] Step 1/1
2025-10-27 10:46:16,832 - GPU-6 - DEBUG -       [After Latent Recursive] 1 tokens unmasked
2025-10-27 10:46:16,832 - GPU-6 - INFO -   [Cycle 18]
2025-10-27 10:46:16,832 - GPU-6 - DEBUG -     [Latent Recursive] Starting 1 steps of latent thinking
2025-10-27 10:46:16,878 - GPU-6 - DEBUG -       [Latent] Step 1/1
2025-10-27 10:46:17,044 - GPU-6 - DEBUG -       [After Latent Recursive] 1 tokens unmasked
2025-10-27 10:46:17,044 - GPU-6 - INFO -   [Cycle 19]
2025-10-27 10:46:17,045 - GPU-6 - DEBUG -     [Latent Recursive] Starting 1 steps of latent thinking
2025-10-27 10:46:17,090 - GPU-6 - DEBUG -       [Latent] Step 1/1
2025-10-27 10:46:17,256 - GPU-6 - DEBUG -       [After Latent Recursive] 1 tokens unmasked
2025-10-27 10:46:17,256 - GPU-6 - INFO -   [Cycle 20]
2025-10-27 10:46:17,256 - GPU-6 - DEBUG -     [Latent Recursive] Starting 1 steps of latent thinking
2025-10-27 10:46:17,302 - GPU-6 - DEBUG -       [Latent] Step 1/1
2025-10-27 10:46:17,468 - GPU-6 - DEBUG -       [After Latent Recursive] 1 tokens unmasked
2025-10-27 10:46:17,469 - GPU-6 - INFO -   [Cycle 21]
2025-10-27 10:46:17,469 - GPU-6 - DEBUG -     [Latent Recursive] Starting 1 steps of latent thinking
2025-10-27 10:46:17,514 - GPU-6 - DEBUG -       [Latent] Step 1/1
2025-10-27 10:46:17,680 - GPU-6 - DEBUG -       [After Latent Recursive] 1 tokens unmasked
2025-10-27 10:46:17,680 - GPU-6 - INFO -   [Cycle 22]
2025-10-27 10:46:17,681 - GPU-6 - DEBUG -     [Latent Recursive] Starting 1 steps of latent thinking
2025-10-27 10:46:17,726 - GPU-6 - DEBUG -       [Latent] Step 1/1
2025-10-27 10:46:17,892 - GPU-6 - DEBUG -       [After Latent Recursive] 1 tokens unmasked
2025-10-27 10:46:17,893 - GPU-6 - INFO -   [Cycle 23]
2025-10-27 10:46:17,893 - GPU-6 - DEBUG -     [Latent Recursive] Starting 1 steps of latent thinking
2025-10-27 10:46:17,939 - GPU-6 - DEBUG -       [Latent] Step 1/1
2025-10-27 10:46:18,104 - GPU-6 - DEBUG -       [After Latent Recursive] 1 tokens unmasked
2025-10-27 10:46:18,105 - GPU-6 - INFO -   [Cycle 24]
2025-10-27 10:46:18,105 - GPU-6 - DEBUG -     [Latent Recursive] Starting 1 steps of latent thinking
2025-10-27 10:46:18,150 - GPU-6 - DEBUG -       [Latent] Step 1/1
2025-10-27 10:46:18,316 - GPU-6 - DEBUG -       [After Latent Recursive] 1 tokens unmasked
2025-10-27 10:46:18,317 - GPU-6 - INFO -   [Cycle 25]
2025-10-27 10:46:18,317 - GPU-6 - DEBUG -     [Latent Recursive] Starting 1 steps of latent thinking
2025-10-27 10:46:18,363 - GPU-6 - DEBUG -       [Latent] Step 1/1
2025-10-27 10:46:18,529 - GPU-6 - DEBUG -       [After Latent Recursive] 1 tokens unmasked
2025-10-27 10:46:18,529 - GPU-6 - INFO -   [Cycle 26]
2025-10-27 10:46:18,529 - GPU-6 - DEBUG -     [Latent Recursive] Starting 1 steps of latent thinking
2025-10-27 10:46:18,575 - GPU-6 - DEBUG -       [Latent] Step 1/1
2025-10-27 10:46:18,740 - GPU-6 - DEBUG -       [After Latent Recursive] 1 tokens unmasked
2025-10-27 10:46:18,741 - GPU-6 - INFO -   [Cycle 27]
2025-10-27 10:46:18,741 - GPU-6 - DEBUG -     [Latent Recursive] Starting 1 steps of latent thinking
2025-10-27 10:46:18,786 - GPU-6 - DEBUG -       [Latent] Step 1/1
2025-10-27 10:46:18,952 - GPU-6 - DEBUG -       [After Latent Recursive] 1 tokens unmasked
2025-10-27 10:46:18,953 - GPU-6 - INFO -   [Cycle 28]
2025-10-27 10:46:18,953 - GPU-6 - DEBUG -     [Latent Recursive] Starting 1 steps of latent thinking
2025-10-27 10:46:18,999 - GPU-6 - DEBUG -       [Latent] Step 1/1
2025-10-27 10:46:19,165 - GPU-6 - DEBUG -       [After Latent Recursive] 1 tokens unmasked
2025-10-27 10:46:19,165 - GPU-6 - INFO -   [Cycle 29]
2025-10-27 10:46:19,165 - GPU-6 - DEBUG -     [Latent Recursive] Starting 1 steps of latent thinking
2025-10-27 10:46:19,211 - GPU-6 - DEBUG -       [Latent] Step 1/1
2025-10-27 10:46:19,377 - GPU-6 - DEBUG -       [After Latent Recursive] 1 tokens unmasked
2025-10-27 10:46:19,377 - GPU-6 - INFO -   [Cycle 30]
2025-10-27 10:46:19,377 - GPU-6 - DEBUG -     [Latent Recursive] Starting 1 steps of latent thinking
2025-10-27 10:46:19,423 - GPU-6 - DEBUG -       [Latent] Step 1/1
2025-10-27 10:46:19,589 - GPU-6 - DEBUG -       [After Latent Recursive] 1 tokens unmasked
2025-10-27 10:46:19,589 - GPU-6 - INFO -   [Cycle 31]
2025-10-27 10:46:19,589 - GPU-6 - DEBUG -     [Latent Recursive] Starting 1 steps of latent thinking
2025-10-27 10:46:19,635 - GPU-6 - DEBUG -       [Latent] Step 1/1
2025-10-27 10:46:19,801 - GPU-6 - DEBUG -       [After Latent Recursive] 1 tokens unmasked
2025-10-27 10:46:19,801 - GPU-6 - INFO - [Block 10/16] Processing tokens 359-391
2025-10-27 10:46:19,801 - GPU-6 - DEBUG - [Block 9] Before forward: use_cache=True, x.shape=torch.Size([1, 583])
2025-10-27 10:46:19,801 - GPU-6 - DEBUG - [Block 9] Model type: LLaDAModelLM
2025-10-27 10:46:19,802 - GPU-6 - DEBUG - [Block 9] Model config use_cache: True
2025-10-27 10:46:19,824 - GPU-6 - DEBUG - [Block 9] After forward: pkv is None? False
2025-10-27 10:46:19,824 - GPU-6 - DEBUG - [Block 9] out type: CausalLMOutputWithPast
2025-10-27 10:46:19,825 - GPU-6 - DEBUG - [Block 9] pkv type: <class 'list'>, len: 32
2025-10-27 10:46:19,825 - GPU-6 - DEBUG - [Block 9] pkv[0] type: <class 'tuple'>, len: 2
2025-10-27 10:46:19,825 - GPU-6 - DEBUG - [Block 9] pkv[0][0].shape: torch.Size([1, 32, 583, 128])
2025-10-27 10:46:19,913 - GPU-6 - INFO -   [Initial Forward] 1 tokens unmasked
2025-10-27 10:46:19,913 - GPU-6 - INFO -   [Cycle 1]
2025-10-27 10:46:19,914 - GPU-6 - DEBUG -     [Latent Recursive] Starting 1 steps of latent thinking
2025-10-27 10:46:19,960 - GPU-6 - DEBUG -       [Latent] Step 1/1
2025-10-27 10:46:20,123 - GPU-6 - DEBUG -       [After Latent Recursive] 1 tokens unmasked
2025-10-27 10:46:20,124 - GPU-6 - INFO -   [Cycle 2]
2025-10-27 10:46:20,124 - GPU-6 - DEBUG -     [Latent Recursive] Starting 1 steps of latent thinking
2025-10-27 10:46:20,170 - GPU-6 - DEBUG -       [Latent] Step 1/1
2025-10-27 10:46:20,333 - GPU-6 - DEBUG -       [After Latent Recursive] 1 tokens unmasked
2025-10-27 10:46:20,334 - GPU-6 - INFO -   [Cycle 3]
2025-10-27 10:46:20,334 - GPU-6 - DEBUG -     [Latent Recursive] Starting 1 steps of latent thinking
2025-10-27 10:46:20,379 - GPU-6 - DEBUG -       [Latent] Step 1/1
2025-10-27 10:46:20,543 - GPU-6 - DEBUG -       [After Latent Recursive] 1 tokens unmasked
2025-10-27 10:46:20,544 - GPU-6 - INFO -   [Cycle 4]
2025-10-27 10:46:20,544 - GPU-6 - DEBUG -     [Latent Recursive] Starting 1 steps of latent thinking
2025-10-27 10:46:20,590 - GPU-6 - DEBUG -       [Latent] Step 1/1
2025-10-27 10:46:20,753 - GPU-6 - DEBUG -       [After Latent Recursive] 1 tokens unmasked
2025-10-27 10:46:20,754 - GPU-6 - INFO -   [Cycle 5]
2025-10-27 10:46:20,754 - GPU-6 - DEBUG -     [Latent Recursive] Starting 1 steps of latent thinking
2025-10-27 10:46:20,799 - GPU-6 - DEBUG -       [Latent] Step 1/1
2025-10-27 10:46:20,963 - GPU-6 - DEBUG -       [After Latent Recursive] 1 tokens unmasked
2025-10-27 10:46:20,964 - GPU-6 - INFO -   [Cycle 6]
2025-10-27 10:46:20,964 - GPU-6 - DEBUG -     [Latent Recursive] Starting 1 steps of latent thinking
2025-10-27 10:46:21,010 - GPU-6 - DEBUG -       [Latent] Step 1/1
2025-10-27 10:46:21,175 - GPU-6 - DEBUG -       [After Latent Recursive] 1 tokens unmasked
2025-10-27 10:46:21,175 - GPU-6 - INFO -   [Cycle 7]
2025-10-27 10:46:21,176 - GPU-6 - DEBUG -     [Latent Recursive] Starting 1 steps of latent thinking
2025-10-27 10:46:21,222 - GPU-6 - DEBUG -       [Latent] Step 1/1
2025-10-27 10:46:21,387 - GPU-6 - DEBUG -       [After Latent Recursive] 1 tokens unmasked
2025-10-27 10:46:21,388 - GPU-6 - INFO -   [Cycle 8]
2025-10-27 10:46:21,388 - GPU-6 - DEBUG -     [Latent Recursive] Starting 1 steps of latent thinking
2025-10-27 10:46:21,434 - GPU-6 - DEBUG -       [Latent] Step 1/1
2025-10-27 10:46:21,601 - GPU-6 - DEBUG -       [After Latent Recursive] 1 tokens unmasked
2025-10-27 10:46:21,601 - GPU-6 - INFO -   [Cycle 9]
2025-10-27 10:46:21,601 - GPU-6 - DEBUG -     [Latent Recursive] Starting 1 steps of latent thinking
2025-10-27 10:46:21,647 - GPU-6 - DEBUG -       [Latent] Step 1/1
2025-10-27 10:46:21,812 - GPU-6 - DEBUG -       [After Latent Recursive] 1 tokens unmasked
2025-10-27 10:46:21,814 - GPU-6 - INFO -   [Cycle 10]
2025-10-27 10:46:21,814 - GPU-6 - DEBUG -     [Latent Recursive] Starting 1 steps of latent thinking
2025-10-27 10:46:21,860 - GPU-6 - DEBUG -       [Latent] Step 1/1
2025-10-27 10:46:22,026 - GPU-6 - DEBUG -       [After Latent Recursive] 1 tokens unmasked
2025-10-27 10:46:22,027 - GPU-6 - INFO -   [Cycle 11]
2025-10-27 10:46:22,027 - GPU-6 - DEBUG -     [Latent Recursive] Starting 1 steps of latent thinking
2025-10-27 10:46:22,072 - GPU-6 - DEBUG -       [Latent] Step 1/1
2025-10-27 10:46:22,236 - GPU-6 - DEBUG -       [After Latent Recursive] 1 tokens unmasked
2025-10-27 10:46:22,236 - GPU-6 - INFO -   [Cycle 12]
2025-10-27 10:46:22,236 - GPU-6 - DEBUG -     [Latent Recursive] Starting 1 steps of latent thinking
2025-10-27 10:46:22,282 - GPU-6 - DEBUG -       [Latent] Step 1/1
2025-10-27 10:46:22,446 - GPU-6 - DEBUG -       [After Latent Recursive] 1 tokens unmasked
2025-10-27 10:46:22,446 - GPU-6 - INFO -   [Cycle 13]
2025-10-27 10:46:22,446 - GPU-6 - DEBUG -     [Latent Recursive] Starting 1 steps of latent thinking
2025-10-27 10:46:22,492 - GPU-6 - DEBUG -       [Latent] Step 1/1
2025-10-27 10:46:22,656 - GPU-6 - DEBUG -       [After Latent Recursive] 1 tokens unmasked
2025-10-27 10:46:22,656 - GPU-6 - INFO -   [Cycle 14]
2025-10-27 10:46:22,656 - GPU-6 - DEBUG -     [Latent Recursive] Starting 1 steps of latent thinking
2025-10-27 10:46:22,702 - GPU-6 - DEBUG -       [Latent] Step 1/1
2025-10-27 10:46:22,865 - GPU-6 - DEBUG -       [After Latent Recursive] 1 tokens unmasked
2025-10-27 10:46:22,866 - GPU-6 - INFO -   [Cycle 15]
2025-10-27 10:46:22,866 - GPU-6 - DEBUG -     [Latent Recursive] Starting 1 steps of latent thinking
2025-10-27 10:46:22,912 - GPU-6 - DEBUG -       [Latent] Step 1/1
2025-10-27 10:46:23,075 - GPU-6 - DEBUG -       [After Latent Recursive] 1 tokens unmasked
2025-10-27 10:46:23,076 - GPU-6 - INFO -   [Cycle 16]
2025-10-27 10:46:23,076 - GPU-6 - DEBUG -     [Latent Recursive] Starting 1 steps of latent thinking
2025-10-27 10:46:23,122 - GPU-6 - DEBUG -       [Latent] Step 1/1
2025-10-27 10:46:23,286 - GPU-6 - DEBUG -       [After Latent Recursive] 1 tokens unmasked
2025-10-27 10:46:23,286 - GPU-6 - INFO -   [Cycle 17]
2025-10-27 10:46:23,286 - GPU-6 - DEBUG -     [Latent Recursive] Starting 1 steps of latent thinking
2025-10-27 10:46:23,332 - GPU-6 - DEBUG -       [Latent] Step 1/1
2025-10-27 10:46:23,496 - GPU-6 - DEBUG -       [After Latent Recursive] 1 tokens unmasked
2025-10-27 10:46:23,496 - GPU-6 - INFO -   [Cycle 18]
2025-10-27 10:46:23,496 - GPU-6 - DEBUG -     [Latent Recursive] Starting 1 steps of latent thinking
2025-10-27 10:46:23,542 - GPU-6 - DEBUG -       [Latent] Step 1/1
2025-10-27 10:46:23,706 - GPU-6 - DEBUG -       [After Latent Recursive] 1 tokens unmasked
2025-10-27 10:46:23,706 - GPU-6 - INFO -   [Cycle 19]
2025-10-27 10:46:23,706 - GPU-6 - DEBUG -     [Latent Recursive] Starting 1 steps of latent thinking
2025-10-27 10:46:23,752 - GPU-6 - DEBUG -       [Latent] Step 1/1
2025-10-27 10:46:23,916 - GPU-6 - DEBUG -       [After Latent Recursive] 1 tokens unmasked
2025-10-27 10:46:23,916 - GPU-6 - INFO -   [Cycle 20]
2025-10-27 10:46:23,916 - GPU-6 - DEBUG -     [Latent Recursive] Starting 1 steps of latent thinking
2025-10-27 10:46:23,962 - GPU-6 - DEBUG -       [Latent] Step 1/1
2025-10-27 10:46:24,125 - GPU-6 - DEBUG -       [After Latent Recursive] 1 tokens unmasked
2025-10-27 10:46:24,126 - GPU-6 - INFO -   [Cycle 21]
2025-10-27 10:46:24,126 - GPU-6 - DEBUG -     [Latent Recursive] Starting 1 steps of latent thinking
2025-10-27 10:46:24,171 - GPU-6 - DEBUG -       [Latent] Step 1/1
2025-10-27 10:46:24,336 - GPU-6 - DEBUG -       [After Latent Recursive] 1 tokens unmasked
2025-10-27 10:46:24,337 - GPU-6 - INFO -   [Cycle 22]
2025-10-27 10:46:24,337 - GPU-6 - DEBUG -     [Latent Recursive] Starting 1 steps of latent thinking
2025-10-27 10:46:24,382 - GPU-6 - DEBUG -       [Latent] Step 1/1
2025-10-27 10:46:24,549 - GPU-6 - DEBUG -       [After Latent Recursive] 1 tokens unmasked
2025-10-27 10:46:24,550 - GPU-6 - INFO -   [Cycle 23]
2025-10-27 10:46:24,550 - GPU-6 - DEBUG -     [Latent Recursive] Starting 1 steps of latent thinking
2025-10-27 10:46:24,595 - GPU-6 - DEBUG -       [Latent] Step 1/1
2025-10-27 10:46:24,760 - GPU-6 - DEBUG -       [After Latent Recursive] 1 tokens unmasked
2025-10-27 10:46:24,761 - GPU-6 - INFO -   [Cycle 24]
2025-10-27 10:46:24,761 - GPU-6 - DEBUG -     [Latent Recursive] Starting 1 steps of latent thinking
2025-10-27 10:46:24,807 - GPU-6 - DEBUG -       [Latent] Step 1/1
2025-10-27 10:46:24,973 - GPU-6 - DEBUG -       [After Latent Recursive] 1 tokens unmasked
2025-10-27 10:46:24,975 - GPU-6 - INFO -   [Cycle 25]
2025-10-27 10:46:24,976 - GPU-6 - DEBUG -     [Latent Recursive] Starting 1 steps of latent thinking
2025-10-27 10:46:25,021 - GPU-6 - DEBUG -       [Latent] Step 1/1
2025-10-27 10:46:25,188 - GPU-6 - DEBUG -       [After Latent Recursive] 1 tokens unmasked
2025-10-27 10:46:25,189 - GPU-6 - INFO -   [Cycle 26]
2025-10-27 10:46:25,189 - GPU-6 - DEBUG -     [Latent Recursive] Starting 1 steps of latent thinking
2025-10-27 10:46:25,234 - GPU-6 - DEBUG -       [Latent] Step 1/1
2025-10-27 10:46:25,398 - GPU-6 - DEBUG -       [After Latent Recursive] 1 tokens unmasked
2025-10-27 10:46:25,399 - GPU-6 - INFO -   [Cycle 27]
2025-10-27 10:46:25,399 - GPU-6 - DEBUG -     [Latent Recursive] Starting 1 steps of latent thinking
2025-10-27 10:46:25,444 - GPU-6 - DEBUG -       [Latent] Step 1/1
2025-10-27 10:46:25,608 - GPU-6 - DEBUG -       [After Latent Recursive] 1 tokens unmasked
2025-10-27 10:46:25,609 - GPU-6 - INFO -   [Cycle 28]
2025-10-27 10:46:25,609 - GPU-6 - DEBUG -     [Latent Recursive] Starting 1 steps of latent thinking
2025-10-27 10:46:25,654 - GPU-6 - DEBUG -       [Latent] Step 1/1
2025-10-27 10:46:25,818 - GPU-6 - DEBUG -       [After Latent Recursive] 1 tokens unmasked
2025-10-27 10:46:25,819 - GPU-6 - INFO -   [Cycle 29]
2025-10-27 10:46:25,819 - GPU-6 - DEBUG -     [Latent Recursive] Starting 1 steps of latent thinking
2025-10-27 10:46:25,864 - GPU-6 - DEBUG -       [Latent] Step 1/1
2025-10-27 10:46:26,028 - GPU-6 - DEBUG -       [After Latent Recursive] 1 tokens unmasked
2025-10-27 10:46:26,028 - GPU-6 - INFO -   [Cycle 30]
2025-10-27 10:46:26,029 - GPU-6 - DEBUG -     [Latent Recursive] Starting 1 steps of latent thinking
2025-10-27 10:46:26,074 - GPU-6 - DEBUG -       [Latent] Step 1/1
2025-10-27 10:46:26,238 - GPU-6 - DEBUG -       [After Latent Recursive] 1 tokens unmasked
2025-10-27 10:46:26,238 - GPU-6 - INFO -   [Cycle 31]
2025-10-27 10:46:26,238 - GPU-6 - DEBUG -     [Latent Recursive] Starting 1 steps of latent thinking
2025-10-27 10:46:26,284 - GPU-6 - DEBUG -       [Latent] Step 1/1
2025-10-27 10:46:26,448 - GPU-6 - DEBUG -       [After Latent Recursive] 1 tokens unmasked
2025-10-27 10:46:26,448 - GPU-6 - INFO - [Block 11/16] Processing tokens 391-423
2025-10-27 10:46:26,448 - GPU-6 - DEBUG - [Block 10] Before forward: use_cache=True, x.shape=torch.Size([1, 583])
2025-10-27 10:46:26,448 - GPU-6 - DEBUG - [Block 10] Model type: LLaDAModelLM
2025-10-27 10:46:26,448 - GPU-6 - DEBUG - [Block 10] Model config use_cache: True
2025-10-27 10:46:26,471 - GPU-6 - DEBUG - [Block 10] After forward: pkv is None? False
2025-10-27 10:46:26,471 - GPU-6 - DEBUG - [Block 10] out type: CausalLMOutputWithPast
2025-10-27 10:46:26,471 - GPU-6 - DEBUG - [Block 10] pkv type: <class 'list'>, len: 32
2025-10-27 10:46:26,471 - GPU-6 - DEBUG - [Block 10] pkv[0] type: <class 'tuple'>, len: 2
2025-10-27 10:46:26,472 - GPU-6 - DEBUG - [Block 10] pkv[0][0].shape: torch.Size([1, 32, 583, 128])
2025-10-27 10:46:26,560 - GPU-6 - INFO -   [Initial Forward] 1 tokens unmasked
2025-10-27 10:46:26,560 - GPU-6 - INFO -   [Cycle 1]
2025-10-27 10:46:26,560 - GPU-6 - DEBUG -     [Latent Recursive] Starting 1 steps of latent thinking
2025-10-27 10:46:26,606 - GPU-6 - DEBUG -       [Latent] Step 1/1
2025-10-27 10:46:26,769 - GPU-6 - DEBUG -       [After Latent Recursive] 1 tokens unmasked
2025-10-27 10:46:26,770 - GPU-6 - INFO -   [Cycle 2]
2025-10-27 10:46:26,770 - GPU-6 - DEBUG -     [Latent Recursive] Starting 1 steps of latent thinking
2025-10-27 10:46:26,816 - GPU-6 - DEBUG -       [Latent] Step 1/1
2025-10-27 10:46:26,979 - GPU-6 - DEBUG -       [After Latent Recursive] 1 tokens unmasked
2025-10-27 10:46:26,979 - GPU-6 - INFO -   [Cycle 3]
2025-10-27 10:46:26,979 - GPU-6 - DEBUG -     [Latent Recursive] Starting 1 steps of latent thinking
2025-10-27 10:46:27,025 - GPU-6 - DEBUG -       [Latent] Step 1/1
2025-10-27 10:46:27,188 - GPU-6 - DEBUG -       [After Latent Recursive] 1 tokens unmasked
2025-10-27 10:46:27,189 - GPU-6 - INFO -   [Cycle 4]
2025-10-27 10:46:27,189 - GPU-6 - DEBUG -     [Latent Recursive] Starting 1 steps of latent thinking
2025-10-27 10:46:27,234 - GPU-6 - DEBUG -       [Latent] Step 1/1
2025-10-27 10:46:27,398 - GPU-6 - DEBUG -       [After Latent Recursive] 1 tokens unmasked
2025-10-27 10:46:27,398 - GPU-6 - INFO -   [Cycle 5]
2025-10-27 10:46:27,398 - GPU-6 - DEBUG -     [Latent Recursive] Starting 1 steps of latent thinking
2025-10-27 10:46:27,444 - GPU-6 - DEBUG -       [Latent] Step 1/1
2025-10-27 10:46:27,607 - GPU-6 - DEBUG -       [After Latent Recursive] 1 tokens unmasked
2025-10-27 10:46:27,607 - GPU-6 - INFO -   [Cycle 6]
2025-10-27 10:46:27,607 - GPU-6 - DEBUG -     [Latent Recursive] Starting 1 steps of latent thinking
2025-10-27 10:46:27,653 - GPU-6 - DEBUG -       [Latent] Step 1/1
2025-10-27 10:46:27,816 - GPU-6 - DEBUG -       [After Latent Recursive] 1 tokens unmasked
2025-10-27 10:46:27,816 - GPU-6 - INFO -   [Cycle 7]
2025-10-27 10:46:27,816 - GPU-6 - DEBUG -     [Latent Recursive] Starting 1 steps of latent thinking
2025-10-27 10:46:27,862 - GPU-6 - DEBUG -       [Latent] Step 1/1
2025-10-27 10:46:28,025 - GPU-6 - DEBUG -       [After Latent Recursive] 1 tokens unmasked
2025-10-27 10:46:28,025 - GPU-6 - INFO -   [Cycle 8]
2025-10-27 10:46:28,025 - GPU-6 - DEBUG -     [Latent Recursive] Starting 1 steps of latent thinking
2025-10-27 10:46:28,071 - GPU-6 - DEBUG -       [Latent] Step 1/1
2025-10-27 10:46:28,234 - GPU-6 - DEBUG -       [After Latent Recursive] 1 tokens unmasked
2025-10-27 10:46:28,234 - GPU-6 - INFO -   [Cycle 9]
2025-10-27 10:46:28,235 - GPU-6 - DEBUG -     [Latent Recursive] Starting 1 steps of latent thinking
2025-10-27 10:46:28,280 - GPU-6 - DEBUG -       [Latent] Step 1/1
2025-10-27 10:46:28,443 - GPU-6 - DEBUG -       [After Latent Recursive] 1 tokens unmasked
2025-10-27 10:46:28,443 - GPU-6 - INFO -   [Cycle 10]
2025-10-27 10:46:28,443 - GPU-6 - DEBUG -     [Latent Recursive] Starting 1 steps of latent thinking
2025-10-27 10:46:28,489 - GPU-6 - DEBUG -       [Latent] Step 1/1
2025-10-27 10:46:28,652 - GPU-6 - DEBUG -       [After Latent Recursive] 1 tokens unmasked
2025-10-27 10:46:28,652 - GPU-6 - INFO -   [Cycle 11]
2025-10-27 10:46:28,653 - GPU-6 - DEBUG -     [Latent Recursive] Starting 1 steps of latent thinking
2025-10-27 10:46:28,698 - GPU-6 - DEBUG -       [Latent] Step 1/1
2025-10-27 10:46:28,861 - GPU-6 - DEBUG -       [After Latent Recursive] 1 tokens unmasked
2025-10-27 10:46:28,862 - GPU-6 - INFO -   [Cycle 12]
2025-10-27 10:46:28,862 - GPU-6 - DEBUG -     [Latent Recursive] Starting 1 steps of latent thinking
2025-10-27 10:46:28,908 - GPU-6 - DEBUG -       [Latent] Step 1/1
2025-10-27 10:46:29,070 - GPU-6 - DEBUG -       [After Latent Recursive] 1 tokens unmasked
2025-10-27 10:46:29,071 - GPU-6 - INFO -   [Cycle 13]
2025-10-27 10:46:29,071 - GPU-6 - DEBUG -     [Latent Recursive] Starting 1 steps of latent thinking
2025-10-27 10:46:29,117 - GPU-6 - DEBUG -       [Latent] Step 1/1
2025-10-27 10:46:29,279 - GPU-6 - DEBUG -       [After Latent Recursive] 1 tokens unmasked
2025-10-27 10:46:29,280 - GPU-6 - INFO -   [Cycle 14]
2025-10-27 10:46:29,280 - GPU-6 - DEBUG -     [Latent Recursive] Starting 1 steps of latent thinking
2025-10-27 10:46:29,326 - GPU-6 - DEBUG -       [Latent] Step 1/1
2025-10-27 10:46:29,489 - GPU-6 - DEBUG -       [After Latent Recursive] 1 tokens unmasked
2025-10-27 10:46:29,489 - GPU-6 - INFO -   [Cycle 15]
2025-10-27 10:46:29,489 - GPU-6 - DEBUG -     [Latent Recursive] Starting 1 steps of latent thinking
2025-10-27 10:46:29,535 - GPU-6 - DEBUG -       [Latent] Step 1/1
2025-10-27 10:46:29,698 - GPU-6 - DEBUG -       [After Latent Recursive] 1 tokens unmasked
2025-10-27 10:46:29,698 - GPU-6 - INFO -   [Cycle 16]
2025-10-27 10:46:29,698 - GPU-6 - DEBUG -     [Latent Recursive] Starting 1 steps of latent thinking
2025-10-27 10:46:29,744 - GPU-6 - DEBUG -       [Latent] Step 1/1
2025-10-27 10:46:29,907 - GPU-6 - DEBUG -       [After Latent Recursive] 1 tokens unmasked
2025-10-27 10:46:29,907 - GPU-6 - INFO -   [Cycle 17]
2025-10-27 10:46:29,907 - GPU-6 - DEBUG -     [Latent Recursive] Starting 1 steps of latent thinking
2025-10-27 10:46:29,953 - GPU-6 - DEBUG -       [Latent] Step 1/1
2025-10-27 10:46:30,116 - GPU-6 - DEBUG -       [After Latent Recursive] 1 tokens unmasked
2025-10-27 10:46:30,116 - GPU-6 - INFO -   [Cycle 18]
2025-10-27 10:46:30,117 - GPU-6 - DEBUG -     [Latent Recursive] Starting 1 steps of latent thinking
2025-10-27 10:46:30,162 - GPU-6 - DEBUG -       [Latent] Step 1/1
2025-10-27 10:46:30,325 - GPU-6 - DEBUG -       [After Latent Recursive] 1 tokens unmasked
2025-10-27 10:46:30,326 - GPU-6 - INFO -   [Cycle 19]
2025-10-27 10:46:30,326 - GPU-6 - DEBUG -     [Latent Recursive] Starting 1 steps of latent thinking
2025-10-27 10:46:30,371 - GPU-6 - DEBUG -       [Latent] Step 1/1
2025-10-27 10:46:30,534 - GPU-6 - DEBUG -       [After Latent Recursive] 1 tokens unmasked
2025-10-27 10:46:30,534 - GPU-6 - INFO -   [Cycle 20]
2025-10-27 10:46:30,535 - GPU-6 - DEBUG -     [Latent Recursive] Starting 1 steps of latent thinking
2025-10-27 10:46:30,580 - GPU-6 - DEBUG -       [Latent] Step 1/1
2025-10-27 10:46:30,744 - GPU-6 - DEBUG -       [After Latent Recursive] 1 tokens unmasked
2025-10-27 10:46:30,744 - GPU-6 - INFO -   [Cycle 21]
2025-10-27 10:46:30,744 - GPU-6 - DEBUG -     [Latent Recursive] Starting 1 steps of latent thinking
2025-10-27 10:46:30,790 - GPU-6 - DEBUG -       [Latent] Step 1/1
2025-10-27 10:46:30,952 - GPU-6 - DEBUG -       [After Latent Recursive] 1 tokens unmasked
2025-10-27 10:46:30,953 - GPU-6 - INFO -   [Cycle 22]
2025-10-27 10:46:30,953 - GPU-6 - DEBUG -     [Latent Recursive] Starting 1 steps of latent thinking
2025-10-27 10:46:30,999 - GPU-6 - DEBUG -       [Latent] Step 1/1
2025-10-27 10:46:31,162 - GPU-6 - DEBUG -       [After Latent Recursive] 1 tokens unmasked
2025-10-27 10:46:31,162 - GPU-6 - INFO -   [Cycle 23]
2025-10-27 10:46:31,162 - GPU-6 - DEBUG -     [Latent Recursive] Starting 1 steps of latent thinking
2025-10-27 10:46:31,208 - GPU-6 - DEBUG -       [Latent] Step 1/1
2025-10-27 10:46:31,370 - GPU-6 - DEBUG -       [After Latent Recursive] 1 tokens unmasked
2025-10-27 10:46:31,371 - GPU-6 - INFO -   [Cycle 24]
2025-10-27 10:46:31,371 - GPU-6 - DEBUG -     [Latent Recursive] Starting 1 steps of latent thinking
2025-10-27 10:46:31,417 - GPU-6 - DEBUG -       [Latent] Step 1/1
2025-10-27 10:46:31,580 - GPU-6 - DEBUG -       [After Latent Recursive] 1 tokens unmasked
2025-10-27 10:46:31,580 - GPU-6 - INFO -   [Cycle 25]
2025-10-27 10:46:31,580 - GPU-6 - DEBUG -     [Latent Recursive] Starting 1 steps of latent thinking
2025-10-27 10:46:31,626 - GPU-6 - DEBUG -       [Latent] Step 1/1
2025-10-27 10:46:31,789 - GPU-6 - DEBUG -       [After Latent Recursive] 1 tokens unmasked
2025-10-27 10:46:31,789 - GPU-6 - INFO -   [Cycle 26]
2025-10-27 10:46:31,789 - GPU-6 - DEBUG -     [Latent Recursive] Starting 1 steps of latent thinking
2025-10-27 10:46:31,835 - GPU-6 - DEBUG -       [Latent] Step 1/1
2025-10-27 10:46:31,998 - GPU-6 - DEBUG -       [After Latent Recursive] 1 tokens unmasked
2025-10-27 10:46:31,999 - GPU-6 - INFO -   [Cycle 27]
2025-10-27 10:46:31,999 - GPU-6 - DEBUG -     [Latent Recursive] Starting 1 steps of latent thinking
2025-10-27 10:46:32,044 - GPU-6 - DEBUG -       [Latent] Step 1/1
2025-10-27 10:46:32,207 - GPU-6 - DEBUG -       [After Latent Recursive] 1 tokens unmasked
2025-10-27 10:46:32,208 - GPU-6 - INFO -   [Cycle 28]
2025-10-27 10:46:32,208 - GPU-6 - DEBUG -     [Latent Recursive] Starting 1 steps of latent thinking
2025-10-27 10:46:32,253 - GPU-6 - DEBUG -       [Latent] Step 1/1
2025-10-27 10:46:32,417 - GPU-6 - DEBUG -       [After Latent Recursive] 1 tokens unmasked
2025-10-27 10:46:32,417 - GPU-6 - INFO -   [Cycle 29]
2025-10-27 10:46:32,417 - GPU-6 - DEBUG -     [Latent Recursive] Starting 1 steps of latent thinking
2025-10-27 10:46:32,462 - GPU-6 - DEBUG -       [Latent] Step 1/1
2025-10-27 10:46:32,625 - GPU-6 - DEBUG -       [After Latent Recursive] 1 tokens unmasked
2025-10-27 10:46:32,626 - GPU-6 - INFO -   [Cycle 30]
2025-10-27 10:46:32,626 - GPU-6 - DEBUG -     [Latent Recursive] Starting 1 steps of latent thinking
2025-10-27 10:46:32,672 - GPU-6 - DEBUG -       [Latent] Step 1/1
2025-10-27 10:46:32,835 - GPU-6 - DEBUG -       [After Latent Recursive] 1 tokens unmasked
2025-10-27 10:46:32,835 - GPU-6 - INFO -   [Cycle 31]
2025-10-27 10:46:32,835 - GPU-6 - DEBUG -     [Latent Recursive] Starting 1 steps of latent thinking
2025-10-27 10:46:32,881 - GPU-6 - DEBUG -       [Latent] Step 1/1
2025-10-27 10:46:33,043 - GPU-6 - DEBUG -       [After Latent Recursive] 1 tokens unmasked
2025-10-27 10:46:33,044 - GPU-6 - INFO - [Block 12/16] Processing tokens 423-455
2025-10-27 10:46:33,044 - GPU-6 - DEBUG - [Block 11] Before forward: use_cache=True, x.shape=torch.Size([1, 583])
2025-10-27 10:46:33,044 - GPU-6 - DEBUG - [Block 11] Model type: LLaDAModelLM
2025-10-27 10:46:33,044 - GPU-6 - DEBUG - [Block 11] Model config use_cache: True
2025-10-27 10:46:33,067 - GPU-6 - DEBUG - [Block 11] After forward: pkv is None? False
2025-10-27 10:46:33,067 - GPU-6 - DEBUG - [Block 11] out type: CausalLMOutputWithPast
2025-10-27 10:46:33,067 - GPU-6 - DEBUG - [Block 11] pkv type: <class 'list'>, len: 32
2025-10-27 10:46:33,067 - GPU-6 - DEBUG - [Block 11] pkv[0] type: <class 'tuple'>, len: 2
2025-10-27 10:46:33,067 - GPU-6 - DEBUG - [Block 11] pkv[0][0].shape: torch.Size([1, 32, 583, 128])
2025-10-27 10:46:33,156 - GPU-6 - INFO -   [Initial Forward] 1 tokens unmasked
2025-10-27 10:46:33,156 - GPU-6 - INFO -   [Cycle 1]
2025-10-27 10:46:33,156 - GPU-6 - DEBUG -     [Latent Recursive] Starting 1 steps of latent thinking
2025-10-27 10:46:33,202 - GPU-6 - DEBUG -       [Latent] Step 1/1
2025-10-27 10:46:33,364 - GPU-6 - DEBUG -       [After Latent Recursive] 1 tokens unmasked
2025-10-27 10:46:33,365 - GPU-6 - INFO -   [Cycle 2]
2025-10-27 10:46:33,365 - GPU-6 - DEBUG -     [Latent Recursive] Starting 1 steps of latent thinking
2025-10-27 10:46:33,411 - GPU-6 - DEBUG -       [Latent] Step 1/1
2025-10-27 10:46:33,573 - GPU-6 - DEBUG -       [After Latent Recursive] 1 tokens unmasked
2025-10-27 10:46:33,573 - GPU-6 - INFO -   [Cycle 3]
2025-10-27 10:46:33,573 - GPU-6 - DEBUG -     [Latent Recursive] Starting 1 steps of latent thinking
2025-10-27 10:46:33,619 - GPU-6 - DEBUG -       [Latent] Step 1/1
2025-10-27 10:46:33,781 - GPU-6 - DEBUG -       [After Latent Recursive] 1 tokens unmasked
2025-10-27 10:46:33,781 - GPU-6 - INFO -   [Cycle 4]
2025-10-27 10:46:33,781 - GPU-6 - DEBUG -     [Latent Recursive] Starting 1 steps of latent thinking
2025-10-27 10:46:33,827 - GPU-6 - DEBUG -       [Latent] Step 1/1
2025-10-27 10:46:33,989 - GPU-6 - DEBUG -       [After Latent Recursive] 1 tokens unmasked
2025-10-27 10:46:33,990 - GPU-6 - INFO -   [Cycle 5]
2025-10-27 10:46:33,990 - GPU-6 - DEBUG -     [Latent Recursive] Starting 1 steps of latent thinking
2025-10-27 10:46:34,035 - GPU-6 - DEBUG -       [Latent] Step 1/1
2025-10-27 10:46:34,198 - GPU-6 - DEBUG -       [After Latent Recursive] 1 tokens unmasked
2025-10-27 10:46:34,198 - GPU-6 - INFO -   [Cycle 6]
2025-10-27 10:46:34,198 - GPU-6 - DEBUG -     [Latent Recursive] Starting 1 steps of latent thinking
2025-10-27 10:46:34,244 - GPU-6 - DEBUG -       [Latent] Step 1/1
2025-10-27 10:46:34,406 - GPU-6 - DEBUG -       [After Latent Recursive] 1 tokens unmasked
2025-10-27 10:46:34,406 - GPU-6 - INFO -   [Cycle 7]
2025-10-27 10:46:34,406 - GPU-6 - DEBUG -     [Latent Recursive] Starting 1 steps of latent thinking
2025-10-27 10:46:34,452 - GPU-6 - DEBUG -       [Latent] Step 1/1
2025-10-27 10:46:34,614 - GPU-6 - DEBUG -       [After Latent Recursive] 1 tokens unmasked
2025-10-27 10:46:34,614 - GPU-6 - INFO -   [Cycle 8]
2025-10-27 10:46:34,615 - GPU-6 - DEBUG -     [Latent Recursive] Starting 1 steps of latent thinking
2025-10-27 10:46:34,660 - GPU-6 - DEBUG -       [Latent] Step 1/1
2025-10-27 10:46:34,822 - GPU-6 - DEBUG -       [After Latent Recursive] 1 tokens unmasked
2025-10-27 10:46:34,823 - GPU-6 - INFO -   [Cycle 9]
2025-10-27 10:46:34,823 - GPU-6 - DEBUG -     [Latent Recursive] Starting 1 steps of latent thinking
2025-10-27 10:46:34,869 - GPU-6 - DEBUG -       [Latent] Step 1/1
2025-10-27 10:46:35,031 - GPU-6 - DEBUG -       [After Latent Recursive] 1 tokens unmasked
2025-10-27 10:46:35,031 - GPU-6 - INFO -   [Cycle 10]
2025-10-27 10:46:35,031 - GPU-6 - DEBUG -     [Latent Recursive] Starting 1 steps of latent thinking
2025-10-27 10:46:35,077 - GPU-6 - DEBUG -       [Latent] Step 1/1
2025-10-27 10:46:35,239 - GPU-6 - DEBUG -       [After Latent Recursive] 1 tokens unmasked
2025-10-27 10:46:35,239 - GPU-6 - INFO -   [Cycle 11]
2025-10-27 10:46:35,240 - GPU-6 - DEBUG -     [Latent Recursive] Starting 1 steps of latent thinking
2025-10-27 10:46:35,285 - GPU-6 - DEBUG -       [Latent] Step 1/1
2025-10-27 10:46:35,447 - GPU-6 - DEBUG -       [After Latent Recursive] 1 tokens unmasked
2025-10-27 10:46:35,447 - GPU-6 - INFO -   [Cycle 12]
2025-10-27 10:46:35,448 - GPU-6 - DEBUG -     [Latent Recursive] Starting 1 steps of latent thinking
2025-10-27 10:46:35,493 - GPU-6 - DEBUG -       [Latent] Step 1/1
2025-10-27 10:46:35,655 - GPU-6 - DEBUG -       [After Latent Recursive] 1 tokens unmasked
2025-10-27 10:46:35,656 - GPU-6 - INFO -   [Cycle 13]
2025-10-27 10:46:35,656 - GPU-6 - DEBUG -     [Latent Recursive] Starting 1 steps of latent thinking
2025-10-27 10:46:35,701 - GPU-6 - DEBUG -       [Latent] Step 1/1
2025-10-27 10:46:35,863 - GPU-6 - DEBUG -       [After Latent Recursive] 1 tokens unmasked
2025-10-27 10:46:35,864 - GPU-6 - INFO -   [Cycle 14]
2025-10-27 10:46:35,864 - GPU-6 - DEBUG -     [Latent Recursive] Starting 1 steps of latent thinking
2025-10-27 10:46:35,910 - GPU-6 - DEBUG -       [Latent] Step 1/1
2025-10-27 10:46:36,072 - GPU-6 - DEBUG -       [After Latent Recursive] 1 tokens unmasked
2025-10-27 10:46:36,072 - GPU-6 - INFO -   [Cycle 15]
2025-10-27 10:46:36,072 - GPU-6 - DEBUG -     [Latent Recursive] Starting 1 steps of latent thinking
2025-10-27 10:46:36,118 - GPU-6 - DEBUG -       [Latent] Step 1/1
2025-10-27 10:46:36,279 - GPU-6 - DEBUG -       [After Latent Recursive] 1 tokens unmasked
2025-10-27 10:46:36,280 - GPU-6 - INFO -   [Cycle 16]
2025-10-27 10:46:36,280 - GPU-6 - DEBUG -     [Latent Recursive] Starting 1 steps of latent thinking
2025-10-27 10:46:36,326 - GPU-6 - DEBUG -       [Latent] Step 1/1
2025-10-27 10:46:36,488 - GPU-6 - DEBUG -       [After Latent Recursive] 1 tokens unmasked
2025-10-27 10:46:36,488 - GPU-6 - INFO -   [Cycle 17]
2025-10-27 10:46:36,488 - GPU-6 - DEBUG -     [Latent Recursive] Starting 1 steps of latent thinking
2025-10-27 10:46:36,534 - GPU-6 - DEBUG -       [Latent] Step 1/1
2025-10-27 10:46:36,696 - GPU-6 - DEBUG -       [After Latent Recursive] 1 tokens unmasked
2025-10-27 10:46:36,697 - GPU-6 - INFO -   [Cycle 18]
2025-10-27 10:46:36,697 - GPU-6 - DEBUG -     [Latent Recursive] Starting 1 steps of latent thinking
2025-10-27 10:46:36,743 - GPU-6 - DEBUG -       [Latent] Step 1/1
2025-10-27 10:46:36,905 - GPU-6 - DEBUG -       [After Latent Recursive] 1 tokens unmasked
2025-10-27 10:46:36,905 - GPU-6 - INFO -   [Cycle 19]
2025-10-27 10:46:36,905 - GPU-6 - DEBUG -     [Latent Recursive] Starting 1 steps of latent thinking
2025-10-27 10:46:36,951 - GPU-6 - DEBUG -       [Latent] Step 1/1
2025-10-27 10:46:37,113 - GPU-6 - DEBUG -       [After Latent Recursive] 1 tokens unmasked
2025-10-27 10:46:37,113 - GPU-6 - INFO -   [Cycle 20]
2025-10-27 10:46:37,113 - GPU-6 - DEBUG -     [Latent Recursive] Starting 1 steps of latent thinking
2025-10-27 10:46:37,159 - GPU-6 - DEBUG -       [Latent] Step 1/1
2025-10-27 10:46:37,321 - GPU-6 - DEBUG -       [After Latent Recursive] 1 tokens unmasked
2025-10-27 10:46:37,322 - GPU-6 - INFO -   [Cycle 21]
2025-10-27 10:46:37,322 - GPU-6 - DEBUG -     [Latent Recursive] Starting 1 steps of latent thinking
2025-10-27 10:46:37,367 - GPU-6 - DEBUG -       [Latent] Step 1/1
2025-10-27 10:46:37,529 - GPU-6 - DEBUG -       [After Latent Recursive] 1 tokens unmasked
2025-10-27 10:46:37,530 - GPU-6 - INFO -   [Cycle 22]
2025-10-27 10:46:37,530 - GPU-6 - DEBUG -     [Latent Recursive] Starting 1 steps of latent thinking
2025-10-27 10:46:37,576 - GPU-6 - DEBUG -       [Latent] Step 1/1
2025-10-27 10:46:37,738 - GPU-6 - DEBUG -       [After Latent Recursive] 1 tokens unmasked
2025-10-27 10:46:37,738 - GPU-6 - INFO -   [Cycle 23]
2025-10-27 10:46:37,738 - GPU-6 - DEBUG -     [Latent Recursive] Starting 1 steps of latent thinking
2025-10-27 10:46:37,784 - GPU-6 - DEBUG -       [Latent] Step 1/1
2025-10-27 10:46:37,946 - GPU-6 - DEBUG -       [After Latent Recursive] 1 tokens unmasked
2025-10-27 10:46:37,946 - GPU-6 - INFO -   [Cycle 24]
2025-10-27 10:46:37,946 - GPU-6 - DEBUG -     [Latent Recursive] Starting 1 steps of latent thinking
2025-10-27 10:46:37,992 - GPU-6 - DEBUG -       [Latent] Step 1/1
2025-10-27 10:46:38,154 - GPU-6 - DEBUG -       [After Latent Recursive] 1 tokens unmasked
2025-10-27 10:46:38,155 - GPU-6 - INFO -   [Cycle 25]
2025-10-27 10:46:38,155 - GPU-6 - DEBUG -     [Latent Recursive] Starting 1 steps of latent thinking
2025-10-27 10:46:38,200 - GPU-6 - DEBUG -       [Latent] Step 1/1
2025-10-27 10:46:38,362 - GPU-6 - DEBUG -       [After Latent Recursive] 1 tokens unmasked
2025-10-27 10:46:38,363 - GPU-6 - INFO -   [Cycle 26]
2025-10-27 10:46:38,363 - GPU-6 - DEBUG -     [Latent Recursive] Starting 1 steps of latent thinking
2025-10-27 10:46:38,409 - GPU-6 - DEBUG -       [Latent] Step 1/1
2025-10-27 10:46:38,571 - GPU-6 - DEBUG -       [After Latent Recursive] 1 tokens unmasked
2025-10-27 10:46:38,571 - GPU-6 - INFO -   [Cycle 27]
2025-10-27 10:46:38,571 - GPU-6 - DEBUG -     [Latent Recursive] Starting 1 steps of latent thinking
2025-10-27 10:46:38,617 - GPU-6 - DEBUG -       [Latent] Step 1/1
2025-10-27 10:46:38,779 - GPU-6 - DEBUG -       [After Latent Recursive] 1 tokens unmasked
2025-10-27 10:46:38,779 - GPU-6 - INFO -   [Cycle 28]
2025-10-27 10:46:38,779 - GPU-6 - DEBUG -     [Latent Recursive] Starting 1 steps of latent thinking
2025-10-27 10:46:38,825 - GPU-6 - DEBUG -       [Latent] Step 1/1
2025-10-27 10:46:38,987 - GPU-6 - DEBUG -       [After Latent Recursive] 1 tokens unmasked
2025-10-27 10:46:38,988 - GPU-6 - INFO -   [Cycle 29]
2025-10-27 10:46:38,988 - GPU-6 - DEBUG -     [Latent Recursive] Starting 1 steps of latent thinking
2025-10-27 10:46:39,033 - GPU-6 - DEBUG -       [Latent] Step 1/1
2025-10-27 10:46:39,195 - GPU-6 - DEBUG -       [After Latent Recursive] 1 tokens unmasked
2025-10-27 10:46:39,196 - GPU-6 - INFO -   [Cycle 30]
2025-10-27 10:46:39,196 - GPU-6 - DEBUG -     [Latent Recursive] Starting 1 steps of latent thinking
2025-10-27 10:46:39,241 - GPU-6 - DEBUG -       [Latent] Step 1/1
2025-10-27 10:46:39,403 - GPU-6 - DEBUG -       [After Latent Recursive] 1 tokens unmasked
2025-10-27 10:46:39,404 - GPU-6 - INFO -   [Cycle 31]
2025-10-27 10:46:39,404 - GPU-6 - DEBUG -     [Latent Recursive] Starting 1 steps of latent thinking
2025-10-27 10:46:39,450 - GPU-6 - DEBUG -       [Latent] Step 1/1
2025-10-27 10:46:39,612 - GPU-6 - DEBUG -       [After Latent Recursive] 1 tokens unmasked
2025-10-27 10:46:39,612 - GPU-6 - INFO - [Block 13/16] Processing tokens 455-487
2025-10-27 10:46:39,612 - GPU-6 - DEBUG - [Block 12] Before forward: use_cache=True, x.shape=torch.Size([1, 583])
2025-10-27 10:46:39,612 - GPU-6 - DEBUG - [Block 12] Model type: LLaDAModelLM
2025-10-27 10:46:39,613 - GPU-6 - DEBUG - [Block 12] Model config use_cache: True
2025-10-27 10:46:39,635 - GPU-6 - DEBUG - [Block 12] After forward: pkv is None? False
2025-10-27 10:46:39,635 - GPU-6 - DEBUG - [Block 12] out type: CausalLMOutputWithPast
2025-10-27 10:46:39,635 - GPU-6 - DEBUG - [Block 12] pkv type: <class 'list'>, len: 32
2025-10-27 10:46:39,635 - GPU-6 - DEBUG - [Block 12] pkv[0] type: <class 'tuple'>, len: 2
2025-10-27 10:46:39,636 - GPU-6 - DEBUG - [Block 12] pkv[0][0].shape: torch.Size([1, 32, 583, 128])
2025-10-27 10:46:39,724 - GPU-6 - INFO -   [Initial Forward] 1 tokens unmasked
2025-10-27 10:46:39,724 - GPU-6 - INFO -   [Cycle 1]
2025-10-27 10:46:39,724 - GPU-6 - DEBUG -     [Latent Recursive] Starting 1 steps of latent thinking
2025-10-27 10:46:39,770 - GPU-6 - DEBUG -       [Latent] Step 1/1
2025-10-27 10:46:39,930 - GPU-6 - DEBUG -       [After Latent Recursive] 1 tokens unmasked
2025-10-27 10:46:39,930 - GPU-6 - INFO -   [Cycle 2]
2025-10-27 10:46:39,930 - GPU-6 - DEBUG -     [Latent Recursive] Starting 1 steps of latent thinking
2025-10-27 10:46:39,976 - GPU-6 - DEBUG -       [Latent] Step 1/1
2025-10-27 10:46:40,136 - GPU-6 - DEBUG -       [After Latent Recursive] 1 tokens unmasked
2025-10-27 10:46:40,136 - GPU-6 - INFO -   [Cycle 3]
2025-10-27 10:46:40,136 - GPU-6 - DEBUG -     [Latent Recursive] Starting 1 steps of latent thinking
2025-10-27 10:46:40,182 - GPU-6 - DEBUG -       [Latent] Step 1/1
2025-10-27 10:46:40,341 - GPU-6 - DEBUG -       [After Latent Recursive] 1 tokens unmasked
2025-10-27 10:46:40,342 - GPU-6 - INFO -   [Cycle 4]
2025-10-27 10:46:40,342 - GPU-6 - DEBUG -     [Latent Recursive] Starting 1 steps of latent thinking
2025-10-27 10:46:40,388 - GPU-6 - DEBUG -       [Latent] Step 1/1
2025-10-27 10:46:40,547 - GPU-6 - DEBUG -       [After Latent Recursive] 1 tokens unmasked
2025-10-27 10:46:40,548 - GPU-6 - INFO -   [Cycle 5]
2025-10-27 10:46:40,548 - GPU-6 - DEBUG -     [Latent Recursive] Starting 1 steps of latent thinking
2025-10-27 10:46:40,594 - GPU-6 - DEBUG -       [Latent] Step 1/1
2025-10-27 10:46:40,753 - GPU-6 - DEBUG -       [After Latent Recursive] 1 tokens unmasked
2025-10-27 10:46:40,754 - GPU-6 - INFO -   [Cycle 6]
2025-10-27 10:46:40,754 - GPU-6 - DEBUG -     [Latent Recursive] Starting 1 steps of latent thinking
2025-10-27 10:46:40,800 - GPU-6 - DEBUG -       [Latent] Step 1/1
2025-10-27 10:46:40,959 - GPU-6 - DEBUG -       [After Latent Recursive] 1 tokens unmasked
2025-10-27 10:46:40,960 - GPU-6 - INFO -   [Cycle 7]
2025-10-27 10:46:40,960 - GPU-6 - DEBUG -     [Latent Recursive] Starting 1 steps of latent thinking
2025-10-27 10:46:41,006 - GPU-6 - DEBUG -       [Latent] Step 1/1
2025-10-27 10:46:41,165 - GPU-6 - DEBUG -       [After Latent Recursive] 1 tokens unmasked
2025-10-27 10:46:41,166 - GPU-6 - INFO -   [Cycle 8]
2025-10-27 10:46:41,166 - GPU-6 - DEBUG -     [Latent Recursive] Starting 1 steps of latent thinking
2025-10-27 10:46:41,211 - GPU-6 - DEBUG -       [Latent] Step 1/1
2025-10-27 10:46:41,371 - GPU-6 - DEBUG -       [After Latent Recursive] 1 tokens unmasked
2025-10-27 10:46:41,372 - GPU-6 - INFO -   [Cycle 9]
2025-10-27 10:46:41,372 - GPU-6 - DEBUG -     [Latent Recursive] Starting 1 steps of latent thinking
2025-10-27 10:46:41,417 - GPU-6 - DEBUG -       [Latent] Step 1/1
2025-10-27 10:46:41,577 - GPU-6 - DEBUG -       [After Latent Recursive] 1 tokens unmasked
2025-10-27 10:46:41,578 - GPU-6 - INFO -   [Cycle 10]
2025-10-27 10:46:41,578 - GPU-6 - DEBUG -     [Latent Recursive] Starting 1 steps of latent thinking
2025-10-27 10:46:41,623 - GPU-6 - DEBUG -       [Latent] Step 1/1
2025-10-27 10:46:41,783 - GPU-6 - DEBUG -       [After Latent Recursive] 1 tokens unmasked
2025-10-27 10:46:41,783 - GPU-6 - INFO -   [Cycle 11]
2025-10-27 10:46:41,784 - GPU-6 - DEBUG -     [Latent Recursive] Starting 1 steps of latent thinking
2025-10-27 10:46:41,829 - GPU-6 - DEBUG -       [Latent] Step 1/1
2025-10-27 10:46:41,989 - GPU-6 - DEBUG -       [After Latent Recursive] 1 tokens unmasked
2025-10-27 10:46:41,989 - GPU-6 - INFO -   [Cycle 12]
2025-10-27 10:46:41,989 - GPU-6 - DEBUG -     [Latent Recursive] Starting 1 steps of latent thinking
2025-10-27 10:46:42,035 - GPU-6 - DEBUG -       [Latent] Step 1/1
2025-10-27 10:46:42,195 - GPU-6 - DEBUG -       [After Latent Recursive] 1 tokens unmasked
2025-10-27 10:46:42,195 - GPU-6 - INFO -   [Cycle 13]
2025-10-27 10:46:42,196 - GPU-6 - DEBUG -     [Latent Recursive] Starting 1 steps of latent thinking
2025-10-27 10:46:42,241 - GPU-6 - DEBUG -       [Latent] Step 1/1
2025-10-27 10:46:42,401 - GPU-6 - DEBUG -       [After Latent Recursive] 1 tokens unmasked
2025-10-27 10:46:42,401 - GPU-6 - INFO -   [Cycle 14]
2025-10-27 10:46:42,401 - GPU-6 - DEBUG -     [Latent Recursive] Starting 1 steps of latent thinking
2025-10-27 10:46:42,447 - GPU-6 - DEBUG -       [Latent] Step 1/1
2025-10-27 10:46:42,607 - GPU-6 - DEBUG -       [After Latent Recursive] 1 tokens unmasked
2025-10-27 10:46:42,607 - GPU-6 - INFO -   [Cycle 15]
2025-10-27 10:46:42,607 - GPU-6 - DEBUG -     [Latent Recursive] Starting 1 steps of latent thinking
2025-10-27 10:46:42,653 - GPU-6 - DEBUG -       [Latent] Step 1/1
2025-10-27 10:46:42,812 - GPU-6 - DEBUG -       [After Latent Recursive] 1 tokens unmasked
2025-10-27 10:46:42,813 - GPU-6 - INFO -   [Cycle 16]
2025-10-27 10:46:42,813 - GPU-6 - DEBUG -     [Latent Recursive] Starting 1 steps of latent thinking
2025-10-27 10:46:42,858 - GPU-6 - DEBUG -       [Latent] Step 1/1
2025-10-27 10:46:43,018 - GPU-6 - DEBUG -       [After Latent Recursive] 1 tokens unmasked
2025-10-27 10:46:43,019 - GPU-6 - INFO -   [Cycle 17]
2025-10-27 10:46:43,019 - GPU-6 - DEBUG -     [Latent Recursive] Starting 1 steps of latent thinking
2025-10-27 10:46:43,065 - GPU-6 - DEBUG -       [Latent] Step 1/1
2025-10-27 10:46:43,224 - GPU-6 - DEBUG -       [After Latent Recursive] 1 tokens unmasked
2025-10-27 10:46:43,225 - GPU-6 - INFO -   [Cycle 18]
2025-10-27 10:46:43,225 - GPU-6 - DEBUG -     [Latent Recursive] Starting 1 steps of latent thinking
2025-10-27 10:46:43,271 - GPU-6 - DEBUG -       [Latent] Step 1/1
2025-10-27 10:46:43,430 - GPU-6 - DEBUG -       [After Latent Recursive] 1 tokens unmasked
2025-10-27 10:46:43,431 - GPU-6 - INFO -   [Cycle 19]
2025-10-27 10:46:43,431 - GPU-6 - DEBUG -     [Latent Recursive] Starting 1 steps of latent thinking
2025-10-27 10:46:43,476 - GPU-6 - DEBUG -       [Latent] Step 1/1
2025-10-27 10:46:43,636 - GPU-6 - DEBUG -       [After Latent Recursive] 1 tokens unmasked
2025-10-27 10:46:43,637 - GPU-6 - INFO -   [Cycle 20]
2025-10-27 10:46:43,637 - GPU-6 - DEBUG -     [Latent Recursive] Starting 1 steps of latent thinking
2025-10-27 10:46:43,682 - GPU-6 - DEBUG -       [Latent] Step 1/1
2025-10-27 10:46:43,842 - GPU-6 - DEBUG -       [After Latent Recursive] 1 tokens unmasked
2025-10-27 10:46:43,843 - GPU-6 - INFO -   [Cycle 21]
2025-10-27 10:46:43,843 - GPU-6 - DEBUG -     [Latent Recursive] Starting 1 steps of latent thinking
2025-10-27 10:46:43,888 - GPU-6 - DEBUG -       [Latent] Step 1/1
2025-10-27 10:46:44,048 - GPU-6 - DEBUG -       [After Latent Recursive] 1 tokens unmasked
2025-10-27 10:46:44,048 - GPU-6 - INFO -   [Cycle 22]
2025-10-27 10:46:44,049 - GPU-6 - DEBUG -     [Latent Recursive] Starting 1 steps of latent thinking
2025-10-27 10:46:44,094 - GPU-6 - DEBUG -       [Latent] Step 1/1
2025-10-27 10:46:44,254 - GPU-6 - DEBUG -       [After Latent Recursive] 1 tokens unmasked
2025-10-27 10:46:44,254 - GPU-6 - INFO -   [Cycle 23]
2025-10-27 10:46:44,255 - GPU-6 - DEBUG -     [Latent Recursive] Starting 1 steps of latent thinking
2025-10-27 10:46:44,300 - GPU-6 - DEBUG -       [Latent] Step 1/1
2025-10-27 10:46:44,460 - GPU-6 - DEBUG -       [After Latent Recursive] 1 tokens unmasked
2025-10-27 10:46:44,460 - GPU-6 - INFO -   [Cycle 24]
2025-10-27 10:46:44,460 - GPU-6 - DEBUG -     [Latent Recursive] Starting 1 steps of latent thinking
2025-10-27 10:46:44,506 - GPU-6 - DEBUG -       [Latent] Step 1/1
2025-10-27 10:46:44,666 - GPU-6 - DEBUG -       [After Latent Recursive] 1 tokens unmasked
2025-10-27 10:46:44,666 - GPU-6 - INFO -   [Cycle 25]
2025-10-27 10:46:44,666 - GPU-6 - DEBUG -     [Latent Recursive] Starting 1 steps of latent thinking
2025-10-27 10:46:44,712 - GPU-6 - DEBUG -       [Latent] Step 1/1
2025-10-27 10:46:44,871 - GPU-6 - DEBUG -       [After Latent Recursive] 1 tokens unmasked
2025-10-27 10:46:44,872 - GPU-6 - INFO -   [Cycle 26]
2025-10-27 10:46:44,872 - GPU-6 - DEBUG -     [Latent Recursive] Starting 1 steps of latent thinking
2025-10-27 10:46:44,917 - GPU-6 - DEBUG -       [Latent] Step 1/1
2025-10-27 10:46:45,077 - GPU-6 - DEBUG -       [After Latent Recursive] 1 tokens unmasked
2025-10-27 10:46:45,077 - GPU-6 - INFO -   [Cycle 27]
2025-10-27 10:46:45,078 - GPU-6 - DEBUG -     [Latent Recursive] Starting 1 steps of latent thinking
2025-10-27 10:46:45,123 - GPU-6 - DEBUG -       [Latent] Step 1/1
2025-10-27 10:46:45,283 - GPU-6 - DEBUG -       [After Latent Recursive] 1 tokens unmasked
2025-10-27 10:46:45,283 - GPU-6 - INFO -   [Cycle 28]
2025-10-27 10:46:45,283 - GPU-6 - DEBUG -     [Latent Recursive] Starting 1 steps of latent thinking
2025-10-27 10:46:45,329 - GPU-6 - DEBUG -       [Latent] Step 1/1
2025-10-27 10:46:45,489 - GPU-6 - DEBUG -       [After Latent Recursive] 1 tokens unmasked
2025-10-27 10:46:45,489 - GPU-6 - INFO -   [Cycle 29]
2025-10-27 10:46:45,489 - GPU-6 - DEBUG -     [Latent Recursive] Starting 1 steps of latent thinking
2025-10-27 10:46:45,535 - GPU-6 - DEBUG -       [Latent] Step 1/1
2025-10-27 10:46:45,694 - GPU-6 - DEBUG -       [After Latent Recursive] 1 tokens unmasked
2025-10-27 10:46:45,695 - GPU-6 - INFO -   [Cycle 30]
2025-10-27 10:46:45,695 - GPU-6 - DEBUG -     [Latent Recursive] Starting 1 steps of latent thinking
2025-10-27 10:46:45,740 - GPU-6 - DEBUG -       [Latent] Step 1/1
2025-10-27 10:46:45,900 - GPU-6 - DEBUG -       [After Latent Recursive] 1 tokens unmasked
2025-10-27 10:46:45,900 - GPU-6 - INFO -   [Cycle 31]
2025-10-27 10:46:45,901 - GPU-6 - DEBUG -     [Latent Recursive] Starting 1 steps of latent thinking
2025-10-27 10:46:45,946 - GPU-6 - DEBUG -       [Latent] Step 1/1
2025-10-27 10:46:46,106 - GPU-6 - DEBUG -       [After Latent Recursive] 1 tokens unmasked
2025-10-27 10:46:46,106 - GPU-6 - INFO - [Block 14/16] Processing tokens 487-519
2025-10-27 10:46:46,107 - GPU-6 - DEBUG - [Block 13] Before forward: use_cache=True, x.shape=torch.Size([1, 583])
2025-10-27 10:46:46,107 - GPU-6 - DEBUG - [Block 13] Model type: LLaDAModelLM
2025-10-27 10:46:46,107 - GPU-6 - DEBUG - [Block 13] Model config use_cache: True
2025-10-27 10:46:46,129 - GPU-6 - DEBUG - [Block 13] After forward: pkv is None? False
2025-10-27 10:46:46,130 - GPU-6 - DEBUG - [Block 13] out type: CausalLMOutputWithPast
2025-10-27 10:46:46,130 - GPU-6 - DEBUG - [Block 13] pkv type: <class 'list'>, len: 32
2025-10-27 10:46:46,130 - GPU-6 - DEBUG - [Block 13] pkv[0] type: <class 'tuple'>, len: 2
2025-10-27 10:46:46,130 - GPU-6 - DEBUG - [Block 13] pkv[0][0].shape: torch.Size([1, 32, 583, 128])
2025-10-27 10:46:46,218 - GPU-6 - INFO -   [Initial Forward] 1 tokens unmasked
2025-10-27 10:46:46,218 - GPU-6 - INFO -   [Cycle 1]
2025-10-27 10:46:46,219 - GPU-6 - DEBUG -     [Latent Recursive] Starting 1 steps of latent thinking
2025-10-27 10:46:46,264 - GPU-6 - DEBUG -       [Latent] Step 1/1
2025-10-27 10:46:46,423 - GPU-6 - DEBUG -       [After Latent Recursive] 1 tokens unmasked
2025-10-27 10:46:46,424 - GPU-6 - INFO -   [Cycle 2]
2025-10-27 10:46:46,424 - GPU-6 - DEBUG -     [Latent Recursive] Starting 1 steps of latent thinking
2025-10-27 10:46:46,469 - GPU-6 - DEBUG -       [Latent] Step 1/1
2025-10-27 10:46:46,629 - GPU-6 - DEBUG -       [After Latent Recursive] 1 tokens unmasked
2025-10-27 10:46:46,629 - GPU-6 - INFO -   [Cycle 3]
2025-10-27 10:46:46,629 - GPU-6 - DEBUG -     [Latent Recursive] Starting 1 steps of latent thinking
2025-10-27 10:46:46,675 - GPU-6 - DEBUG -       [Latent] Step 1/1
2025-10-27 10:46:46,833 - GPU-6 - DEBUG -       [After Latent Recursive] 1 tokens unmasked
2025-10-27 10:46:46,834 - GPU-6 - INFO -   [Cycle 4]
2025-10-27 10:46:46,834 - GPU-6 - DEBUG -     [Latent Recursive] Starting 1 steps of latent thinking
2025-10-27 10:46:46,879 - GPU-6 - DEBUG -       [Latent] Step 1/1
2025-10-27 10:46:47,038 - GPU-6 - DEBUG -       [After Latent Recursive] 1 tokens unmasked
2025-10-27 10:46:47,039 - GPU-6 - INFO -   [Cycle 5]
2025-10-27 10:46:47,039 - GPU-6 - DEBUG -     [Latent Recursive] Starting 1 steps of latent thinking
2025-10-27 10:46:47,085 - GPU-6 - DEBUG -       [Latent] Step 1/1
2025-10-27 10:46:47,244 - GPU-6 - DEBUG -       [After Latent Recursive] 1 tokens unmasked
2025-10-27 10:46:47,244 - GPU-6 - INFO -   [Cycle 6]
2025-10-27 10:46:47,244 - GPU-6 - DEBUG -     [Latent Recursive] Starting 1 steps of latent thinking
2025-10-27 10:46:47,290 - GPU-6 - DEBUG -       [Latent] Step 1/1
2025-10-27 10:46:47,449 - GPU-6 - DEBUG -       [After Latent Recursive] 1 tokens unmasked
2025-10-27 10:46:47,449 - GPU-6 - INFO -   [Cycle 7]
2025-10-27 10:46:47,449 - GPU-6 - DEBUG -     [Latent Recursive] Starting 1 steps of latent thinking
2025-10-27 10:46:47,495 - GPU-6 - DEBUG -       [Latent] Step 1/1
2025-10-27 10:46:47,654 - GPU-6 - DEBUG -       [After Latent Recursive] 1 tokens unmasked
2025-10-27 10:46:47,654 - GPU-6 - INFO -   [Cycle 8]
2025-10-27 10:46:47,654 - GPU-6 - DEBUG -     [Latent Recursive] Starting 1 steps of latent thinking
2025-10-27 10:46:47,700 - GPU-6 - DEBUG -       [Latent] Step 1/1
2025-10-27 10:46:47,859 - GPU-6 - DEBUG -       [After Latent Recursive] 1 tokens unmasked
2025-10-27 10:46:47,859 - GPU-6 - INFO -   [Cycle 9]
2025-10-27 10:46:47,859 - GPU-6 - DEBUG -     [Latent Recursive] Starting 1 steps of latent thinking
2025-10-27 10:46:47,905 - GPU-6 - DEBUG -       [Latent] Step 1/1
2025-10-27 10:46:48,064 - GPU-6 - DEBUG -       [After Latent Recursive] 1 tokens unmasked
2025-10-27 10:46:48,064 - GPU-6 - INFO -   [Cycle 10]
2025-10-27 10:46:48,064 - GPU-6 - DEBUG -     [Latent Recursive] Starting 1 steps of latent thinking
2025-10-27 10:46:48,110 - GPU-6 - DEBUG -       [Latent] Step 1/1
2025-10-27 10:46:48,268 - GPU-6 - DEBUG -       [After Latent Recursive] 1 tokens unmasked
2025-10-27 10:46:48,269 - GPU-6 - INFO -   [Cycle 11]
2025-10-27 10:46:48,269 - GPU-6 - DEBUG -     [Latent Recursive] Starting 1 steps of latent thinking
2025-10-27 10:46:48,315 - GPU-6 - DEBUG -       [Latent] Step 1/1
2025-10-27 10:46:48,473 - GPU-6 - DEBUG -       [After Latent Recursive] 1 tokens unmasked
2025-10-27 10:46:48,474 - GPU-6 - INFO -   [Cycle 12]
2025-10-27 10:46:48,474 - GPU-6 - DEBUG -     [Latent Recursive] Starting 1 steps of latent thinking
2025-10-27 10:46:48,520 - GPU-6 - DEBUG -       [Latent] Step 1/1
2025-10-27 10:46:48,678 - GPU-6 - DEBUG -       [After Latent Recursive] 1 tokens unmasked
2025-10-27 10:46:48,679 - GPU-6 - INFO -   [Cycle 13]
2025-10-27 10:46:48,679 - GPU-6 - DEBUG -     [Latent Recursive] Starting 1 steps of latent thinking
2025-10-27 10:46:48,725 - GPU-6 - DEBUG -       [Latent] Step 1/1
2025-10-27 10:46:48,884 - GPU-6 - DEBUG -       [After Latent Recursive] 1 tokens unmasked
2025-10-27 10:46:48,884 - GPU-6 - INFO -   [Cycle 14]
2025-10-27 10:46:48,884 - GPU-6 - DEBUG -     [Latent Recursive] Starting 1 steps of latent thinking
2025-10-27 10:46:48,930 - GPU-6 - DEBUG -       [Latent] Step 1/1
2025-10-27 10:46:49,088 - GPU-6 - DEBUG -       [After Latent Recursive] 1 tokens unmasked
2025-10-27 10:46:49,089 - GPU-6 - INFO -   [Cycle 15]
2025-10-27 10:46:49,089 - GPU-6 - DEBUG -     [Latent Recursive] Starting 1 steps of latent thinking
2025-10-27 10:46:49,134 - GPU-6 - DEBUG -       [Latent] Step 1/1
2025-10-27 10:46:49,293 - GPU-6 - DEBUG -       [After Latent Recursive] 1 tokens unmasked
2025-10-27 10:46:49,294 - GPU-6 - INFO -   [Cycle 16]
2025-10-27 10:46:49,294 - GPU-6 - DEBUG -     [Latent Recursive] Starting 1 steps of latent thinking
2025-10-27 10:46:49,340 - GPU-6 - DEBUG -       [Latent] Step 1/1
2025-10-27 10:46:49,498 - GPU-6 - DEBUG -       [After Latent Recursive] 1 tokens unmasked
2025-10-27 10:46:49,499 - GPU-6 - INFO -   [Cycle 17]
2025-10-27 10:46:49,499 - GPU-6 - DEBUG -     [Latent Recursive] Starting 1 steps of latent thinking
2025-10-27 10:46:49,545 - GPU-6 - DEBUG -       [Latent] Step 1/1
2025-10-27 10:46:49,703 - GPU-6 - DEBUG -       [After Latent Recursive] 1 tokens unmasked
2025-10-27 10:46:49,704 - GPU-6 - INFO -   [Cycle 18]
2025-10-27 10:46:49,704 - GPU-6 - DEBUG -     [Latent Recursive] Starting 1 steps of latent thinking
2025-10-27 10:46:49,749 - GPU-6 - DEBUG -       [Latent] Step 1/1
2025-10-27 10:46:49,908 - GPU-6 - DEBUG -       [After Latent Recursive] 1 tokens unmasked
2025-10-27 10:46:49,909 - GPU-6 - INFO -   [Cycle 19]
2025-10-27 10:46:49,909 - GPU-6 - DEBUG -     [Latent Recursive] Starting 1 steps of latent thinking
2025-10-27 10:46:49,955 - GPU-6 - DEBUG -       [Latent] Step 1/1
2025-10-27 10:46:50,113 - GPU-6 - DEBUG -       [After Latent Recursive] 1 tokens unmasked
2025-10-27 10:46:50,114 - GPU-6 - INFO -   [Cycle 20]
2025-10-27 10:46:50,114 - GPU-6 - DEBUG -     [Latent Recursive] Starting 1 steps of latent thinking
2025-10-27 10:46:50,160 - GPU-6 - DEBUG -       [Latent] Step 1/1
2025-10-27 10:46:50,318 - GPU-6 - DEBUG -       [After Latent Recursive] 1 tokens unmasked
2025-10-27 10:46:50,319 - GPU-6 - INFO -   [Cycle 21]
2025-10-27 10:46:50,319 - GPU-6 - DEBUG -     [Latent Recursive] Starting 1 steps of latent thinking
2025-10-27 10:46:50,365 - GPU-6 - DEBUG -       [Latent] Step 1/1
2025-10-27 10:46:50,524 - GPU-6 - DEBUG -       [After Latent Recursive] 1 tokens unmasked
2025-10-27 10:46:50,524 - GPU-6 - INFO -   [Cycle 22]
2025-10-27 10:46:50,524 - GPU-6 - DEBUG -     [Latent Recursive] Starting 1 steps of latent thinking
2025-10-27 10:46:50,570 - GPU-6 - DEBUG -       [Latent] Step 1/1
2025-10-27 10:46:50,728 - GPU-6 - DEBUG -       [After Latent Recursive] 1 tokens unmasked
2025-10-27 10:46:50,729 - GPU-6 - INFO -   [Cycle 23]
2025-10-27 10:46:50,729 - GPU-6 - DEBUG -     [Latent Recursive] Starting 1 steps of latent thinking
2025-10-27 10:46:50,774 - GPU-6 - DEBUG -       [Latent] Step 1/1
2025-10-27 10:46:50,933 - GPU-6 - DEBUG -       [After Latent Recursive] 1 tokens unmasked
2025-10-27 10:46:50,934 - GPU-6 - INFO -   [Cycle 24]
2025-10-27 10:46:50,934 - GPU-6 - DEBUG -     [Latent Recursive] Starting 1 steps of latent thinking
2025-10-27 10:46:50,979 - GPU-6 - DEBUG -       [Latent] Step 1/1
2025-10-27 10:46:51,138 - GPU-6 - DEBUG -       [After Latent Recursive] 1 tokens unmasked
2025-10-27 10:46:51,139 - GPU-6 - INFO -   [Cycle 25]
2025-10-27 10:46:51,139 - GPU-6 - DEBUG -     [Latent Recursive] Starting 1 steps of latent thinking
2025-10-27 10:46:51,184 - GPU-6 - DEBUG -       [Latent] Step 1/1
2025-10-27 10:46:51,343 - GPU-6 - DEBUG -       [After Latent Recursive] 1 tokens unmasked
2025-10-27 10:46:51,344 - GPU-6 - INFO -   [Cycle 26]
2025-10-27 10:46:51,344 - GPU-6 - DEBUG -     [Latent Recursive] Starting 1 steps of latent thinking
2025-10-27 10:46:51,389 - GPU-6 - DEBUG -       [Latent] Step 1/1
2025-10-27 10:46:51,548 - GPU-6 - DEBUG -       [After Latent Recursive] 1 tokens unmasked
2025-10-27 10:46:51,549 - GPU-6 - INFO -   [Cycle 27]
2025-10-27 10:46:51,549 - GPU-6 - DEBUG -     [Latent Recursive] Starting 1 steps of latent thinking
2025-10-27 10:46:51,594 - GPU-6 - DEBUG -       [Latent] Step 1/1
2025-10-27 10:46:51,753 - GPU-6 - DEBUG -       [After Latent Recursive] 1 tokens unmasked
2025-10-27 10:46:51,753 - GPU-6 - INFO -   [Cycle 28]
2025-10-27 10:46:51,754 - GPU-6 - DEBUG -     [Latent Recursive] Starting 1 steps of latent thinking
2025-10-27 10:46:51,799 - GPU-6 - DEBUG -       [Latent] Step 1/1
2025-10-27 10:46:51,958 - GPU-6 - DEBUG -       [After Latent Recursive] 1 tokens unmasked
2025-10-27 10:46:51,958 - GPU-6 - INFO -   [Cycle 29]
2025-10-27 10:46:51,959 - GPU-6 - DEBUG -     [Latent Recursive] Starting 1 steps of latent thinking
2025-10-27 10:46:52,004 - GPU-6 - DEBUG -       [Latent] Step 1/1
2025-10-27 10:46:52,164 - GPU-6 - DEBUG -       [After Latent Recursive] 1 tokens unmasked
2025-10-27 10:46:52,164 - GPU-6 - INFO -   [Cycle 30]
2025-10-27 10:46:52,164 - GPU-6 - DEBUG -     [Latent Recursive] Starting 1 steps of latent thinking
2025-10-27 10:46:52,210 - GPU-6 - DEBUG -       [Latent] Step 1/1
2025-10-27 10:46:52,369 - GPU-6 - DEBUG -       [After Latent Recursive] 1 tokens unmasked
2025-10-27 10:46:52,369 - GPU-6 - INFO -   [Cycle 31]
2025-10-27 10:46:52,370 - GPU-6 - DEBUG -     [Latent Recursive] Starting 1 steps of latent thinking
2025-10-27 10:46:52,415 - GPU-6 - DEBUG -       [Latent] Step 1/1
2025-10-27 10:46:52,574 - GPU-6 - DEBUG -       [After Latent Recursive] 1 tokens unmasked
2025-10-27 10:46:52,575 - GPU-6 - INFO - [Block 15/16] Processing tokens 519-551
2025-10-27 10:46:52,575 - GPU-6 - DEBUG - [Block 14] Before forward: use_cache=True, x.shape=torch.Size([1, 583])
2025-10-27 10:46:52,575 - GPU-6 - DEBUG - [Block 14] Model type: LLaDAModelLM
2025-10-27 10:46:52,575 - GPU-6 - DEBUG - [Block 14] Model config use_cache: True
2025-10-27 10:46:52,598 - GPU-6 - DEBUG - [Block 14] After forward: pkv is None? False
2025-10-27 10:46:52,598 - GPU-6 - DEBUG - [Block 14] out type: CausalLMOutputWithPast
2025-10-27 10:46:52,598 - GPU-6 - DEBUG - [Block 14] pkv type: <class 'list'>, len: 32
2025-10-27 10:46:52,599 - GPU-6 - DEBUG - [Block 14] pkv[0] type: <class 'tuple'>, len: 2
2025-10-27 10:46:52,599 - GPU-6 - DEBUG - [Block 14] pkv[0][0].shape: torch.Size([1, 32, 583, 128])
2025-10-27 10:46:52,687 - GPU-6 - INFO -   [Initial Forward] 1 tokens unmasked
2025-10-27 10:46:52,687 - GPU-6 - INFO -   [Cycle 1]
2025-10-27 10:46:52,687 - GPU-6 - DEBUG -     [Latent Recursive] Starting 1 steps of latent thinking
2025-10-27 10:46:52,733 - GPU-6 - DEBUG -       [Latent] Step 1/1
2025-10-27 10:46:52,889 - GPU-6 - DEBUG -       [After Latent Recursive] 1 tokens unmasked
2025-10-27 10:46:52,890 - GPU-6 - INFO -   [Cycle 2]
2025-10-27 10:46:52,890 - GPU-6 - DEBUG -     [Latent Recursive] Starting 1 steps of latent thinking
2025-10-27 10:46:52,935 - GPU-6 - DEBUG -       [Latent] Step 1/1
2025-10-27 10:46:53,092 - GPU-6 - DEBUG -       [After Latent Recursive] 1 tokens unmasked
2025-10-27 10:46:53,092 - GPU-6 - INFO -   [Cycle 3]
2025-10-27 10:46:53,092 - GPU-6 - DEBUG -     [Latent Recursive] Starting 1 steps of latent thinking
2025-10-27 10:46:53,138 - GPU-6 - DEBUG -       [Latent] Step 1/1
2025-10-27 10:46:53,294 - GPU-6 - DEBUG -       [After Latent Recursive] 1 tokens unmasked
2025-10-27 10:46:53,295 - GPU-6 - INFO -   [Cycle 4]
2025-10-27 10:46:53,295 - GPU-6 - DEBUG -     [Latent Recursive] Starting 1 steps of latent thinking
2025-10-27 10:46:53,340 - GPU-6 - DEBUG -       [Latent] Step 1/1
2025-10-27 10:46:53,497 - GPU-6 - DEBUG -       [After Latent Recursive] 1 tokens unmasked
2025-10-27 10:46:53,497 - GPU-6 - INFO -   [Cycle 5]
2025-10-27 10:46:53,497 - GPU-6 - DEBUG -     [Latent Recursive] Starting 1 steps of latent thinking
2025-10-27 10:46:53,543 - GPU-6 - DEBUG -       [Latent] Step 1/1
2025-10-27 10:46:53,699 - GPU-6 - DEBUG -       [After Latent Recursive] 1 tokens unmasked
2025-10-27 10:46:53,700 - GPU-6 - INFO -   [Cycle 6]
2025-10-27 10:46:53,700 - GPU-6 - DEBUG -     [Latent Recursive] Starting 1 steps of latent thinking
2025-10-27 10:46:53,745 - GPU-6 - DEBUG -       [Latent] Step 1/1
2025-10-27 10:46:53,902 - GPU-6 - DEBUG -       [After Latent Recursive] 1 tokens unmasked
2025-10-27 10:46:53,902 - GPU-6 - INFO -   [Cycle 7]
2025-10-27 10:46:53,902 - GPU-6 - DEBUG -     [Latent Recursive] Starting 1 steps of latent thinking
2025-10-27 10:46:53,948 - GPU-6 - DEBUG -       [Latent] Step 1/1
2025-10-27 10:46:54,106 - GPU-6 - DEBUG -       [After Latent Recursive] 1 tokens unmasked
2025-10-27 10:46:54,106 - GPU-6 - INFO -   [Cycle 8]
2025-10-27 10:46:54,106 - GPU-6 - DEBUG -     [Latent Recursive] Starting 1 steps of latent thinking
2025-10-27 10:46:54,152 - GPU-6 - DEBUG -       [Latent] Step 1/1
2025-10-27 10:46:54,309 - GPU-6 - DEBUG -       [After Latent Recursive] 1 tokens unmasked
2025-10-27 10:46:54,310 - GPU-6 - INFO -   [Cycle 9]
2025-10-27 10:46:54,310 - GPU-6 - DEBUG -     [Latent Recursive] Starting 1 steps of latent thinking
2025-10-27 10:46:54,356 - GPU-6 - DEBUG -       [Latent] Step 1/1
2025-10-27 10:46:54,513 - GPU-6 - DEBUG -       [After Latent Recursive] 1 tokens unmasked
2025-10-27 10:46:54,513 - GPU-6 - INFO -   [Cycle 10]
2025-10-27 10:46:54,513 - GPU-6 - DEBUG -     [Latent Recursive] Starting 1 steps of latent thinking
2025-10-27 10:46:54,559 - GPU-6 - DEBUG -       [Latent] Step 1/1
2025-10-27 10:46:54,716 - GPU-6 - DEBUG -       [After Latent Recursive] 1 tokens unmasked
2025-10-27 10:46:54,717 - GPU-6 - INFO -   [Cycle 11]
2025-10-27 10:46:54,717 - GPU-6 - DEBUG -     [Latent Recursive] Starting 1 steps of latent thinking
2025-10-27 10:46:54,763 - GPU-6 - DEBUG -       [Latent] Step 1/1
2025-10-27 10:46:54,920 - GPU-6 - DEBUG -       [After Latent Recursive] 1 tokens unmasked
2025-10-27 10:46:54,920 - GPU-6 - INFO -   [Cycle 12]
2025-10-27 10:46:54,920 - GPU-6 - DEBUG -     [Latent Recursive] Starting 1 steps of latent thinking
2025-10-27 10:46:54,966 - GPU-6 - DEBUG -       [Latent] Step 1/1
2025-10-27 10:46:55,124 - GPU-6 - DEBUG -       [After Latent Recursive] 1 tokens unmasked
2025-10-27 10:46:55,124 - GPU-6 - INFO -   [Cycle 13]
2025-10-27 10:46:55,124 - GPU-6 - DEBUG -     [Latent Recursive] Starting 1 steps of latent thinking
2025-10-27 10:46:55,170 - GPU-6 - DEBUG -       [Latent] Step 1/1
2025-10-27 10:46:55,327 - GPU-6 - DEBUG -       [After Latent Recursive] 1 tokens unmasked
2025-10-27 10:46:55,328 - GPU-6 - INFO -   [Cycle 14]
2025-10-27 10:46:55,328 - GPU-6 - DEBUG -     [Latent Recursive] Starting 1 steps of latent thinking
2025-10-27 10:46:55,374 - GPU-6 - DEBUG -       [Latent] Step 1/1
2025-10-27 10:46:55,531 - GPU-6 - DEBUG -       [After Latent Recursive] 1 tokens unmasked
2025-10-27 10:46:55,531 - GPU-6 - INFO -   [Cycle 15]
2025-10-27 10:46:55,532 - GPU-6 - DEBUG -     [Latent Recursive] Starting 1 steps of latent thinking
2025-10-27 10:46:55,577 - GPU-6 - DEBUG -       [Latent] Step 1/1
2025-10-27 10:46:55,734 - GPU-6 - DEBUG -       [After Latent Recursive] 1 tokens unmasked
2025-10-27 10:46:55,735 - GPU-6 - INFO -   [Cycle 16]
2025-10-27 10:46:55,735 - GPU-6 - DEBUG -     [Latent Recursive] Starting 1 steps of latent thinking
2025-10-27 10:46:55,781 - GPU-6 - DEBUG -       [Latent] Step 1/1
2025-10-27 10:46:55,938 - GPU-6 - DEBUG -       [After Latent Recursive] 1 tokens unmasked
2025-10-27 10:46:55,938 - GPU-6 - INFO -   [Cycle 17]
2025-10-27 10:46:55,939 - GPU-6 - DEBUG -     [Latent Recursive] Starting 1 steps of latent thinking
2025-10-27 10:46:55,984 - GPU-6 - DEBUG -       [Latent] Step 1/1
2025-10-27 10:46:56,142 - GPU-6 - DEBUG -       [After Latent Recursive] 1 tokens unmasked
2025-10-27 10:46:56,142 - GPU-6 - INFO -   [Cycle 18]
2025-10-27 10:46:56,142 - GPU-6 - DEBUG -     [Latent Recursive] Starting 1 steps of latent thinking
2025-10-27 10:46:56,188 - GPU-6 - DEBUG -       [Latent] Step 1/1
2025-10-27 10:46:56,345 - GPU-6 - DEBUG -       [After Latent Recursive] 1 tokens unmasked
2025-10-27 10:46:56,346 - GPU-6 - INFO -   [Cycle 19]
2025-10-27 10:46:56,346 - GPU-6 - DEBUG -     [Latent Recursive] Starting 1 steps of latent thinking
2025-10-27 10:46:56,392 - GPU-6 - DEBUG -       [Latent] Step 1/1
2025-10-27 10:46:56,549 - GPU-6 - DEBUG -       [After Latent Recursive] 1 tokens unmasked
2025-10-27 10:46:56,549 - GPU-6 - INFO -   [Cycle 20]
2025-10-27 10:46:56,549 - GPU-6 - DEBUG -     [Latent Recursive] Starting 1 steps of latent thinking
2025-10-27 10:46:56,595 - GPU-6 - DEBUG -       [Latent] Step 1/1
2025-10-27 10:46:56,752 - GPU-6 - DEBUG -       [After Latent Recursive] 1 tokens unmasked
2025-10-27 10:46:56,752 - GPU-6 - INFO -   [Cycle 21]
2025-10-27 10:46:56,753 - GPU-6 - DEBUG -     [Latent Recursive] Starting 1 steps of latent thinking
2025-10-27 10:46:56,799 - GPU-6 - DEBUG -       [Latent] Step 1/1
2025-10-27 10:46:56,956 - GPU-6 - DEBUG -       [After Latent Recursive] 1 tokens unmasked
2025-10-27 10:46:56,956 - GPU-6 - INFO -   [Cycle 22]
2025-10-27 10:46:56,957 - GPU-6 - DEBUG -     [Latent Recursive] Starting 1 steps of latent thinking
2025-10-27 10:46:57,002 - GPU-6 - DEBUG -       [Latent] Step 1/1
2025-10-27 10:46:57,159 - GPU-6 - DEBUG -       [After Latent Recursive] 1 tokens unmasked
2025-10-27 10:46:57,160 - GPU-6 - INFO -   [Cycle 23]
2025-10-27 10:46:57,160 - GPU-6 - DEBUG -     [Latent Recursive] Starting 1 steps of latent thinking
2025-10-27 10:46:57,205 - GPU-6 - DEBUG -       [Latent] Step 1/1
2025-10-27 10:46:57,362 - GPU-6 - DEBUG -       [After Latent Recursive] 1 tokens unmasked
2025-10-27 10:46:57,363 - GPU-6 - INFO -   [Cycle 24]
2025-10-27 10:46:57,363 - GPU-6 - DEBUG -     [Latent Recursive] Starting 1 steps of latent thinking
2025-10-27 10:46:57,409 - GPU-6 - DEBUG -       [Latent] Step 1/1
2025-10-27 10:46:57,566 - GPU-6 - DEBUG -       [After Latent Recursive] 1 tokens unmasked
2025-10-27 10:46:57,566 - GPU-6 - INFO -   [Cycle 25]
2025-10-27 10:46:57,566 - GPU-6 - DEBUG -     [Latent Recursive] Starting 1 steps of latent thinking
2025-10-27 10:46:57,612 - GPU-6 - DEBUG -       [Latent] Step 1/1
2025-10-27 10:46:57,769 - GPU-6 - DEBUG -       [After Latent Recursive] 1 tokens unmasked
2025-10-27 10:46:57,769 - GPU-6 - INFO -   [Cycle 26]
2025-10-27 10:46:57,769 - GPU-6 - DEBUG -     [Latent Recursive] Starting 1 steps of latent thinking
2025-10-27 10:46:57,815 - GPU-6 - DEBUG -       [Latent] Step 1/1
2025-10-27 10:46:57,973 - GPU-6 - DEBUG -       [After Latent Recursive] 1 tokens unmasked
2025-10-27 10:46:57,973 - GPU-6 - INFO -   [Cycle 27]
2025-10-27 10:46:57,973 - GPU-6 - DEBUG -     [Latent Recursive] Starting 1 steps of latent thinking
2025-10-27 10:46:58,019 - GPU-6 - DEBUG -       [Latent] Step 1/1
2025-10-27 10:46:58,176 - GPU-6 - DEBUG -       [After Latent Recursive] 1 tokens unmasked
2025-10-27 10:46:58,177 - GPU-6 - INFO -   [Cycle 28]
2025-10-27 10:46:58,177 - GPU-6 - DEBUG -     [Latent Recursive] Starting 1 steps of latent thinking
2025-10-27 10:46:58,223 - GPU-6 - DEBUG -       [Latent] Step 1/1
2025-10-27 10:46:58,380 - GPU-6 - DEBUG -       [After Latent Recursive] 1 tokens unmasked
2025-10-27 10:46:58,381 - GPU-6 - INFO -   [Cycle 29]
2025-10-27 10:46:58,381 - GPU-6 - DEBUG -     [Latent Recursive] Starting 1 steps of latent thinking
2025-10-27 10:46:58,427 - GPU-6 - DEBUG -       [Latent] Step 1/1
2025-10-27 10:46:58,584 - GPU-6 - DEBUG -       [After Latent Recursive] 1 tokens unmasked
2025-10-27 10:46:58,584 - GPU-6 - INFO -   [Cycle 30]
2025-10-27 10:46:58,584 - GPU-6 - DEBUG -     [Latent Recursive] Starting 1 steps of latent thinking
2025-10-27 10:46:58,630 - GPU-6 - DEBUG -       [Latent] Step 1/1
2025-10-27 10:46:58,787 - GPU-6 - DEBUG -       [After Latent Recursive] 1 tokens unmasked
2025-10-27 10:46:58,788 - GPU-6 - INFO -   [Cycle 31]
2025-10-27 10:46:58,788 - GPU-6 - DEBUG -     [Latent Recursive] Starting 1 steps of latent thinking
2025-10-27 10:46:58,834 - GPU-6 - DEBUG -       [Latent] Step 1/1
2025-10-27 10:46:58,991 - GPU-6 - DEBUG -       [After Latent Recursive] 1 tokens unmasked
2025-10-27 10:46:58,992 - GPU-6 - INFO - [Block 16/16] Processing tokens 551-583
2025-10-27 10:46:58,992 - GPU-6 - DEBUG - [Block 15] Before forward: use_cache=True, x.shape=torch.Size([1, 583])
2025-10-27 10:46:58,992 - GPU-6 - DEBUG - [Block 15] Model type: LLaDAModelLM
2025-10-27 10:46:58,992 - GPU-6 - DEBUG - [Block 15] Model config use_cache: True
2025-10-27 10:46:59,015 - GPU-6 - DEBUG - [Block 15] After forward: pkv is None? False
2025-10-27 10:46:59,015 - GPU-6 - DEBUG - [Block 15] out type: CausalLMOutputWithPast
2025-10-27 10:46:59,015 - GPU-6 - DEBUG - [Block 15] pkv type: <class 'list'>, len: 32
2025-10-27 10:46:59,015 - GPU-6 - DEBUG - [Block 15] pkv[0] type: <class 'tuple'>, len: 2
2025-10-27 10:46:59,015 - GPU-6 - DEBUG - [Block 15] pkv[0][0].shape: torch.Size([1, 32, 583, 128])
2025-10-27 10:46:59,104 - GPU-6 - INFO -   [Initial Forward] 1 tokens unmasked
2025-10-27 10:46:59,104 - GPU-6 - INFO -   [Cycle 1]
2025-10-27 10:46:59,104 - GPU-6 - DEBUG -     [Latent Recursive] Starting 1 steps of latent thinking
2025-10-27 10:46:59,150 - GPU-6 - DEBUG -       [Latent] Step 1/1
2025-10-27 10:46:59,307 - GPU-6 - DEBUG -       [After Latent Recursive] 1 tokens unmasked
2025-10-27 10:46:59,307 - GPU-6 - INFO -   [Cycle 2]
2025-10-27 10:46:59,308 - GPU-6 - DEBUG -     [Latent Recursive] Starting 1 steps of latent thinking
2025-10-27 10:46:59,353 - GPU-6 - DEBUG -       [Latent] Step 1/1
2025-10-27 10:46:59,510 - GPU-6 - DEBUG -       [After Latent Recursive] 1 tokens unmasked
2025-10-27 10:46:59,510 - GPU-6 - INFO -   [Cycle 3]
2025-10-27 10:46:59,510 - GPU-6 - DEBUG -     [Latent Recursive] Starting 1 steps of latent thinking
2025-10-27 10:46:59,556 - GPU-6 - DEBUG -       [Latent] Step 1/1
2025-10-27 10:46:59,713 - GPU-6 - DEBUG -       [After Latent Recursive] 1 tokens unmasked
2025-10-27 10:46:59,713 - GPU-6 - INFO -   [Cycle 4]
2025-10-27 10:46:59,713 - GPU-6 - DEBUG -     [Latent Recursive] Starting 1 steps of latent thinking
2025-10-27 10:46:59,759 - GPU-6 - DEBUG -       [Latent] Step 1/1
2025-10-27 10:46:59,915 - GPU-6 - DEBUG -       [After Latent Recursive] 1 tokens unmasked
2025-10-27 10:46:59,916 - GPU-6 - INFO -   [Cycle 5]
2025-10-27 10:46:59,916 - GPU-6 - DEBUG -     [Latent Recursive] Starting 1 steps of latent thinking
2025-10-27 10:46:59,962 - GPU-6 - DEBUG -       [Latent] Step 1/1
2025-10-27 10:47:00,118 - GPU-6 - DEBUG -       [After Latent Recursive] 1 tokens unmasked
2025-10-27 10:47:00,119 - GPU-6 - INFO -   [Cycle 6]
2025-10-27 10:47:00,119 - GPU-6 - DEBUG -     [Latent Recursive] Starting 1 steps of latent thinking
2025-10-27 10:47:00,165 - GPU-6 - DEBUG -       [Latent] Step 1/1
2025-10-27 10:47:00,321 - GPU-6 - DEBUG -       [After Latent Recursive] 1 tokens unmasked
2025-10-27 10:47:00,321 - GPU-6 - INFO -   [Cycle 7]
2025-10-27 10:47:00,321 - GPU-6 - DEBUG -     [Latent Recursive] Starting 1 steps of latent thinking
2025-10-27 10:47:00,368 - GPU-6 - DEBUG -       [Latent] Step 1/1
2025-10-27 10:47:00,524 - GPU-6 - DEBUG -       [After Latent Recursive] 1 tokens unmasked
2025-10-27 10:47:00,524 - GPU-6 - INFO -   [Cycle 8]
2025-10-27 10:47:00,525 - GPU-6 - DEBUG -     [Latent Recursive] Starting 1 steps of latent thinking
2025-10-27 10:47:00,570 - GPU-6 - DEBUG -       [Latent] Step 1/1
2025-10-27 10:47:00,727 - GPU-6 - DEBUG -       [After Latent Recursive] 1 tokens unmasked
2025-10-27 10:47:00,727 - GPU-6 - INFO -   [Cycle 9]
2025-10-27 10:47:00,727 - GPU-6 - DEBUG -     [Latent Recursive] Starting 1 steps of latent thinking
2025-10-27 10:47:00,773 - GPU-6 - DEBUG -       [Latent] Step 1/1
2025-10-27 10:47:00,929 - GPU-6 - DEBUG -       [After Latent Recursive] 1 tokens unmasked
2025-10-27 10:47:00,930 - GPU-6 - INFO -   [Cycle 10]
2025-10-27 10:47:00,930 - GPU-6 - DEBUG -     [Latent Recursive] Starting 1 steps of latent thinking
2025-10-27 10:47:00,976 - GPU-6 - DEBUG -       [Latent] Step 1/1
2025-10-27 10:47:01,132 - GPU-6 - DEBUG -       [After Latent Recursive] 1 tokens unmasked
2025-10-27 10:47:01,133 - GPU-6 - INFO -   [Cycle 11]
2025-10-27 10:47:01,133 - GPU-6 - DEBUG -     [Latent Recursive] Starting 1 steps of latent thinking
2025-10-27 10:47:01,179 - GPU-6 - DEBUG -       [Latent] Step 1/1
2025-10-27 10:47:01,335 - GPU-6 - DEBUG -       [After Latent Recursive] 1 tokens unmasked
2025-10-27 10:47:01,335 - GPU-6 - INFO -   [Cycle 12]
2025-10-27 10:47:01,336 - GPU-6 - DEBUG -     [Latent Recursive] Starting 1 steps of latent thinking
2025-10-27 10:47:01,381 - GPU-6 - DEBUG -       [Latent] Step 1/1
2025-10-27 10:47:01,538 - GPU-6 - DEBUG -       [After Latent Recursive] 1 tokens unmasked
2025-10-27 10:47:01,538 - GPU-6 - INFO -   [Cycle 13]
2025-10-27 10:47:01,538 - GPU-6 - DEBUG -     [Latent Recursive] Starting 1 steps of latent thinking
2025-10-27 10:47:01,584 - GPU-6 - DEBUG -       [Latent] Step 1/1
2025-10-27 10:47:01,740 - GPU-6 - DEBUG -       [After Latent Recursive] 1 tokens unmasked
2025-10-27 10:47:01,741 - GPU-6 - INFO -   [Cycle 14]
2025-10-27 10:47:01,741 - GPU-6 - DEBUG -     [Latent Recursive] Starting 1 steps of latent thinking
2025-10-27 10:47:01,787 - GPU-6 - DEBUG -       [Latent] Step 1/1
2025-10-27 10:47:01,944 - GPU-6 - DEBUG -       [After Latent Recursive] 1 tokens unmasked
2025-10-27 10:47:01,944 - GPU-6 - INFO -   [Cycle 15]
2025-10-27 10:47:01,944 - GPU-6 - DEBUG -     [Latent Recursive] Starting 1 steps of latent thinking
2025-10-27 10:47:01,990 - GPU-6 - DEBUG -       [Latent] Step 1/1
2025-10-27 10:47:02,146 - GPU-6 - DEBUG -       [After Latent Recursive] 1 tokens unmasked
2025-10-27 10:47:02,147 - GPU-6 - INFO -   [Cycle 16]
2025-10-27 10:47:02,147 - GPU-6 - DEBUG -     [Latent Recursive] Starting 1 steps of latent thinking
2025-10-27 10:47:02,193 - GPU-6 - DEBUG -       [Latent] Step 1/1
2025-10-27 10:47:02,349 - GPU-6 - DEBUG -       [After Latent Recursive] 1 tokens unmasked
2025-10-27 10:47:02,350 - GPU-6 - INFO -   [Cycle 17]
2025-10-27 10:47:02,350 - GPU-6 - DEBUG -     [Latent Recursive] Starting 1 steps of latent thinking
2025-10-27 10:47:02,395 - GPU-6 - DEBUG -       [Latent] Step 1/1
2025-10-27 10:47:02,552 - GPU-6 - DEBUG -       [After Latent Recursive] 1 tokens unmasked
2025-10-27 10:47:02,552 - GPU-6 - INFO -   [Cycle 18]
2025-10-27 10:47:02,553 - GPU-6 - DEBUG -     [Latent Recursive] Starting 1 steps of latent thinking
2025-10-27 10:47:02,598 - GPU-6 - DEBUG -       [Latent] Step 1/1
2025-10-27 10:47:02,755 - GPU-6 - DEBUG -       [After Latent Recursive] 1 tokens unmasked
2025-10-27 10:47:02,755 - GPU-6 - INFO -   [Cycle 19]
2025-10-27 10:47:02,755 - GPU-6 - DEBUG -     [Latent Recursive] Starting 1 steps of latent thinking
2025-10-27 10:47:02,801 - GPU-6 - DEBUG -       [Latent] Step 1/1
2025-10-27 10:47:02,958 - GPU-6 - DEBUG -       [After Latent Recursive] 1 tokens unmasked
2025-10-27 10:47:02,958 - GPU-6 - INFO -   [Cycle 20]
2025-10-27 10:47:02,958 - GPU-6 - DEBUG -     [Latent Recursive] Starting 1 steps of latent thinking
2025-10-27 10:47:03,004 - GPU-6 - DEBUG -       [Latent] Step 1/1
2025-10-27 10:47:03,160 - GPU-6 - DEBUG -       [After Latent Recursive] 1 tokens unmasked
2025-10-27 10:47:03,161 - GPU-6 - INFO -   [Cycle 21]
2025-10-27 10:47:03,161 - GPU-6 - DEBUG -     [Latent Recursive] Starting 1 steps of latent thinking
2025-10-27 10:47:03,207 - GPU-6 - DEBUG -       [Latent] Step 1/1
2025-10-27 10:47:03,363 - GPU-6 - DEBUG -       [After Latent Recursive] 1 tokens unmasked
2025-10-27 10:47:03,364 - GPU-6 - INFO -   [Cycle 22]
2025-10-27 10:47:03,364 - GPU-6 - DEBUG -     [Latent Recursive] Starting 1 steps of latent thinking
2025-10-27 10:47:03,409 - GPU-6 - DEBUG -       [Latent] Step 1/1
2025-10-27 10:47:03,566 - GPU-6 - DEBUG -       [After Latent Recursive] 1 tokens unmasked
2025-10-27 10:47:03,566 - GPU-6 - INFO -   [Cycle 23]
2025-10-27 10:47:03,566 - GPU-6 - DEBUG -     [Latent Recursive] Starting 1 steps of latent thinking
2025-10-27 10:47:03,612 - GPU-6 - DEBUG -       [Latent] Step 1/1
2025-10-27 10:47:03,769 - GPU-6 - DEBUG -       [After Latent Recursive] 1 tokens unmasked
2025-10-27 10:47:03,769 - GPU-6 - INFO -   [Cycle 24]
2025-10-27 10:47:03,769 - GPU-6 - DEBUG -     [Latent Recursive] Starting 1 steps of latent thinking
2025-10-27 10:47:03,815 - GPU-6 - DEBUG -       [Latent] Step 1/1
2025-10-27 10:47:03,972 - GPU-6 - DEBUG -       [After Latent Recursive] 1 tokens unmasked
2025-10-27 10:47:03,972 - GPU-6 - INFO -   [Cycle 25]
2025-10-27 10:47:03,972 - GPU-6 - DEBUG -     [Latent Recursive] Starting 1 steps of latent thinking
2025-10-27 10:47:04,018 - GPU-6 - DEBUG -       [Latent] Step 1/1
2025-10-27 10:47:04,174 - GPU-6 - DEBUG -       [After Latent Recursive] 1 tokens unmasked
2025-10-27 10:47:04,175 - GPU-6 - INFO -   [Cycle 26]
2025-10-27 10:47:04,175 - GPU-6 - DEBUG -     [Latent Recursive] Starting 1 steps of latent thinking
2025-10-27 10:47:04,221 - GPU-6 - DEBUG -       [Latent] Step 1/1
2025-10-27 10:47:04,377 - GPU-6 - DEBUG -       [After Latent Recursive] 1 tokens unmasked
2025-10-27 10:47:04,378 - GPU-6 - INFO -   [Cycle 27]
2025-10-27 10:47:04,378 - GPU-6 - DEBUG -     [Latent Recursive] Starting 1 steps of latent thinking
2025-10-27 10:47:04,424 - GPU-6 - DEBUG -       [Latent] Step 1/1
2025-10-27 10:47:04,580 - GPU-6 - DEBUG -       [After Latent Recursive] 1 tokens unmasked
2025-10-27 10:47:04,581 - GPU-6 - INFO -   [Cycle 28]
2025-10-27 10:47:04,581 - GPU-6 - DEBUG -     [Latent Recursive] Starting 1 steps of latent thinking
2025-10-27 10:47:04,627 - GPU-6 - DEBUG -       [Latent] Step 1/1
2025-10-27 10:47:04,783 - GPU-6 - DEBUG -       [After Latent Recursive] 1 tokens unmasked
2025-10-27 10:47:04,783 - GPU-6 - INFO -   [Cycle 29]
2025-10-27 10:47:04,784 - GPU-6 - DEBUG -     [Latent Recursive] Starting 1 steps of latent thinking
2025-10-27 10:47:04,830 - GPU-6 - DEBUG -       [Latent] Step 1/1
2025-10-27 10:47:04,986 - GPU-6 - DEBUG -       [After Latent Recursive] 1 tokens unmasked
2025-10-27 10:47:04,986 - GPU-6 - INFO -   [Cycle 30]
2025-10-27 10:47:04,987 - GPU-6 - DEBUG -     [Latent Recursive] Starting 1 steps of latent thinking
2025-10-27 10:47:05,032 - GPU-6 - DEBUG -       [Latent] Step 1/1
2025-10-27 10:47:05,189 - GPU-6 - DEBUG -       [After Latent Recursive] 1 tokens unmasked
2025-10-27 10:47:05,189 - GPU-6 - INFO -   [Cycle 31]
2025-10-27 10:47:05,189 - GPU-6 - DEBUG -     [Latent Recursive] Starting 1 steps of latent thinking
2025-10-27 10:47:05,235 - GPU-6 - DEBUG -       [Latent] Step 1/1
2025-10-27 10:47:05,392 - GPU-6 - DEBUG -       [After Latent Recursive] 1 tokens unmasked
