2025-10-27 10:41:48,875 - GPU-4 - INFO - [GPU 4] Loaded freeze config from metadata.json: freeze_first_half_layers=False, trainable_layer_start_idx=0
2025-10-27 10:41:49,125 - GPU-4 - INFO - === Starting generate_with_prefix_cache ===
2025-10-27 10:41:49,125 - GPU-4 - INFO - use_cache=True, R=1, N=1
2025-10-27 10:41:49,134 - GPU-4 - INFO - [Block 1/16] Processing tokens 71-103
2025-10-27 10:41:49,134 - GPU-4 - DEBUG - [Block 0] Before forward: use_cache=True, x.shape=torch.Size([1, 583])
2025-10-27 10:41:49,134 - GPU-4 - DEBUG - [Block 0] Model type: LLaDAModelLM
2025-10-27 10:41:49,134 - GPU-4 - DEBUG - [Block 0] Model config use_cache: True
2025-10-27 10:41:49,454 - GPU-4 - DEBUG - [Block 0] After forward: pkv is None? False
2025-10-27 10:41:49,455 - GPU-4 - DEBUG - [Block 0] out type: CausalLMOutputWithPast
2025-10-27 10:41:49,455 - GPU-4 - DEBUG - [Block 0] pkv type: <class 'list'>, len: 32
2025-10-27 10:41:49,455 - GPU-4 - DEBUG - [Block 0] pkv[0] type: <class 'tuple'>, len: 2
2025-10-27 10:41:49,456 - GPU-4 - DEBUG - [Block 0] pkv[0][0].shape: torch.Size([1, 32, 583, 128])
2025-10-27 10:41:49,653 - GPU-4 - INFO -   [Initial Forward] 2 tokens unmasked
2025-10-27 10:41:49,653 - GPU-4 - INFO -   [Cycle 1]
2025-10-27 10:41:49,653 - GPU-4 - DEBUG -     [Latent Recursive] Starting 1 steps of latent thinking
2025-10-27 10:41:49,785 - GPU-4 - DEBUG -       [Latent] Step 1/1
2025-10-27 10:41:49,964 - GPU-4 - DEBUG -       [After Latent Recursive] 2 tokens unmasked
2025-10-27 10:41:49,964 - GPU-4 - INFO -   [Cycle 2]
2025-10-27 10:41:49,965 - GPU-4 - DEBUG -     [Latent Recursive] Starting 1 steps of latent thinking
2025-10-27 10:41:50,011 - GPU-4 - DEBUG -       [Latent] Step 1/1
2025-10-27 10:41:50,189 - GPU-4 - DEBUG -       [After Latent Recursive] 2 tokens unmasked
2025-10-27 10:41:50,189 - GPU-4 - INFO -   [Cycle 3]
2025-10-27 10:41:50,190 - GPU-4 - DEBUG -     [Latent Recursive] Starting 1 steps of latent thinking
2025-10-27 10:41:50,235 - GPU-4 - DEBUG -       [Latent] Step 1/1
2025-10-27 10:41:50,413 - GPU-4 - DEBUG -       [After Latent Recursive] 2 tokens unmasked
2025-10-27 10:41:50,414 - GPU-4 - INFO -   [Cycle 4]
2025-10-27 10:41:50,414 - GPU-4 - DEBUG -     [Latent Recursive] Starting 1 steps of latent thinking
2025-10-27 10:41:50,460 - GPU-4 - DEBUG -       [Latent] Step 1/1
2025-10-27 10:41:50,638 - GPU-4 - DEBUG -       [After Latent Recursive] 2 tokens unmasked
2025-10-27 10:41:50,638 - GPU-4 - INFO -   [Cycle 5]
2025-10-27 10:41:50,638 - GPU-4 - DEBUG -     [Latent Recursive] Starting 1 steps of latent thinking
2025-10-27 10:41:50,684 - GPU-4 - DEBUG -       [Latent] Step 1/1
2025-10-27 10:41:50,862 - GPU-4 - DEBUG -       [After Latent Recursive] 2 tokens unmasked
2025-10-27 10:41:50,863 - GPU-4 - INFO -   [Cycle 6]
2025-10-27 10:41:50,863 - GPU-4 - DEBUG -     [Latent Recursive] Starting 1 steps of latent thinking
2025-10-27 10:41:50,909 - GPU-4 - DEBUG -       [Latent] Step 1/1
2025-10-27 10:41:51,087 - GPU-4 - DEBUG -       [After Latent Recursive] 2 tokens unmasked
2025-10-27 10:41:51,087 - GPU-4 - INFO -   [Cycle 7]
2025-10-27 10:41:51,087 - GPU-4 - DEBUG -     [Latent Recursive] Starting 1 steps of latent thinking
2025-10-27 10:41:51,133 - GPU-4 - DEBUG -       [Latent] Step 1/1
2025-10-27 10:41:51,311 - GPU-4 - DEBUG -       [After Latent Recursive] 2 tokens unmasked
2025-10-27 10:41:51,311 - GPU-4 - INFO -   [Cycle 8]
2025-10-27 10:41:51,311 - GPU-4 - DEBUG -     [Latent Recursive] Starting 1 steps of latent thinking
2025-10-27 10:41:51,357 - GPU-4 - DEBUG -       [Latent] Step 1/1
2025-10-27 10:41:51,535 - GPU-4 - DEBUG -       [After Latent Recursive] 2 tokens unmasked
2025-10-27 10:41:51,535 - GPU-4 - INFO -   [Cycle 9]
2025-10-27 10:41:51,536 - GPU-4 - DEBUG -     [Latent Recursive] Starting 1 steps of latent thinking
2025-10-27 10:41:51,581 - GPU-4 - DEBUG -       [Latent] Step 1/1
2025-10-27 10:41:51,759 - GPU-4 - DEBUG -       [After Latent Recursive] 2 tokens unmasked
2025-10-27 10:41:51,760 - GPU-4 - INFO -   [Cycle 10]
2025-10-27 10:41:51,760 - GPU-4 - DEBUG -     [Latent Recursive] Starting 1 steps of latent thinking
2025-10-27 10:41:51,805 - GPU-4 - DEBUG -       [Latent] Step 1/1
2025-10-27 10:41:51,984 - GPU-4 - DEBUG -       [After Latent Recursive] 2 tokens unmasked
2025-10-27 10:41:51,984 - GPU-4 - INFO -   [Cycle 11]
2025-10-27 10:41:51,984 - GPU-4 - DEBUG -     [Latent Recursive] Starting 1 steps of latent thinking
2025-10-27 10:41:52,030 - GPU-4 - DEBUG -       [Latent] Step 1/1
2025-10-27 10:41:52,208 - GPU-4 - DEBUG -       [After Latent Recursive] 2 tokens unmasked
2025-10-27 10:41:52,208 - GPU-4 - INFO -   [Cycle 12]
2025-10-27 10:41:52,208 - GPU-4 - DEBUG -     [Latent Recursive] Starting 1 steps of latent thinking
2025-10-27 10:41:52,254 - GPU-4 - DEBUG -       [Latent] Step 1/1
2025-10-27 10:41:52,432 - GPU-4 - DEBUG -       [After Latent Recursive] 2 tokens unmasked
2025-10-27 10:41:52,432 - GPU-4 - INFO -   [Cycle 13]
2025-10-27 10:41:52,432 - GPU-4 - DEBUG -     [Latent Recursive] Starting 1 steps of latent thinking
2025-10-27 10:41:52,478 - GPU-4 - DEBUG -       [Latent] Step 1/1
2025-10-27 10:41:52,656 - GPU-4 - DEBUG -       [After Latent Recursive] 2 tokens unmasked
2025-10-27 10:41:52,657 - GPU-4 - INFO -   [Cycle 14]
2025-10-27 10:41:52,657 - GPU-4 - DEBUG -     [Latent Recursive] Starting 1 steps of latent thinking
2025-10-27 10:41:52,703 - GPU-4 - DEBUG -       [Latent] Step 1/1
2025-10-27 10:41:52,881 - GPU-4 - DEBUG -       [After Latent Recursive] 2 tokens unmasked
2025-10-27 10:41:52,881 - GPU-4 - INFO -   [Cycle 15]
2025-10-27 10:41:52,881 - GPU-4 - DEBUG -     [Latent Recursive] Starting 1 steps of latent thinking
2025-10-27 10:41:52,927 - GPU-4 - DEBUG -       [Latent] Step 1/1
2025-10-27 10:41:53,105 - GPU-4 - DEBUG -       [After Latent Recursive] 2 tokens unmasked
2025-10-27 10:41:53,105 - GPU-4 - INFO - [Block 2/16] Processing tokens 103-135
2025-10-27 10:41:53,105 - GPU-4 - DEBUG - [Block 1] Before forward: use_cache=True, x.shape=torch.Size([1, 583])
2025-10-27 10:41:53,105 - GPU-4 - DEBUG - [Block 1] Model type: LLaDAModelLM
2025-10-27 10:41:53,105 - GPU-4 - DEBUG - [Block 1] Model config use_cache: True
2025-10-27 10:41:53,128 - GPU-4 - DEBUG - [Block 1] After forward: pkv is None? False
2025-10-27 10:41:53,128 - GPU-4 - DEBUG - [Block 1] out type: CausalLMOutputWithPast
2025-10-27 10:41:53,128 - GPU-4 - DEBUG - [Block 1] pkv type: <class 'list'>, len: 32
2025-10-27 10:41:53,128 - GPU-4 - DEBUG - [Block 1] pkv[0] type: <class 'tuple'>, len: 2
2025-10-27 10:41:53,129 - GPU-4 - DEBUG - [Block 1] pkv[0][0].shape: torch.Size([1, 32, 583, 128])
2025-10-27 10:41:53,217 - GPU-4 - INFO -   [Initial Forward] 2 tokens unmasked
2025-10-27 10:41:53,218 - GPU-4 - INFO -   [Cycle 1]
2025-10-27 10:41:53,218 - GPU-4 - DEBUG -     [Latent Recursive] Starting 1 steps of latent thinking
2025-10-27 10:41:53,264 - GPU-4 - DEBUG -       [Latent] Step 1/1
2025-10-27 10:41:53,441 - GPU-4 - DEBUG -       [After Latent Recursive] 2 tokens unmasked
2025-10-27 10:41:53,441 - GPU-4 - INFO -   [Cycle 2]
2025-10-27 10:41:53,441 - GPU-4 - DEBUG -     [Latent Recursive] Starting 1 steps of latent thinking
2025-10-27 10:41:53,487 - GPU-4 - DEBUG -       [Latent] Step 1/1
2025-10-27 10:41:53,664 - GPU-4 - DEBUG -       [After Latent Recursive] 2 tokens unmasked
2025-10-27 10:41:53,665 - GPU-4 - INFO -   [Cycle 3]
2025-10-27 10:41:53,665 - GPU-4 - DEBUG -     [Latent Recursive] Starting 1 steps of latent thinking
2025-10-27 10:41:53,710 - GPU-4 - DEBUG -       [Latent] Step 1/1
2025-10-27 10:41:53,887 - GPU-4 - DEBUG -       [After Latent Recursive] 2 tokens unmasked
2025-10-27 10:41:53,887 - GPU-4 - INFO -   [Cycle 4]
2025-10-27 10:41:53,888 - GPU-4 - DEBUG -     [Latent Recursive] Starting 1 steps of latent thinking
2025-10-27 10:41:53,933 - GPU-4 - DEBUG -       [Latent] Step 1/1
2025-10-27 10:41:54,110 - GPU-4 - DEBUG -       [After Latent Recursive] 2 tokens unmasked
2025-10-27 10:41:54,111 - GPU-4 - INFO -   [Cycle 5]
2025-10-27 10:41:54,111 - GPU-4 - DEBUG -     [Latent Recursive] Starting 1 steps of latent thinking
2025-10-27 10:41:54,157 - GPU-4 - DEBUG -       [Latent] Step 1/1
2025-10-27 10:41:54,334 - GPU-4 - DEBUG -       [After Latent Recursive] 2 tokens unmasked
2025-10-27 10:41:54,334 - GPU-4 - INFO -   [Cycle 6]
2025-10-27 10:41:54,334 - GPU-4 - DEBUG -     [Latent Recursive] Starting 1 steps of latent thinking
2025-10-27 10:41:54,380 - GPU-4 - DEBUG -       [Latent] Step 1/1
2025-10-27 10:41:54,557 - GPU-4 - DEBUG -       [After Latent Recursive] 2 tokens unmasked
2025-10-27 10:41:54,558 - GPU-4 - INFO -   [Cycle 7]
2025-10-27 10:41:54,558 - GPU-4 - DEBUG -     [Latent Recursive] Starting 1 steps of latent thinking
2025-10-27 10:41:54,604 - GPU-4 - DEBUG -       [Latent] Step 1/1
2025-10-27 10:41:54,781 - GPU-4 - DEBUG -       [After Latent Recursive] 2 tokens unmasked
2025-10-27 10:41:54,782 - GPU-4 - INFO -   [Cycle 8]
2025-10-27 10:41:54,782 - GPU-4 - DEBUG -     [Latent Recursive] Starting 1 steps of latent thinking
2025-10-27 10:41:54,828 - GPU-4 - DEBUG -       [Latent] Step 1/1
2025-10-27 10:41:55,005 - GPU-4 - DEBUG -       [After Latent Recursive] 2 tokens unmasked
2025-10-27 10:41:55,005 - GPU-4 - INFO -   [Cycle 9]
2025-10-27 10:41:55,005 - GPU-4 - DEBUG -     [Latent Recursive] Starting 1 steps of latent thinking
2025-10-27 10:41:55,051 - GPU-4 - DEBUG -       [Latent] Step 1/1
2025-10-27 10:41:55,228 - GPU-4 - DEBUG -       [After Latent Recursive] 2 tokens unmasked
2025-10-27 10:41:55,229 - GPU-4 - INFO -   [Cycle 10]
2025-10-27 10:41:55,229 - GPU-4 - DEBUG -     [Latent Recursive] Starting 1 steps of latent thinking
2025-10-27 10:41:55,275 - GPU-4 - DEBUG -       [Latent] Step 1/1
2025-10-27 10:41:55,452 - GPU-4 - DEBUG -       [After Latent Recursive] 2 tokens unmasked
2025-10-27 10:41:55,452 - GPU-4 - INFO -   [Cycle 11]
2025-10-27 10:41:55,452 - GPU-4 - DEBUG -     [Latent Recursive] Starting 1 steps of latent thinking
2025-10-27 10:41:55,498 - GPU-4 - DEBUG -       [Latent] Step 1/1
2025-10-27 10:41:55,675 - GPU-4 - DEBUG -       [After Latent Recursive] 2 tokens unmasked
2025-10-27 10:41:55,675 - GPU-4 - INFO -   [Cycle 12]
2025-10-27 10:41:55,675 - GPU-4 - DEBUG -     [Latent Recursive] Starting 1 steps of latent thinking
2025-10-27 10:41:55,721 - GPU-4 - DEBUG -       [Latent] Step 1/1
2025-10-27 10:41:55,898 - GPU-4 - DEBUG -       [After Latent Recursive] 2 tokens unmasked
2025-10-27 10:41:55,898 - GPU-4 - INFO -   [Cycle 13]
2025-10-27 10:41:55,898 - GPU-4 - DEBUG -     [Latent Recursive] Starting 1 steps of latent thinking
2025-10-27 10:41:55,944 - GPU-4 - DEBUG -       [Latent] Step 1/1
2025-10-27 10:41:56,121 - GPU-4 - DEBUG -       [After Latent Recursive] 2 tokens unmasked
2025-10-27 10:41:56,121 - GPU-4 - INFO -   [Cycle 14]
2025-10-27 10:41:56,121 - GPU-4 - DEBUG -     [Latent Recursive] Starting 1 steps of latent thinking
2025-10-27 10:41:56,167 - GPU-4 - DEBUG -       [Latent] Step 1/1
2025-10-27 10:41:56,344 - GPU-4 - DEBUG -       [After Latent Recursive] 2 tokens unmasked
2025-10-27 10:41:56,344 - GPU-4 - INFO -   [Cycle 15]
2025-10-27 10:41:56,344 - GPU-4 - DEBUG -     [Latent Recursive] Starting 1 steps of latent thinking
2025-10-27 10:41:56,390 - GPU-4 - DEBUG -       [Latent] Step 1/1
2025-10-27 10:41:56,567 - GPU-4 - DEBUG -       [After Latent Recursive] 2 tokens unmasked
2025-10-27 10:41:56,568 - GPU-4 - INFO - [Block 3/16] Processing tokens 135-167
2025-10-27 10:41:56,568 - GPU-4 - DEBUG - [Block 2] Before forward: use_cache=True, x.shape=torch.Size([1, 583])
2025-10-27 10:41:56,568 - GPU-4 - DEBUG - [Block 2] Model type: LLaDAModelLM
2025-10-27 10:41:56,568 - GPU-4 - DEBUG - [Block 2] Model config use_cache: True
2025-10-27 10:41:56,591 - GPU-4 - DEBUG - [Block 2] After forward: pkv is None? False
2025-10-27 10:41:56,591 - GPU-4 - DEBUG - [Block 2] out type: CausalLMOutputWithPast
2025-10-27 10:41:56,591 - GPU-4 - DEBUG - [Block 2] pkv type: <class 'list'>, len: 32
2025-10-27 10:41:56,591 - GPU-4 - DEBUG - [Block 2] pkv[0] type: <class 'tuple'>, len: 2
2025-10-27 10:41:56,591 - GPU-4 - DEBUG - [Block 2] pkv[0][0].shape: torch.Size([1, 32, 583, 128])
2025-10-27 10:41:56,680 - GPU-4 - INFO -   [Initial Forward] 2 tokens unmasked
2025-10-27 10:41:56,680 - GPU-4 - INFO -   [Cycle 1]
2025-10-27 10:41:56,681 - GPU-4 - DEBUG -     [Latent Recursive] Starting 1 steps of latent thinking
2025-10-27 10:41:56,726 - GPU-4 - DEBUG -       [Latent] Step 1/1
2025-10-27 10:41:56,901 - GPU-4 - DEBUG -       [After Latent Recursive] 2 tokens unmasked
2025-10-27 10:41:56,902 - GPU-4 - INFO -   [Cycle 2]
2025-10-27 10:41:56,902 - GPU-4 - DEBUG -     [Latent Recursive] Starting 1 steps of latent thinking
2025-10-27 10:41:56,948 - GPU-4 - DEBUG -       [Latent] Step 1/1
2025-10-27 10:41:57,122 - GPU-4 - DEBUG -       [After Latent Recursive] 2 tokens unmasked
2025-10-27 10:41:57,123 - GPU-4 - INFO -   [Cycle 3]
2025-10-27 10:41:57,123 - GPU-4 - DEBUG -     [Latent Recursive] Starting 1 steps of latent thinking
2025-10-27 10:41:57,169 - GPU-4 - DEBUG -       [Latent] Step 1/1
2025-10-27 10:41:57,343 - GPU-4 - DEBUG -       [After Latent Recursive] 2 tokens unmasked
2025-10-27 10:41:57,344 - GPU-4 - INFO -   [Cycle 4]
2025-10-27 10:41:57,344 - GPU-4 - DEBUG -     [Latent Recursive] Starting 1 steps of latent thinking
2025-10-27 10:41:57,390 - GPU-4 - DEBUG -       [Latent] Step 1/1
2025-10-27 10:41:57,564 - GPU-4 - DEBUG -       [After Latent Recursive] 2 tokens unmasked
2025-10-27 10:41:57,565 - GPU-4 - INFO -   [Cycle 5]
2025-10-27 10:41:57,565 - GPU-4 - DEBUG -     [Latent Recursive] Starting 1 steps of latent thinking
2025-10-27 10:41:57,611 - GPU-4 - DEBUG -       [Latent] Step 1/1
2025-10-27 10:41:57,785 - GPU-4 - DEBUG -       [After Latent Recursive] 2 tokens unmasked
2025-10-27 10:41:57,786 - GPU-4 - INFO -   [Cycle 6]
2025-10-27 10:41:57,786 - GPU-4 - DEBUG -     [Latent Recursive] Starting 1 steps of latent thinking
2025-10-27 10:41:57,831 - GPU-4 - DEBUG -       [Latent] Step 1/1
2025-10-27 10:41:58,006 - GPU-4 - DEBUG -       [After Latent Recursive] 2 tokens unmasked
2025-10-27 10:41:58,006 - GPU-4 - INFO -   [Cycle 7]
2025-10-27 10:41:58,006 - GPU-4 - DEBUG -     [Latent Recursive] Starting 1 steps of latent thinking
2025-10-27 10:41:58,052 - GPU-4 - DEBUG -       [Latent] Step 1/1
2025-10-27 10:41:58,226 - GPU-4 - DEBUG -       [After Latent Recursive] 2 tokens unmasked
2025-10-27 10:41:58,227 - GPU-4 - INFO -   [Cycle 8]
2025-10-27 10:41:58,227 - GPU-4 - DEBUG -     [Latent Recursive] Starting 1 steps of latent thinking
2025-10-27 10:41:58,273 - GPU-4 - DEBUG -       [Latent] Step 1/1
2025-10-27 10:41:58,447 - GPU-4 - DEBUG -       [After Latent Recursive] 2 tokens unmasked
2025-10-27 10:41:58,448 - GPU-4 - INFO -   [Cycle 9]
2025-10-27 10:41:58,448 - GPU-4 - DEBUG -     [Latent Recursive] Starting 1 steps of latent thinking
2025-10-27 10:41:58,493 - GPU-4 - DEBUG -       [Latent] Step 1/1
2025-10-27 10:41:58,668 - GPU-4 - DEBUG -       [After Latent Recursive] 2 tokens unmasked
2025-10-27 10:41:58,668 - GPU-4 - INFO -   [Cycle 10]
2025-10-27 10:41:58,668 - GPU-4 - DEBUG -     [Latent Recursive] Starting 1 steps of latent thinking
2025-10-27 10:41:58,714 - GPU-4 - DEBUG -       [Latent] Step 1/1
2025-10-27 10:41:58,888 - GPU-4 - DEBUG -       [After Latent Recursive] 2 tokens unmasked
2025-10-27 10:41:58,889 - GPU-4 - INFO -   [Cycle 11]
2025-10-27 10:41:58,889 - GPU-4 - DEBUG -     [Latent Recursive] Starting 1 steps of latent thinking
2025-10-27 10:41:58,935 - GPU-4 - DEBUG -       [Latent] Step 1/1
2025-10-27 10:41:59,110 - GPU-4 - DEBUG -       [After Latent Recursive] 2 tokens unmasked
2025-10-27 10:41:59,110 - GPU-4 - INFO -   [Cycle 12]
2025-10-27 10:41:59,110 - GPU-4 - DEBUG -     [Latent Recursive] Starting 1 steps of latent thinking
2025-10-27 10:41:59,156 - GPU-4 - DEBUG -       [Latent] Step 1/1
2025-10-27 10:41:59,331 - GPU-4 - DEBUG -       [After Latent Recursive] 2 tokens unmasked
2025-10-27 10:41:59,331 - GPU-4 - INFO -   [Cycle 13]
2025-10-27 10:41:59,331 - GPU-4 - DEBUG -     [Latent Recursive] Starting 1 steps of latent thinking
2025-10-27 10:41:59,377 - GPU-4 - DEBUG -       [Latent] Step 1/1
2025-10-27 10:41:59,552 - GPU-4 - DEBUG -       [After Latent Recursive] 2 tokens unmasked
2025-10-27 10:41:59,552 - GPU-4 - INFO -   [Cycle 14]
2025-10-27 10:41:59,552 - GPU-4 - DEBUG -     [Latent Recursive] Starting 1 steps of latent thinking
2025-10-27 10:41:59,598 - GPU-4 - DEBUG -       [Latent] Step 1/1
2025-10-27 10:41:59,773 - GPU-4 - DEBUG -       [After Latent Recursive] 2 tokens unmasked
2025-10-27 10:41:59,773 - GPU-4 - INFO -   [Cycle 15]
2025-10-27 10:41:59,773 - GPU-4 - DEBUG -     [Latent Recursive] Starting 1 steps of latent thinking
2025-10-27 10:41:59,819 - GPU-4 - DEBUG -       [Latent] Step 1/1
2025-10-27 10:41:59,994 - GPU-4 - DEBUG -       [After Latent Recursive] 2 tokens unmasked
2025-10-27 10:41:59,994 - GPU-4 - INFO - [Block 4/16] Processing tokens 167-199
2025-10-27 10:41:59,994 - GPU-4 - DEBUG - [Block 3] Before forward: use_cache=True, x.shape=torch.Size([1, 583])
2025-10-27 10:41:59,994 - GPU-4 - DEBUG - [Block 3] Model type: LLaDAModelLM
2025-10-27 10:41:59,995 - GPU-4 - DEBUG - [Block 3] Model config use_cache: True
2025-10-27 10:42:00,017 - GPU-4 - DEBUG - [Block 3] After forward: pkv is None? False
2025-10-27 10:42:00,017 - GPU-4 - DEBUG - [Block 3] out type: CausalLMOutputWithPast
2025-10-27 10:42:00,017 - GPU-4 - DEBUG - [Block 3] pkv type: <class 'list'>, len: 32
2025-10-27 10:42:00,018 - GPU-4 - DEBUG - [Block 3] pkv[0] type: <class 'tuple'>, len: 2
2025-10-27 10:42:00,018 - GPU-4 - DEBUG - [Block 3] pkv[0][0].shape: torch.Size([1, 32, 583, 128])
2025-10-27 10:42:00,106 - GPU-4 - INFO -   [Initial Forward] 2 tokens unmasked
2025-10-27 10:42:00,107 - GPU-4 - INFO -   [Cycle 1]
2025-10-27 10:42:00,107 - GPU-4 - DEBUG -     [Latent Recursive] Starting 1 steps of latent thinking
2025-10-27 10:42:00,153 - GPU-4 - DEBUG -       [Latent] Step 1/1
2025-10-27 10:42:00,327 - GPU-4 - DEBUG -       [After Latent Recursive] 2 tokens unmasked
2025-10-27 10:42:00,327 - GPU-4 - INFO -   [Cycle 2]
2025-10-27 10:42:00,327 - GPU-4 - DEBUG -     [Latent Recursive] Starting 1 steps of latent thinking
2025-10-27 10:42:00,373 - GPU-4 - DEBUG -       [Latent] Step 1/1
2025-10-27 10:42:00,547 - GPU-4 - DEBUG -       [After Latent Recursive] 2 tokens unmasked
2025-10-27 10:42:00,548 - GPU-4 - INFO -   [Cycle 3]
2025-10-27 10:42:00,548 - GPU-4 - DEBUG -     [Latent Recursive] Starting 1 steps of latent thinking
2025-10-27 10:42:00,594 - GPU-4 - DEBUG -       [Latent] Step 1/1
2025-10-27 10:42:00,768 - GPU-4 - DEBUG -       [After Latent Recursive] 2 tokens unmasked
2025-10-27 10:42:00,768 - GPU-4 - INFO -   [Cycle 4]
2025-10-27 10:42:00,768 - GPU-4 - DEBUG -     [Latent Recursive] Starting 1 steps of latent thinking
2025-10-27 10:42:00,814 - GPU-4 - DEBUG -       [Latent] Step 1/1
2025-10-27 10:42:00,988 - GPU-4 - DEBUG -       [After Latent Recursive] 2 tokens unmasked
2025-10-27 10:42:00,988 - GPU-4 - INFO -   [Cycle 5]
2025-10-27 10:42:00,988 - GPU-4 - DEBUG -     [Latent Recursive] Starting 1 steps of latent thinking
2025-10-27 10:42:01,034 - GPU-4 - DEBUG -       [Latent] Step 1/1
2025-10-27 10:42:01,208 - GPU-4 - DEBUG -       [After Latent Recursive] 2 tokens unmasked
2025-10-27 10:42:01,209 - GPU-4 - INFO -   [Cycle 6]
2025-10-27 10:42:01,209 - GPU-4 - DEBUG -     [Latent Recursive] Starting 1 steps of latent thinking
2025-10-27 10:42:01,255 - GPU-4 - DEBUG -       [Latent] Step 1/1
2025-10-27 10:42:01,429 - GPU-4 - DEBUG -       [After Latent Recursive] 2 tokens unmasked
2025-10-27 10:42:01,429 - GPU-4 - INFO -   [Cycle 7]
2025-10-27 10:42:01,429 - GPU-4 - DEBUG -     [Latent Recursive] Starting 1 steps of latent thinking
2025-10-27 10:42:01,475 - GPU-4 - DEBUG -       [Latent] Step 1/1
2025-10-27 10:42:01,649 - GPU-4 - DEBUG -       [After Latent Recursive] 2 tokens unmasked
2025-10-27 10:42:01,649 - GPU-4 - INFO -   [Cycle 8]
2025-10-27 10:42:01,649 - GPU-4 - DEBUG -     [Latent Recursive] Starting 1 steps of latent thinking
2025-10-27 10:42:01,695 - GPU-4 - DEBUG -       [Latent] Step 1/1
2025-10-27 10:42:01,869 - GPU-4 - DEBUG -       [After Latent Recursive] 2 tokens unmasked
2025-10-27 10:42:01,870 - GPU-4 - INFO -   [Cycle 9]
2025-10-27 10:42:01,870 - GPU-4 - DEBUG -     [Latent Recursive] Starting 1 steps of latent thinking
2025-10-27 10:42:01,916 - GPU-4 - DEBUG -       [Latent] Step 1/1
2025-10-27 10:42:02,090 - GPU-4 - DEBUG -       [After Latent Recursive] 2 tokens unmasked
2025-10-27 10:42:02,090 - GPU-4 - INFO -   [Cycle 10]
2025-10-27 10:42:02,090 - GPU-4 - DEBUG -     [Latent Recursive] Starting 1 steps of latent thinking
2025-10-27 10:42:02,136 - GPU-4 - DEBUG -       [Latent] Step 1/1
2025-10-27 10:42:02,310 - GPU-4 - DEBUG -       [After Latent Recursive] 2 tokens unmasked
2025-10-27 10:42:02,311 - GPU-4 - INFO -   [Cycle 11]
2025-10-27 10:42:02,311 - GPU-4 - DEBUG -     [Latent Recursive] Starting 1 steps of latent thinking
2025-10-27 10:42:02,357 - GPU-4 - DEBUG -       [Latent] Step 1/1
2025-10-27 10:42:02,531 - GPU-4 - DEBUG -       [After Latent Recursive] 2 tokens unmasked
2025-10-27 10:42:02,531 - GPU-4 - INFO -   [Cycle 12]
2025-10-27 10:42:02,531 - GPU-4 - DEBUG -     [Latent Recursive] Starting 1 steps of latent thinking
2025-10-27 10:42:02,577 - GPU-4 - DEBUG -       [Latent] Step 1/1
2025-10-27 10:42:02,751 - GPU-4 - DEBUG -       [After Latent Recursive] 2 tokens unmasked
2025-10-27 10:42:02,751 - GPU-4 - INFO -   [Cycle 13]
2025-10-27 10:42:02,751 - GPU-4 - DEBUG -     [Latent Recursive] Starting 1 steps of latent thinking
2025-10-27 10:42:02,797 - GPU-4 - DEBUG -       [Latent] Step 1/1
2025-10-27 10:42:02,971 - GPU-4 - DEBUG -       [After Latent Recursive] 2 tokens unmasked
2025-10-27 10:42:02,972 - GPU-4 - INFO -   [Cycle 14]
2025-10-27 10:42:02,972 - GPU-4 - DEBUG -     [Latent Recursive] Starting 1 steps of latent thinking
2025-10-27 10:42:03,018 - GPU-4 - DEBUG -       [Latent] Step 1/1
2025-10-27 10:42:03,192 - GPU-4 - DEBUG -       [After Latent Recursive] 2 tokens unmasked
2025-10-27 10:42:03,192 - GPU-4 - INFO -   [Cycle 15]
2025-10-27 10:42:03,192 - GPU-4 - DEBUG -     [Latent Recursive] Starting 1 steps of latent thinking
2025-10-27 10:42:03,238 - GPU-4 - DEBUG -       [Latent] Step 1/1
2025-10-27 10:42:03,412 - GPU-4 - DEBUG -       [After Latent Recursive] 2 tokens unmasked
2025-10-27 10:42:03,412 - GPU-4 - INFO - [Block 5/16] Processing tokens 199-231
2025-10-27 10:42:03,413 - GPU-4 - DEBUG - [Block 4] Before forward: use_cache=True, x.shape=torch.Size([1, 583])
2025-10-27 10:42:03,413 - GPU-4 - DEBUG - [Block 4] Model type: LLaDAModelLM
2025-10-27 10:42:03,413 - GPU-4 - DEBUG - [Block 4] Model config use_cache: True
2025-10-27 10:42:03,436 - GPU-4 - DEBUG - [Block 4] After forward: pkv is None? False
2025-10-27 10:42:03,436 - GPU-4 - DEBUG - [Block 4] out type: CausalLMOutputWithPast
2025-10-27 10:42:03,436 - GPU-4 - DEBUG - [Block 4] pkv type: <class 'list'>, len: 32
2025-10-27 10:42:03,436 - GPU-4 - DEBUG - [Block 4] pkv[0] type: <class 'tuple'>, len: 2
2025-10-27 10:42:03,436 - GPU-4 - DEBUG - [Block 4] pkv[0][0].shape: torch.Size([1, 32, 583, 128])
2025-10-27 10:42:03,525 - GPU-4 - INFO -   [Initial Forward] 2 tokens unmasked
2025-10-27 10:42:03,525 - GPU-4 - INFO -   [Cycle 1]
2025-10-27 10:42:03,525 - GPU-4 - DEBUG -     [Latent Recursive] Starting 1 steps of latent thinking
2025-10-27 10:42:03,571 - GPU-4 - DEBUG -       [Latent] Step 1/1
2025-10-27 10:42:03,743 - GPU-4 - DEBUG -       [After Latent Recursive] 2 tokens unmasked
2025-10-27 10:42:03,743 - GPU-4 - INFO -   [Cycle 2]
2025-10-27 10:42:03,743 - GPU-4 - DEBUG -     [Latent Recursive] Starting 1 steps of latent thinking
2025-10-27 10:42:03,789 - GPU-4 - DEBUG -       [Latent] Step 1/1
2025-10-27 10:42:03,961 - GPU-4 - DEBUG -       [After Latent Recursive] 2 tokens unmasked
2025-10-27 10:42:03,961 - GPU-4 - INFO -   [Cycle 3]
2025-10-27 10:42:03,961 - GPU-4 - DEBUG -     [Latent Recursive] Starting 1 steps of latent thinking
2025-10-27 10:42:04,007 - GPU-4 - DEBUG -       [Latent] Step 1/1
2025-10-27 10:42:04,178 - GPU-4 - DEBUG -       [After Latent Recursive] 2 tokens unmasked
2025-10-27 10:42:04,179 - GPU-4 - INFO -   [Cycle 4]
2025-10-27 10:42:04,179 - GPU-4 - DEBUG -     [Latent Recursive] Starting 1 steps of latent thinking
2025-10-27 10:42:04,225 - GPU-4 - DEBUG -       [Latent] Step 1/1
2025-10-27 10:42:04,396 - GPU-4 - DEBUG -       [After Latent Recursive] 2 tokens unmasked
2025-10-27 10:42:04,397 - GPU-4 - INFO -   [Cycle 5]
2025-10-27 10:42:04,397 - GPU-4 - DEBUG -     [Latent Recursive] Starting 1 steps of latent thinking
2025-10-27 10:42:04,443 - GPU-4 - DEBUG -       [Latent] Step 1/1
2025-10-27 10:42:04,614 - GPU-4 - DEBUG -       [After Latent Recursive] 2 tokens unmasked
2025-10-27 10:42:04,615 - GPU-4 - INFO -   [Cycle 6]
2025-10-27 10:42:04,615 - GPU-4 - DEBUG -     [Latent Recursive] Starting 1 steps of latent thinking
2025-10-27 10:42:04,661 - GPU-4 - DEBUG -       [Latent] Step 1/1
2025-10-27 10:42:04,832 - GPU-4 - DEBUG -       [After Latent Recursive] 2 tokens unmasked
2025-10-27 10:42:04,833 - GPU-4 - INFO -   [Cycle 7]
2025-10-27 10:42:04,833 - GPU-4 - DEBUG -     [Latent Recursive] Starting 1 steps of latent thinking
2025-10-27 10:42:04,879 - GPU-4 - DEBUG -       [Latent] Step 1/1
2025-10-27 10:42:05,050 - GPU-4 - DEBUG -       [After Latent Recursive] 2 tokens unmasked
2025-10-27 10:42:05,050 - GPU-4 - INFO -   [Cycle 8]
2025-10-27 10:42:05,050 - GPU-4 - DEBUG -     [Latent Recursive] Starting 1 steps of latent thinking
2025-10-27 10:42:05,096 - GPU-4 - DEBUG -       [Latent] Step 1/1
2025-10-27 10:42:05,268 - GPU-4 - DEBUG -       [After Latent Recursive] 2 tokens unmasked
2025-10-27 10:42:05,268 - GPU-4 - INFO -   [Cycle 9]
2025-10-27 10:42:05,268 - GPU-4 - DEBUG -     [Latent Recursive] Starting 1 steps of latent thinking
2025-10-27 10:42:05,314 - GPU-4 - DEBUG -       [Latent] Step 1/1
2025-10-27 10:42:05,486 - GPU-4 - DEBUG -       [After Latent Recursive] 2 tokens unmasked
2025-10-27 10:42:05,486 - GPU-4 - INFO -   [Cycle 10]
2025-10-27 10:42:05,486 - GPU-4 - DEBUG -     [Latent Recursive] Starting 1 steps of latent thinking
2025-10-27 10:42:05,532 - GPU-4 - DEBUG -       [Latent] Step 1/1
2025-10-27 10:42:05,704 - GPU-4 - DEBUG -       [After Latent Recursive] 2 tokens unmasked
2025-10-27 10:42:05,704 - GPU-4 - INFO -   [Cycle 11]
2025-10-27 10:42:05,704 - GPU-4 - DEBUG -     [Latent Recursive] Starting 1 steps of latent thinking
2025-10-27 10:42:05,750 - GPU-4 - DEBUG -       [Latent] Step 1/1
2025-10-27 10:42:05,922 - GPU-4 - DEBUG -       [After Latent Recursive] 2 tokens unmasked
2025-10-27 10:42:05,922 - GPU-4 - INFO -   [Cycle 12]
2025-10-27 10:42:05,923 - GPU-4 - DEBUG -     [Latent Recursive] Starting 1 steps of latent thinking
2025-10-27 10:42:05,968 - GPU-4 - DEBUG -       [Latent] Step 1/1
2025-10-27 10:42:06,140 - GPU-4 - DEBUG -       [After Latent Recursive] 2 tokens unmasked
2025-10-27 10:42:06,140 - GPU-4 - INFO -   [Cycle 13]
2025-10-27 10:42:06,140 - GPU-4 - DEBUG -     [Latent Recursive] Starting 1 steps of latent thinking
2025-10-27 10:42:06,186 - GPU-4 - DEBUG -       [Latent] Step 1/1
2025-10-27 10:42:06,358 - GPU-4 - DEBUG -       [After Latent Recursive] 2 tokens unmasked
2025-10-27 10:42:06,358 - GPU-4 - INFO -   [Cycle 14]
2025-10-27 10:42:06,358 - GPU-4 - DEBUG -     [Latent Recursive] Starting 1 steps of latent thinking
2025-10-27 10:42:06,404 - GPU-4 - DEBUG -       [Latent] Step 1/1
2025-10-27 10:42:06,575 - GPU-4 - DEBUG -       [After Latent Recursive] 2 tokens unmasked
2025-10-27 10:42:06,576 - GPU-4 - INFO -   [Cycle 15]
2025-10-27 10:42:06,576 - GPU-4 - DEBUG -     [Latent Recursive] Starting 1 steps of latent thinking
2025-10-27 10:42:06,622 - GPU-4 - DEBUG -       [Latent] Step 1/1
2025-10-27 10:42:06,793 - GPU-4 - DEBUG -       [After Latent Recursive] 2 tokens unmasked
2025-10-27 10:42:06,793 - GPU-4 - INFO - [Block 6/16] Processing tokens 231-263
2025-10-27 10:42:06,793 - GPU-4 - DEBUG - [Block 5] Before forward: use_cache=True, x.shape=torch.Size([1, 583])
2025-10-27 10:42:06,793 - GPU-4 - DEBUG - [Block 5] Model type: LLaDAModelLM
2025-10-27 10:42:06,794 - GPU-4 - DEBUG - [Block 5] Model config use_cache: True
2025-10-27 10:42:06,816 - GPU-4 - DEBUG - [Block 5] After forward: pkv is None? False
2025-10-27 10:42:06,816 - GPU-4 - DEBUG - [Block 5] out type: CausalLMOutputWithPast
2025-10-27 10:42:06,817 - GPU-4 - DEBUG - [Block 5] pkv type: <class 'list'>, len: 32
2025-10-27 10:42:06,817 - GPU-4 - DEBUG - [Block 5] pkv[0] type: <class 'tuple'>, len: 2
2025-10-27 10:42:06,817 - GPU-4 - DEBUG - [Block 5] pkv[0][0].shape: torch.Size([1, 32, 583, 128])
2025-10-27 10:42:06,905 - GPU-4 - INFO -   [Initial Forward] 2 tokens unmasked
2025-10-27 10:42:06,906 - GPU-4 - INFO -   [Cycle 1]
2025-10-27 10:42:06,906 - GPU-4 - DEBUG -     [Latent Recursive] Starting 1 steps of latent thinking
2025-10-27 10:42:06,952 - GPU-4 - DEBUG -       [Latent] Step 1/1
2025-10-27 10:42:07,123 - GPU-4 - DEBUG -       [After Latent Recursive] 2 tokens unmasked
2025-10-27 10:42:07,123 - GPU-4 - INFO -   [Cycle 2]
2025-10-27 10:42:07,124 - GPU-4 - DEBUG -     [Latent Recursive] Starting 1 steps of latent thinking
2025-10-27 10:42:07,170 - GPU-4 - DEBUG -       [Latent] Step 1/1
2025-10-27 10:42:07,340 - GPU-4 - DEBUG -       [After Latent Recursive] 2 tokens unmasked
2025-10-27 10:42:07,341 - GPU-4 - INFO -   [Cycle 3]
2025-10-27 10:42:07,341 - GPU-4 - DEBUG -     [Latent Recursive] Starting 1 steps of latent thinking
2025-10-27 10:42:07,387 - GPU-4 - DEBUG -       [Latent] Step 1/1
2025-10-27 10:42:07,558 - GPU-4 - DEBUG -       [After Latent Recursive] 2 tokens unmasked
2025-10-27 10:42:07,558 - GPU-4 - INFO -   [Cycle 4]
2025-10-27 10:42:07,558 - GPU-4 - DEBUG -     [Latent Recursive] Starting 1 steps of latent thinking
2025-10-27 10:42:07,604 - GPU-4 - DEBUG -       [Latent] Step 1/1
2025-10-27 10:42:07,775 - GPU-4 - DEBUG -       [After Latent Recursive] 2 tokens unmasked
2025-10-27 10:42:07,775 - GPU-4 - INFO -   [Cycle 5]
2025-10-27 10:42:07,775 - GPU-4 - DEBUG -     [Latent Recursive] Starting 1 steps of latent thinking
2025-10-27 10:42:07,821 - GPU-4 - DEBUG -       [Latent] Step 1/1
2025-10-27 10:42:07,992 - GPU-4 - DEBUG -       [After Latent Recursive] 2 tokens unmasked
2025-10-27 10:42:07,992 - GPU-4 - INFO -   [Cycle 6]
2025-10-27 10:42:07,992 - GPU-4 - DEBUG -     [Latent Recursive] Starting 1 steps of latent thinking
2025-10-27 10:42:08,038 - GPU-4 - DEBUG -       [Latent] Step 1/1
2025-10-27 10:42:08,209 - GPU-4 - DEBUG -       [After Latent Recursive] 2 tokens unmasked
2025-10-27 10:42:08,209 - GPU-4 - INFO -   [Cycle 7]
2025-10-27 10:42:08,209 - GPU-4 - DEBUG -     [Latent Recursive] Starting 1 steps of latent thinking
2025-10-27 10:42:08,255 - GPU-4 - DEBUG -       [Latent] Step 1/1
2025-10-27 10:42:08,425 - GPU-4 - DEBUG -       [After Latent Recursive] 2 tokens unmasked
2025-10-27 10:42:08,426 - GPU-4 - INFO -   [Cycle 8]
2025-10-27 10:42:08,426 - GPU-4 - DEBUG -     [Latent Recursive] Starting 1 steps of latent thinking
2025-10-27 10:42:08,472 - GPU-4 - DEBUG -       [Latent] Step 1/1
2025-10-27 10:42:08,643 - GPU-4 - DEBUG -       [After Latent Recursive] 2 tokens unmasked
2025-10-27 10:42:08,643 - GPU-4 - INFO -   [Cycle 9]
2025-10-27 10:42:08,643 - GPU-4 - DEBUG -     [Latent Recursive] Starting 1 steps of latent thinking
2025-10-27 10:42:08,689 - GPU-4 - DEBUG -       [Latent] Step 1/1
2025-10-27 10:42:08,860 - GPU-4 - DEBUG -       [After Latent Recursive] 2 tokens unmasked
2025-10-27 10:42:08,860 - GPU-4 - INFO -   [Cycle 10]
2025-10-27 10:42:08,860 - GPU-4 - DEBUG -     [Latent Recursive] Starting 1 steps of latent thinking
2025-10-27 10:42:08,906 - GPU-4 - DEBUG -       [Latent] Step 1/1
2025-10-27 10:42:09,077 - GPU-4 - DEBUG -       [After Latent Recursive] 2 tokens unmasked
2025-10-27 10:42:09,077 - GPU-4 - INFO -   [Cycle 11]
2025-10-27 10:42:09,077 - GPU-4 - DEBUG -     [Latent Recursive] Starting 1 steps of latent thinking
2025-10-27 10:42:09,123 - GPU-4 - DEBUG -       [Latent] Step 1/1
2025-10-27 10:42:09,294 - GPU-4 - DEBUG -       [After Latent Recursive] 2 tokens unmasked
2025-10-27 10:42:09,294 - GPU-4 - INFO -   [Cycle 12]
2025-10-27 10:42:09,294 - GPU-4 - DEBUG -     [Latent Recursive] Starting 1 steps of latent thinking
2025-10-27 10:42:09,340 - GPU-4 - DEBUG -       [Latent] Step 1/1
2025-10-27 10:42:09,510 - GPU-4 - DEBUG -       [After Latent Recursive] 2 tokens unmasked
2025-10-27 10:42:09,511 - GPU-4 - INFO -   [Cycle 13]
2025-10-27 10:42:09,511 - GPU-4 - DEBUG -     [Latent Recursive] Starting 1 steps of latent thinking
2025-10-27 10:42:09,557 - GPU-4 - DEBUG -       [Latent] Step 1/1
2025-10-27 10:42:09,727 - GPU-4 - DEBUG -       [After Latent Recursive] 2 tokens unmasked
2025-10-27 10:42:09,728 - GPU-4 - INFO -   [Cycle 14]
2025-10-27 10:42:09,728 - GPU-4 - DEBUG -     [Latent Recursive] Starting 1 steps of latent thinking
2025-10-27 10:42:09,774 - GPU-4 - DEBUG -       [Latent] Step 1/1
2025-10-27 10:42:09,944 - GPU-4 - DEBUG -       [After Latent Recursive] 2 tokens unmasked
2025-10-27 10:42:09,944 - GPU-4 - INFO -   [Cycle 15]
2025-10-27 10:42:09,945 - GPU-4 - DEBUG -     [Latent Recursive] Starting 1 steps of latent thinking
2025-10-27 10:42:09,990 - GPU-4 - DEBUG -       [Latent] Step 1/1
2025-10-27 10:42:10,161 - GPU-4 - DEBUG -       [After Latent Recursive] 2 tokens unmasked
2025-10-27 10:42:10,161 - GPU-4 - INFO - [Block 7/16] Processing tokens 263-295
2025-10-27 10:42:10,161 - GPU-4 - DEBUG - [Block 6] Before forward: use_cache=True, x.shape=torch.Size([1, 583])
2025-10-27 10:42:10,161 - GPU-4 - DEBUG - [Block 6] Model type: LLaDAModelLM
2025-10-27 10:42:10,161 - GPU-4 - DEBUG - [Block 6] Model config use_cache: True
2025-10-27 10:42:10,184 - GPU-4 - DEBUG - [Block 6] After forward: pkv is None? False
2025-10-27 10:42:10,184 - GPU-4 - DEBUG - [Block 6] out type: CausalLMOutputWithPast
2025-10-27 10:42:10,184 - GPU-4 - DEBUG - [Block 6] pkv type: <class 'list'>, len: 32
2025-10-27 10:42:10,184 - GPU-4 - DEBUG - [Block 6] pkv[0] type: <class 'tuple'>, len: 2
2025-10-27 10:42:10,184 - GPU-4 - DEBUG - [Block 6] pkv[0][0].shape: torch.Size([1, 32, 583, 128])
2025-10-27 10:42:10,273 - GPU-4 - INFO -   [Initial Forward] 2 tokens unmasked
2025-10-27 10:42:10,273 - GPU-4 - INFO -   [Cycle 1]
2025-10-27 10:42:10,274 - GPU-4 - DEBUG -     [Latent Recursive] Starting 1 steps of latent thinking
2025-10-27 10:42:10,319 - GPU-4 - DEBUG -       [Latent] Step 1/1
2025-10-27 10:42:10,489 - GPU-4 - DEBUG -       [After Latent Recursive] 2 tokens unmasked
2025-10-27 10:42:10,489 - GPU-4 - INFO -   [Cycle 2]
2025-10-27 10:42:10,490 - GPU-4 - DEBUG -     [Latent Recursive] Starting 1 steps of latent thinking
2025-10-27 10:42:10,535 - GPU-4 - DEBUG -       [Latent] Step 1/1
2025-10-27 10:42:10,705 - GPU-4 - DEBUG -       [After Latent Recursive] 2 tokens unmasked
2025-10-27 10:42:10,705 - GPU-4 - INFO -   [Cycle 3]
2025-10-27 10:42:10,705 - GPU-4 - DEBUG -     [Latent Recursive] Starting 1 steps of latent thinking
2025-10-27 10:42:10,751 - GPU-4 - DEBUG -       [Latent] Step 1/1
2025-10-27 10:42:10,921 - GPU-4 - DEBUG -       [After Latent Recursive] 2 tokens unmasked
2025-10-27 10:42:10,921 - GPU-4 - INFO -   [Cycle 4]
2025-10-27 10:42:10,921 - GPU-4 - DEBUG -     [Latent Recursive] Starting 1 steps of latent thinking
2025-10-27 10:42:10,967 - GPU-4 - DEBUG -       [Latent] Step 1/1
2025-10-27 10:42:11,136 - GPU-4 - DEBUG -       [After Latent Recursive] 2 tokens unmasked
2025-10-27 10:42:11,137 - GPU-4 - INFO -   [Cycle 5]
2025-10-27 10:42:11,137 - GPU-4 - DEBUG -     [Latent Recursive] Starting 1 steps of latent thinking
2025-10-27 10:42:11,183 - GPU-4 - DEBUG -       [Latent] Step 1/1
2025-10-27 10:42:11,352 - GPU-4 - DEBUG -       [After Latent Recursive] 2 tokens unmasked
2025-10-27 10:42:11,353 - GPU-4 - INFO -   [Cycle 6]
2025-10-27 10:42:11,353 - GPU-4 - DEBUG -     [Latent Recursive] Starting 1 steps of latent thinking
2025-10-27 10:42:11,399 - GPU-4 - DEBUG -       [Latent] Step 1/1
2025-10-27 10:42:11,568 - GPU-4 - DEBUG -       [After Latent Recursive] 2 tokens unmasked
2025-10-27 10:42:11,569 - GPU-4 - INFO -   [Cycle 7]
2025-10-27 10:42:11,569 - GPU-4 - DEBUG -     [Latent Recursive] Starting 1 steps of latent thinking
2025-10-27 10:42:11,614 - GPU-4 - DEBUG -       [Latent] Step 1/1
2025-10-27 10:42:11,784 - GPU-4 - DEBUG -       [After Latent Recursive] 2 tokens unmasked
2025-10-27 10:42:11,784 - GPU-4 - INFO -   [Cycle 8]
2025-10-27 10:42:11,784 - GPU-4 - DEBUG -     [Latent Recursive] Starting 1 steps of latent thinking
2025-10-27 10:42:11,830 - GPU-4 - DEBUG -       [Latent] Step 1/1
2025-10-27 10:42:12,000 - GPU-4 - DEBUG -       [After Latent Recursive] 2 tokens unmasked
2025-10-27 10:42:12,000 - GPU-4 - INFO -   [Cycle 9]
2025-10-27 10:42:12,000 - GPU-4 - DEBUG -     [Latent Recursive] Starting 1 steps of latent thinking
2025-10-27 10:42:12,046 - GPU-4 - DEBUG -       [Latent] Step 1/1
2025-10-27 10:42:12,216 - GPU-4 - DEBUG -       [After Latent Recursive] 2 tokens unmasked
2025-10-27 10:42:12,216 - GPU-4 - INFO -   [Cycle 10]
2025-10-27 10:42:12,216 - GPU-4 - DEBUG -     [Latent Recursive] Starting 1 steps of latent thinking
2025-10-27 10:42:12,262 - GPU-4 - DEBUG -       [Latent] Step 1/1
2025-10-27 10:42:12,432 - GPU-4 - DEBUG -       [After Latent Recursive] 2 tokens unmasked
2025-10-27 10:42:12,432 - GPU-4 - INFO -   [Cycle 11]
2025-10-27 10:42:12,432 - GPU-4 - DEBUG -     [Latent Recursive] Starting 1 steps of latent thinking
2025-10-27 10:42:12,478 - GPU-4 - DEBUG -       [Latent] Step 1/1
2025-10-27 10:42:12,648 - GPU-4 - DEBUG -       [After Latent Recursive] 2 tokens unmasked
2025-10-27 10:42:12,648 - GPU-4 - INFO -   [Cycle 12]
2025-10-27 10:42:12,648 - GPU-4 - DEBUG -     [Latent Recursive] Starting 1 steps of latent thinking
2025-10-27 10:42:12,694 - GPU-4 - DEBUG -       [Latent] Step 1/1
2025-10-27 10:42:12,863 - GPU-4 - DEBUG -       [After Latent Recursive] 2 tokens unmasked
2025-10-27 10:42:12,864 - GPU-4 - INFO -   [Cycle 13]
2025-10-27 10:42:12,864 - GPU-4 - DEBUG -     [Latent Recursive] Starting 1 steps of latent thinking
2025-10-27 10:42:12,909 - GPU-4 - DEBUG -       [Latent] Step 1/1
2025-10-27 10:42:13,079 - GPU-4 - DEBUG -       [After Latent Recursive] 2 tokens unmasked
2025-10-27 10:42:13,080 - GPU-4 - INFO -   [Cycle 14]
2025-10-27 10:42:13,080 - GPU-4 - DEBUG -     [Latent Recursive] Starting 1 steps of latent thinking
2025-10-27 10:42:13,126 - GPU-4 - DEBUG -       [Latent] Step 1/1
2025-10-27 10:42:13,296 - GPU-4 - DEBUG -       [After Latent Recursive] 2 tokens unmasked
2025-10-27 10:42:13,296 - GPU-4 - INFO -   [Cycle 15]
2025-10-27 10:42:13,296 - GPU-4 - DEBUG -     [Latent Recursive] Starting 1 steps of latent thinking
2025-10-27 10:42:13,342 - GPU-4 - DEBUG -       [Latent] Step 1/1
2025-10-27 10:42:13,512 - GPU-4 - DEBUG -       [After Latent Recursive] 2 tokens unmasked
2025-10-27 10:42:13,512 - GPU-4 - INFO - [Block 8/16] Processing tokens 295-327
2025-10-27 10:42:13,513 - GPU-4 - DEBUG - [Block 7] Before forward: use_cache=True, x.shape=torch.Size([1, 583])
2025-10-27 10:42:13,513 - GPU-4 - DEBUG - [Block 7] Model type: LLaDAModelLM
2025-10-27 10:42:13,513 - GPU-4 - DEBUG - [Block 7] Model config use_cache: True
2025-10-27 10:42:13,536 - GPU-4 - DEBUG - [Block 7] After forward: pkv is None? False
2025-10-27 10:42:13,536 - GPU-4 - DEBUG - [Block 7] out type: CausalLMOutputWithPast
2025-10-27 10:42:13,536 - GPU-4 - DEBUG - [Block 7] pkv type: <class 'list'>, len: 32
2025-10-27 10:42:13,536 - GPU-4 - DEBUG - [Block 7] pkv[0] type: <class 'tuple'>, len: 2
2025-10-27 10:42:13,536 - GPU-4 - DEBUG - [Block 7] pkv[0][0].shape: torch.Size([1, 32, 583, 128])
2025-10-27 10:42:13,625 - GPU-4 - INFO -   [Initial Forward] 2 tokens unmasked
2025-10-27 10:42:13,625 - GPU-4 - INFO -   [Cycle 1]
2025-10-27 10:42:13,625 - GPU-4 - DEBUG -     [Latent Recursive] Starting 1 steps of latent thinking
2025-10-27 10:42:13,671 - GPU-4 - DEBUG -       [Latent] Step 1/1
2025-10-27 10:42:13,839 - GPU-4 - DEBUG -       [After Latent Recursive] 2 tokens unmasked
2025-10-27 10:42:13,839 - GPU-4 - INFO -   [Cycle 2]
2025-10-27 10:42:13,839 - GPU-4 - DEBUG -     [Latent Recursive] Starting 1 steps of latent thinking
2025-10-27 10:42:13,885 - GPU-4 - DEBUG -       [Latent] Step 1/1
2025-10-27 10:42:14,053 - GPU-4 - DEBUG -       [After Latent Recursive] 2 tokens unmasked
2025-10-27 10:42:14,053 - GPU-4 - INFO -   [Cycle 3]
2025-10-27 10:42:14,053 - GPU-4 - DEBUG -     [Latent Recursive] Starting 1 steps of latent thinking
2025-10-27 10:42:14,099 - GPU-4 - DEBUG -       [Latent] Step 1/1
2025-10-27 10:42:14,267 - GPU-4 - DEBUG -       [After Latent Recursive] 2 tokens unmasked
2025-10-27 10:42:14,267 - GPU-4 - INFO -   [Cycle 4]
2025-10-27 10:42:14,267 - GPU-4 - DEBUG -     [Latent Recursive] Starting 1 steps of latent thinking
2025-10-27 10:42:14,313 - GPU-4 - DEBUG -       [Latent] Step 1/1
2025-10-27 10:42:14,481 - GPU-4 - DEBUG -       [After Latent Recursive] 2 tokens unmasked
2025-10-27 10:42:14,481 - GPU-4 - INFO -   [Cycle 5]
2025-10-27 10:42:14,481 - GPU-4 - DEBUG -     [Latent Recursive] Starting 1 steps of latent thinking
2025-10-27 10:42:14,527 - GPU-4 - DEBUG -       [Latent] Step 1/1
2025-10-27 10:42:14,695 - GPU-4 - DEBUG -       [After Latent Recursive] 2 tokens unmasked
2025-10-27 10:42:14,695 - GPU-4 - INFO -   [Cycle 6]
2025-10-27 10:42:14,695 - GPU-4 - DEBUG -     [Latent Recursive] Starting 1 steps of latent thinking
2025-10-27 10:42:14,741 - GPU-4 - DEBUG -       [Latent] Step 1/1
2025-10-27 10:42:14,909 - GPU-4 - DEBUG -       [After Latent Recursive] 2 tokens unmasked
2025-10-27 10:42:14,910 - GPU-4 - INFO -   [Cycle 7]
2025-10-27 10:42:14,910 - GPU-4 - DEBUG -     [Latent Recursive] Starting 1 steps of latent thinking
2025-10-27 10:42:14,956 - GPU-4 - DEBUG -       [Latent] Step 1/1
2025-10-27 10:42:15,124 - GPU-4 - DEBUG -       [After Latent Recursive] 2 tokens unmasked
2025-10-27 10:42:15,124 - GPU-4 - INFO -   [Cycle 8]
2025-10-27 10:42:15,125 - GPU-4 - DEBUG -     [Latent Recursive] Starting 1 steps of latent thinking
2025-10-27 10:42:15,170 - GPU-4 - DEBUG -       [Latent] Step 1/1
2025-10-27 10:42:15,338 - GPU-4 - DEBUG -       [After Latent Recursive] 2 tokens unmasked
2025-10-27 10:42:15,338 - GPU-4 - INFO -   [Cycle 9]
2025-10-27 10:42:15,339 - GPU-4 - DEBUG -     [Latent Recursive] Starting 1 steps of latent thinking
2025-10-27 10:42:15,384 - GPU-4 - DEBUG -       [Latent] Step 1/1
2025-10-27 10:42:15,552 - GPU-4 - DEBUG -       [After Latent Recursive] 2 tokens unmasked
2025-10-27 10:42:15,553 - GPU-4 - INFO -   [Cycle 10]
2025-10-27 10:42:15,553 - GPU-4 - DEBUG -     [Latent Recursive] Starting 1 steps of latent thinking
2025-10-27 10:42:15,599 - GPU-4 - DEBUG -       [Latent] Step 1/1
2025-10-27 10:42:15,767 - GPU-4 - DEBUG -       [After Latent Recursive] 2 tokens unmasked
2025-10-27 10:42:15,767 - GPU-4 - INFO -   [Cycle 11]
2025-10-27 10:42:15,767 - GPU-4 - DEBUG -     [Latent Recursive] Starting 1 steps of latent thinking
2025-10-27 10:42:15,813 - GPU-4 - DEBUG -       [Latent] Step 1/1
2025-10-27 10:42:15,981 - GPU-4 - DEBUG -       [After Latent Recursive] 2 tokens unmasked
2025-10-27 10:42:15,981 - GPU-4 - INFO -   [Cycle 12]
2025-10-27 10:42:15,981 - GPU-4 - DEBUG -     [Latent Recursive] Starting 1 steps of latent thinking
2025-10-27 10:42:16,027 - GPU-4 - DEBUG -       [Latent] Step 1/1
2025-10-27 10:42:16,195 - GPU-4 - DEBUG -       [After Latent Recursive] 2 tokens unmasked
2025-10-27 10:42:16,195 - GPU-4 - INFO -   [Cycle 13]
2025-10-27 10:42:16,195 - GPU-4 - DEBUG -     [Latent Recursive] Starting 1 steps of latent thinking
2025-10-27 10:42:16,241 - GPU-4 - DEBUG -       [Latent] Step 1/1
2025-10-27 10:42:16,409 - GPU-4 - DEBUG -       [After Latent Recursive] 2 tokens unmasked
2025-10-27 10:42:16,409 - GPU-4 - INFO -   [Cycle 14]
2025-10-27 10:42:16,409 - GPU-4 - DEBUG -     [Latent Recursive] Starting 1 steps of latent thinking
2025-10-27 10:42:16,455 - GPU-4 - DEBUG -       [Latent] Step 1/1
2025-10-27 10:42:16,623 - GPU-4 - DEBUG -       [After Latent Recursive] 2 tokens unmasked
2025-10-27 10:42:16,623 - GPU-4 - INFO -   [Cycle 15]
2025-10-27 10:42:16,623 - GPU-4 - DEBUG -     [Latent Recursive] Starting 1 steps of latent thinking
2025-10-27 10:42:16,669 - GPU-4 - DEBUG -       [Latent] Step 1/1
2025-10-27 10:42:16,837 - GPU-4 - DEBUG -       [After Latent Recursive] 2 tokens unmasked
2025-10-27 10:42:16,837 - GPU-4 - INFO - [Block 9/16] Processing tokens 327-359
2025-10-27 10:42:16,838 - GPU-4 - DEBUG - [Block 8] Before forward: use_cache=True, x.shape=torch.Size([1, 583])
2025-10-27 10:42:16,838 - GPU-4 - DEBUG - [Block 8] Model type: LLaDAModelLM
2025-10-27 10:42:16,838 - GPU-4 - DEBUG - [Block 8] Model config use_cache: True
2025-10-27 10:42:16,860 - GPU-4 - DEBUG - [Block 8] After forward: pkv is None? False
2025-10-27 10:42:16,861 - GPU-4 - DEBUG - [Block 8] out type: CausalLMOutputWithPast
2025-10-27 10:42:16,861 - GPU-4 - DEBUG - [Block 8] pkv type: <class 'list'>, len: 32
2025-10-27 10:42:16,861 - GPU-4 - DEBUG - [Block 8] pkv[0] type: <class 'tuple'>, len: 2
2025-10-27 10:42:16,861 - GPU-4 - DEBUG - [Block 8] pkv[0][0].shape: torch.Size([1, 32, 583, 128])
2025-10-27 10:42:16,950 - GPU-4 - INFO -   [Initial Forward] 2 tokens unmasked
2025-10-27 10:42:16,950 - GPU-4 - INFO -   [Cycle 1]
2025-10-27 10:42:16,950 - GPU-4 - DEBUG -     [Latent Recursive] Starting 1 steps of latent thinking
2025-10-27 10:42:16,996 - GPU-4 - DEBUG -       [Latent] Step 1/1
2025-10-27 10:42:17,163 - GPU-4 - DEBUG -       [After Latent Recursive] 2 tokens unmasked
2025-10-27 10:42:17,163 - GPU-4 - INFO -   [Cycle 2]
2025-10-27 10:42:17,163 - GPU-4 - DEBUG -     [Latent Recursive] Starting 1 steps of latent thinking
2025-10-27 10:42:17,209 - GPU-4 - DEBUG -       [Latent] Step 1/1
2025-10-27 10:42:17,375 - GPU-4 - DEBUG -       [After Latent Recursive] 2 tokens unmasked
2025-10-27 10:42:17,376 - GPU-4 - INFO -   [Cycle 3]
2025-10-27 10:42:17,376 - GPU-4 - DEBUG -     [Latent Recursive] Starting 1 steps of latent thinking
2025-10-27 10:42:17,422 - GPU-4 - DEBUG -       [Latent] Step 1/1
2025-10-27 10:42:17,588 - GPU-4 - DEBUG -       [After Latent Recursive] 2 tokens unmasked
2025-10-27 10:42:17,589 - GPU-4 - INFO -   [Cycle 4]
2025-10-27 10:42:17,589 - GPU-4 - DEBUG -     [Latent Recursive] Starting 1 steps of latent thinking
2025-10-27 10:42:17,635 - GPU-4 - DEBUG -       [Latent] Step 1/1
2025-10-27 10:42:17,801 - GPU-4 - DEBUG -       [After Latent Recursive] 2 tokens unmasked
2025-10-27 10:42:17,802 - GPU-4 - INFO -   [Cycle 5]
2025-10-27 10:42:17,802 - GPU-4 - DEBUG -     [Latent Recursive] Starting 1 steps of latent thinking
2025-10-27 10:42:17,848 - GPU-4 - DEBUG -       [Latent] Step 1/1
2025-10-27 10:42:18,014 - GPU-4 - DEBUG -       [After Latent Recursive] 2 tokens unmasked
2025-10-27 10:42:18,015 - GPU-4 - INFO -   [Cycle 6]
2025-10-27 10:42:18,015 - GPU-4 - DEBUG -     [Latent Recursive] Starting 1 steps of latent thinking
2025-10-27 10:42:18,060 - GPU-4 - DEBUG -       [Latent] Step 1/1
2025-10-27 10:42:18,227 - GPU-4 - DEBUG -       [After Latent Recursive] 2 tokens unmasked
2025-10-27 10:42:18,227 - GPU-4 - INFO -   [Cycle 7]
2025-10-27 10:42:18,228 - GPU-4 - DEBUG -     [Latent Recursive] Starting 1 steps of latent thinking
2025-10-27 10:42:18,273 - GPU-4 - DEBUG -       [Latent] Step 1/1
2025-10-27 10:42:18,440 - GPU-4 - DEBUG -       [After Latent Recursive] 2 tokens unmasked
2025-10-27 10:42:18,440 - GPU-4 - INFO -   [Cycle 8]
2025-10-27 10:42:18,440 - GPU-4 - DEBUG -     [Latent Recursive] Starting 1 steps of latent thinking
2025-10-27 10:42:18,486 - GPU-4 - DEBUG -       [Latent] Step 1/1
2025-10-27 10:42:18,653 - GPU-4 - DEBUG -       [After Latent Recursive] 2 tokens unmasked
2025-10-27 10:42:18,653 - GPU-4 - INFO -   [Cycle 9]
2025-10-27 10:42:18,653 - GPU-4 - DEBUG -     [Latent Recursive] Starting 1 steps of latent thinking
2025-10-27 10:42:18,699 - GPU-4 - DEBUG -       [Latent] Step 1/1
2025-10-27 10:42:18,866 - GPU-4 - DEBUG -       [After Latent Recursive] 2 tokens unmasked
2025-10-27 10:42:18,866 - GPU-4 - INFO -   [Cycle 10]
2025-10-27 10:42:18,866 - GPU-4 - DEBUG -     [Latent Recursive] Starting 1 steps of latent thinking
2025-10-27 10:42:18,912 - GPU-4 - DEBUG -       [Latent] Step 1/1
2025-10-27 10:42:19,079 - GPU-4 - DEBUG -       [After Latent Recursive] 2 tokens unmasked
2025-10-27 10:42:19,079 - GPU-4 - INFO -   [Cycle 11]
2025-10-27 10:42:19,079 - GPU-4 - DEBUG -     [Latent Recursive] Starting 1 steps of latent thinking
2025-10-27 10:42:19,125 - GPU-4 - DEBUG -       [Latent] Step 1/1
2025-10-27 10:42:19,292 - GPU-4 - DEBUG -       [After Latent Recursive] 2 tokens unmasked
2025-10-27 10:42:19,292 - GPU-4 - INFO -   [Cycle 12]
2025-10-27 10:42:19,292 - GPU-4 - DEBUG -     [Latent Recursive] Starting 1 steps of latent thinking
2025-10-27 10:42:19,338 - GPU-4 - DEBUG -       [Latent] Step 1/1
2025-10-27 10:42:19,505 - GPU-4 - DEBUG -       [After Latent Recursive] 2 tokens unmasked
2025-10-27 10:42:19,505 - GPU-4 - INFO -   [Cycle 13]
2025-10-27 10:42:19,505 - GPU-4 - DEBUG -     [Latent Recursive] Starting 1 steps of latent thinking
2025-10-27 10:42:19,551 - GPU-4 - DEBUG -       [Latent] Step 1/1
2025-10-27 10:42:19,718 - GPU-4 - DEBUG -       [After Latent Recursive] 2 tokens unmasked
2025-10-27 10:42:19,718 - GPU-4 - INFO -   [Cycle 14]
2025-10-27 10:42:19,718 - GPU-4 - DEBUG -     [Latent Recursive] Starting 1 steps of latent thinking
2025-10-27 10:42:19,764 - GPU-4 - DEBUG -       [Latent] Step 1/1
2025-10-27 10:42:19,930 - GPU-4 - DEBUG -       [After Latent Recursive] 2 tokens unmasked
2025-10-27 10:42:19,931 - GPU-4 - INFO -   [Cycle 15]
2025-10-27 10:42:19,931 - GPU-4 - DEBUG -     [Latent Recursive] Starting 1 steps of latent thinking
2025-10-27 10:42:19,977 - GPU-4 - DEBUG -       [Latent] Step 1/1
2025-10-27 10:42:20,143 - GPU-4 - DEBUG -       [After Latent Recursive] 2 tokens unmasked
2025-10-27 10:42:20,144 - GPU-4 - INFO - [Block 10/16] Processing tokens 359-391
2025-10-27 10:42:20,144 - GPU-4 - DEBUG - [Block 9] Before forward: use_cache=True, x.shape=torch.Size([1, 583])
2025-10-27 10:42:20,144 - GPU-4 - DEBUG - [Block 9] Model type: LLaDAModelLM
2025-10-27 10:42:20,144 - GPU-4 - DEBUG - [Block 9] Model config use_cache: True
2025-10-27 10:42:20,167 - GPU-4 - DEBUG - [Block 9] After forward: pkv is None? False
2025-10-27 10:42:20,167 - GPU-4 - DEBUG - [Block 9] out type: CausalLMOutputWithPast
2025-10-27 10:42:20,167 - GPU-4 - DEBUG - [Block 9] pkv type: <class 'list'>, len: 32
2025-10-27 10:42:20,167 - GPU-4 - DEBUG - [Block 9] pkv[0] type: <class 'tuple'>, len: 2
2025-10-27 10:42:20,167 - GPU-4 - DEBUG - [Block 9] pkv[0][0].shape: torch.Size([1, 32, 583, 128])
2025-10-27 10:42:20,256 - GPU-4 - INFO -   [Initial Forward] 2 tokens unmasked
2025-10-27 10:42:20,256 - GPU-4 - INFO -   [Cycle 1]
2025-10-27 10:42:20,256 - GPU-4 - DEBUG -     [Latent Recursive] Starting 1 steps of latent thinking
2025-10-27 10:42:20,302 - GPU-4 - DEBUG -       [Latent] Step 1/1
2025-10-27 10:42:20,467 - GPU-4 - DEBUG -       [After Latent Recursive] 2 tokens unmasked
2025-10-27 10:42:20,467 - GPU-4 - INFO -   [Cycle 2]
2025-10-27 10:42:20,467 - GPU-4 - DEBUG -     [Latent Recursive] Starting 1 steps of latent thinking
2025-10-27 10:42:20,513 - GPU-4 - DEBUG -       [Latent] Step 1/1
2025-10-27 10:42:20,677 - GPU-4 - DEBUG -       [After Latent Recursive] 2 tokens unmasked
2025-10-27 10:42:20,678 - GPU-4 - INFO -   [Cycle 3]
2025-10-27 10:42:20,678 - GPU-4 - DEBUG -     [Latent Recursive] Starting 1 steps of latent thinking
2025-10-27 10:42:20,723 - GPU-4 - DEBUG -       [Latent] Step 1/1
2025-10-27 10:42:20,888 - GPU-4 - DEBUG -       [After Latent Recursive] 2 tokens unmasked
2025-10-27 10:42:20,888 - GPU-4 - INFO -   [Cycle 4]
2025-10-27 10:42:20,888 - GPU-4 - DEBUG -     [Latent Recursive] Starting 1 steps of latent thinking
2025-10-27 10:42:20,934 - GPU-4 - DEBUG -       [Latent] Step 1/1
2025-10-27 10:42:21,099 - GPU-4 - DEBUG -       [After Latent Recursive] 2 tokens unmasked
2025-10-27 10:42:21,099 - GPU-4 - INFO -   [Cycle 5]
2025-10-27 10:42:21,099 - GPU-4 - DEBUG -     [Latent Recursive] Starting 1 steps of latent thinking
2025-10-27 10:42:21,145 - GPU-4 - DEBUG -       [Latent] Step 1/1
2025-10-27 10:42:21,309 - GPU-4 - DEBUG -       [After Latent Recursive] 2 tokens unmasked
2025-10-27 10:42:21,310 - GPU-4 - INFO -   [Cycle 6]
2025-10-27 10:42:21,310 - GPU-4 - DEBUG -     [Latent Recursive] Starting 1 steps of latent thinking
2025-10-27 10:42:21,355 - GPU-4 - DEBUG -       [Latent] Step 1/1
2025-10-27 10:42:21,520 - GPU-4 - DEBUG -       [After Latent Recursive] 2 tokens unmasked
2025-10-27 10:42:21,520 - GPU-4 - INFO -   [Cycle 7]
2025-10-27 10:42:21,520 - GPU-4 - DEBUG -     [Latent Recursive] Starting 1 steps of latent thinking
2025-10-27 10:42:21,566 - GPU-4 - DEBUG -       [Latent] Step 1/1
2025-10-27 10:42:21,732 - GPU-4 - DEBUG -       [After Latent Recursive] 2 tokens unmasked
2025-10-27 10:42:21,733 - GPU-4 - INFO -   [Cycle 8]
2025-10-27 10:42:21,733 - GPU-4 - DEBUG -     [Latent Recursive] Starting 1 steps of latent thinking
2025-10-27 10:42:21,779 - GPU-4 - DEBUG -       [Latent] Step 1/1
2025-10-27 10:42:21,945 - GPU-4 - DEBUG -       [After Latent Recursive] 2 tokens unmasked
2025-10-27 10:42:21,945 - GPU-4 - INFO -   [Cycle 9]
2025-10-27 10:42:21,945 - GPU-4 - DEBUG -     [Latent Recursive] Starting 1 steps of latent thinking
2025-10-27 10:42:21,991 - GPU-4 - DEBUG -       [Latent] Step 1/1
2025-10-27 10:42:22,158 - GPU-4 - DEBUG -       [After Latent Recursive] 2 tokens unmasked
2025-10-27 10:42:22,158 - GPU-4 - INFO -   [Cycle 10]
2025-10-27 10:42:22,158 - GPU-4 - DEBUG -     [Latent Recursive] Starting 1 steps of latent thinking
2025-10-27 10:42:22,204 - GPU-4 - DEBUG -       [Latent] Step 1/1
2025-10-27 10:42:22,373 - GPU-4 - DEBUG -       [After Latent Recursive] 2 tokens unmasked
2025-10-27 10:42:22,373 - GPU-4 - INFO -   [Cycle 11]
2025-10-27 10:42:22,373 - GPU-4 - DEBUG -     [Latent Recursive] Starting 1 steps of latent thinking
2025-10-27 10:42:22,419 - GPU-4 - DEBUG -       [Latent] Step 1/1
2025-10-27 10:42:22,587 - GPU-4 - DEBUG -       [After Latent Recursive] 2 tokens unmasked
2025-10-27 10:42:22,587 - GPU-4 - INFO -   [Cycle 12]
2025-10-27 10:42:22,588 - GPU-4 - DEBUG -     [Latent Recursive] Starting 1 steps of latent thinking
2025-10-27 10:42:22,633 - GPU-4 - DEBUG -       [Latent] Step 1/1
2025-10-27 10:42:22,798 - GPU-4 - DEBUG -       [After Latent Recursive] 2 tokens unmasked
2025-10-27 10:42:22,798 - GPU-4 - INFO -   [Cycle 13]
2025-10-27 10:42:22,798 - GPU-4 - DEBUG -     [Latent Recursive] Starting 1 steps of latent thinking
2025-10-27 10:42:22,844 - GPU-4 - DEBUG -       [Latent] Step 1/1
2025-10-27 10:42:23,008 - GPU-4 - DEBUG -       [After Latent Recursive] 2 tokens unmasked
2025-10-27 10:42:23,009 - GPU-4 - INFO -   [Cycle 14]
2025-10-27 10:42:23,009 - GPU-4 - DEBUG -     [Latent Recursive] Starting 1 steps of latent thinking
2025-10-27 10:42:23,055 - GPU-4 - DEBUG -       [Latent] Step 1/1
2025-10-27 10:42:23,219 - GPU-4 - DEBUG -       [After Latent Recursive] 2 tokens unmasked
2025-10-27 10:42:23,220 - GPU-4 - INFO -   [Cycle 15]
2025-10-27 10:42:23,220 - GPU-4 - DEBUG -     [Latent Recursive] Starting 1 steps of latent thinking
2025-10-27 10:42:23,266 - GPU-4 - DEBUG -       [Latent] Step 1/1
2025-10-27 10:42:23,430 - GPU-4 - DEBUG -       [After Latent Recursive] 2 tokens unmasked
2025-10-27 10:42:23,430 - GPU-4 - INFO - [Block 11/16] Processing tokens 391-423
2025-10-27 10:42:23,430 - GPU-4 - DEBUG - [Block 10] Before forward: use_cache=True, x.shape=torch.Size([1, 583])
2025-10-27 10:42:23,431 - GPU-4 - DEBUG - [Block 10] Model type: LLaDAModelLM
2025-10-27 10:42:23,431 - GPU-4 - DEBUG - [Block 10] Model config use_cache: True
2025-10-27 10:42:23,453 - GPU-4 - DEBUG - [Block 10] After forward: pkv is None? False
2025-10-27 10:42:23,454 - GPU-4 - DEBUG - [Block 10] out type: CausalLMOutputWithPast
2025-10-27 10:42:23,454 - GPU-4 - DEBUG - [Block 10] pkv type: <class 'list'>, len: 32
2025-10-27 10:42:23,454 - GPU-4 - DEBUG - [Block 10] pkv[0] type: <class 'tuple'>, len: 2
2025-10-27 10:42:23,454 - GPU-4 - DEBUG - [Block 10] pkv[0][0].shape: torch.Size([1, 32, 583, 128])
2025-10-27 10:42:23,543 - GPU-4 - INFO -   [Initial Forward] 2 tokens unmasked
2025-10-27 10:42:23,543 - GPU-4 - INFO -   [Cycle 1]
2025-10-27 10:42:23,543 - GPU-4 - DEBUG -     [Latent Recursive] Starting 1 steps of latent thinking
2025-10-27 10:42:23,589 - GPU-4 - DEBUG -       [Latent] Step 1/1
2025-10-27 10:42:23,753 - GPU-4 - DEBUG -       [After Latent Recursive] 2 tokens unmasked
2025-10-27 10:42:23,754 - GPU-4 - INFO -   [Cycle 2]
2025-10-27 10:42:23,754 - GPU-4 - DEBUG -     [Latent Recursive] Starting 1 steps of latent thinking
2025-10-27 10:42:23,800 - GPU-4 - DEBUG -       [Latent] Step 1/1
2025-10-27 10:42:23,963 - GPU-4 - DEBUG -       [After Latent Recursive] 2 tokens unmasked
2025-10-27 10:42:23,964 - GPU-4 - INFO -   [Cycle 3]
2025-10-27 10:42:23,964 - GPU-4 - DEBUG -     [Latent Recursive] Starting 1 steps of latent thinking
2025-10-27 10:42:24,010 - GPU-4 - DEBUG -       [Latent] Step 1/1
2025-10-27 10:42:24,173 - GPU-4 - DEBUG -       [After Latent Recursive] 2 tokens unmasked
2025-10-27 10:42:24,174 - GPU-4 - INFO -   [Cycle 4]
2025-10-27 10:42:24,174 - GPU-4 - DEBUG -     [Latent Recursive] Starting 1 steps of latent thinking
2025-10-27 10:42:24,220 - GPU-4 - DEBUG -       [Latent] Step 1/1
2025-10-27 10:42:24,384 - GPU-4 - DEBUG -       [After Latent Recursive] 2 tokens unmasked
2025-10-27 10:42:24,384 - GPU-4 - INFO -   [Cycle 5]
2025-10-27 10:42:24,384 - GPU-4 - DEBUG -     [Latent Recursive] Starting 1 steps of latent thinking
2025-10-27 10:42:24,430 - GPU-4 - DEBUG -       [Latent] Step 1/1
2025-10-27 10:42:24,594 - GPU-4 - DEBUG -       [After Latent Recursive] 2 tokens unmasked
2025-10-27 10:42:24,594 - GPU-4 - INFO -   [Cycle 6]
2025-10-27 10:42:24,594 - GPU-4 - DEBUG -     [Latent Recursive] Starting 1 steps of latent thinking
2025-10-27 10:42:24,640 - GPU-4 - DEBUG -       [Latent] Step 1/1
2025-10-27 10:42:24,804 - GPU-4 - DEBUG -       [After Latent Recursive] 2 tokens unmasked
2025-10-27 10:42:24,804 - GPU-4 - INFO -   [Cycle 7]
2025-10-27 10:42:24,804 - GPU-4 - DEBUG -     [Latent Recursive] Starting 1 steps of latent thinking
2025-10-27 10:42:24,850 - GPU-4 - DEBUG -       [Latent] Step 1/1
2025-10-27 10:42:25,014 - GPU-4 - DEBUG -       [After Latent Recursive] 2 tokens unmasked
2025-10-27 10:42:25,014 - GPU-4 - INFO -   [Cycle 8]
2025-10-27 10:42:25,014 - GPU-4 - DEBUG -     [Latent Recursive] Starting 1 steps of latent thinking
2025-10-27 10:42:25,060 - GPU-4 - DEBUG -       [Latent] Step 1/1
2025-10-27 10:42:25,224 - GPU-4 - DEBUG -       [After Latent Recursive] 2 tokens unmasked
2025-10-27 10:42:25,224 - GPU-4 - INFO -   [Cycle 9]
2025-10-27 10:42:25,224 - GPU-4 - DEBUG -     [Latent Recursive] Starting 1 steps of latent thinking
2025-10-27 10:42:25,270 - GPU-4 - DEBUG -       [Latent] Step 1/1
2025-10-27 10:42:25,434 - GPU-4 - DEBUG -       [After Latent Recursive] 2 tokens unmasked
2025-10-27 10:42:25,434 - GPU-4 - INFO -   [Cycle 10]
2025-10-27 10:42:25,434 - GPU-4 - DEBUG -     [Latent Recursive] Starting 1 steps of latent thinking
2025-10-27 10:42:25,480 - GPU-4 - DEBUG -       [Latent] Step 1/1
2025-10-27 10:42:25,644 - GPU-4 - DEBUG -       [After Latent Recursive] 2 tokens unmasked
2025-10-27 10:42:25,644 - GPU-4 - INFO -   [Cycle 11]
2025-10-27 10:42:25,644 - GPU-4 - DEBUG -     [Latent Recursive] Starting 1 steps of latent thinking
2025-10-27 10:42:25,690 - GPU-4 - DEBUG -       [Latent] Step 1/1
2025-10-27 10:42:25,854 - GPU-4 - DEBUG -       [After Latent Recursive] 2 tokens unmasked
2025-10-27 10:42:25,854 - GPU-4 - INFO -   [Cycle 12]
2025-10-27 10:42:25,854 - GPU-4 - DEBUG -     [Latent Recursive] Starting 1 steps of latent thinking
2025-10-27 10:42:25,900 - GPU-4 - DEBUG -       [Latent] Step 1/1
2025-10-27 10:42:26,064 - GPU-4 - DEBUG -       [After Latent Recursive] 2 tokens unmasked
2025-10-27 10:42:26,064 - GPU-4 - INFO -   [Cycle 13]
2025-10-27 10:42:26,065 - GPU-4 - DEBUG -     [Latent Recursive] Starting 1 steps of latent thinking
2025-10-27 10:42:26,110 - GPU-4 - DEBUG -       [Latent] Step 1/1
2025-10-27 10:42:26,274 - GPU-4 - DEBUG -       [After Latent Recursive] 2 tokens unmasked
2025-10-27 10:42:26,274 - GPU-4 - INFO -   [Cycle 14]
2025-10-27 10:42:26,275 - GPU-4 - DEBUG -     [Latent Recursive] Starting 1 steps of latent thinking
2025-10-27 10:42:26,320 - GPU-4 - DEBUG -       [Latent] Step 1/1
2025-10-27 10:42:26,484 - GPU-4 - DEBUG -       [After Latent Recursive] 2 tokens unmasked
2025-10-27 10:42:26,485 - GPU-4 - INFO -   [Cycle 15]
2025-10-27 10:42:26,485 - GPU-4 - DEBUG -     [Latent Recursive] Starting 1 steps of latent thinking
2025-10-27 10:42:26,530 - GPU-4 - DEBUG -       [Latent] Step 1/1
2025-10-27 10:42:26,694 - GPU-4 - DEBUG -       [After Latent Recursive] 2 tokens unmasked
2025-10-27 10:42:26,695 - GPU-4 - INFO - [Block 12/16] Processing tokens 423-455
2025-10-27 10:42:26,695 - GPU-4 - DEBUG - [Block 11] Before forward: use_cache=True, x.shape=torch.Size([1, 583])
2025-10-27 10:42:26,695 - GPU-4 - DEBUG - [Block 11] Model type: LLaDAModelLM
2025-10-27 10:42:26,695 - GPU-4 - DEBUG - [Block 11] Model config use_cache: True
2025-10-27 10:42:26,718 - GPU-4 - DEBUG - [Block 11] After forward: pkv is None? False
2025-10-27 10:42:26,718 - GPU-4 - DEBUG - [Block 11] out type: CausalLMOutputWithPast
2025-10-27 10:42:26,718 - GPU-4 - DEBUG - [Block 11] pkv type: <class 'list'>, len: 32
2025-10-27 10:42:26,719 - GPU-4 - DEBUG - [Block 11] pkv[0] type: <class 'tuple'>, len: 2
2025-10-27 10:42:26,719 - GPU-4 - DEBUG - [Block 11] pkv[0][0].shape: torch.Size([1, 32, 583, 128])
2025-10-27 10:42:26,807 - GPU-4 - INFO -   [Initial Forward] 2 tokens unmasked
2025-10-27 10:42:26,808 - GPU-4 - INFO -   [Cycle 1]
2025-10-27 10:42:26,808 - GPU-4 - DEBUG -     [Latent Recursive] Starting 1 steps of latent thinking
2025-10-27 10:42:26,854 - GPU-4 - DEBUG -       [Latent] Step 1/1
2025-10-27 10:42:27,017 - GPU-4 - DEBUG -       [After Latent Recursive] 2 tokens unmasked
2025-10-27 10:42:27,017 - GPU-4 - INFO -   [Cycle 2]
2025-10-27 10:42:27,017 - GPU-4 - DEBUG -     [Latent Recursive] Starting 1 steps of latent thinking
2025-10-27 10:42:27,063 - GPU-4 - DEBUG -       [Latent] Step 1/1
2025-10-27 10:42:27,226 - GPU-4 - DEBUG -       [After Latent Recursive] 2 tokens unmasked
2025-10-27 10:42:27,227 - GPU-4 - INFO -   [Cycle 3]
2025-10-27 10:42:27,227 - GPU-4 - DEBUG -     [Latent Recursive] Starting 1 steps of latent thinking
2025-10-27 10:42:27,273 - GPU-4 - DEBUG -       [Latent] Step 1/1
2025-10-27 10:42:27,435 - GPU-4 - DEBUG -       [After Latent Recursive] 2 tokens unmasked
2025-10-27 10:42:27,436 - GPU-4 - INFO -   [Cycle 4]
2025-10-27 10:42:27,436 - GPU-4 - DEBUG -     [Latent Recursive] Starting 1 steps of latent thinking
2025-10-27 10:42:27,482 - GPU-4 - DEBUG -       [Latent] Step 1/1
2025-10-27 10:42:27,645 - GPU-4 - DEBUG -       [After Latent Recursive] 2 tokens unmasked
2025-10-27 10:42:27,645 - GPU-4 - INFO -   [Cycle 5]
2025-10-27 10:42:27,645 - GPU-4 - DEBUG -     [Latent Recursive] Starting 1 steps of latent thinking
2025-10-27 10:42:27,691 - GPU-4 - DEBUG -       [Latent] Step 1/1
2025-10-27 10:42:27,853 - GPU-4 - DEBUG -       [After Latent Recursive] 2 tokens unmasked
2025-10-27 10:42:27,854 - GPU-4 - INFO -   [Cycle 6]
2025-10-27 10:42:27,854 - GPU-4 - DEBUG -     [Latent Recursive] Starting 1 steps of latent thinking
2025-10-27 10:42:27,900 - GPU-4 - DEBUG -       [Latent] Step 1/1
2025-10-27 10:42:28,063 - GPU-4 - DEBUG -       [After Latent Recursive] 2 tokens unmasked
2025-10-27 10:42:28,063 - GPU-4 - INFO -   [Cycle 7]
2025-10-27 10:42:28,063 - GPU-4 - DEBUG -     [Latent Recursive] Starting 1 steps of latent thinking
2025-10-27 10:42:28,109 - GPU-4 - DEBUG -       [Latent] Step 1/1
2025-10-27 10:42:28,272 - GPU-4 - DEBUG -       [After Latent Recursive] 2 tokens unmasked
2025-10-27 10:42:28,272 - GPU-4 - INFO -   [Cycle 8]
2025-10-27 10:42:28,272 - GPU-4 - DEBUG -     [Latent Recursive] Starting 1 steps of latent thinking
2025-10-27 10:42:28,318 - GPU-4 - DEBUG -       [Latent] Step 1/1
2025-10-27 10:42:28,481 - GPU-4 - DEBUG -       [After Latent Recursive] 2 tokens unmasked
2025-10-27 10:42:28,481 - GPU-4 - INFO -   [Cycle 9]
2025-10-27 10:42:28,481 - GPU-4 - DEBUG -     [Latent Recursive] Starting 1 steps of latent thinking
2025-10-27 10:42:28,527 - GPU-4 - DEBUG -       [Latent] Step 1/1
2025-10-27 10:42:28,690 - GPU-4 - DEBUG -       [After Latent Recursive] 2 tokens unmasked
2025-10-27 10:42:28,691 - GPU-4 - INFO -   [Cycle 10]
2025-10-27 10:42:28,691 - GPU-4 - DEBUG -     [Latent Recursive] Starting 1 steps of latent thinking
2025-10-27 10:42:28,737 - GPU-4 - DEBUG -       [Latent] Step 1/1
2025-10-27 10:42:28,900 - GPU-4 - DEBUG -       [After Latent Recursive] 2 tokens unmasked
2025-10-27 10:42:28,900 - GPU-4 - INFO -   [Cycle 11]
2025-10-27 10:42:28,901 - GPU-4 - DEBUG -     [Latent Recursive] Starting 1 steps of latent thinking
2025-10-27 10:42:28,947 - GPU-4 - DEBUG -       [Latent] Step 1/1
2025-10-27 10:42:29,110 - GPU-4 - DEBUG -       [After Latent Recursive] 2 tokens unmasked
2025-10-27 10:42:29,110 - GPU-4 - INFO -   [Cycle 12]
2025-10-27 10:42:29,110 - GPU-4 - DEBUG -     [Latent Recursive] Starting 1 steps of latent thinking
2025-10-27 10:42:29,156 - GPU-4 - DEBUG -       [Latent] Step 1/1
2025-10-27 10:42:29,319 - GPU-4 - DEBUG -       [After Latent Recursive] 2 tokens unmasked
2025-10-27 10:42:29,320 - GPU-4 - INFO -   [Cycle 13]
2025-10-27 10:42:29,320 - GPU-4 - DEBUG -     [Latent Recursive] Starting 1 steps of latent thinking
2025-10-27 10:42:29,366 - GPU-4 - DEBUG -       [Latent] Step 1/1
2025-10-27 10:42:29,529 - GPU-4 - DEBUG -       [After Latent Recursive] 2 tokens unmasked
2025-10-27 10:42:29,529 - GPU-4 - INFO -   [Cycle 14]
2025-10-27 10:42:29,529 - GPU-4 - DEBUG -     [Latent Recursive] Starting 1 steps of latent thinking
2025-10-27 10:42:29,575 - GPU-4 - DEBUG -       [Latent] Step 1/1
2025-10-27 10:42:29,738 - GPU-4 - DEBUG -       [After Latent Recursive] 2 tokens unmasked
2025-10-27 10:42:29,739 - GPU-4 - INFO -   [Cycle 15]
2025-10-27 10:42:29,739 - GPU-4 - DEBUG -     [Latent Recursive] Starting 1 steps of latent thinking
2025-10-27 10:42:29,785 - GPU-4 - DEBUG -       [Latent] Step 1/1
2025-10-27 10:42:29,948 - GPU-4 - DEBUG -       [After Latent Recursive] 2 tokens unmasked
2025-10-27 10:42:29,948 - GPU-4 - INFO - [Block 13/16] Processing tokens 455-487
2025-10-27 10:42:29,948 - GPU-4 - DEBUG - [Block 12] Before forward: use_cache=True, x.shape=torch.Size([1, 583])
2025-10-27 10:42:29,948 - GPU-4 - DEBUG - [Block 12] Model type: LLaDAModelLM
2025-10-27 10:42:29,948 - GPU-4 - DEBUG - [Block 12] Model config use_cache: True
2025-10-27 10:42:29,971 - GPU-4 - DEBUG - [Block 12] After forward: pkv is None? False
2025-10-27 10:42:29,971 - GPU-4 - DEBUG - [Block 12] out type: CausalLMOutputWithPast
2025-10-27 10:42:29,971 - GPU-4 - DEBUG - [Block 12] pkv type: <class 'list'>, len: 32
2025-10-27 10:42:29,971 - GPU-4 - DEBUG - [Block 12] pkv[0] type: <class 'tuple'>, len: 2
2025-10-27 10:42:29,971 - GPU-4 - DEBUG - [Block 12] pkv[0][0].shape: torch.Size([1, 32, 583, 128])
2025-10-27 10:42:30,060 - GPU-4 - INFO -   [Initial Forward] 2 tokens unmasked
2025-10-27 10:42:30,061 - GPU-4 - INFO -   [Cycle 1]
2025-10-27 10:42:30,061 - GPU-4 - DEBUG -     [Latent Recursive] Starting 1 steps of latent thinking
2025-10-27 10:42:30,107 - GPU-4 - DEBUG -       [Latent] Step 1/1
2025-10-27 10:42:30,267 - GPU-4 - DEBUG -       [After Latent Recursive] 2 tokens unmasked
2025-10-27 10:42:30,268 - GPU-4 - INFO -   [Cycle 2]
2025-10-27 10:42:30,268 - GPU-4 - DEBUG -     [Latent Recursive] Starting 1 steps of latent thinking
2025-10-27 10:42:30,313 - GPU-4 - DEBUG -       [Latent] Step 1/1
2025-10-27 10:42:30,474 - GPU-4 - DEBUG -       [After Latent Recursive] 2 tokens unmasked
2025-10-27 10:42:30,475 - GPU-4 - INFO -   [Cycle 3]
2025-10-27 10:42:30,475 - GPU-4 - DEBUG -     [Latent Recursive] Starting 1 steps of latent thinking
2025-10-27 10:42:30,520 - GPU-4 - DEBUG -       [Latent] Step 1/1
2025-10-27 10:42:30,681 - GPU-4 - DEBUG -       [After Latent Recursive] 2 tokens unmasked
2025-10-27 10:42:30,681 - GPU-4 - INFO -   [Cycle 4]
2025-10-27 10:42:30,681 - GPU-4 - DEBUG -     [Latent Recursive] Starting 1 steps of latent thinking
2025-10-27 10:42:30,727 - GPU-4 - DEBUG -       [Latent] Step 1/1
2025-10-27 10:42:30,888 - GPU-4 - DEBUG -       [After Latent Recursive] 2 tokens unmasked
2025-10-27 10:42:30,888 - GPU-4 - INFO -   [Cycle 5]
2025-10-27 10:42:30,888 - GPU-4 - DEBUG -     [Latent Recursive] Starting 1 steps of latent thinking
2025-10-27 10:42:30,934 - GPU-4 - DEBUG -       [Latent] Step 1/1
2025-10-27 10:42:31,094 - GPU-4 - DEBUG -       [After Latent Recursive] 2 tokens unmasked
2025-10-27 10:42:31,095 - GPU-4 - INFO -   [Cycle 6]
2025-10-27 10:42:31,095 - GPU-4 - DEBUG -     [Latent Recursive] Starting 1 steps of latent thinking
2025-10-27 10:42:31,140 - GPU-4 - DEBUG -       [Latent] Step 1/1
2025-10-27 10:42:31,301 - GPU-4 - DEBUG -       [After Latent Recursive] 2 tokens unmasked
2025-10-27 10:42:31,301 - GPU-4 - INFO -   [Cycle 7]
2025-10-27 10:42:31,302 - GPU-4 - DEBUG -     [Latent Recursive] Starting 1 steps of latent thinking
2025-10-27 10:42:31,347 - GPU-4 - DEBUG -       [Latent] Step 1/1
2025-10-27 10:42:31,508 - GPU-4 - DEBUG -       [After Latent Recursive] 2 tokens unmasked
2025-10-27 10:42:31,508 - GPU-4 - INFO -   [Cycle 8]
2025-10-27 10:42:31,508 - GPU-4 - DEBUG -     [Latent Recursive] Starting 1 steps of latent thinking
2025-10-27 10:42:31,554 - GPU-4 - DEBUG -       [Latent] Step 1/1
2025-10-27 10:42:31,714 - GPU-4 - DEBUG -       [After Latent Recursive] 2 tokens unmasked
2025-10-27 10:42:31,714 - GPU-4 - INFO -   [Cycle 9]
2025-10-27 10:42:31,715 - GPU-4 - DEBUG -     [Latent Recursive] Starting 1 steps of latent thinking
2025-10-27 10:42:31,760 - GPU-4 - DEBUG -       [Latent] Step 1/1
2025-10-27 10:42:31,921 - GPU-4 - DEBUG -       [After Latent Recursive] 2 tokens unmasked
2025-10-27 10:42:31,921 - GPU-4 - INFO -   [Cycle 10]
2025-10-27 10:42:31,921 - GPU-4 - DEBUG -     [Latent Recursive] Starting 1 steps of latent thinking
2025-10-27 10:42:31,967 - GPU-4 - DEBUG -       [Latent] Step 1/1
2025-10-27 10:42:32,128 - GPU-4 - DEBUG -       [After Latent Recursive] 2 tokens unmasked
2025-10-27 10:42:32,128 - GPU-4 - INFO -   [Cycle 11]
2025-10-27 10:42:32,128 - GPU-4 - DEBUG -     [Latent Recursive] Starting 1 steps of latent thinking
2025-10-27 10:42:32,174 - GPU-4 - DEBUG -       [Latent] Step 1/1
2025-10-27 10:42:32,335 - GPU-4 - DEBUG -       [After Latent Recursive] 2 tokens unmasked
2025-10-27 10:42:32,335 - GPU-4 - INFO -   [Cycle 12]
2025-10-27 10:42:32,335 - GPU-4 - DEBUG -     [Latent Recursive] Starting 1 steps of latent thinking
2025-10-27 10:42:32,381 - GPU-4 - DEBUG -       [Latent] Step 1/1
2025-10-27 10:42:32,542 - GPU-4 - DEBUG -       [After Latent Recursive] 2 tokens unmasked
2025-10-27 10:42:32,542 - GPU-4 - INFO -   [Cycle 13]
2025-10-27 10:42:32,542 - GPU-4 - DEBUG -     [Latent Recursive] Starting 1 steps of latent thinking
2025-10-27 10:42:32,588 - GPU-4 - DEBUG -       [Latent] Step 1/1
2025-10-27 10:42:32,749 - GPU-4 - DEBUG -       [After Latent Recursive] 2 tokens unmasked
2025-10-27 10:42:32,749 - GPU-4 - INFO -   [Cycle 14]
2025-10-27 10:42:32,749 - GPU-4 - DEBUG -     [Latent Recursive] Starting 1 steps of latent thinking
2025-10-27 10:42:32,795 - GPU-4 - DEBUG -       [Latent] Step 1/1
2025-10-27 10:42:32,956 - GPU-4 - DEBUG -       [After Latent Recursive] 2 tokens unmasked
2025-10-27 10:42:32,956 - GPU-4 - INFO -   [Cycle 15]
2025-10-27 10:42:32,956 - GPU-4 - DEBUG -     [Latent Recursive] Starting 1 steps of latent thinking
2025-10-27 10:42:33,002 - GPU-4 - DEBUG -       [Latent] Step 1/1
2025-10-27 10:42:33,163 - GPU-4 - DEBUG -       [After Latent Recursive] 2 tokens unmasked
2025-10-27 10:42:33,163 - GPU-4 - INFO - [Block 14/16] Processing tokens 487-519
2025-10-27 10:42:33,163 - GPU-4 - DEBUG - [Block 13] Before forward: use_cache=True, x.shape=torch.Size([1, 583])
2025-10-27 10:42:33,163 - GPU-4 - DEBUG - [Block 13] Model type: LLaDAModelLM
2025-10-27 10:42:33,163 - GPU-4 - DEBUG - [Block 13] Model config use_cache: True
2025-10-27 10:42:33,186 - GPU-4 - DEBUG - [Block 13] After forward: pkv is None? False
2025-10-27 10:42:33,186 - GPU-4 - DEBUG - [Block 13] out type: CausalLMOutputWithPast
2025-10-27 10:42:33,186 - GPU-4 - DEBUG - [Block 13] pkv type: <class 'list'>, len: 32
2025-10-27 10:42:33,186 - GPU-4 - DEBUG - [Block 13] pkv[0] type: <class 'tuple'>, len: 2
2025-10-27 10:42:33,186 - GPU-4 - DEBUG - [Block 13] pkv[0][0].shape: torch.Size([1, 32, 583, 128])
2025-10-27 10:42:33,275 - GPU-4 - INFO -   [Initial Forward] 2 tokens unmasked
2025-10-27 10:42:33,275 - GPU-4 - INFO -   [Cycle 1]
2025-10-27 10:42:33,275 - GPU-4 - DEBUG -     [Latent Recursive] Starting 1 steps of latent thinking
2025-10-27 10:42:33,322 - GPU-4 - DEBUG -       [Latent] Step 1/1
2025-10-27 10:42:33,481 - GPU-4 - DEBUG -       [After Latent Recursive] 2 tokens unmasked
2025-10-27 10:42:33,481 - GPU-4 - INFO -   [Cycle 2]
2025-10-27 10:42:33,482 - GPU-4 - DEBUG -     [Latent Recursive] Starting 1 steps of latent thinking
2025-10-27 10:42:33,527 - GPU-4 - DEBUG -       [Latent] Step 1/1
2025-10-27 10:42:33,687 - GPU-4 - DEBUG -       [After Latent Recursive] 2 tokens unmasked
2025-10-27 10:42:33,688 - GPU-4 - INFO -   [Cycle 3]
2025-10-27 10:42:33,688 - GPU-4 - DEBUG -     [Latent Recursive] Starting 1 steps of latent thinking
2025-10-27 10:42:33,734 - GPU-4 - DEBUG -       [Latent] Step 1/1
2025-10-27 10:42:33,894 - GPU-4 - DEBUG -       [After Latent Recursive] 2 tokens unmasked
2025-10-27 10:42:33,894 - GPU-4 - INFO -   [Cycle 4]
2025-10-27 10:42:33,895 - GPU-4 - DEBUG -     [Latent Recursive] Starting 1 steps of latent thinking
2025-10-27 10:42:33,941 - GPU-4 - DEBUG -       [Latent] Step 1/1
2025-10-27 10:42:34,101 - GPU-4 - DEBUG -       [After Latent Recursive] 2 tokens unmasked
2025-10-27 10:42:34,101 - GPU-4 - INFO -   [Cycle 5]
2025-10-27 10:42:34,101 - GPU-4 - DEBUG -     [Latent Recursive] Starting 1 steps of latent thinking
2025-10-27 10:42:34,147 - GPU-4 - DEBUG -       [Latent] Step 1/1
2025-10-27 10:42:34,307 - GPU-4 - DEBUG -       [After Latent Recursive] 2 tokens unmasked
2025-10-27 10:42:34,307 - GPU-4 - INFO -   [Cycle 6]
2025-10-27 10:42:34,308 - GPU-4 - DEBUG -     [Latent Recursive] Starting 1 steps of latent thinking
2025-10-27 10:42:34,353 - GPU-4 - DEBUG -       [Latent] Step 1/1
2025-10-27 10:42:34,514 - GPU-4 - DEBUG -       [After Latent Recursive] 2 tokens unmasked
2025-10-27 10:42:34,514 - GPU-4 - INFO -   [Cycle 7]
2025-10-27 10:42:34,514 - GPU-4 - DEBUG -     [Latent Recursive] Starting 1 steps of latent thinking
2025-10-27 10:42:34,560 - GPU-4 - DEBUG -       [Latent] Step 1/1
2025-10-27 10:42:34,720 - GPU-4 - DEBUG -       [After Latent Recursive] 2 tokens unmasked
2025-10-27 10:42:34,720 - GPU-4 - INFO -   [Cycle 8]
2025-10-27 10:42:34,720 - GPU-4 - DEBUG -     [Latent Recursive] Starting 1 steps of latent thinking
2025-10-27 10:42:34,766 - GPU-4 - DEBUG -       [Latent] Step 1/1
2025-10-27 10:42:34,926 - GPU-4 - DEBUG -       [After Latent Recursive] 2 tokens unmasked
2025-10-27 10:42:34,926 - GPU-4 - INFO -   [Cycle 9]
2025-10-27 10:42:34,927 - GPU-4 - DEBUG -     [Latent Recursive] Starting 1 steps of latent thinking
2025-10-27 10:42:34,972 - GPU-4 - DEBUG -       [Latent] Step 1/1
2025-10-27 10:42:35,132 - GPU-4 - DEBUG -       [After Latent Recursive] 2 tokens unmasked
2025-10-27 10:42:35,133 - GPU-4 - INFO -   [Cycle 10]
2025-10-27 10:42:35,133 - GPU-4 - DEBUG -     [Latent Recursive] Starting 1 steps of latent thinking
2025-10-27 10:42:35,178 - GPU-4 - DEBUG -       [Latent] Step 1/1
2025-10-27 10:42:35,338 - GPU-4 - DEBUG -       [After Latent Recursive] 2 tokens unmasked
2025-10-27 10:42:35,339 - GPU-4 - INFO -   [Cycle 11]
2025-10-27 10:42:35,339 - GPU-4 - DEBUG -     [Latent Recursive] Starting 1 steps of latent thinking
2025-10-27 10:42:35,385 - GPU-4 - DEBUG -       [Latent] Step 1/1
2025-10-27 10:42:35,544 - GPU-4 - DEBUG -       [After Latent Recursive] 2 tokens unmasked
2025-10-27 10:42:35,545 - GPU-4 - INFO -   [Cycle 12]
2025-10-27 10:42:35,545 - GPU-4 - DEBUG -     [Latent Recursive] Starting 1 steps of latent thinking
2025-10-27 10:42:35,591 - GPU-4 - DEBUG -       [Latent] Step 1/1
2025-10-27 10:42:35,751 - GPU-4 - DEBUG -       [After Latent Recursive] 2 tokens unmasked
2025-10-27 10:42:35,751 - GPU-4 - INFO -   [Cycle 13]
2025-10-27 10:42:35,751 - GPU-4 - DEBUG -     [Latent Recursive] Starting 1 steps of latent thinking
2025-10-27 10:42:35,797 - GPU-4 - DEBUG -       [Latent] Step 1/1
2025-10-27 10:42:35,957 - GPU-4 - DEBUG -       [After Latent Recursive] 2 tokens unmasked
2025-10-27 10:42:35,957 - GPU-4 - INFO -   [Cycle 14]
2025-10-27 10:42:35,957 - GPU-4 - DEBUG -     [Latent Recursive] Starting 1 steps of latent thinking
2025-10-27 10:42:36,003 - GPU-4 - DEBUG -       [Latent] Step 1/1
2025-10-27 10:42:36,163 - GPU-4 - DEBUG -       [After Latent Recursive] 2 tokens unmasked
2025-10-27 10:42:36,163 - GPU-4 - INFO -   [Cycle 15]
2025-10-27 10:42:36,163 - GPU-4 - DEBUG -     [Latent Recursive] Starting 1 steps of latent thinking
2025-10-27 10:42:36,209 - GPU-4 - DEBUG -       [Latent] Step 1/1
2025-10-27 10:42:36,369 - GPU-4 - DEBUG -       [After Latent Recursive] 2 tokens unmasked
2025-10-27 10:42:36,369 - GPU-4 - INFO - [Block 15/16] Processing tokens 519-551
2025-10-27 10:42:36,370 - GPU-4 - DEBUG - [Block 14] Before forward: use_cache=True, x.shape=torch.Size([1, 583])
2025-10-27 10:42:36,370 - GPU-4 - DEBUG - [Block 14] Model type: LLaDAModelLM
2025-10-27 10:42:36,370 - GPU-4 - DEBUG - [Block 14] Model config use_cache: True
2025-10-27 10:42:36,392 - GPU-4 - DEBUG - [Block 14] After forward: pkv is None? False
2025-10-27 10:42:36,393 - GPU-4 - DEBUG - [Block 14] out type: CausalLMOutputWithPast
2025-10-27 10:42:36,393 - GPU-4 - DEBUG - [Block 14] pkv type: <class 'list'>, len: 32
2025-10-27 10:42:36,393 - GPU-4 - DEBUG - [Block 14] pkv[0] type: <class 'tuple'>, len: 2
2025-10-27 10:42:36,393 - GPU-4 - DEBUG - [Block 14] pkv[0][0].shape: torch.Size([1, 32, 583, 128])
2025-10-27 10:42:36,481 - GPU-4 - INFO -   [Initial Forward] 2 tokens unmasked
2025-10-27 10:42:36,482 - GPU-4 - INFO -   [Cycle 1]
2025-10-27 10:42:36,482 - GPU-4 - DEBUG -     [Latent Recursive] Starting 1 steps of latent thinking
2025-10-27 10:42:36,528 - GPU-4 - DEBUG -       [Latent] Step 1/1
2025-10-27 10:42:36,685 - GPU-4 - DEBUG -       [After Latent Recursive] 2 tokens unmasked
2025-10-27 10:42:36,686 - GPU-4 - INFO -   [Cycle 2]
2025-10-27 10:42:36,686 - GPU-4 - DEBUG -     [Latent Recursive] Starting 1 steps of latent thinking
2025-10-27 10:42:36,732 - GPU-4 - DEBUG -       [Latent] Step 1/1
2025-10-27 10:42:36,889 - GPU-4 - DEBUG -       [After Latent Recursive] 2 tokens unmasked
2025-10-27 10:42:36,889 - GPU-4 - INFO -   [Cycle 3]
2025-10-27 10:42:36,889 - GPU-4 - DEBUG -     [Latent Recursive] Starting 1 steps of latent thinking
2025-10-27 10:42:36,935 - GPU-4 - DEBUG -       [Latent] Step 1/1
2025-10-27 10:42:37,093 - GPU-4 - DEBUG -       [After Latent Recursive] 2 tokens unmasked
2025-10-27 10:42:37,093 - GPU-4 - INFO -   [Cycle 4]
2025-10-27 10:42:37,093 - GPU-4 - DEBUG -     [Latent Recursive] Starting 1 steps of latent thinking
2025-10-27 10:42:37,139 - GPU-4 - DEBUG -       [Latent] Step 1/1
2025-10-27 10:42:37,297 - GPU-4 - DEBUG -       [After Latent Recursive] 2 tokens unmasked
2025-10-27 10:42:37,297 - GPU-4 - INFO -   [Cycle 5]
2025-10-27 10:42:37,298 - GPU-4 - DEBUG -     [Latent Recursive] Starting 1 steps of latent thinking
2025-10-27 10:42:37,344 - GPU-4 - DEBUG -       [Latent] Step 1/1
2025-10-27 10:42:37,501 - GPU-4 - DEBUG -       [After Latent Recursive] 2 tokens unmasked
2025-10-27 10:42:37,502 - GPU-4 - INFO -   [Cycle 6]
2025-10-27 10:42:37,502 - GPU-4 - DEBUG -     [Latent Recursive] Starting 1 steps of latent thinking
2025-10-27 10:42:37,548 - GPU-4 - DEBUG -       [Latent] Step 1/1
2025-10-27 10:42:37,705 - GPU-4 - DEBUG -       [After Latent Recursive] 2 tokens unmasked
2025-10-27 10:42:37,706 - GPU-4 - INFO -   [Cycle 7]
2025-10-27 10:42:37,706 - GPU-4 - DEBUG -     [Latent Recursive] Starting 1 steps of latent thinking
2025-10-27 10:42:37,752 - GPU-4 - DEBUG -       [Latent] Step 1/1
2025-10-27 10:42:37,910 - GPU-4 - DEBUG -       [After Latent Recursive] 2 tokens unmasked
2025-10-27 10:42:37,910 - GPU-4 - INFO -   [Cycle 8]
2025-10-27 10:42:37,910 - GPU-4 - DEBUG -     [Latent Recursive] Starting 1 steps of latent thinking
2025-10-27 10:42:37,956 - GPU-4 - DEBUG -       [Latent] Step 1/1
2025-10-27 10:42:38,113 - GPU-4 - DEBUG -       [After Latent Recursive] 2 tokens unmasked
2025-10-27 10:42:38,114 - GPU-4 - INFO -   [Cycle 9]
2025-10-27 10:42:38,114 - GPU-4 - DEBUG -     [Latent Recursive] Starting 1 steps of latent thinking
2025-10-27 10:42:38,160 - GPU-4 - DEBUG -       [Latent] Step 1/1
2025-10-27 10:42:38,316 - GPU-4 - DEBUG -       [After Latent Recursive] 2 tokens unmasked
2025-10-27 10:42:38,317 - GPU-4 - INFO -   [Cycle 10]
2025-10-27 10:42:38,317 - GPU-4 - DEBUG -     [Latent Recursive] Starting 1 steps of latent thinking
2025-10-27 10:42:38,362 - GPU-4 - DEBUG -       [Latent] Step 1/1
2025-10-27 10:42:38,519 - GPU-4 - DEBUG -       [After Latent Recursive] 2 tokens unmasked
2025-10-27 10:42:38,520 - GPU-4 - INFO -   [Cycle 11]
2025-10-27 10:42:38,520 - GPU-4 - DEBUG -     [Latent Recursive] Starting 1 steps of latent thinking
2025-10-27 10:42:38,565 - GPU-4 - DEBUG -       [Latent] Step 1/1
2025-10-27 10:42:38,722 - GPU-4 - DEBUG -       [After Latent Recursive] 2 tokens unmasked
2025-10-27 10:42:38,723 - GPU-4 - INFO -   [Cycle 12]
2025-10-27 10:42:38,723 - GPU-4 - DEBUG -     [Latent Recursive] Starting 1 steps of latent thinking
2025-10-27 10:42:38,769 - GPU-4 - DEBUG -       [Latent] Step 1/1
2025-10-27 10:42:38,925 - GPU-4 - DEBUG -       [After Latent Recursive] 2 tokens unmasked
2025-10-27 10:42:38,925 - GPU-4 - INFO -   [Cycle 13]
2025-10-27 10:42:38,926 - GPU-4 - DEBUG -     [Latent Recursive] Starting 1 steps of latent thinking
2025-10-27 10:42:38,971 - GPU-4 - DEBUG -       [Latent] Step 1/1
2025-10-27 10:42:39,128 - GPU-4 - DEBUG -       [After Latent Recursive] 2 tokens unmasked
2025-10-27 10:42:39,128 - GPU-4 - INFO -   [Cycle 14]
2025-10-27 10:42:39,128 - GPU-4 - DEBUG -     [Latent Recursive] Starting 1 steps of latent thinking
2025-10-27 10:42:39,174 - GPU-4 - DEBUG -       [Latent] Step 1/1
2025-10-27 10:42:39,330 - GPU-4 - DEBUG -       [After Latent Recursive] 2 tokens unmasked
2025-10-27 10:42:39,331 - GPU-4 - INFO -   [Cycle 15]
2025-10-27 10:42:39,331 - GPU-4 - DEBUG -     [Latent Recursive] Starting 1 steps of latent thinking
2025-10-27 10:42:39,377 - GPU-4 - DEBUG -       [Latent] Step 1/1
2025-10-27 10:42:39,533 - GPU-4 - DEBUG -       [After Latent Recursive] 2 tokens unmasked
2025-10-27 10:42:39,534 - GPU-4 - INFO - [Block 16/16] Processing tokens 551-583
2025-10-27 10:42:39,534 - GPU-4 - DEBUG - [Block 15] Before forward: use_cache=True, x.shape=torch.Size([1, 583])
2025-10-27 10:42:39,534 - GPU-4 - DEBUG - [Block 15] Model type: LLaDAModelLM
2025-10-27 10:42:39,534 - GPU-4 - DEBUG - [Block 15] Model config use_cache: True
2025-10-27 10:42:39,557 - GPU-4 - DEBUG - [Block 15] After forward: pkv is None? False
2025-10-27 10:42:39,557 - GPU-4 - DEBUG - [Block 15] out type: CausalLMOutputWithPast
2025-10-27 10:42:39,557 - GPU-4 - DEBUG - [Block 15] pkv type: <class 'list'>, len: 32
2025-10-27 10:42:39,557 - GPU-4 - DEBUG - [Block 15] pkv[0] type: <class 'tuple'>, len: 2
2025-10-27 10:42:39,557 - GPU-4 - DEBUG - [Block 15] pkv[0][0].shape: torch.Size([1, 32, 583, 128])
2025-10-27 10:42:39,645 - GPU-4 - INFO -   [Initial Forward] 2 tokens unmasked
2025-10-27 10:42:39,646 - GPU-4 - INFO -   [Cycle 1]
2025-10-27 10:42:39,646 - GPU-4 - DEBUG -     [Latent Recursive] Starting 1 steps of latent thinking
2025-10-27 10:42:39,692 - GPU-4 - DEBUG -       [Latent] Step 1/1
2025-10-27 10:42:39,848 - GPU-4 - DEBUG -       [After Latent Recursive] 2 tokens unmasked
2025-10-27 10:42:39,848 - GPU-4 - INFO -   [Cycle 2]
2025-10-27 10:42:39,848 - GPU-4 - DEBUG -     [Latent Recursive] Starting 1 steps of latent thinking
2025-10-27 10:42:39,894 - GPU-4 - DEBUG -       [Latent] Step 1/1
2025-10-27 10:42:40,049 - GPU-4 - DEBUG -       [After Latent Recursive] 2 tokens unmasked
2025-10-27 10:42:40,050 - GPU-4 - INFO -   [Cycle 3]
2025-10-27 10:42:40,050 - GPU-4 - DEBUG -     [Latent Recursive] Starting 1 steps of latent thinking
2025-10-27 10:42:40,096 - GPU-4 - DEBUG -       [Latent] Step 1/1
2025-10-27 10:42:40,251 - GPU-4 - DEBUG -       [After Latent Recursive] 2 tokens unmasked
2025-10-27 10:42:40,252 - GPU-4 - INFO -   [Cycle 4]
2025-10-27 10:42:40,252 - GPU-4 - DEBUG -     [Latent Recursive] Starting 1 steps of latent thinking
2025-10-27 10:42:40,297 - GPU-4 - DEBUG -       [Latent] Step 1/1
2025-10-27 10:42:40,453 - GPU-4 - DEBUG -       [After Latent Recursive] 2 tokens unmasked
2025-10-27 10:42:40,453 - GPU-4 - INFO -   [Cycle 5]
2025-10-27 10:42:40,454 - GPU-4 - DEBUG -     [Latent Recursive] Starting 1 steps of latent thinking
2025-10-27 10:42:40,499 - GPU-4 - DEBUG -       [Latent] Step 1/1
2025-10-27 10:42:40,655 - GPU-4 - DEBUG -       [After Latent Recursive] 2 tokens unmasked
2025-10-27 10:42:40,655 - GPU-4 - INFO -   [Cycle 6]
2025-10-27 10:42:40,655 - GPU-4 - DEBUG -     [Latent Recursive] Starting 1 steps of latent thinking
2025-10-27 10:42:40,701 - GPU-4 - DEBUG -       [Latent] Step 1/1
2025-10-27 10:42:40,857 - GPU-4 - DEBUG -       [After Latent Recursive] 2 tokens unmasked
2025-10-27 10:42:40,857 - GPU-4 - INFO -   [Cycle 7]
2025-10-27 10:42:40,857 - GPU-4 - DEBUG -     [Latent Recursive] Starting 1 steps of latent thinking
2025-10-27 10:42:40,903 - GPU-4 - DEBUG -       [Latent] Step 1/1
2025-10-27 10:42:41,058 - GPU-4 - DEBUG -       [After Latent Recursive] 2 tokens unmasked
2025-10-27 10:42:41,059 - GPU-4 - INFO -   [Cycle 8]
2025-10-27 10:42:41,059 - GPU-4 - DEBUG -     [Latent Recursive] Starting 1 steps of latent thinking
2025-10-27 10:42:41,104 - GPU-4 - DEBUG -       [Latent] Step 1/1
2025-10-27 10:42:41,260 - GPU-4 - DEBUG -       [After Latent Recursive] 2 tokens unmasked
2025-10-27 10:42:41,261 - GPU-4 - INFO -   [Cycle 9]
2025-10-27 10:42:41,261 - GPU-4 - DEBUG -     [Latent Recursive] Starting 1 steps of latent thinking
2025-10-27 10:42:41,306 - GPU-4 - DEBUG -       [Latent] Step 1/1
2025-10-27 10:42:41,462 - GPU-4 - DEBUG -       [After Latent Recursive] 2 tokens unmasked
2025-10-27 10:42:41,463 - GPU-4 - INFO -   [Cycle 10]
2025-10-27 10:42:41,463 - GPU-4 - DEBUG -     [Latent Recursive] Starting 1 steps of latent thinking
2025-10-27 10:42:41,508 - GPU-4 - DEBUG -       [Latent] Step 1/1
2025-10-27 10:42:41,664 - GPU-4 - DEBUG -       [After Latent Recursive] 2 tokens unmasked
2025-10-27 10:42:41,665 - GPU-4 - INFO -   [Cycle 11]
2025-10-27 10:42:41,665 - GPU-4 - DEBUG -     [Latent Recursive] Starting 1 steps of latent thinking
2025-10-27 10:42:41,710 - GPU-4 - DEBUG -       [Latent] Step 1/1
2025-10-27 10:42:41,866 - GPU-4 - DEBUG -       [After Latent Recursive] 2 tokens unmasked
2025-10-27 10:42:41,866 - GPU-4 - INFO -   [Cycle 12]
2025-10-27 10:42:41,866 - GPU-4 - DEBUG -     [Latent Recursive] Starting 1 steps of latent thinking
2025-10-27 10:42:41,912 - GPU-4 - DEBUG -       [Latent] Step 1/1
2025-10-27 10:42:42,068 - GPU-4 - DEBUG -       [After Latent Recursive] 2 tokens unmasked
2025-10-27 10:42:42,068 - GPU-4 - INFO -   [Cycle 13]
2025-10-27 10:42:42,068 - GPU-4 - DEBUG -     [Latent Recursive] Starting 1 steps of latent thinking
2025-10-27 10:42:42,114 - GPU-4 - DEBUG -       [Latent] Step 1/1
2025-10-27 10:42:42,270 - GPU-4 - DEBUG -       [After Latent Recursive] 2 tokens unmasked
2025-10-27 10:42:42,270 - GPU-4 - INFO -   [Cycle 14]
2025-10-27 10:42:42,270 - GPU-4 - DEBUG -     [Latent Recursive] Starting 1 steps of latent thinking
2025-10-27 10:42:42,316 - GPU-4 - DEBUG -       [Latent] Step 1/1
2025-10-27 10:42:42,471 - GPU-4 - DEBUG -       [After Latent Recursive] 2 tokens unmasked
2025-10-27 10:42:42,472 - GPU-4 - INFO -   [Cycle 15]
2025-10-27 10:42:42,472 - GPU-4 - DEBUG -     [Latent Recursive] Starting 1 steps of latent thinking
2025-10-27 10:42:42,517 - GPU-4 - DEBUG -       [Latent] Step 1/1
2025-10-27 10:42:42,673 - GPU-4 - DEBUG -       [After Latent Recursive] 2 tokens unmasked
2025-10-27 10:45:17,701 - GPU-4 - INFO - [GPU 4] Loaded freeze config from metadata.json: freeze_first_half_layers=False, trainable_layer_start_idx=0
2025-10-27 10:45:17,946 - GPU-4 - INFO - === Starting generate_with_prefix_cache ===
2025-10-27 10:45:17,947 - GPU-4 - INFO - use_cache=True, R=1, N=1
2025-10-27 10:45:17,950 - GPU-4 - INFO - [Block 1/16] Processing tokens 144-176
2025-10-27 10:45:17,951 - GPU-4 - DEBUG - [Block 0] Before forward: use_cache=True, x.shape=torch.Size([1, 656])
2025-10-27 10:45:17,951 - GPU-4 - DEBUG - [Block 0] Model type: LLaDAModelLM
2025-10-27 10:45:17,951 - GPU-4 - DEBUG - [Block 0] Model config use_cache: True
2025-10-27 10:45:18,246 - GPU-4 - DEBUG - [Block 0] After forward: pkv is None? False
2025-10-27 10:45:18,246 - GPU-4 - DEBUG - [Block 0] out type: CausalLMOutputWithPast
2025-10-27 10:45:18,246 - GPU-4 - DEBUG - [Block 0] pkv type: <class 'list'>, len: 32
2025-10-27 10:45:18,246 - GPU-4 - DEBUG - [Block 0] pkv[0] type: <class 'tuple'>, len: 2
2025-10-27 10:45:18,246 - GPU-4 - DEBUG - [Block 0] pkv[0][0].shape: torch.Size([1, 32, 656, 128])
2025-10-27 10:45:18,339 - GPU-4 - INFO -   [Initial Forward] 1 tokens unmasked
2025-10-27 10:45:18,340 - GPU-4 - INFO -   [Cycle 1]
2025-10-27 10:45:18,340 - GPU-4 - DEBUG -     [Latent Recursive] Starting 1 steps of latent thinking
2025-10-27 10:45:18,451 - GPU-4 - DEBUG -       [Latent] Step 1/1
2025-10-27 10:45:18,646 - GPU-4 - DEBUG -       [After Latent Recursive] 1 tokens unmasked
2025-10-27 10:45:18,646 - GPU-4 - INFO -   [Cycle 2]
2025-10-27 10:45:18,646 - GPU-4 - DEBUG -     [Latent Recursive] Starting 1 steps of latent thinking
2025-10-27 10:45:18,697 - GPU-4 - DEBUG -       [Latent] Step 1/1
2025-10-27 10:45:18,891 - GPU-4 - DEBUG -       [After Latent Recursive] 1 tokens unmasked
2025-10-27 10:45:18,891 - GPU-4 - INFO -   [Cycle 3]
2025-10-27 10:45:18,892 - GPU-4 - DEBUG -     [Latent Recursive] Starting 1 steps of latent thinking
2025-10-27 10:45:18,942 - GPU-4 - DEBUG -       [Latent] Step 1/1
2025-10-27 10:45:19,137 - GPU-4 - DEBUG -       [After Latent Recursive] 1 tokens unmasked
2025-10-27 10:45:19,138 - GPU-4 - INFO -   [Cycle 4]
2025-10-27 10:45:19,138 - GPU-4 - DEBUG -     [Latent Recursive] Starting 1 steps of latent thinking
2025-10-27 10:45:19,189 - GPU-4 - DEBUG -       [Latent] Step 1/1
2025-10-27 10:45:19,383 - GPU-4 - DEBUG -       [After Latent Recursive] 1 tokens unmasked
2025-10-27 10:45:19,383 - GPU-4 - INFO -   [Cycle 5]
2025-10-27 10:45:19,383 - GPU-4 - DEBUG -     [Latent Recursive] Starting 1 steps of latent thinking
2025-10-27 10:45:19,434 - GPU-4 - DEBUG -       [Latent] Step 1/1
2025-10-27 10:45:19,628 - GPU-4 - DEBUG -       [After Latent Recursive] 1 tokens unmasked
2025-10-27 10:45:19,629 - GPU-4 - INFO -   [Cycle 6]
2025-10-27 10:45:19,629 - GPU-4 - DEBUG -     [Latent Recursive] Starting 1 steps of latent thinking
2025-10-27 10:45:19,679 - GPU-4 - DEBUG -       [Latent] Step 1/1
2025-10-27 10:45:19,873 - GPU-4 - DEBUG -       [After Latent Recursive] 1 tokens unmasked
2025-10-27 10:45:19,874 - GPU-4 - INFO -   [Cycle 7]
2025-10-27 10:45:19,874 - GPU-4 - DEBUG -     [Latent Recursive] Starting 1 steps of latent thinking
2025-10-27 10:45:19,924 - GPU-4 - DEBUG -       [Latent] Step 1/1
2025-10-27 10:45:20,119 - GPU-4 - DEBUG -       [After Latent Recursive] 1 tokens unmasked
2025-10-27 10:45:20,119 - GPU-4 - INFO -   [Cycle 8]
2025-10-27 10:45:20,119 - GPU-4 - DEBUG -     [Latent Recursive] Starting 1 steps of latent thinking
2025-10-27 10:45:20,170 - GPU-4 - DEBUG -       [Latent] Step 1/1
2025-10-27 10:45:20,364 - GPU-4 - DEBUG -       [After Latent Recursive] 1 tokens unmasked
2025-10-27 10:45:20,364 - GPU-4 - INFO -   [Cycle 9]
2025-10-27 10:45:20,364 - GPU-4 - DEBUG -     [Latent Recursive] Starting 1 steps of latent thinking
2025-10-27 10:45:20,415 - GPU-4 - DEBUG -       [Latent] Step 1/1
2025-10-27 10:45:20,609 - GPU-4 - DEBUG -       [After Latent Recursive] 1 tokens unmasked
2025-10-27 10:45:20,609 - GPU-4 - INFO -   [Cycle 10]
2025-10-27 10:45:20,609 - GPU-4 - DEBUG -     [Latent Recursive] Starting 1 steps of latent thinking
2025-10-27 10:45:20,660 - GPU-4 - DEBUG -       [Latent] Step 1/1
2025-10-27 10:45:20,854 - GPU-4 - DEBUG -       [After Latent Recursive] 1 tokens unmasked
2025-10-27 10:45:20,855 - GPU-4 - INFO -   [Cycle 11]
2025-10-27 10:45:20,855 - GPU-4 - DEBUG -     [Latent Recursive] Starting 1 steps of latent thinking
2025-10-27 10:45:20,906 - GPU-4 - DEBUG -       [Latent] Step 1/1
2025-10-27 10:45:21,100 - GPU-4 - DEBUG -       [After Latent Recursive] 1 tokens unmasked
2025-10-27 10:45:21,100 - GPU-4 - INFO -   [Cycle 12]
2025-10-27 10:45:21,100 - GPU-4 - DEBUG -     [Latent Recursive] Starting 1 steps of latent thinking
2025-10-27 10:45:21,151 - GPU-4 - DEBUG -       [Latent] Step 1/1
2025-10-27 10:45:21,345 - GPU-4 - DEBUG -       [After Latent Recursive] 1 tokens unmasked
2025-10-27 10:45:21,346 - GPU-4 - INFO -   [Cycle 13]
2025-10-27 10:45:21,346 - GPU-4 - DEBUG -     [Latent Recursive] Starting 1 steps of latent thinking
2025-10-27 10:45:21,396 - GPU-4 - DEBUG -       [Latent] Step 1/1
2025-10-27 10:45:21,591 - GPU-4 - DEBUG -       [After Latent Recursive] 1 tokens unmasked
2025-10-27 10:45:21,591 - GPU-4 - INFO -   [Cycle 14]
2025-10-27 10:45:21,591 - GPU-4 - DEBUG -     [Latent Recursive] Starting 1 steps of latent thinking
2025-10-27 10:45:21,642 - GPU-4 - DEBUG -       [Latent] Step 1/1
2025-10-27 10:45:21,836 - GPU-4 - DEBUG -       [After Latent Recursive] 1 tokens unmasked
2025-10-27 10:45:21,836 - GPU-4 - INFO -   [Cycle 15]
2025-10-27 10:45:21,836 - GPU-4 - DEBUG -     [Latent Recursive] Starting 1 steps of latent thinking
2025-10-27 10:45:21,887 - GPU-4 - DEBUG -       [Latent] Step 1/1
2025-10-27 10:45:22,081 - GPU-4 - DEBUG -       [After Latent Recursive] 1 tokens unmasked
2025-10-27 10:45:22,082 - GPU-4 - INFO -   [Cycle 16]
2025-10-27 10:45:22,082 - GPU-4 - DEBUG -     [Latent Recursive] Starting 1 steps of latent thinking
2025-10-27 10:45:22,132 - GPU-4 - DEBUG -       [Latent] Step 1/1
2025-10-27 10:45:22,326 - GPU-4 - DEBUG -       [After Latent Recursive] 1 tokens unmasked
2025-10-27 10:45:22,327 - GPU-4 - INFO -   [Cycle 17]
2025-10-27 10:45:22,327 - GPU-4 - DEBUG -     [Latent Recursive] Starting 1 steps of latent thinking
2025-10-27 10:45:22,378 - GPU-4 - DEBUG -       [Latent] Step 1/1
2025-10-27 10:45:22,572 - GPU-4 - DEBUG -       [After Latent Recursive] 1 tokens unmasked
2025-10-27 10:45:22,572 - GPU-4 - INFO -   [Cycle 18]
2025-10-27 10:45:22,572 - GPU-4 - DEBUG -     [Latent Recursive] Starting 1 steps of latent thinking
2025-10-27 10:45:22,623 - GPU-4 - DEBUG -       [Latent] Step 1/1
2025-10-27 10:45:22,817 - GPU-4 - DEBUG -       [After Latent Recursive] 1 tokens unmasked
2025-10-27 10:45:22,817 - GPU-4 - INFO -   [Cycle 19]
2025-10-27 10:45:22,817 - GPU-4 - DEBUG -     [Latent Recursive] Starting 1 steps of latent thinking
2025-10-27 10:45:22,868 - GPU-4 - DEBUG -       [Latent] Step 1/1
2025-10-27 10:45:23,064 - GPU-4 - DEBUG -       [After Latent Recursive] 1 tokens unmasked
2025-10-27 10:45:23,064 - GPU-4 - INFO -   [Cycle 20]
2025-10-27 10:45:23,064 - GPU-4 - DEBUG -     [Latent Recursive] Starting 1 steps of latent thinking
2025-10-27 10:45:23,115 - GPU-4 - DEBUG -       [Latent] Step 1/1
2025-10-27 10:45:23,312 - GPU-4 - DEBUG -       [After Latent Recursive] 1 tokens unmasked
2025-10-27 10:45:23,312 - GPU-4 - INFO -   [Cycle 21]
2025-10-27 10:45:23,313 - GPU-4 - DEBUG -     [Latent Recursive] Starting 1 steps of latent thinking
2025-10-27 10:45:23,363 - GPU-4 - DEBUG -       [Latent] Step 1/1
2025-10-27 10:45:23,559 - GPU-4 - DEBUG -       [After Latent Recursive] 1 tokens unmasked
2025-10-27 10:45:23,561 - GPU-4 - INFO -   [Cycle 22]
2025-10-27 10:45:23,561 - GPU-4 - DEBUG -     [Latent Recursive] Starting 1 steps of latent thinking
2025-10-27 10:45:23,612 - GPU-4 - DEBUG -       [Latent] Step 1/1
2025-10-27 10:45:23,807 - GPU-4 - DEBUG -       [After Latent Recursive] 1 tokens unmasked
2025-10-27 10:45:23,808 - GPU-4 - INFO -   [Cycle 23]
2025-10-27 10:45:23,808 - GPU-4 - DEBUG -     [Latent Recursive] Starting 1 steps of latent thinking
2025-10-27 10:45:23,859 - GPU-4 - DEBUG -       [Latent] Step 1/1
2025-10-27 10:45:24,059 - GPU-4 - DEBUG -       [After Latent Recursive] 1 tokens unmasked
2025-10-27 10:45:24,059 - GPU-4 - INFO -   [Cycle 24]
2025-10-27 10:45:24,059 - GPU-4 - DEBUG -     [Latent Recursive] Starting 1 steps of latent thinking
2025-10-27 10:45:24,110 - GPU-4 - DEBUG -       [Latent] Step 1/1
2025-10-27 10:45:24,304 - GPU-4 - DEBUG -       [After Latent Recursive] 1 tokens unmasked
2025-10-27 10:45:24,305 - GPU-4 - INFO -   [Cycle 25]
2025-10-27 10:45:24,305 - GPU-4 - DEBUG -     [Latent Recursive] Starting 1 steps of latent thinking
2025-10-27 10:45:24,355 - GPU-4 - DEBUG -       [Latent] Step 1/1
2025-10-27 10:45:24,550 - GPU-4 - DEBUG -       [After Latent Recursive] 1 tokens unmasked
2025-10-27 10:45:24,550 - GPU-4 - INFO -   [Cycle 26]
2025-10-27 10:45:24,550 - GPU-4 - DEBUG -     [Latent Recursive] Starting 1 steps of latent thinking
2025-10-27 10:45:24,601 - GPU-4 - DEBUG -       [Latent] Step 1/1
2025-10-27 10:45:24,795 - GPU-4 - DEBUG -       [After Latent Recursive] 1 tokens unmasked
2025-10-27 10:45:24,795 - GPU-4 - INFO -   [Cycle 27]
2025-10-27 10:45:24,796 - GPU-4 - DEBUG -     [Latent Recursive] Starting 1 steps of latent thinking
2025-10-27 10:45:24,846 - GPU-4 - DEBUG -       [Latent] Step 1/1
2025-10-27 10:45:25,040 - GPU-4 - DEBUG -       [After Latent Recursive] 1 tokens unmasked
2025-10-27 10:45:25,041 - GPU-4 - INFO -   [Cycle 28]
2025-10-27 10:45:25,041 - GPU-4 - DEBUG -     [Latent Recursive] Starting 1 steps of latent thinking
2025-10-27 10:45:25,092 - GPU-4 - DEBUG -       [Latent] Step 1/1
2025-10-27 10:45:25,286 - GPU-4 - DEBUG -       [After Latent Recursive] 1 tokens unmasked
2025-10-27 10:45:25,286 - GPU-4 - INFO -   [Cycle 29]
2025-10-27 10:45:25,286 - GPU-4 - DEBUG -     [Latent Recursive] Starting 1 steps of latent thinking
2025-10-27 10:45:25,337 - GPU-4 - DEBUG -       [Latent] Step 1/1
2025-10-27 10:45:25,531 - GPU-4 - DEBUG -       [After Latent Recursive] 1 tokens unmasked
2025-10-27 10:45:25,531 - GPU-4 - INFO -   [Cycle 30]
2025-10-27 10:45:25,532 - GPU-4 - DEBUG -     [Latent Recursive] Starting 1 steps of latent thinking
2025-10-27 10:45:25,582 - GPU-4 - DEBUG -       [Latent] Step 1/1
2025-10-27 10:45:25,776 - GPU-4 - DEBUG -       [After Latent Recursive] 1 tokens unmasked
2025-10-27 10:45:25,777 - GPU-4 - INFO -   [Cycle 31]
2025-10-27 10:45:25,777 - GPU-4 - DEBUG -     [Latent Recursive] Starting 1 steps of latent thinking
2025-10-27 10:45:25,828 - GPU-4 - DEBUG -       [Latent] Step 1/1
2025-10-27 10:45:26,022 - GPU-4 - DEBUG -       [After Latent Recursive] 1 tokens unmasked
2025-10-27 10:45:26,022 - GPU-4 - INFO - [Block 2/16] Processing tokens 176-208
2025-10-27 10:45:26,022 - GPU-4 - DEBUG - [Block 1] Before forward: use_cache=True, x.shape=torch.Size([1, 656])
2025-10-27 10:45:26,022 - GPU-4 - DEBUG - [Block 1] Model type: LLaDAModelLM
2025-10-27 10:45:26,023 - GPU-4 - DEBUG - [Block 1] Model config use_cache: True
2025-10-27 10:45:26,047 - GPU-4 - DEBUG - [Block 1] After forward: pkv is None? False
2025-10-27 10:45:26,047 - GPU-4 - DEBUG - [Block 1] out type: CausalLMOutputWithPast
2025-10-27 10:45:26,047 - GPU-4 - DEBUG - [Block 1] pkv type: <class 'list'>, len: 32
2025-10-27 10:45:26,047 - GPU-4 - DEBUG - [Block 1] pkv[0] type: <class 'tuple'>, len: 2
2025-10-27 10:45:26,047 - GPU-4 - DEBUG - [Block 1] pkv[0][0].shape: torch.Size([1, 32, 656, 128])
2025-10-27 10:45:26,144 - GPU-4 - INFO -   [Initial Forward] 1 tokens unmasked
2025-10-27 10:45:26,145 - GPU-4 - INFO -   [Cycle 1]
2025-10-27 10:45:26,145 - GPU-4 - DEBUG -     [Latent Recursive] Starting 1 steps of latent thinking
2025-10-27 10:45:26,196 - GPU-4 - DEBUG -       [Latent] Step 1/1
2025-10-27 10:45:26,389 - GPU-4 - DEBUG -       [After Latent Recursive] 1 tokens unmasked
2025-10-27 10:45:26,390 - GPU-4 - INFO -   [Cycle 2]
2025-10-27 10:45:26,390 - GPU-4 - DEBUG -     [Latent Recursive] Starting 1 steps of latent thinking
2025-10-27 10:45:26,440 - GPU-4 - DEBUG -       [Latent] Step 1/1
2025-10-27 10:45:26,634 - GPU-4 - DEBUG -       [After Latent Recursive] 1 tokens unmasked
2025-10-27 10:45:26,634 - GPU-4 - INFO -   [Cycle 3]
2025-10-27 10:45:26,634 - GPU-4 - DEBUG -     [Latent Recursive] Starting 1 steps of latent thinking
2025-10-27 10:45:26,685 - GPU-4 - DEBUG -       [Latent] Step 1/1
2025-10-27 10:45:26,878 - GPU-4 - DEBUG -       [After Latent Recursive] 1 tokens unmasked
2025-10-27 10:45:26,878 - GPU-4 - INFO -   [Cycle 4]
2025-10-27 10:45:26,878 - GPU-4 - DEBUG -     [Latent Recursive] Starting 1 steps of latent thinking
2025-10-27 10:45:26,929 - GPU-4 - DEBUG -       [Latent] Step 1/1
2025-10-27 10:45:27,122 - GPU-4 - DEBUG -       [After Latent Recursive] 1 tokens unmasked
2025-10-27 10:45:27,123 - GPU-4 - INFO -   [Cycle 5]
2025-10-27 10:45:27,123 - GPU-4 - DEBUG -     [Latent Recursive] Starting 1 steps of latent thinking
2025-10-27 10:45:27,174 - GPU-4 - DEBUG -       [Latent] Step 1/1
2025-10-27 10:45:27,367 - GPU-4 - DEBUG -       [After Latent Recursive] 1 tokens unmasked
2025-10-27 10:45:27,367 - GPU-4 - INFO -   [Cycle 6]
2025-10-27 10:45:27,367 - GPU-4 - DEBUG -     [Latent Recursive] Starting 1 steps of latent thinking
2025-10-27 10:45:27,418 - GPU-4 - DEBUG -       [Latent] Step 1/1
2025-10-27 10:45:27,611 - GPU-4 - DEBUG -       [After Latent Recursive] 1 tokens unmasked
2025-10-27 10:45:27,612 - GPU-4 - INFO -   [Cycle 7]
2025-10-27 10:45:27,612 - GPU-4 - DEBUG -     [Latent Recursive] Starting 1 steps of latent thinking
2025-10-27 10:45:27,663 - GPU-4 - DEBUG -       [Latent] Step 1/1
2025-10-27 10:45:27,856 - GPU-4 - DEBUG -       [After Latent Recursive] 1 tokens unmasked
2025-10-27 10:45:27,856 - GPU-4 - INFO -   [Cycle 8]
2025-10-27 10:45:27,856 - GPU-4 - DEBUG -     [Latent Recursive] Starting 1 steps of latent thinking
2025-10-27 10:45:27,907 - GPU-4 - DEBUG -       [Latent] Step 1/1
2025-10-27 10:45:28,100 - GPU-4 - DEBUG -       [After Latent Recursive] 1 tokens unmasked
2025-10-27 10:45:28,101 - GPU-4 - INFO -   [Cycle 9]
2025-10-27 10:45:28,101 - GPU-4 - DEBUG -     [Latent Recursive] Starting 1 steps of latent thinking
2025-10-27 10:45:28,152 - GPU-4 - DEBUG -       [Latent] Step 1/1
2025-10-27 10:45:28,345 - GPU-4 - DEBUG -       [After Latent Recursive] 1 tokens unmasked
2025-10-27 10:45:28,345 - GPU-4 - INFO -   [Cycle 10]
2025-10-27 10:45:28,345 - GPU-4 - DEBUG -     [Latent Recursive] Starting 1 steps of latent thinking
2025-10-27 10:45:28,396 - GPU-4 - DEBUG -       [Latent] Step 1/1
2025-10-27 10:45:28,589 - GPU-4 - DEBUG -       [After Latent Recursive] 1 tokens unmasked
2025-10-27 10:45:28,590 - GPU-4 - INFO -   [Cycle 11]
2025-10-27 10:45:28,590 - GPU-4 - DEBUG -     [Latent Recursive] Starting 1 steps of latent thinking
2025-10-27 10:45:28,641 - GPU-4 - DEBUG -       [Latent] Step 1/1
2025-10-27 10:45:28,834 - GPU-4 - DEBUG -       [After Latent Recursive] 1 tokens unmasked
2025-10-27 10:45:28,834 - GPU-4 - INFO -   [Cycle 12]
2025-10-27 10:45:28,835 - GPU-4 - DEBUG -     [Latent Recursive] Starting 1 steps of latent thinking
2025-10-27 10:45:28,885 - GPU-4 - DEBUG -       [Latent] Step 1/1
2025-10-27 10:45:29,079 - GPU-4 - DEBUG -       [After Latent Recursive] 1 tokens unmasked
2025-10-27 10:45:29,079 - GPU-4 - INFO -   [Cycle 13]
2025-10-27 10:45:29,079 - GPU-4 - DEBUG -     [Latent Recursive] Starting 1 steps of latent thinking
2025-10-27 10:45:29,130 - GPU-4 - DEBUG -       [Latent] Step 1/1
2025-10-27 10:45:29,323 - GPU-4 - DEBUG -       [After Latent Recursive] 1 tokens unmasked
2025-10-27 10:45:29,323 - GPU-4 - INFO -   [Cycle 14]
2025-10-27 10:45:29,324 - GPU-4 - DEBUG -     [Latent Recursive] Starting 1 steps of latent thinking
2025-10-27 10:45:29,374 - GPU-4 - DEBUG -       [Latent] Step 1/1
2025-10-27 10:45:29,568 - GPU-4 - DEBUG -       [After Latent Recursive] 1 tokens unmasked
2025-10-27 10:45:29,568 - GPU-4 - INFO -   [Cycle 15]
2025-10-27 10:45:29,568 - GPU-4 - DEBUG -     [Latent Recursive] Starting 1 steps of latent thinking
2025-10-27 10:45:29,619 - GPU-4 - DEBUG -       [Latent] Step 1/1
2025-10-27 10:45:29,812 - GPU-4 - DEBUG -       [After Latent Recursive] 1 tokens unmasked
2025-10-27 10:45:29,813 - GPU-4 - INFO -   [Cycle 16]
2025-10-27 10:45:29,813 - GPU-4 - DEBUG -     [Latent Recursive] Starting 1 steps of latent thinking
2025-10-27 10:45:29,864 - GPU-4 - DEBUG -       [Latent] Step 1/1
2025-10-27 10:45:30,057 - GPU-4 - DEBUG -       [After Latent Recursive] 1 tokens unmasked
2025-10-27 10:45:30,057 - GPU-4 - INFO -   [Cycle 17]
2025-10-27 10:45:30,057 - GPU-4 - DEBUG -     [Latent Recursive] Starting 1 steps of latent thinking
2025-10-27 10:45:30,108 - GPU-4 - DEBUG -       [Latent] Step 1/1
2025-10-27 10:45:30,301 - GPU-4 - DEBUG -       [After Latent Recursive] 1 tokens unmasked
2025-10-27 10:45:30,302 - GPU-4 - INFO -   [Cycle 18]
2025-10-27 10:45:30,302 - GPU-4 - DEBUG -     [Latent Recursive] Starting 1 steps of latent thinking
2025-10-27 10:45:30,353 - GPU-4 - DEBUG -       [Latent] Step 1/1
2025-10-27 10:45:30,546 - GPU-4 - DEBUG -       [After Latent Recursive] 1 tokens unmasked
2025-10-27 10:45:30,546 - GPU-4 - INFO -   [Cycle 19]
2025-10-27 10:45:30,546 - GPU-4 - DEBUG -     [Latent Recursive] Starting 1 steps of latent thinking
2025-10-27 10:45:30,597 - GPU-4 - DEBUG -       [Latent] Step 1/1
2025-10-27 10:45:30,790 - GPU-4 - DEBUG -       [After Latent Recursive] 1 tokens unmasked
2025-10-27 10:45:30,791 - GPU-4 - INFO -   [Cycle 20]
2025-10-27 10:45:30,791 - GPU-4 - DEBUG -     [Latent Recursive] Starting 1 steps of latent thinking
2025-10-27 10:45:30,841 - GPU-4 - DEBUG -       [Latent] Step 1/1
2025-10-27 10:45:31,035 - GPU-4 - DEBUG -       [After Latent Recursive] 1 tokens unmasked
2025-10-27 10:45:31,035 - GPU-4 - INFO -   [Cycle 21]
2025-10-27 10:45:31,035 - GPU-4 - DEBUG -     [Latent Recursive] Starting 1 steps of latent thinking
2025-10-27 10:45:31,086 - GPU-4 - DEBUG -       [Latent] Step 1/1
2025-10-27 10:45:31,279 - GPU-4 - DEBUG -       [After Latent Recursive] 1 tokens unmasked
2025-10-27 10:45:31,280 - GPU-4 - INFO -   [Cycle 22]
2025-10-27 10:45:31,280 - GPU-4 - DEBUG -     [Latent Recursive] Starting 1 steps of latent thinking
2025-10-27 10:45:31,331 - GPU-4 - DEBUG -       [Latent] Step 1/1
2025-10-27 10:45:31,524 - GPU-4 - DEBUG -       [After Latent Recursive] 1 tokens unmasked
2025-10-27 10:45:31,524 - GPU-4 - INFO -   [Cycle 23]
2025-10-27 10:45:31,524 - GPU-4 - DEBUG -     [Latent Recursive] Starting 1 steps of latent thinking
2025-10-27 10:45:31,575 - GPU-4 - DEBUG -       [Latent] Step 1/1
2025-10-27 10:45:31,768 - GPU-4 - DEBUG -       [After Latent Recursive] 1 tokens unmasked
2025-10-27 10:45:31,769 - GPU-4 - INFO -   [Cycle 24]
2025-10-27 10:45:31,769 - GPU-4 - DEBUG -     [Latent Recursive] Starting 1 steps of latent thinking
2025-10-27 10:45:31,820 - GPU-4 - DEBUG -       [Latent] Step 1/1
2025-10-27 10:45:32,013 - GPU-4 - DEBUG -       [After Latent Recursive] 1 tokens unmasked
2025-10-27 10:45:32,013 - GPU-4 - INFO -   [Cycle 25]
2025-10-27 10:45:32,013 - GPU-4 - DEBUG -     [Latent Recursive] Starting 1 steps of latent thinking
2025-10-27 10:45:32,064 - GPU-4 - DEBUG -       [Latent] Step 1/1
2025-10-27 10:45:32,257 - GPU-4 - DEBUG -       [After Latent Recursive] 1 tokens unmasked
2025-10-27 10:45:32,257 - GPU-4 - INFO -   [Cycle 26]
2025-10-27 10:45:32,257 - GPU-4 - DEBUG -     [Latent Recursive] Starting 1 steps of latent thinking
2025-10-27 10:45:32,308 - GPU-4 - DEBUG -       [Latent] Step 1/1
2025-10-27 10:45:32,501 - GPU-4 - DEBUG -       [After Latent Recursive] 1 tokens unmasked
2025-10-27 10:45:32,502 - GPU-4 - INFO -   [Cycle 27]
2025-10-27 10:45:32,502 - GPU-4 - DEBUG -     [Latent Recursive] Starting 1 steps of latent thinking
2025-10-27 10:45:32,552 - GPU-4 - DEBUG -       [Latent] Step 1/1
2025-10-27 10:45:32,746 - GPU-4 - DEBUG -       [After Latent Recursive] 1 tokens unmasked
2025-10-27 10:45:32,746 - GPU-4 - INFO -   [Cycle 28]
2025-10-27 10:45:32,746 - GPU-4 - DEBUG -     [Latent Recursive] Starting 1 steps of latent thinking
2025-10-27 10:45:32,797 - GPU-4 - DEBUG -       [Latent] Step 1/1
2025-10-27 10:45:32,990 - GPU-4 - DEBUG -       [After Latent Recursive] 1 tokens unmasked
2025-10-27 10:45:32,990 - GPU-4 - INFO -   [Cycle 29]
2025-10-27 10:45:32,991 - GPU-4 - DEBUG -     [Latent Recursive] Starting 1 steps of latent thinking
2025-10-27 10:45:33,041 - GPU-4 - DEBUG -       [Latent] Step 1/1
2025-10-27 10:45:33,234 - GPU-4 - DEBUG -       [After Latent Recursive] 1 tokens unmasked
2025-10-27 10:45:33,235 - GPU-4 - INFO -   [Cycle 30]
2025-10-27 10:45:33,235 - GPU-4 - DEBUG -     [Latent Recursive] Starting 1 steps of latent thinking
2025-10-27 10:45:33,286 - GPU-4 - DEBUG -       [Latent] Step 1/1
2025-10-27 10:45:33,479 - GPU-4 - DEBUG -       [After Latent Recursive] 1 tokens unmasked
2025-10-27 10:45:33,479 - GPU-4 - INFO -   [Cycle 31]
2025-10-27 10:45:33,479 - GPU-4 - DEBUG -     [Latent Recursive] Starting 1 steps of latent thinking
2025-10-27 10:45:33,530 - GPU-4 - DEBUG -       [Latent] Step 1/1
2025-10-27 10:45:33,723 - GPU-4 - DEBUG -       [After Latent Recursive] 1 tokens unmasked
2025-10-27 10:45:33,724 - GPU-4 - INFO - [Block 3/16] Processing tokens 208-240
2025-10-27 10:45:33,724 - GPU-4 - DEBUG - [Block 2] Before forward: use_cache=True, x.shape=torch.Size([1, 656])
2025-10-27 10:45:33,724 - GPU-4 - DEBUG - [Block 2] Model type: LLaDAModelLM
2025-10-27 10:45:33,724 - GPU-4 - DEBUG - [Block 2] Model config use_cache: True
2025-10-27 10:45:33,748 - GPU-4 - DEBUG - [Block 2] After forward: pkv is None? False
2025-10-27 10:45:33,749 - GPU-4 - DEBUG - [Block 2] out type: CausalLMOutputWithPast
2025-10-27 10:45:33,749 - GPU-4 - DEBUG - [Block 2] pkv type: <class 'list'>, len: 32
2025-10-27 10:45:33,749 - GPU-4 - DEBUG - [Block 2] pkv[0] type: <class 'tuple'>, len: 2
2025-10-27 10:45:33,749 - GPU-4 - DEBUG - [Block 2] pkv[0][0].shape: torch.Size([1, 32, 656, 128])
2025-10-27 10:45:33,846 - GPU-4 - INFO -   [Initial Forward] 1 tokens unmasked
2025-10-27 10:45:33,846 - GPU-4 - INFO -   [Cycle 1]
2025-10-27 10:45:33,846 - GPU-4 - DEBUG -     [Latent Recursive] Starting 1 steps of latent thinking
2025-10-27 10:45:33,897 - GPU-4 - DEBUG -       [Latent] Step 1/1
2025-10-27 10:45:34,088 - GPU-4 - DEBUG -       [After Latent Recursive] 1 tokens unmasked
2025-10-27 10:45:34,089 - GPU-4 - INFO -   [Cycle 2]
2025-10-27 10:45:34,089 - GPU-4 - DEBUG -     [Latent Recursive] Starting 1 steps of latent thinking
2025-10-27 10:45:34,139 - GPU-4 - DEBUG -       [Latent] Step 1/1
2025-10-27 10:45:34,330 - GPU-4 - DEBUG -       [After Latent Recursive] 1 tokens unmasked
2025-10-27 10:45:34,331 - GPU-4 - INFO -   [Cycle 3]
2025-10-27 10:45:34,331 - GPU-4 - DEBUG -     [Latent Recursive] Starting 1 steps of latent thinking
2025-10-27 10:45:34,382 - GPU-4 - DEBUG -       [Latent] Step 1/1
2025-10-27 10:45:34,573 - GPU-4 - DEBUG -       [After Latent Recursive] 1 tokens unmasked
2025-10-27 10:45:34,573 - GPU-4 - INFO -   [Cycle 4]
2025-10-27 10:45:34,573 - GPU-4 - DEBUG -     [Latent Recursive] Starting 1 steps of latent thinking
2025-10-27 10:45:34,624 - GPU-4 - DEBUG -       [Latent] Step 1/1
2025-10-27 10:45:34,815 - GPU-4 - DEBUG -       [After Latent Recursive] 1 tokens unmasked
2025-10-27 10:45:34,815 - GPU-4 - INFO -   [Cycle 5]
2025-10-27 10:45:34,815 - GPU-4 - DEBUG -     [Latent Recursive] Starting 1 steps of latent thinking
2025-10-27 10:45:34,866 - GPU-4 - DEBUG -       [Latent] Step 1/1
2025-10-27 10:45:35,057 - GPU-4 - DEBUG -       [After Latent Recursive] 1 tokens unmasked
2025-10-27 10:45:35,058 - GPU-4 - INFO -   [Cycle 6]
2025-10-27 10:45:35,058 - GPU-4 - DEBUG -     [Latent Recursive] Starting 1 steps of latent thinking
2025-10-27 10:45:35,108 - GPU-4 - DEBUG -       [Latent] Step 1/1
2025-10-27 10:45:35,300 - GPU-4 - DEBUG -       [After Latent Recursive] 1 tokens unmasked
2025-10-27 10:45:35,300 - GPU-4 - INFO -   [Cycle 7]
2025-10-27 10:45:35,300 - GPU-4 - DEBUG -     [Latent Recursive] Starting 1 steps of latent thinking
2025-10-27 10:45:35,351 - GPU-4 - DEBUG -       [Latent] Step 1/1
2025-10-27 10:45:35,542 - GPU-4 - DEBUG -       [After Latent Recursive] 1 tokens unmasked
2025-10-27 10:45:35,542 - GPU-4 - INFO -   [Cycle 8]
2025-10-27 10:45:35,542 - GPU-4 - DEBUG -     [Latent Recursive] Starting 1 steps of latent thinking
2025-10-27 10:45:35,593 - GPU-4 - DEBUG -       [Latent] Step 1/1
2025-10-27 10:45:35,784 - GPU-4 - DEBUG -       [After Latent Recursive] 1 tokens unmasked
2025-10-27 10:45:35,784 - GPU-4 - INFO -   [Cycle 9]
2025-10-27 10:45:35,785 - GPU-4 - DEBUG -     [Latent Recursive] Starting 1 steps of latent thinking
2025-10-27 10:45:35,835 - GPU-4 - DEBUG -       [Latent] Step 1/1
2025-10-27 10:45:36,026 - GPU-4 - DEBUG -       [After Latent Recursive] 1 tokens unmasked
2025-10-27 10:45:36,027 - GPU-4 - INFO -   [Cycle 10]
2025-10-27 10:45:36,027 - GPU-4 - DEBUG -     [Latent Recursive] Starting 1 steps of latent thinking
2025-10-27 10:45:36,077 - GPU-4 - DEBUG -       [Latent] Step 1/1
2025-10-27 10:45:36,268 - GPU-4 - DEBUG -       [After Latent Recursive] 1 tokens unmasked
2025-10-27 10:45:36,269 - GPU-4 - INFO -   [Cycle 11]
2025-10-27 10:45:36,269 - GPU-4 - DEBUG -     [Latent Recursive] Starting 1 steps of latent thinking
2025-10-27 10:45:36,320 - GPU-4 - DEBUG -       [Latent] Step 1/1
2025-10-27 10:45:36,511 - GPU-4 - DEBUG -       [After Latent Recursive] 1 tokens unmasked
2025-10-27 10:45:36,511 - GPU-4 - INFO -   [Cycle 12]
2025-10-27 10:45:36,511 - GPU-4 - DEBUG -     [Latent Recursive] Starting 1 steps of latent thinking
2025-10-27 10:45:36,562 - GPU-4 - DEBUG -       [Latent] Step 1/1
2025-10-27 10:45:36,753 - GPU-4 - DEBUG -       [After Latent Recursive] 1 tokens unmasked
2025-10-27 10:45:36,754 - GPU-4 - INFO -   [Cycle 13]
2025-10-27 10:45:36,754 - GPU-4 - DEBUG -     [Latent Recursive] Starting 1 steps of latent thinking
2025-10-27 10:45:36,804 - GPU-4 - DEBUG -       [Latent] Step 1/1
2025-10-27 10:45:36,996 - GPU-4 - DEBUG -       [After Latent Recursive] 1 tokens unmasked
2025-10-27 10:45:36,996 - GPU-4 - INFO -   [Cycle 14]
2025-10-27 10:45:36,996 - GPU-4 - DEBUG -     [Latent Recursive] Starting 1 steps of latent thinking
2025-10-27 10:45:37,047 - GPU-4 - DEBUG -       [Latent] Step 1/1
2025-10-27 10:45:37,238 - GPU-4 - DEBUG -       [After Latent Recursive] 1 tokens unmasked
2025-10-27 10:45:37,239 - GPU-4 - INFO -   [Cycle 15]
2025-10-27 10:45:37,239 - GPU-4 - DEBUG -     [Latent Recursive] Starting 1 steps of latent thinking
2025-10-27 10:45:37,290 - GPU-4 - DEBUG -       [Latent] Step 1/1
2025-10-27 10:45:37,481 - GPU-4 - DEBUG -       [After Latent Recursive] 1 tokens unmasked
2025-10-27 10:45:37,481 - GPU-4 - INFO -   [Cycle 16]
2025-10-27 10:45:37,481 - GPU-4 - DEBUG -     [Latent Recursive] Starting 1 steps of latent thinking
2025-10-27 10:45:37,532 - GPU-4 - DEBUG -       [Latent] Step 1/1
2025-10-27 10:45:37,723 - GPU-4 - DEBUG -       [After Latent Recursive] 1 tokens unmasked
2025-10-27 10:45:37,723 - GPU-4 - INFO -   [Cycle 17]
2025-10-27 10:45:37,723 - GPU-4 - DEBUG -     [Latent Recursive] Starting 1 steps of latent thinking
2025-10-27 10:45:37,774 - GPU-4 - DEBUG -       [Latent] Step 1/1
2025-10-27 10:45:37,965 - GPU-4 - DEBUG -       [After Latent Recursive] 1 tokens unmasked
2025-10-27 10:45:37,966 - GPU-4 - INFO -   [Cycle 18]
2025-10-27 10:45:37,966 - GPU-4 - DEBUG -     [Latent Recursive] Starting 1 steps of latent thinking
2025-10-27 10:45:38,016 - GPU-4 - DEBUG -       [Latent] Step 1/1
2025-10-27 10:45:38,207 - GPU-4 - DEBUG -       [After Latent Recursive] 1 tokens unmasked
2025-10-27 10:45:38,208 - GPU-4 - INFO -   [Cycle 19]
2025-10-27 10:45:38,208 - GPU-4 - DEBUG -     [Latent Recursive] Starting 1 steps of latent thinking
2025-10-27 10:45:38,259 - GPU-4 - DEBUG -       [Latent] Step 1/1
2025-10-27 10:45:38,450 - GPU-4 - DEBUG -       [After Latent Recursive] 1 tokens unmasked
2025-10-27 10:45:38,450 - GPU-4 - INFO -   [Cycle 20]
2025-10-27 10:45:38,450 - GPU-4 - DEBUG -     [Latent Recursive] Starting 1 steps of latent thinking
2025-10-27 10:45:38,501 - GPU-4 - DEBUG -       [Latent] Step 1/1
2025-10-27 10:45:38,692 - GPU-4 - DEBUG -       [After Latent Recursive] 1 tokens unmasked
2025-10-27 10:45:38,693 - GPU-4 - INFO -   [Cycle 21]
2025-10-27 10:45:38,693 - GPU-4 - DEBUG -     [Latent Recursive] Starting 1 steps of latent thinking
2025-10-27 10:45:38,744 - GPU-4 - DEBUG -       [Latent] Step 1/1
2025-10-27 10:45:38,935 - GPU-4 - DEBUG -       [After Latent Recursive] 1 tokens unmasked
2025-10-27 10:45:38,935 - GPU-4 - INFO -   [Cycle 22]
2025-10-27 10:45:38,935 - GPU-4 - DEBUG -     [Latent Recursive] Starting 1 steps of latent thinking
2025-10-27 10:45:38,986 - GPU-4 - DEBUG -       [Latent] Step 1/1
2025-10-27 10:45:39,177 - GPU-4 - DEBUG -       [After Latent Recursive] 1 tokens unmasked
2025-10-27 10:45:39,177 - GPU-4 - INFO -   [Cycle 23]
2025-10-27 10:45:39,177 - GPU-4 - DEBUG -     [Latent Recursive] Starting 1 steps of latent thinking
2025-10-27 10:45:39,228 - GPU-4 - DEBUG -       [Latent] Step 1/1
2025-10-27 10:45:39,419 - GPU-4 - DEBUG -       [After Latent Recursive] 1 tokens unmasked
2025-10-27 10:45:39,420 - GPU-4 - INFO -   [Cycle 24]
2025-10-27 10:45:39,420 - GPU-4 - DEBUG -     [Latent Recursive] Starting 1 steps of latent thinking
2025-10-27 10:45:39,470 - GPU-4 - DEBUG -       [Latent] Step 1/1
2025-10-27 10:45:39,661 - GPU-4 - DEBUG -       [After Latent Recursive] 1 tokens unmasked
2025-10-27 10:45:39,662 - GPU-4 - INFO -   [Cycle 25]
2025-10-27 10:45:39,662 - GPU-4 - DEBUG -     [Latent Recursive] Starting 1 steps of latent thinking
2025-10-27 10:45:39,713 - GPU-4 - DEBUG -       [Latent] Step 1/1
2025-10-27 10:45:39,904 - GPU-4 - DEBUG -       [After Latent Recursive] 1 tokens unmasked
2025-10-27 10:45:39,904 - GPU-4 - INFO -   [Cycle 26]
2025-10-27 10:45:39,905 - GPU-4 - DEBUG -     [Latent Recursive] Starting 1 steps of latent thinking
2025-10-27 10:45:39,955 - GPU-4 - DEBUG -       [Latent] Step 1/1
2025-10-27 10:45:40,146 - GPU-4 - DEBUG -       [After Latent Recursive] 1 tokens unmasked
2025-10-27 10:45:40,147 - GPU-4 - INFO -   [Cycle 27]
2025-10-27 10:45:40,147 - GPU-4 - DEBUG -     [Latent Recursive] Starting 1 steps of latent thinking
2025-10-27 10:45:40,198 - GPU-4 - DEBUG -       [Latent] Step 1/1
2025-10-27 10:45:40,389 - GPU-4 - DEBUG -       [After Latent Recursive] 1 tokens unmasked
2025-10-27 10:45:40,389 - GPU-4 - INFO -   [Cycle 28]
2025-10-27 10:45:40,389 - GPU-4 - DEBUG -     [Latent Recursive] Starting 1 steps of latent thinking
2025-10-27 10:45:40,440 - GPU-4 - DEBUG -       [Latent] Step 1/1
2025-10-27 10:45:40,631 - GPU-4 - DEBUG -       [After Latent Recursive] 1 tokens unmasked
2025-10-27 10:45:40,631 - GPU-4 - INFO -   [Cycle 29]
2025-10-27 10:45:40,632 - GPU-4 - DEBUG -     [Latent Recursive] Starting 1 steps of latent thinking
2025-10-27 10:45:40,682 - GPU-4 - DEBUG -       [Latent] Step 1/1
2025-10-27 10:45:40,873 - GPU-4 - DEBUG -       [After Latent Recursive] 1 tokens unmasked
2025-10-27 10:45:40,874 - GPU-4 - INFO -   [Cycle 30]
2025-10-27 10:45:40,874 - GPU-4 - DEBUG -     [Latent Recursive] Starting 1 steps of latent thinking
2025-10-27 10:45:40,924 - GPU-4 - DEBUG -       [Latent] Step 1/1
2025-10-27 10:45:41,115 - GPU-4 - DEBUG -       [After Latent Recursive] 1 tokens unmasked
2025-10-27 10:45:41,116 - GPU-4 - INFO -   [Cycle 31]
2025-10-27 10:45:41,116 - GPU-4 - DEBUG -     [Latent Recursive] Starting 1 steps of latent thinking
2025-10-27 10:45:41,167 - GPU-4 - DEBUG -       [Latent] Step 1/1
2025-10-27 10:45:41,358 - GPU-4 - DEBUG -       [After Latent Recursive] 1 tokens unmasked
2025-10-27 10:45:41,358 - GPU-4 - INFO - [Block 4/16] Processing tokens 240-272
2025-10-27 10:45:41,358 - GPU-4 - DEBUG - [Block 3] Before forward: use_cache=True, x.shape=torch.Size([1, 656])
2025-10-27 10:45:41,358 - GPU-4 - DEBUG - [Block 3] Model type: LLaDAModelLM
2025-10-27 10:45:41,358 - GPU-4 - DEBUG - [Block 3] Model config use_cache: True
2025-10-27 10:45:41,383 - GPU-4 - DEBUG - [Block 3] After forward: pkv is None? False
2025-10-27 10:45:41,383 - GPU-4 - DEBUG - [Block 3] out type: CausalLMOutputWithPast
2025-10-27 10:45:41,383 - GPU-4 - DEBUG - [Block 3] pkv type: <class 'list'>, len: 32
2025-10-27 10:45:41,383 - GPU-4 - DEBUG - [Block 3] pkv[0] type: <class 'tuple'>, len: 2
2025-10-27 10:45:41,384 - GPU-4 - DEBUG - [Block 3] pkv[0][0].shape: torch.Size([1, 32, 656, 128])
2025-10-27 10:45:41,480 - GPU-4 - INFO -   [Initial Forward] 1 tokens unmasked
2025-10-27 10:45:41,481 - GPU-4 - INFO -   [Cycle 1]
2025-10-27 10:45:41,481 - GPU-4 - DEBUG -     [Latent Recursive] Starting 1 steps of latent thinking
2025-10-27 10:45:41,532 - GPU-4 - DEBUG -       [Latent] Step 1/1
2025-10-27 10:45:41,722 - GPU-4 - DEBUG -       [After Latent Recursive] 1 tokens unmasked
2025-10-27 10:45:41,723 - GPU-4 - INFO -   [Cycle 2]
2025-10-27 10:45:41,723 - GPU-4 - DEBUG -     [Latent Recursive] Starting 1 steps of latent thinking
2025-10-27 10:45:41,773 - GPU-4 - DEBUG -       [Latent] Step 1/1
2025-10-27 10:45:41,963 - GPU-4 - DEBUG -       [After Latent Recursive] 1 tokens unmasked
2025-10-27 10:45:41,964 - GPU-4 - INFO -   [Cycle 3]
2025-10-27 10:45:41,964 - GPU-4 - DEBUG -     [Latent Recursive] Starting 1 steps of latent thinking
2025-10-27 10:45:42,015 - GPU-4 - DEBUG -       [Latent] Step 1/1
2025-10-27 10:45:42,205 - GPU-4 - DEBUG -       [After Latent Recursive] 1 tokens unmasked
2025-10-27 10:45:42,205 - GPU-4 - INFO -   [Cycle 4]
2025-10-27 10:45:42,205 - GPU-4 - DEBUG -     [Latent Recursive] Starting 1 steps of latent thinking
2025-10-27 10:45:42,256 - GPU-4 - DEBUG -       [Latent] Step 1/1
2025-10-27 10:45:42,446 - GPU-4 - DEBUG -       [After Latent Recursive] 1 tokens unmasked
2025-10-27 10:45:42,447 - GPU-4 - INFO -   [Cycle 5]
2025-10-27 10:45:42,447 - GPU-4 - DEBUG -     [Latent Recursive] Starting 1 steps of latent thinking
2025-10-27 10:45:42,497 - GPU-4 - DEBUG -       [Latent] Step 1/1
2025-10-27 10:45:42,688 - GPU-4 - DEBUG -       [After Latent Recursive] 1 tokens unmasked
2025-10-27 10:45:42,688 - GPU-4 - INFO -   [Cycle 6]
2025-10-27 10:45:42,688 - GPU-4 - DEBUG -     [Latent Recursive] Starting 1 steps of latent thinking
2025-10-27 10:45:42,739 - GPU-4 - DEBUG -       [Latent] Step 1/1
2025-10-27 10:45:42,929 - GPU-4 - DEBUG -       [After Latent Recursive] 1 tokens unmasked
2025-10-27 10:45:42,929 - GPU-4 - INFO -   [Cycle 7]
2025-10-27 10:45:42,930 - GPU-4 - DEBUG -     [Latent Recursive] Starting 1 steps of latent thinking
2025-10-27 10:45:42,980 - GPU-4 - DEBUG -       [Latent] Step 1/1
2025-10-27 10:45:43,170 - GPU-4 - DEBUG -       [After Latent Recursive] 1 tokens unmasked
2025-10-27 10:45:43,170 - GPU-4 - INFO -   [Cycle 8]
2025-10-27 10:45:43,171 - GPU-4 - DEBUG -     [Latent Recursive] Starting 1 steps of latent thinking
2025-10-27 10:45:43,221 - GPU-4 - DEBUG -       [Latent] Step 1/1
2025-10-27 10:45:43,411 - GPU-4 - DEBUG -       [After Latent Recursive] 1 tokens unmasked
2025-10-27 10:45:43,411 - GPU-4 - INFO -   [Cycle 9]
2025-10-27 10:45:43,411 - GPU-4 - DEBUG -     [Latent Recursive] Starting 1 steps of latent thinking
2025-10-27 10:45:43,462 - GPU-4 - DEBUG -       [Latent] Step 1/1
2025-10-27 10:45:43,652 - GPU-4 - DEBUG -       [After Latent Recursive] 1 tokens unmasked
2025-10-27 10:45:43,652 - GPU-4 - INFO -   [Cycle 10]
2025-10-27 10:45:43,652 - GPU-4 - DEBUG -     [Latent Recursive] Starting 1 steps of latent thinking
2025-10-27 10:45:43,703 - GPU-4 - DEBUG -       [Latent] Step 1/1
2025-10-27 10:45:43,893 - GPU-4 - DEBUG -       [After Latent Recursive] 1 tokens unmasked
2025-10-27 10:45:43,893 - GPU-4 - INFO -   [Cycle 11]
2025-10-27 10:45:43,893 - GPU-4 - DEBUG -     [Latent Recursive] Starting 1 steps of latent thinking
2025-10-27 10:45:43,944 - GPU-4 - DEBUG -       [Latent] Step 1/1
2025-10-27 10:45:44,134 - GPU-4 - DEBUG -       [After Latent Recursive] 1 tokens unmasked
2025-10-27 10:45:44,134 - GPU-4 - INFO -   [Cycle 12]
2025-10-27 10:45:44,134 - GPU-4 - DEBUG -     [Latent Recursive] Starting 1 steps of latent thinking
2025-10-27 10:45:44,185 - GPU-4 - DEBUG -       [Latent] Step 1/1
2025-10-27 10:45:44,375 - GPU-4 - DEBUG -       [After Latent Recursive] 1 tokens unmasked
2025-10-27 10:45:44,375 - GPU-4 - INFO -   [Cycle 13]
2025-10-27 10:45:44,375 - GPU-4 - DEBUG -     [Latent Recursive] Starting 1 steps of latent thinking
2025-10-27 10:45:44,426 - GPU-4 - DEBUG -       [Latent] Step 1/1
2025-10-27 10:45:44,616 - GPU-4 - DEBUG -       [After Latent Recursive] 1 tokens unmasked
2025-10-27 10:45:44,616 - GPU-4 - INFO -   [Cycle 14]
2025-10-27 10:45:44,616 - GPU-4 - DEBUG -     [Latent Recursive] Starting 1 steps of latent thinking
2025-10-27 10:45:44,667 - GPU-4 - DEBUG -       [Latent] Step 1/1
2025-10-27 10:45:44,856 - GPU-4 - DEBUG -       [After Latent Recursive] 1 tokens unmasked
2025-10-27 10:45:44,857 - GPU-4 - INFO -   [Cycle 15]
2025-10-27 10:45:44,857 - GPU-4 - DEBUG -     [Latent Recursive] Starting 1 steps of latent thinking
2025-10-27 10:45:44,907 - GPU-4 - DEBUG -       [Latent] Step 1/1
2025-10-27 10:45:45,097 - GPU-4 - DEBUG -       [After Latent Recursive] 1 tokens unmasked
2025-10-27 10:45:45,098 - GPU-4 - INFO -   [Cycle 16]
2025-10-27 10:45:45,098 - GPU-4 - DEBUG -     [Latent Recursive] Starting 1 steps of latent thinking
2025-10-27 10:45:45,148 - GPU-4 - DEBUG -       [Latent] Step 1/1
2025-10-27 10:45:45,338 - GPU-4 - DEBUG -       [After Latent Recursive] 1 tokens unmasked
2025-10-27 10:45:45,338 - GPU-4 - INFO -   [Cycle 17]
2025-10-27 10:45:45,339 - GPU-4 - DEBUG -     [Latent Recursive] Starting 1 steps of latent thinking
2025-10-27 10:45:45,389 - GPU-4 - DEBUG -       [Latent] Step 1/1
2025-10-27 10:45:45,579 - GPU-4 - DEBUG -       [After Latent Recursive] 1 tokens unmasked
2025-10-27 10:45:45,579 - GPU-4 - INFO -   [Cycle 18]
2025-10-27 10:45:45,580 - GPU-4 - DEBUG -     [Latent Recursive] Starting 1 steps of latent thinking
2025-10-27 10:45:45,630 - GPU-4 - DEBUG -       [Latent] Step 1/1
2025-10-27 10:45:45,820 - GPU-4 - DEBUG -       [After Latent Recursive] 1 tokens unmasked
2025-10-27 10:45:45,820 - GPU-4 - INFO -   [Cycle 19]
2025-10-27 10:45:45,820 - GPU-4 - DEBUG -     [Latent Recursive] Starting 1 steps of latent thinking
2025-10-27 10:45:45,871 - GPU-4 - DEBUG -       [Latent] Step 1/1
2025-10-27 10:45:46,061 - GPU-4 - DEBUG -       [After Latent Recursive] 1 tokens unmasked
2025-10-27 10:45:46,061 - GPU-4 - INFO -   [Cycle 20]
2025-10-27 10:45:46,061 - GPU-4 - DEBUG -     [Latent Recursive] Starting 1 steps of latent thinking
2025-10-27 10:45:46,112 - GPU-4 - DEBUG -       [Latent] Step 1/1
2025-10-27 10:45:46,302 - GPU-4 - DEBUG -       [After Latent Recursive] 1 tokens unmasked
2025-10-27 10:45:46,302 - GPU-4 - INFO -   [Cycle 21]
2025-10-27 10:45:46,302 - GPU-4 - DEBUG -     [Latent Recursive] Starting 1 steps of latent thinking
2025-10-27 10:45:46,353 - GPU-4 - DEBUG -       [Latent] Step 1/1
2025-10-27 10:45:46,543 - GPU-4 - DEBUG -       [After Latent Recursive] 1 tokens unmasked
2025-10-27 10:45:46,543 - GPU-4 - INFO -   [Cycle 22]
2025-10-27 10:45:46,544 - GPU-4 - DEBUG -     [Latent Recursive] Starting 1 steps of latent thinking
2025-10-27 10:45:46,594 - GPU-4 - DEBUG -       [Latent] Step 1/1
2025-10-27 10:45:46,784 - GPU-4 - DEBUG -       [After Latent Recursive] 1 tokens unmasked
2025-10-27 10:45:46,785 - GPU-4 - INFO -   [Cycle 23]
2025-10-27 10:45:46,785 - GPU-4 - DEBUG -     [Latent Recursive] Starting 1 steps of latent thinking
2025-10-27 10:45:46,836 - GPU-4 - DEBUG -       [Latent] Step 1/1
2025-10-27 10:45:47,025 - GPU-4 - DEBUG -       [After Latent Recursive] 1 tokens unmasked
2025-10-27 10:45:47,026 - GPU-4 - INFO -   [Cycle 24]
2025-10-27 10:45:47,026 - GPU-4 - DEBUG -     [Latent Recursive] Starting 1 steps of latent thinking
2025-10-27 10:45:47,076 - GPU-4 - DEBUG -       [Latent] Step 1/1
2025-10-27 10:45:47,266 - GPU-4 - DEBUG -       [After Latent Recursive] 1 tokens unmasked
2025-10-27 10:45:47,266 - GPU-4 - INFO -   [Cycle 25]
2025-10-27 10:45:47,267 - GPU-4 - DEBUG -     [Latent Recursive] Starting 1 steps of latent thinking
2025-10-27 10:45:47,318 - GPU-4 - DEBUG -       [Latent] Step 1/1
2025-10-27 10:45:47,507 - GPU-4 - DEBUG -       [After Latent Recursive] 1 tokens unmasked
2025-10-27 10:45:47,508 - GPU-4 - INFO -   [Cycle 26]
2025-10-27 10:45:47,508 - GPU-4 - DEBUG -     [Latent Recursive] Starting 1 steps of latent thinking
2025-10-27 10:45:47,559 - GPU-4 - DEBUG -       [Latent] Step 1/1
2025-10-27 10:45:47,749 - GPU-4 - DEBUG -       [After Latent Recursive] 1 tokens unmasked
2025-10-27 10:45:47,749 - GPU-4 - INFO -   [Cycle 27]
2025-10-27 10:45:47,749 - GPU-4 - DEBUG -     [Latent Recursive] Starting 1 steps of latent thinking
2025-10-27 10:45:47,800 - GPU-4 - DEBUG -       [Latent] Step 1/1
2025-10-27 10:45:47,990 - GPU-4 - DEBUG -       [After Latent Recursive] 1 tokens unmasked
2025-10-27 10:45:47,990 - GPU-4 - INFO -   [Cycle 28]
2025-10-27 10:45:47,990 - GPU-4 - DEBUG -     [Latent Recursive] Starting 1 steps of latent thinking
2025-10-27 10:45:48,041 - GPU-4 - DEBUG -       [Latent] Step 1/1
2025-10-27 10:45:48,231 - GPU-4 - DEBUG -       [After Latent Recursive] 1 tokens unmasked
2025-10-27 10:45:48,231 - GPU-4 - INFO -   [Cycle 29]
2025-10-27 10:45:48,231 - GPU-4 - DEBUG -     [Latent Recursive] Starting 1 steps of latent thinking
2025-10-27 10:45:48,282 - GPU-4 - DEBUG -       [Latent] Step 1/1
2025-10-27 10:45:48,471 - GPU-4 - DEBUG -       [After Latent Recursive] 1 tokens unmasked
2025-10-27 10:45:48,472 - GPU-4 - INFO -   [Cycle 30]
2025-10-27 10:45:48,472 - GPU-4 - DEBUG -     [Latent Recursive] Starting 1 steps of latent thinking
2025-10-27 10:45:48,523 - GPU-4 - DEBUG -       [Latent] Step 1/1
2025-10-27 10:45:48,712 - GPU-4 - DEBUG -       [After Latent Recursive] 1 tokens unmasked
2025-10-27 10:45:48,713 - GPU-4 - INFO -   [Cycle 31]
2025-10-27 10:45:48,713 - GPU-4 - DEBUG -     [Latent Recursive] Starting 1 steps of latent thinking
2025-10-27 10:45:48,764 - GPU-4 - DEBUG -       [Latent] Step 1/1
2025-10-27 10:45:48,953 - GPU-4 - DEBUG -       [After Latent Recursive] 1 tokens unmasked
2025-10-27 10:45:48,954 - GPU-4 - INFO - [Block 5/16] Processing tokens 272-304
2025-10-27 10:45:48,954 - GPU-4 - DEBUG - [Block 4] Before forward: use_cache=True, x.shape=torch.Size([1, 656])
2025-10-27 10:45:48,954 - GPU-4 - DEBUG - [Block 4] Model type: LLaDAModelLM
2025-10-27 10:45:48,954 - GPU-4 - DEBUG - [Block 4] Model config use_cache: True
2025-10-27 10:45:48,978 - GPU-4 - DEBUG - [Block 4] After forward: pkv is None? False
2025-10-27 10:45:48,979 - GPU-4 - DEBUG - [Block 4] out type: CausalLMOutputWithPast
2025-10-27 10:45:48,979 - GPU-4 - DEBUG - [Block 4] pkv type: <class 'list'>, len: 32
2025-10-27 10:45:48,979 - GPU-4 - DEBUG - [Block 4] pkv[0] type: <class 'tuple'>, len: 2
2025-10-27 10:45:48,979 - GPU-4 - DEBUG - [Block 4] pkv[0][0].shape: torch.Size([1, 32, 656, 128])
2025-10-27 10:45:49,076 - GPU-4 - INFO -   [Initial Forward] 1 tokens unmasked
2025-10-27 10:45:49,076 - GPU-4 - INFO -   [Cycle 1]
2025-10-27 10:45:49,076 - GPU-4 - DEBUG -     [Latent Recursive] Starting 1 steps of latent thinking
2025-10-27 10:45:49,127 - GPU-4 - DEBUG -       [Latent] Step 1/1
2025-10-27 10:45:49,315 - GPU-4 - DEBUG -       [After Latent Recursive] 1 tokens unmasked
2025-10-27 10:45:49,315 - GPU-4 - INFO -   [Cycle 2]
2025-10-27 10:45:49,315 - GPU-4 - DEBUG -     [Latent Recursive] Starting 1 steps of latent thinking
2025-10-27 10:45:49,366 - GPU-4 - DEBUG -       [Latent] Step 1/1
2025-10-27 10:45:49,553 - GPU-4 - DEBUG -       [After Latent Recursive] 1 tokens unmasked
2025-10-27 10:45:49,553 - GPU-4 - INFO -   [Cycle 3]
2025-10-27 10:45:49,553 - GPU-4 - DEBUG -     [Latent Recursive] Starting 1 steps of latent thinking
2025-10-27 10:45:49,604 - GPU-4 - DEBUG -       [Latent] Step 1/1
2025-10-27 10:45:49,792 - GPU-4 - DEBUG -       [After Latent Recursive] 1 tokens unmasked
2025-10-27 10:45:49,792 - GPU-4 - INFO -   [Cycle 4]
2025-10-27 10:45:49,792 - GPU-4 - DEBUG -     [Latent Recursive] Starting 1 steps of latent thinking
2025-10-27 10:45:49,843 - GPU-4 - DEBUG -       [Latent] Step 1/1
2025-10-27 10:45:50,030 - GPU-4 - DEBUG -       [After Latent Recursive] 1 tokens unmasked
2025-10-27 10:45:50,030 - GPU-4 - INFO -   [Cycle 5]
2025-10-27 10:45:50,031 - GPU-4 - DEBUG -     [Latent Recursive] Starting 1 steps of latent thinking
2025-10-27 10:45:50,082 - GPU-4 - DEBUG -       [Latent] Step 1/1
2025-10-27 10:45:50,269 - GPU-4 - DEBUG -       [After Latent Recursive] 1 tokens unmasked
2025-10-27 10:45:50,270 - GPU-4 - INFO -   [Cycle 6]
2025-10-27 10:45:50,270 - GPU-4 - DEBUG -     [Latent Recursive] Starting 1 steps of latent thinking
2025-10-27 10:45:50,321 - GPU-4 - DEBUG -       [Latent] Step 1/1
2025-10-27 10:45:50,508 - GPU-4 - DEBUG -       [After Latent Recursive] 1 tokens unmasked
2025-10-27 10:45:50,508 - GPU-4 - INFO -   [Cycle 7]
2025-10-27 10:45:50,509 - GPU-4 - DEBUG -     [Latent Recursive] Starting 1 steps of latent thinking
2025-10-27 10:45:50,559 - GPU-4 - DEBUG -       [Latent] Step 1/1
2025-10-27 10:45:50,747 - GPU-4 - DEBUG -       [After Latent Recursive] 1 tokens unmasked
2025-10-27 10:45:50,747 - GPU-4 - INFO -   [Cycle 8]
2025-10-27 10:45:50,747 - GPU-4 - DEBUG -     [Latent Recursive] Starting 1 steps of latent thinking
2025-10-27 10:45:50,798 - GPU-4 - DEBUG -       [Latent] Step 1/1
2025-10-27 10:45:50,985 - GPU-4 - DEBUG -       [After Latent Recursive] 1 tokens unmasked
2025-10-27 10:45:50,986 - GPU-4 - INFO -   [Cycle 9]
2025-10-27 10:45:50,986 - GPU-4 - DEBUG -     [Latent Recursive] Starting 1 steps of latent thinking
2025-10-27 10:45:51,037 - GPU-4 - DEBUG -       [Latent] Step 1/1
2025-10-27 10:45:51,225 - GPU-4 - DEBUG -       [After Latent Recursive] 1 tokens unmasked
2025-10-27 10:45:51,225 - GPU-4 - INFO -   [Cycle 10]
2025-10-27 10:45:51,225 - GPU-4 - DEBUG -     [Latent Recursive] Starting 1 steps of latent thinking
2025-10-27 10:45:51,276 - GPU-4 - DEBUG -       [Latent] Step 1/1
2025-10-27 10:45:51,464 - GPU-4 - DEBUG -       [After Latent Recursive] 1 tokens unmasked
2025-10-27 10:45:51,464 - GPU-4 - INFO -   [Cycle 11]
2025-10-27 10:45:51,464 - GPU-4 - DEBUG -     [Latent Recursive] Starting 1 steps of latent thinking
2025-10-27 10:45:51,515 - GPU-4 - DEBUG -       [Latent] Step 1/1
2025-10-27 10:45:51,703 - GPU-4 - DEBUG -       [After Latent Recursive] 1 tokens unmasked
2025-10-27 10:45:51,704 - GPU-4 - INFO -   [Cycle 12]
2025-10-27 10:45:51,704 - GPU-4 - DEBUG -     [Latent Recursive] Starting 1 steps of latent thinking
2025-10-27 10:45:51,755 - GPU-4 - DEBUG -       [Latent] Step 1/1
2025-10-27 10:45:51,942 - GPU-4 - DEBUG -       [After Latent Recursive] 1 tokens unmasked
2025-10-27 10:45:51,943 - GPU-4 - INFO -   [Cycle 13]
2025-10-27 10:45:51,943 - GPU-4 - DEBUG -     [Latent Recursive] Starting 1 steps of latent thinking
2025-10-27 10:45:51,994 - GPU-4 - DEBUG -       [Latent] Step 1/1
2025-10-27 10:45:52,182 - GPU-4 - DEBUG -       [After Latent Recursive] 1 tokens unmasked
2025-10-27 10:45:52,182 - GPU-4 - INFO -   [Cycle 14]
2025-10-27 10:45:52,182 - GPU-4 - DEBUG -     [Latent Recursive] Starting 1 steps of latent thinking
2025-10-27 10:45:52,233 - GPU-4 - DEBUG -       [Latent] Step 1/1
2025-10-27 10:45:52,421 - GPU-4 - DEBUG -       [After Latent Recursive] 1 tokens unmasked
2025-10-27 10:45:52,421 - GPU-4 - INFO -   [Cycle 15]
2025-10-27 10:45:52,421 - GPU-4 - DEBUG -     [Latent Recursive] Starting 1 steps of latent thinking
2025-10-27 10:45:52,472 - GPU-4 - DEBUG -       [Latent] Step 1/1
2025-10-27 10:45:52,660 - GPU-4 - DEBUG -       [After Latent Recursive] 1 tokens unmasked
2025-10-27 10:45:52,660 - GPU-4 - INFO -   [Cycle 16]
2025-10-27 10:45:52,660 - GPU-4 - DEBUG -     [Latent Recursive] Starting 1 steps of latent thinking
2025-10-27 10:45:52,711 - GPU-4 - DEBUG -       [Latent] Step 1/1
2025-10-27 10:45:52,899 - GPU-4 - DEBUG -       [After Latent Recursive] 1 tokens unmasked
2025-10-27 10:45:52,899 - GPU-4 - INFO -   [Cycle 17]
2025-10-27 10:45:52,899 - GPU-4 - DEBUG -     [Latent Recursive] Starting 1 steps of latent thinking
2025-10-27 10:45:52,950 - GPU-4 - DEBUG -       [Latent] Step 1/1
2025-10-27 10:45:53,138 - GPU-4 - DEBUG -       [After Latent Recursive] 1 tokens unmasked
2025-10-27 10:45:53,138 - GPU-4 - INFO -   [Cycle 18]
2025-10-27 10:45:53,138 - GPU-4 - DEBUG -     [Latent Recursive] Starting 1 steps of latent thinking
2025-10-27 10:45:53,189 - GPU-4 - DEBUG -       [Latent] Step 1/1
2025-10-27 10:45:53,377 - GPU-4 - DEBUG -       [After Latent Recursive] 1 tokens unmasked
2025-10-27 10:45:53,377 - GPU-4 - INFO -   [Cycle 19]
2025-10-27 10:45:53,377 - GPU-4 - DEBUG -     [Latent Recursive] Starting 1 steps of latent thinking
2025-10-27 10:45:53,428 - GPU-4 - DEBUG -       [Latent] Step 1/1
2025-10-27 10:45:53,616 - GPU-4 - DEBUG -       [After Latent Recursive] 1 tokens unmasked
2025-10-27 10:45:53,616 - GPU-4 - INFO -   [Cycle 20]
2025-10-27 10:45:53,616 - GPU-4 - DEBUG -     [Latent Recursive] Starting 1 steps of latent thinking
2025-10-27 10:45:53,667 - GPU-4 - DEBUG -       [Latent] Step 1/1
2025-10-27 10:45:53,855 - GPU-4 - DEBUG -       [After Latent Recursive] 1 tokens unmasked
2025-10-27 10:45:53,855 - GPU-4 - INFO -   [Cycle 21]
2025-10-27 10:45:53,856 - GPU-4 - DEBUG -     [Latent Recursive] Starting 1 steps of latent thinking
2025-10-27 10:45:53,906 - GPU-4 - DEBUG -       [Latent] Step 1/1
2025-10-27 10:45:54,094 - GPU-4 - DEBUG -       [After Latent Recursive] 1 tokens unmasked
2025-10-27 10:45:54,095 - GPU-4 - INFO -   [Cycle 22]
2025-10-27 10:45:54,095 - GPU-4 - DEBUG -     [Latent Recursive] Starting 1 steps of latent thinking
2025-10-27 10:45:54,146 - GPU-4 - DEBUG -       [Latent] Step 1/1
2025-10-27 10:45:54,334 - GPU-4 - DEBUG -       [After Latent Recursive] 1 tokens unmasked
2025-10-27 10:45:54,334 - GPU-4 - INFO -   [Cycle 23]
2025-10-27 10:45:54,334 - GPU-4 - DEBUG -     [Latent Recursive] Starting 1 steps of latent thinking
2025-10-27 10:45:54,385 - GPU-4 - DEBUG -       [Latent] Step 1/1
2025-10-27 10:45:54,573 - GPU-4 - DEBUG -       [After Latent Recursive] 1 tokens unmasked
2025-10-27 10:45:54,573 - GPU-4 - INFO -   [Cycle 24]
2025-10-27 10:45:54,573 - GPU-4 - DEBUG -     [Latent Recursive] Starting 1 steps of latent thinking
2025-10-27 10:45:54,624 - GPU-4 - DEBUG -       [Latent] Step 1/1
2025-10-27 10:45:54,812 - GPU-4 - DEBUG -       [After Latent Recursive] 1 tokens unmasked
2025-10-27 10:45:54,812 - GPU-4 - INFO -   [Cycle 25]
2025-10-27 10:45:54,812 - GPU-4 - DEBUG -     [Latent Recursive] Starting 1 steps of latent thinking
2025-10-27 10:45:54,863 - GPU-4 - DEBUG -       [Latent] Step 1/1
2025-10-27 10:45:55,051 - GPU-4 - DEBUG -       [After Latent Recursive] 1 tokens unmasked
2025-10-27 10:45:55,051 - GPU-4 - INFO -   [Cycle 26]
2025-10-27 10:45:55,051 - GPU-4 - DEBUG -     [Latent Recursive] Starting 1 steps of latent thinking
2025-10-27 10:45:55,102 - GPU-4 - DEBUG -       [Latent] Step 1/1
2025-10-27 10:45:55,290 - GPU-4 - DEBUG -       [After Latent Recursive] 1 tokens unmasked
2025-10-27 10:45:55,290 - GPU-4 - INFO -   [Cycle 27]
2025-10-27 10:45:55,290 - GPU-4 - DEBUG -     [Latent Recursive] Starting 1 steps of latent thinking
2025-10-27 10:45:55,341 - GPU-4 - DEBUG -       [Latent] Step 1/1
2025-10-27 10:45:55,529 - GPU-4 - DEBUG -       [After Latent Recursive] 1 tokens unmasked
2025-10-27 10:45:55,529 - GPU-4 - INFO -   [Cycle 28]
2025-10-27 10:45:55,529 - GPU-4 - DEBUG -     [Latent Recursive] Starting 1 steps of latent thinking
2025-10-27 10:45:55,580 - GPU-4 - DEBUG -       [Latent] Step 1/1
2025-10-27 10:45:55,768 - GPU-4 - DEBUG -       [After Latent Recursive] 1 tokens unmasked
2025-10-27 10:45:55,769 - GPU-4 - INFO -   [Cycle 29]
2025-10-27 10:45:55,769 - GPU-4 - DEBUG -     [Latent Recursive] Starting 1 steps of latent thinking
2025-10-27 10:45:55,820 - GPU-4 - DEBUG -       [Latent] Step 1/1
2025-10-27 10:45:56,007 - GPU-4 - DEBUG -       [After Latent Recursive] 1 tokens unmasked
2025-10-27 10:45:56,008 - GPU-4 - INFO -   [Cycle 30]
2025-10-27 10:45:56,008 - GPU-4 - DEBUG -     [Latent Recursive] Starting 1 steps of latent thinking
2025-10-27 10:45:56,059 - GPU-4 - DEBUG -       [Latent] Step 1/1
2025-10-27 10:45:56,247 - GPU-4 - DEBUG -       [After Latent Recursive] 1 tokens unmasked
2025-10-27 10:45:56,247 - GPU-4 - INFO -   [Cycle 31]
2025-10-27 10:45:56,247 - GPU-4 - DEBUG -     [Latent Recursive] Starting 1 steps of latent thinking
2025-10-27 10:45:56,298 - GPU-4 - DEBUG -       [Latent] Step 1/1
2025-10-27 10:45:56,486 - GPU-4 - DEBUG -       [After Latent Recursive] 1 tokens unmasked
2025-10-27 10:45:56,486 - GPU-4 - INFO - [Block 6/16] Processing tokens 304-336
2025-10-27 10:45:56,486 - GPU-4 - DEBUG - [Block 5] Before forward: use_cache=True, x.shape=torch.Size([1, 656])
2025-10-27 10:45:56,486 - GPU-4 - DEBUG - [Block 5] Model type: LLaDAModelLM
2025-10-27 10:45:56,486 - GPU-4 - DEBUG - [Block 5] Model config use_cache: True
2025-10-27 10:45:56,511 - GPU-4 - DEBUG - [Block 5] After forward: pkv is None? False
2025-10-27 10:45:56,511 - GPU-4 - DEBUG - [Block 5] out type: CausalLMOutputWithPast
2025-10-27 10:45:56,511 - GPU-4 - DEBUG - [Block 5] pkv type: <class 'list'>, len: 32
2025-10-27 10:45:56,511 - GPU-4 - DEBUG - [Block 5] pkv[0] type: <class 'tuple'>, len: 2
2025-10-27 10:45:56,511 - GPU-4 - DEBUG - [Block 5] pkv[0][0].shape: torch.Size([1, 32, 656, 128])
2025-10-27 10:45:56,608 - GPU-4 - INFO -   [Initial Forward] 1 tokens unmasked
2025-10-27 10:45:56,609 - GPU-4 - INFO -   [Cycle 1]
2025-10-27 10:45:56,609 - GPU-4 - DEBUG -     [Latent Recursive] Starting 1 steps of latent thinking
2025-10-27 10:45:56,660 - GPU-4 - DEBUG -       [Latent] Step 1/1
2025-10-27 10:45:56,847 - GPU-4 - DEBUG -       [After Latent Recursive] 1 tokens unmasked
2025-10-27 10:45:56,847 - GPU-4 - INFO -   [Cycle 2]
2025-10-27 10:45:56,847 - GPU-4 - DEBUG -     [Latent Recursive] Starting 1 steps of latent thinking
2025-10-27 10:45:56,898 - GPU-4 - DEBUG -       [Latent] Step 1/1
2025-10-27 10:45:57,085 - GPU-4 - DEBUG -       [After Latent Recursive] 1 tokens unmasked
2025-10-27 10:45:57,085 - GPU-4 - INFO -   [Cycle 3]
2025-10-27 10:45:57,086 - GPU-4 - DEBUG -     [Latent Recursive] Starting 1 steps of latent thinking
2025-10-27 10:45:57,136 - GPU-4 - DEBUG -       [Latent] Step 1/1
2025-10-27 10:45:57,323 - GPU-4 - DEBUG -       [After Latent Recursive] 1 tokens unmasked
2025-10-27 10:45:57,324 - GPU-4 - INFO -   [Cycle 4]
2025-10-27 10:45:57,324 - GPU-4 - DEBUG -     [Latent Recursive] Starting 1 steps of latent thinking
2025-10-27 10:45:57,375 - GPU-4 - DEBUG -       [Latent] Step 1/1
2025-10-27 10:45:57,562 - GPU-4 - DEBUG -       [After Latent Recursive] 1 tokens unmasked
2025-10-27 10:45:57,562 - GPU-4 - INFO -   [Cycle 5]
2025-10-27 10:45:57,562 - GPU-4 - DEBUG -     [Latent Recursive] Starting 1 steps of latent thinking
2025-10-27 10:45:57,613 - GPU-4 - DEBUG -       [Latent] Step 1/1
2025-10-27 10:45:57,800 - GPU-4 - DEBUG -       [After Latent Recursive] 1 tokens unmasked
2025-10-27 10:45:57,800 - GPU-4 - INFO -   [Cycle 6]
2025-10-27 10:45:57,800 - GPU-4 - DEBUG -     [Latent Recursive] Starting 1 steps of latent thinking
2025-10-27 10:45:57,851 - GPU-4 - DEBUG -       [Latent] Step 1/1
2025-10-27 10:45:58,038 - GPU-4 - DEBUG -       [After Latent Recursive] 1 tokens unmasked
2025-10-27 10:45:58,039 - GPU-4 - INFO -   [Cycle 7]
2025-10-27 10:45:58,039 - GPU-4 - DEBUG -     [Latent Recursive] Starting 1 steps of latent thinking
2025-10-27 10:45:58,089 - GPU-4 - DEBUG -       [Latent] Step 1/1
2025-10-27 10:45:58,276 - GPU-4 - DEBUG -       [After Latent Recursive] 1 tokens unmasked
2025-10-27 10:45:58,277 - GPU-4 - INFO -   [Cycle 8]
2025-10-27 10:45:58,277 - GPU-4 - DEBUG -     [Latent Recursive] Starting 1 steps of latent thinking
2025-10-27 10:45:58,328 - GPU-4 - DEBUG -       [Latent] Step 1/1
2025-10-27 10:45:58,515 - GPU-4 - DEBUG -       [After Latent Recursive] 1 tokens unmasked
2025-10-27 10:45:58,515 - GPU-4 - INFO -   [Cycle 9]
2025-10-27 10:45:58,515 - GPU-4 - DEBUG -     [Latent Recursive] Starting 1 steps of latent thinking
2025-10-27 10:45:58,566 - GPU-4 - DEBUG -       [Latent] Step 1/1
2025-10-27 10:45:58,753 - GPU-4 - DEBUG -       [After Latent Recursive] 1 tokens unmasked
2025-10-27 10:45:58,754 - GPU-4 - INFO -   [Cycle 10]
2025-10-27 10:45:58,754 - GPU-4 - DEBUG -     [Latent Recursive] Starting 1 steps of latent thinking
2025-10-27 10:45:58,804 - GPU-4 - DEBUG -       [Latent] Step 1/1
2025-10-27 10:45:58,991 - GPU-4 - DEBUG -       [After Latent Recursive] 1 tokens unmasked
2025-10-27 10:45:58,992 - GPU-4 - INFO -   [Cycle 11]
2025-10-27 10:45:58,992 - GPU-4 - DEBUG -     [Latent Recursive] Starting 1 steps of latent thinking
2025-10-27 10:45:59,043 - GPU-4 - DEBUG -       [Latent] Step 1/1
2025-10-27 10:45:59,230 - GPU-4 - DEBUG -       [After Latent Recursive] 1 tokens unmasked
2025-10-27 10:45:59,230 - GPU-4 - INFO -   [Cycle 12]
2025-10-27 10:45:59,230 - GPU-4 - DEBUG -     [Latent Recursive] Starting 1 steps of latent thinking
2025-10-27 10:45:59,281 - GPU-4 - DEBUG -       [Latent] Step 1/1
2025-10-27 10:45:59,468 - GPU-4 - DEBUG -       [After Latent Recursive] 1 tokens unmasked
2025-10-27 10:45:59,468 - GPU-4 - INFO -   [Cycle 13]
2025-10-27 10:45:59,468 - GPU-4 - DEBUG -     [Latent Recursive] Starting 1 steps of latent thinking
2025-10-27 10:45:59,519 - GPU-4 - DEBUG -       [Latent] Step 1/1
2025-10-27 10:45:59,706 - GPU-4 - DEBUG -       [After Latent Recursive] 1 tokens unmasked
2025-10-27 10:45:59,706 - GPU-4 - INFO -   [Cycle 14]
2025-10-27 10:45:59,706 - GPU-4 - DEBUG -     [Latent Recursive] Starting 1 steps of latent thinking
2025-10-27 10:45:59,757 - GPU-4 - DEBUG -       [Latent] Step 1/1
2025-10-27 10:45:59,944 - GPU-4 - DEBUG -       [After Latent Recursive] 1 tokens unmasked
2025-10-27 10:45:59,944 - GPU-4 - INFO -   [Cycle 15]
2025-10-27 10:45:59,944 - GPU-4 - DEBUG -     [Latent Recursive] Starting 1 steps of latent thinking
2025-10-27 10:45:59,995 - GPU-4 - DEBUG -       [Latent] Step 1/1
2025-10-27 10:46:00,182 - GPU-4 - DEBUG -       [After Latent Recursive] 1 tokens unmasked
2025-10-27 10:46:00,182 - GPU-4 - INFO -   [Cycle 16]
2025-10-27 10:46:00,182 - GPU-4 - DEBUG -     [Latent Recursive] Starting 1 steps of latent thinking
2025-10-27 10:46:00,233 - GPU-4 - DEBUG -       [Latent] Step 1/1
2025-10-27 10:46:00,420 - GPU-4 - DEBUG -       [After Latent Recursive] 1 tokens unmasked
2025-10-27 10:46:00,421 - GPU-4 - INFO -   [Cycle 17]
2025-10-27 10:46:00,421 - GPU-4 - DEBUG -     [Latent Recursive] Starting 1 steps of latent thinking
2025-10-27 10:46:00,471 - GPU-4 - DEBUG -       [Latent] Step 1/1
2025-10-27 10:46:00,658 - GPU-4 - DEBUG -       [After Latent Recursive] 1 tokens unmasked
2025-10-27 10:46:00,659 - GPU-4 - INFO -   [Cycle 18]
2025-10-27 10:46:00,659 - GPU-4 - DEBUG -     [Latent Recursive] Starting 1 steps of latent thinking
2025-10-27 10:46:00,710 - GPU-4 - DEBUG -       [Latent] Step 1/1
2025-10-27 10:46:00,897 - GPU-4 - DEBUG -       [After Latent Recursive] 1 tokens unmasked
2025-10-27 10:46:00,898 - GPU-4 - INFO -   [Cycle 19]
2025-10-27 10:46:00,898 - GPU-4 - DEBUG -     [Latent Recursive] Starting 1 steps of latent thinking
2025-10-27 10:46:00,948 - GPU-4 - DEBUG -       [Latent] Step 1/1
2025-10-27 10:46:01,136 - GPU-4 - DEBUG -       [After Latent Recursive] 1 tokens unmasked
2025-10-27 10:46:01,136 - GPU-4 - INFO -   [Cycle 20]
2025-10-27 10:46:01,136 - GPU-4 - DEBUG -     [Latent Recursive] Starting 1 steps of latent thinking
2025-10-27 10:46:01,187 - GPU-4 - DEBUG -       [Latent] Step 1/1
2025-10-27 10:46:01,374 - GPU-4 - DEBUG -       [After Latent Recursive] 1 tokens unmasked
2025-10-27 10:46:01,375 - GPU-4 - INFO -   [Cycle 21]
2025-10-27 10:46:01,375 - GPU-4 - DEBUG -     [Latent Recursive] Starting 1 steps of latent thinking
2025-10-27 10:46:01,426 - GPU-4 - DEBUG -       [Latent] Step 1/1
2025-10-27 10:46:01,613 - GPU-4 - DEBUG -       [After Latent Recursive] 1 tokens unmasked
2025-10-27 10:46:01,613 - GPU-4 - INFO -   [Cycle 22]
2025-10-27 10:46:01,613 - GPU-4 - DEBUG -     [Latent Recursive] Starting 1 steps of latent thinking
2025-10-27 10:46:01,664 - GPU-4 - DEBUG -       [Latent] Step 1/1
2025-10-27 10:46:01,851 - GPU-4 - DEBUG -       [After Latent Recursive] 1 tokens unmasked
2025-10-27 10:46:01,852 - GPU-4 - INFO -   [Cycle 23]
2025-10-27 10:46:01,852 - GPU-4 - DEBUG -     [Latent Recursive] Starting 1 steps of latent thinking
2025-10-27 10:46:01,903 - GPU-4 - DEBUG -       [Latent] Step 1/1
2025-10-27 10:46:02,090 - GPU-4 - DEBUG -       [After Latent Recursive] 1 tokens unmasked
2025-10-27 10:46:02,090 - GPU-4 - INFO -   [Cycle 24]
2025-10-27 10:46:02,090 - GPU-4 - DEBUG -     [Latent Recursive] Starting 1 steps of latent thinking
2025-10-27 10:46:02,141 - GPU-4 - DEBUG -       [Latent] Step 1/1
2025-10-27 10:46:02,328 - GPU-4 - DEBUG -       [After Latent Recursive] 1 tokens unmasked
2025-10-27 10:46:02,328 - GPU-4 - INFO -   [Cycle 25]
2025-10-27 10:46:02,329 - GPU-4 - DEBUG -     [Latent Recursive] Starting 1 steps of latent thinking
2025-10-27 10:46:02,379 - GPU-4 - DEBUG -       [Latent] Step 1/1
2025-10-27 10:46:02,566 - GPU-4 - DEBUG -       [After Latent Recursive] 1 tokens unmasked
2025-10-27 10:46:02,567 - GPU-4 - INFO -   [Cycle 26]
2025-10-27 10:46:02,567 - GPU-4 - DEBUG -     [Latent Recursive] Starting 1 steps of latent thinking
2025-10-27 10:46:02,618 - GPU-4 - DEBUG -       [Latent] Step 1/1
2025-10-27 10:46:02,805 - GPU-4 - DEBUG -       [After Latent Recursive] 1 tokens unmasked
2025-10-27 10:46:02,805 - GPU-4 - INFO -   [Cycle 27]
2025-10-27 10:46:02,805 - GPU-4 - DEBUG -     [Latent Recursive] Starting 1 steps of latent thinking
2025-10-27 10:46:02,856 - GPU-4 - DEBUG -       [Latent] Step 1/1
2025-10-27 10:46:03,043 - GPU-4 - DEBUG -       [After Latent Recursive] 1 tokens unmasked
2025-10-27 10:46:03,043 - GPU-4 - INFO -   [Cycle 28]
2025-10-27 10:46:03,043 - GPU-4 - DEBUG -     [Latent Recursive] Starting 1 steps of latent thinking
2025-10-27 10:46:03,094 - GPU-4 - DEBUG -       [Latent] Step 1/1
2025-10-27 10:46:03,281 - GPU-4 - DEBUG -       [After Latent Recursive] 1 tokens unmasked
2025-10-27 10:46:03,281 - GPU-4 - INFO -   [Cycle 29]
2025-10-27 10:46:03,281 - GPU-4 - DEBUG -     [Latent Recursive] Starting 1 steps of latent thinking
2025-10-27 10:46:03,332 - GPU-4 - DEBUG -       [Latent] Step 1/1
2025-10-27 10:46:03,519 - GPU-4 - DEBUG -       [After Latent Recursive] 1 tokens unmasked
2025-10-27 10:46:03,519 - GPU-4 - INFO -   [Cycle 30]
2025-10-27 10:46:03,520 - GPU-4 - DEBUG -     [Latent Recursive] Starting 1 steps of latent thinking
2025-10-27 10:46:03,570 - GPU-4 - DEBUG -       [Latent] Step 1/1
2025-10-27 10:46:03,757 - GPU-4 - DEBUG -       [After Latent Recursive] 1 tokens unmasked
2025-10-27 10:46:03,758 - GPU-4 - INFO -   [Cycle 31]
2025-10-27 10:46:03,758 - GPU-4 - DEBUG -     [Latent Recursive] Starting 1 steps of latent thinking
2025-10-27 10:46:03,808 - GPU-4 - DEBUG -       [Latent] Step 1/1
2025-10-27 10:46:03,995 - GPU-4 - DEBUG -       [After Latent Recursive] 1 tokens unmasked
2025-10-27 10:46:03,996 - GPU-4 - INFO - [Block 7/16] Processing tokens 336-368
2025-10-27 10:46:03,996 - GPU-4 - DEBUG - [Block 6] Before forward: use_cache=True, x.shape=torch.Size([1, 656])
2025-10-27 10:46:03,996 - GPU-4 - DEBUG - [Block 6] Model type: LLaDAModelLM
2025-10-27 10:46:03,996 - GPU-4 - DEBUG - [Block 6] Model config use_cache: True
2025-10-27 10:46:04,021 - GPU-4 - DEBUG - [Block 6] After forward: pkv is None? False
2025-10-27 10:46:04,021 - GPU-4 - DEBUG - [Block 6] out type: CausalLMOutputWithPast
2025-10-27 10:46:04,021 - GPU-4 - DEBUG - [Block 6] pkv type: <class 'list'>, len: 32
2025-10-27 10:46:04,021 - GPU-4 - DEBUG - [Block 6] pkv[0] type: <class 'tuple'>, len: 2
2025-10-27 10:46:04,021 - GPU-4 - DEBUG - [Block 6] pkv[0][0].shape: torch.Size([1, 32, 656, 128])
2025-10-27 10:46:04,118 - GPU-4 - INFO -   [Initial Forward] 1 tokens unmasked
2025-10-27 10:46:04,119 - GPU-4 - INFO -   [Cycle 1]
2025-10-27 10:46:04,119 - GPU-4 - DEBUG -     [Latent Recursive] Starting 1 steps of latent thinking
2025-10-27 10:46:04,170 - GPU-4 - DEBUG -       [Latent] Step 1/1
2025-10-27 10:46:04,356 - GPU-4 - DEBUG -       [After Latent Recursive] 1 tokens unmasked
2025-10-27 10:46:04,357 - GPU-4 - INFO -   [Cycle 2]
2025-10-27 10:46:04,357 - GPU-4 - DEBUG -     [Latent Recursive] Starting 1 steps of latent thinking
2025-10-27 10:46:04,408 - GPU-4 - DEBUG -       [Latent] Step 1/1
2025-10-27 10:46:04,594 - GPU-4 - DEBUG -       [After Latent Recursive] 1 tokens unmasked
2025-10-27 10:46:04,594 - GPU-4 - INFO -   [Cycle 3]
2025-10-27 10:46:04,595 - GPU-4 - DEBUG -     [Latent Recursive] Starting 1 steps of latent thinking
2025-10-27 10:46:04,645 - GPU-4 - DEBUG -       [Latent] Step 1/1
2025-10-27 10:46:04,831 - GPU-4 - DEBUG -       [After Latent Recursive] 1 tokens unmasked
2025-10-27 10:46:04,832 - GPU-4 - INFO -   [Cycle 4]
2025-10-27 10:46:04,832 - GPU-4 - DEBUG -     [Latent Recursive] Starting 1 steps of latent thinking
2025-10-27 10:46:04,883 - GPU-4 - DEBUG -       [Latent] Step 1/1
2025-10-27 10:46:05,070 - GPU-4 - DEBUG -       [After Latent Recursive] 1 tokens unmasked
2025-10-27 10:46:05,070 - GPU-4 - INFO -   [Cycle 5]
2025-10-27 10:46:05,070 - GPU-4 - DEBUG -     [Latent Recursive] Starting 1 steps of latent thinking
2025-10-27 10:46:05,121 - GPU-4 - DEBUG -       [Latent] Step 1/1
2025-10-27 10:46:05,307 - GPU-4 - DEBUG -       [After Latent Recursive] 1 tokens unmasked
2025-10-27 10:46:05,307 - GPU-4 - INFO -   [Cycle 6]
2025-10-27 10:46:05,308 - GPU-4 - DEBUG -     [Latent Recursive] Starting 1 steps of latent thinking
2025-10-27 10:46:05,359 - GPU-4 - DEBUG -       [Latent] Step 1/1
2025-10-27 10:46:05,545 - GPU-4 - DEBUG -       [After Latent Recursive] 1 tokens unmasked
2025-10-27 10:46:05,545 - GPU-4 - INFO -   [Cycle 7]
2025-10-27 10:46:05,545 - GPU-4 - DEBUG -     [Latent Recursive] Starting 1 steps of latent thinking
2025-10-27 10:46:05,596 - GPU-4 - DEBUG -       [Latent] Step 1/1
2025-10-27 10:46:05,782 - GPU-4 - DEBUG -       [After Latent Recursive] 1 tokens unmasked
2025-10-27 10:46:05,783 - GPU-4 - INFO -   [Cycle 8]
2025-10-27 10:46:05,783 - GPU-4 - DEBUG -     [Latent Recursive] Starting 1 steps of latent thinking
2025-10-27 10:46:05,834 - GPU-4 - DEBUG -       [Latent] Step 1/1
2025-10-27 10:46:06,020 - GPU-4 - DEBUG -       [After Latent Recursive] 1 tokens unmasked
2025-10-27 10:46:06,021 - GPU-4 - INFO -   [Cycle 9]
2025-10-27 10:46:06,021 - GPU-4 - DEBUG -     [Latent Recursive] Starting 1 steps of latent thinking
2025-10-27 10:46:06,072 - GPU-4 - DEBUG -       [Latent] Step 1/1
2025-10-27 10:46:06,258 - GPU-4 - DEBUG -       [After Latent Recursive] 1 tokens unmasked
2025-10-27 10:46:06,258 - GPU-4 - INFO -   [Cycle 10]
2025-10-27 10:46:06,258 - GPU-4 - DEBUG -     [Latent Recursive] Starting 1 steps of latent thinking
2025-10-27 10:46:06,309 - GPU-4 - DEBUG -       [Latent] Step 1/1
2025-10-27 10:46:06,495 - GPU-4 - DEBUG -       [After Latent Recursive] 1 tokens unmasked
2025-10-27 10:46:06,496 - GPU-4 - INFO -   [Cycle 11]
2025-10-27 10:46:06,496 - GPU-4 - DEBUG -     [Latent Recursive] Starting 1 steps of latent thinking
2025-10-27 10:46:06,546 - GPU-4 - DEBUG -       [Latent] Step 1/1
2025-10-27 10:46:06,732 - GPU-4 - DEBUG -       [After Latent Recursive] 1 tokens unmasked
2025-10-27 10:46:06,733 - GPU-4 - INFO -   [Cycle 12]
2025-10-27 10:46:06,733 - GPU-4 - DEBUG -     [Latent Recursive] Starting 1 steps of latent thinking
2025-10-27 10:46:06,784 - GPU-4 - DEBUG -       [Latent] Step 1/1
2025-10-27 10:46:06,970 - GPU-4 - DEBUG -       [After Latent Recursive] 1 tokens unmasked
2025-10-27 10:46:06,970 - GPU-4 - INFO -   [Cycle 13]
2025-10-27 10:46:06,970 - GPU-4 - DEBUG -     [Latent Recursive] Starting 1 steps of latent thinking
2025-10-27 10:46:07,021 - GPU-4 - DEBUG -       [Latent] Step 1/1
2025-10-27 10:46:07,207 - GPU-4 - DEBUG -       [After Latent Recursive] 1 tokens unmasked
2025-10-27 10:46:07,208 - GPU-4 - INFO -   [Cycle 14]
2025-10-27 10:46:07,208 - GPU-4 - DEBUG -     [Latent Recursive] Starting 1 steps of latent thinking
2025-10-27 10:46:07,259 - GPU-4 - DEBUG -       [Latent] Step 1/1
2025-10-27 10:46:07,445 - GPU-4 - DEBUG -       [After Latent Recursive] 1 tokens unmasked
2025-10-27 10:46:07,445 - GPU-4 - INFO -   [Cycle 15]
2025-10-27 10:46:07,445 - GPU-4 - DEBUG -     [Latent Recursive] Starting 1 steps of latent thinking
2025-10-27 10:46:07,496 - GPU-4 - DEBUG -       [Latent] Step 1/1
2025-10-27 10:46:07,682 - GPU-4 - DEBUG -       [After Latent Recursive] 1 tokens unmasked
2025-10-27 10:46:07,683 - GPU-4 - INFO -   [Cycle 16]
2025-10-27 10:46:07,683 - GPU-4 - DEBUG -     [Latent Recursive] Starting 1 steps of latent thinking
2025-10-27 10:46:07,734 - GPU-4 - DEBUG -       [Latent] Step 1/1
2025-10-27 10:46:07,920 - GPU-4 - DEBUG -       [After Latent Recursive] 1 tokens unmasked
2025-10-27 10:46:07,921 - GPU-4 - INFO -   [Cycle 17]
2025-10-27 10:46:07,921 - GPU-4 - DEBUG -     [Latent Recursive] Starting 1 steps of latent thinking
2025-10-27 10:46:07,971 - GPU-4 - DEBUG -       [Latent] Step 1/1
2025-10-27 10:46:08,158 - GPU-4 - DEBUG -       [After Latent Recursive] 1 tokens unmasked
2025-10-27 10:46:08,158 - GPU-4 - INFO -   [Cycle 18]
2025-10-27 10:46:08,158 - GPU-4 - DEBUG -     [Latent Recursive] Starting 1 steps of latent thinking
2025-10-27 10:46:08,209 - GPU-4 - DEBUG -       [Latent] Step 1/1
2025-10-27 10:46:08,395 - GPU-4 - DEBUG -       [After Latent Recursive] 1 tokens unmasked
2025-10-27 10:46:08,395 - GPU-4 - INFO -   [Cycle 19]
2025-10-27 10:46:08,396 - GPU-4 - DEBUG -     [Latent Recursive] Starting 1 steps of latent thinking
2025-10-27 10:46:08,447 - GPU-4 - DEBUG -       [Latent] Step 1/1
2025-10-27 10:46:08,633 - GPU-4 - DEBUG -       [After Latent Recursive] 1 tokens unmasked
2025-10-27 10:46:08,633 - GPU-4 - INFO -   [Cycle 20]
2025-10-27 10:46:08,633 - GPU-4 - DEBUG -     [Latent Recursive] Starting 1 steps of latent thinking
2025-10-27 10:46:08,684 - GPU-4 - DEBUG -       [Latent] Step 1/1
2025-10-27 10:46:08,870 - GPU-4 - DEBUG -       [After Latent Recursive] 1 tokens unmasked
2025-10-27 10:46:08,871 - GPU-4 - INFO -   [Cycle 21]
2025-10-27 10:46:08,871 - GPU-4 - DEBUG -     [Latent Recursive] Starting 1 steps of latent thinking
2025-10-27 10:46:08,922 - GPU-4 - DEBUG -       [Latent] Step 1/1
2025-10-27 10:46:09,108 - GPU-4 - DEBUG -       [After Latent Recursive] 1 tokens unmasked
2025-10-27 10:46:09,108 - GPU-4 - INFO -   [Cycle 22]
2025-10-27 10:46:09,109 - GPU-4 - DEBUG -     [Latent Recursive] Starting 1 steps of latent thinking
2025-10-27 10:46:09,159 - GPU-4 - DEBUG -       [Latent] Step 1/1
2025-10-27 10:46:09,345 - GPU-4 - DEBUG -       [After Latent Recursive] 1 tokens unmasked
2025-10-27 10:46:09,346 - GPU-4 - INFO -   [Cycle 23]
2025-10-27 10:46:09,346 - GPU-4 - DEBUG -     [Latent Recursive] Starting 1 steps of latent thinking
2025-10-27 10:46:09,397 - GPU-4 - DEBUG -       [Latent] Step 1/1
2025-10-27 10:46:09,583 - GPU-4 - DEBUG -       [After Latent Recursive] 1 tokens unmasked
2025-10-27 10:46:09,584 - GPU-4 - INFO -   [Cycle 24]
2025-10-27 10:46:09,584 - GPU-4 - DEBUG -     [Latent Recursive] Starting 1 steps of latent thinking
2025-10-27 10:46:09,635 - GPU-4 - DEBUG -       [Latent] Step 1/1
2025-10-27 10:46:09,821 - GPU-4 - DEBUG -       [After Latent Recursive] 1 tokens unmasked
2025-10-27 10:46:09,821 - GPU-4 - INFO -   [Cycle 25]
2025-10-27 10:46:09,821 - GPU-4 - DEBUG -     [Latent Recursive] Starting 1 steps of latent thinking
2025-10-27 10:46:09,872 - GPU-4 - DEBUG -       [Latent] Step 1/1
2025-10-27 10:46:10,058 - GPU-4 - DEBUG -       [After Latent Recursive] 1 tokens unmasked
2025-10-27 10:46:10,059 - GPU-4 - INFO -   [Cycle 26]
2025-10-27 10:46:10,059 - GPU-4 - DEBUG -     [Latent Recursive] Starting 1 steps of latent thinking
2025-10-27 10:46:10,110 - GPU-4 - DEBUG -       [Latent] Step 1/1
2025-10-27 10:46:10,296 - GPU-4 - DEBUG -       [After Latent Recursive] 1 tokens unmasked
2025-10-27 10:46:10,296 - GPU-4 - INFO -   [Cycle 27]
2025-10-27 10:46:10,297 - GPU-4 - DEBUG -     [Latent Recursive] Starting 1 steps of latent thinking
2025-10-27 10:46:10,347 - GPU-4 - DEBUG -       [Latent] Step 1/1
2025-10-27 10:46:10,533 - GPU-4 - DEBUG -       [After Latent Recursive] 1 tokens unmasked
2025-10-27 10:46:10,534 - GPU-4 - INFO -   [Cycle 28]
2025-10-27 10:46:10,534 - GPU-4 - DEBUG -     [Latent Recursive] Starting 1 steps of latent thinking
2025-10-27 10:46:10,585 - GPU-4 - DEBUG -       [Latent] Step 1/1
2025-10-27 10:46:10,771 - GPU-4 - DEBUG -       [After Latent Recursive] 1 tokens unmasked
2025-10-27 10:46:10,771 - GPU-4 - INFO -   [Cycle 29]
2025-10-27 10:46:10,772 - GPU-4 - DEBUG -     [Latent Recursive] Starting 1 steps of latent thinking
2025-10-27 10:46:10,822 - GPU-4 - DEBUG -       [Latent] Step 1/1
2025-10-27 10:46:11,008 - GPU-4 - DEBUG -       [After Latent Recursive] 1 tokens unmasked
2025-10-27 10:46:11,009 - GPU-4 - INFO -   [Cycle 30]
2025-10-27 10:46:11,009 - GPU-4 - DEBUG -     [Latent Recursive] Starting 1 steps of latent thinking
2025-10-27 10:46:11,060 - GPU-4 - DEBUG -       [Latent] Step 1/1
2025-10-27 10:46:11,246 - GPU-4 - DEBUG -       [After Latent Recursive] 1 tokens unmasked
2025-10-27 10:46:11,246 - GPU-4 - INFO -   [Cycle 31]
2025-10-27 10:46:11,247 - GPU-4 - DEBUG -     [Latent Recursive] Starting 1 steps of latent thinking
2025-10-27 10:46:11,297 - GPU-4 - DEBUG -       [Latent] Step 1/1
2025-10-27 10:46:11,484 - GPU-4 - DEBUG -       [After Latent Recursive] 1 tokens unmasked
2025-10-27 10:46:11,484 - GPU-4 - INFO - [Block 8/16] Processing tokens 368-400
2025-10-27 10:46:11,484 - GPU-4 - DEBUG - [Block 7] Before forward: use_cache=True, x.shape=torch.Size([1, 656])
2025-10-27 10:46:11,484 - GPU-4 - DEBUG - [Block 7] Model type: LLaDAModelLM
2025-10-27 10:46:11,485 - GPU-4 - DEBUG - [Block 7] Model config use_cache: True
2025-10-27 10:46:11,509 - GPU-4 - DEBUG - [Block 7] After forward: pkv is None? False
2025-10-27 10:46:11,509 - GPU-4 - DEBUG - [Block 7] out type: CausalLMOutputWithPast
2025-10-27 10:46:11,509 - GPU-4 - DEBUG - [Block 7] pkv type: <class 'list'>, len: 32
2025-10-27 10:46:11,509 - GPU-4 - DEBUG - [Block 7] pkv[0] type: <class 'tuple'>, len: 2
2025-10-27 10:46:11,510 - GPU-4 - DEBUG - [Block 7] pkv[0][0].shape: torch.Size([1, 32, 656, 128])
2025-10-27 10:46:11,607 - GPU-4 - INFO -   [Initial Forward] 1 tokens unmasked
2025-10-27 10:46:11,607 - GPU-4 - INFO -   [Cycle 1]
2025-10-27 10:46:11,607 - GPU-4 - DEBUG -     [Latent Recursive] Starting 1 steps of latent thinking
2025-10-27 10:46:11,658 - GPU-4 - DEBUG -       [Latent] Step 1/1
2025-10-27 10:46:11,842 - GPU-4 - DEBUG -       [After Latent Recursive] 1 tokens unmasked
2025-10-27 10:46:11,842 - GPU-4 - INFO -   [Cycle 2]
2025-10-27 10:46:11,842 - GPU-4 - DEBUG -     [Latent Recursive] Starting 1 steps of latent thinking
2025-10-27 10:46:11,893 - GPU-4 - DEBUG -       [Latent] Step 1/1
2025-10-27 10:46:12,077 - GPU-4 - DEBUG -       [After Latent Recursive] 1 tokens unmasked
2025-10-27 10:46:12,077 - GPU-4 - INFO -   [Cycle 3]
2025-10-27 10:46:12,077 - GPU-4 - DEBUG -     [Latent Recursive] Starting 1 steps of latent thinking
2025-10-27 10:46:12,128 - GPU-4 - DEBUG -       [Latent] Step 1/1
2025-10-27 10:46:12,311 - GPU-4 - DEBUG -       [After Latent Recursive] 1 tokens unmasked
2025-10-27 10:46:12,313 - GPU-4 - INFO -   [Cycle 4]
2025-10-27 10:46:12,313 - GPU-4 - DEBUG -     [Latent Recursive] Starting 1 steps of latent thinking
2025-10-27 10:46:12,364 - GPU-4 - DEBUG -       [Latent] Step 1/1
2025-10-27 10:46:12,548 - GPU-4 - DEBUG -       [After Latent Recursive] 1 tokens unmasked
2025-10-27 10:46:12,548 - GPU-4 - INFO -   [Cycle 5]
2025-10-27 10:46:12,548 - GPU-4 - DEBUG -     [Latent Recursive] Starting 1 steps of latent thinking
2025-10-27 10:46:12,599 - GPU-4 - DEBUG -       [Latent] Step 1/1
2025-10-27 10:46:12,782 - GPU-4 - DEBUG -       [After Latent Recursive] 1 tokens unmasked
2025-10-27 10:46:12,782 - GPU-4 - INFO -   [Cycle 6]
2025-10-27 10:46:12,782 - GPU-4 - DEBUG -     [Latent Recursive] Starting 1 steps of latent thinking
2025-10-27 10:46:12,833 - GPU-4 - DEBUG -       [Latent] Step 1/1
2025-10-27 10:46:13,016 - GPU-4 - DEBUG -       [After Latent Recursive] 1 tokens unmasked
2025-10-27 10:46:13,016 - GPU-4 - INFO -   [Cycle 7]
2025-10-27 10:46:13,016 - GPU-4 - DEBUG -     [Latent Recursive] Starting 1 steps of latent thinking
2025-10-27 10:46:13,067 - GPU-4 - DEBUG -       [Latent] Step 1/1
2025-10-27 10:46:13,250 - GPU-4 - DEBUG -       [After Latent Recursive] 1 tokens unmasked
2025-10-27 10:46:13,250 - GPU-4 - INFO -   [Cycle 8]
2025-10-27 10:46:13,251 - GPU-4 - DEBUG -     [Latent Recursive] Starting 1 steps of latent thinking
2025-10-27 10:46:13,301 - GPU-4 - DEBUG -       [Latent] Step 1/1
2025-10-27 10:46:13,485 - GPU-4 - DEBUG -       [After Latent Recursive] 1 tokens unmasked
2025-10-27 10:46:13,485 - GPU-4 - INFO -   [Cycle 9]
2025-10-27 10:46:13,485 - GPU-4 - DEBUG -     [Latent Recursive] Starting 1 steps of latent thinking
2025-10-27 10:46:13,536 - GPU-4 - DEBUG -       [Latent] Step 1/1
2025-10-27 10:46:13,719 - GPU-4 - DEBUG -       [After Latent Recursive] 1 tokens unmasked
2025-10-27 10:46:13,719 - GPU-4 - INFO -   [Cycle 10]
2025-10-27 10:46:13,719 - GPU-4 - DEBUG -     [Latent Recursive] Starting 1 steps of latent thinking
2025-10-27 10:46:13,770 - GPU-4 - DEBUG -       [Latent] Step 1/1
2025-10-27 10:46:13,953 - GPU-4 - DEBUG -       [After Latent Recursive] 1 tokens unmasked
2025-10-27 10:46:13,953 - GPU-4 - INFO -   [Cycle 11]
2025-10-27 10:46:13,953 - GPU-4 - DEBUG -     [Latent Recursive] Starting 1 steps of latent thinking
2025-10-27 10:46:14,003 - GPU-4 - DEBUG -       [Latent] Step 1/1
2025-10-27 10:46:14,187 - GPU-4 - DEBUG -       [After Latent Recursive] 1 tokens unmasked
2025-10-27 10:46:14,187 - GPU-4 - INFO -   [Cycle 12]
2025-10-27 10:46:14,187 - GPU-4 - DEBUG -     [Latent Recursive] Starting 1 steps of latent thinking
2025-10-27 10:46:14,238 - GPU-4 - DEBUG -       [Latent] Step 1/1
2025-10-27 10:46:14,421 - GPU-4 - DEBUG -       [After Latent Recursive] 1 tokens unmasked
2025-10-27 10:46:14,421 - GPU-4 - INFO -   [Cycle 13]
2025-10-27 10:46:14,421 - GPU-4 - DEBUG -     [Latent Recursive] Starting 1 steps of latent thinking
2025-10-27 10:46:14,472 - GPU-4 - DEBUG -       [Latent] Step 1/1
2025-10-27 10:46:14,655 - GPU-4 - DEBUG -       [After Latent Recursive] 1 tokens unmasked
2025-10-27 10:46:14,655 - GPU-4 - INFO -   [Cycle 14]
2025-10-27 10:46:14,656 - GPU-4 - DEBUG -     [Latent Recursive] Starting 1 steps of latent thinking
2025-10-27 10:46:14,706 - GPU-4 - DEBUG -       [Latent] Step 1/1
2025-10-27 10:46:14,889 - GPU-4 - DEBUG -       [After Latent Recursive] 1 tokens unmasked
2025-10-27 10:46:14,889 - GPU-4 - INFO -   [Cycle 15]
2025-10-27 10:46:14,889 - GPU-4 - DEBUG -     [Latent Recursive] Starting 1 steps of latent thinking
2025-10-27 10:46:14,940 - GPU-4 - DEBUG -       [Latent] Step 1/1
2025-10-27 10:46:15,123 - GPU-4 - DEBUG -       [After Latent Recursive] 1 tokens unmasked
2025-10-27 10:46:15,123 - GPU-4 - INFO -   [Cycle 16]
2025-10-27 10:46:15,123 - GPU-4 - DEBUG -     [Latent Recursive] Starting 1 steps of latent thinking
2025-10-27 10:46:15,174 - GPU-4 - DEBUG -       [Latent] Step 1/1
2025-10-27 10:46:15,357 - GPU-4 - DEBUG -       [After Latent Recursive] 1 tokens unmasked
2025-10-27 10:46:15,357 - GPU-4 - INFO -   [Cycle 17]
2025-10-27 10:46:15,357 - GPU-4 - DEBUG -     [Latent Recursive] Starting 1 steps of latent thinking
2025-10-27 10:46:15,408 - GPU-4 - DEBUG -       [Latent] Step 1/1
2025-10-27 10:46:15,591 - GPU-4 - DEBUG -       [After Latent Recursive] 1 tokens unmasked
2025-10-27 10:46:15,591 - GPU-4 - INFO -   [Cycle 18]
2025-10-27 10:46:15,591 - GPU-4 - DEBUG -     [Latent Recursive] Starting 1 steps of latent thinking
2025-10-27 10:46:15,642 - GPU-4 - DEBUG -       [Latent] Step 1/1
2025-10-27 10:46:15,825 - GPU-4 - DEBUG -       [After Latent Recursive] 1 tokens unmasked
2025-10-27 10:46:15,825 - GPU-4 - INFO -   [Cycle 19]
2025-10-27 10:46:15,825 - GPU-4 - DEBUG -     [Latent Recursive] Starting 1 steps of latent thinking
2025-10-27 10:46:15,876 - GPU-4 - DEBUG -       [Latent] Step 1/1
2025-10-27 10:46:16,059 - GPU-4 - DEBUG -       [After Latent Recursive] 1 tokens unmasked
2025-10-27 10:46:16,059 - GPU-4 - INFO -   [Cycle 20]
2025-10-27 10:46:16,059 - GPU-4 - DEBUG -     [Latent Recursive] Starting 1 steps of latent thinking
2025-10-27 10:46:16,110 - GPU-4 - DEBUG -       [Latent] Step 1/1
2025-10-27 10:46:16,293 - GPU-4 - DEBUG -       [After Latent Recursive] 1 tokens unmasked
2025-10-27 10:46:16,293 - GPU-4 - INFO -   [Cycle 21]
2025-10-27 10:46:16,293 - GPU-4 - DEBUG -     [Latent Recursive] Starting 1 steps of latent thinking
2025-10-27 10:46:16,344 - GPU-4 - DEBUG -       [Latent] Step 1/1
2025-10-27 10:46:16,527 - GPU-4 - DEBUG -       [After Latent Recursive] 1 tokens unmasked
2025-10-27 10:46:16,527 - GPU-4 - INFO -   [Cycle 22]
2025-10-27 10:46:16,527 - GPU-4 - DEBUG -     [Latent Recursive] Starting 1 steps of latent thinking
2025-10-27 10:46:16,578 - GPU-4 - DEBUG -       [Latent] Step 1/1
2025-10-27 10:46:16,761 - GPU-4 - DEBUG -       [After Latent Recursive] 1 tokens unmasked
2025-10-27 10:46:16,761 - GPU-4 - INFO -   [Cycle 23]
2025-10-27 10:46:16,761 - GPU-4 - DEBUG -     [Latent Recursive] Starting 1 steps of latent thinking
2025-10-27 10:46:16,811 - GPU-4 - DEBUG -       [Latent] Step 1/1
2025-10-27 10:46:16,994 - GPU-4 - DEBUG -       [After Latent Recursive] 1 tokens unmasked
2025-10-27 10:46:16,995 - GPU-4 - INFO -   [Cycle 24]
2025-10-27 10:46:16,995 - GPU-4 - DEBUG -     [Latent Recursive] Starting 1 steps of latent thinking
2025-10-27 10:46:17,046 - GPU-4 - DEBUG -       [Latent] Step 1/1
2025-10-27 10:46:17,229 - GPU-4 - DEBUG -       [After Latent Recursive] 1 tokens unmasked
2025-10-27 10:46:17,229 - GPU-4 - INFO -   [Cycle 25]
2025-10-27 10:46:17,229 - GPU-4 - DEBUG -     [Latent Recursive] Starting 1 steps of latent thinking
2025-10-27 10:46:17,280 - GPU-4 - DEBUG -       [Latent] Step 1/1
2025-10-27 10:46:17,463 - GPU-4 - DEBUG -       [After Latent Recursive] 1 tokens unmasked
2025-10-27 10:46:17,463 - GPU-4 - INFO -   [Cycle 26]
2025-10-27 10:46:17,463 - GPU-4 - DEBUG -     [Latent Recursive] Starting 1 steps of latent thinking
2025-10-27 10:46:17,514 - GPU-4 - DEBUG -       [Latent] Step 1/1
2025-10-27 10:46:17,697 - GPU-4 - DEBUG -       [After Latent Recursive] 1 tokens unmasked
2025-10-27 10:46:17,697 - GPU-4 - INFO -   [Cycle 27]
2025-10-27 10:46:17,697 - GPU-4 - DEBUG -     [Latent Recursive] Starting 1 steps of latent thinking
2025-10-27 10:46:17,748 - GPU-4 - DEBUG -       [Latent] Step 1/1
2025-10-27 10:46:17,931 - GPU-4 - DEBUG -       [After Latent Recursive] 1 tokens unmasked
2025-10-27 10:46:17,931 - GPU-4 - INFO -   [Cycle 28]
2025-10-27 10:46:17,932 - GPU-4 - DEBUG -     [Latent Recursive] Starting 1 steps of latent thinking
2025-10-27 10:46:17,982 - GPU-4 - DEBUG -       [Latent] Step 1/1
2025-10-27 10:46:18,165 - GPU-4 - DEBUG -       [After Latent Recursive] 1 tokens unmasked
2025-10-27 10:46:18,166 - GPU-4 - INFO -   [Cycle 29]
2025-10-27 10:46:18,166 - GPU-4 - DEBUG -     [Latent Recursive] Starting 1 steps of latent thinking
2025-10-27 10:46:18,217 - GPU-4 - DEBUG -       [Latent] Step 1/1
2025-10-27 10:46:18,400 - GPU-4 - DEBUG -       [After Latent Recursive] 1 tokens unmasked
2025-10-27 10:46:18,400 - GPU-4 - INFO -   [Cycle 30]
2025-10-27 10:46:18,400 - GPU-4 - DEBUG -     [Latent Recursive] Starting 1 steps of latent thinking
2025-10-27 10:46:18,451 - GPU-4 - DEBUG -       [Latent] Step 1/1
2025-10-27 10:46:18,634 - GPU-4 - DEBUG -       [After Latent Recursive] 1 tokens unmasked
2025-10-27 10:46:18,634 - GPU-4 - INFO -   [Cycle 31]
2025-10-27 10:46:18,634 - GPU-4 - DEBUG -     [Latent Recursive] Starting 1 steps of latent thinking
2025-10-27 10:46:18,685 - GPU-4 - DEBUG -       [Latent] Step 1/1
2025-10-27 10:46:18,868 - GPU-4 - DEBUG -       [After Latent Recursive] 1 tokens unmasked
2025-10-27 10:46:18,868 - GPU-4 - INFO - [Block 9/16] Processing tokens 400-432
2025-10-27 10:46:18,868 - GPU-4 - DEBUG - [Block 8] Before forward: use_cache=True, x.shape=torch.Size([1, 656])
2025-10-27 10:46:18,869 - GPU-4 - DEBUG - [Block 8] Model type: LLaDAModelLM
2025-10-27 10:46:18,869 - GPU-4 - DEBUG - [Block 8] Model config use_cache: True
2025-10-27 10:46:18,893 - GPU-4 - DEBUG - [Block 8] After forward: pkv is None? False
2025-10-27 10:46:18,893 - GPU-4 - DEBUG - [Block 8] out type: CausalLMOutputWithPast
2025-10-27 10:46:18,893 - GPU-4 - DEBUG - [Block 8] pkv type: <class 'list'>, len: 32
2025-10-27 10:46:18,894 - GPU-4 - DEBUG - [Block 8] pkv[0] type: <class 'tuple'>, len: 2
2025-10-27 10:46:18,894 - GPU-4 - DEBUG - [Block 8] pkv[0][0].shape: torch.Size([1, 32, 656, 128])
2025-10-27 10:46:18,990 - GPU-4 - INFO -   [Initial Forward] 1 tokens unmasked
2025-10-27 10:46:18,990 - GPU-4 - INFO -   [Cycle 1]
2025-10-27 10:46:18,991 - GPU-4 - DEBUG -     [Latent Recursive] Starting 1 steps of latent thinking
2025-10-27 10:46:19,042 - GPU-4 - DEBUG -       [Latent] Step 1/1
2025-10-27 10:46:19,224 - GPU-4 - DEBUG -       [After Latent Recursive] 1 tokens unmasked
2025-10-27 10:46:19,225 - GPU-4 - INFO -   [Cycle 2]
2025-10-27 10:46:19,225 - GPU-4 - DEBUG -     [Latent Recursive] Starting 1 steps of latent thinking
2025-10-27 10:46:19,275 - GPU-4 - DEBUG -       [Latent] Step 1/1
2025-10-27 10:46:19,458 - GPU-4 - DEBUG -       [After Latent Recursive] 1 tokens unmasked
2025-10-27 10:46:19,458 - GPU-4 - INFO -   [Cycle 3]
2025-10-27 10:46:19,458 - GPU-4 - DEBUG -     [Latent Recursive] Starting 1 steps of latent thinking
2025-10-27 10:46:19,509 - GPU-4 - DEBUG -       [Latent] Step 1/1
2025-10-27 10:46:19,691 - GPU-4 - DEBUG -       [After Latent Recursive] 1 tokens unmasked
2025-10-27 10:46:19,692 - GPU-4 - INFO -   [Cycle 4]
2025-10-27 10:46:19,692 - GPU-4 - DEBUG -     [Latent Recursive] Starting 1 steps of latent thinking
2025-10-27 10:46:19,743 - GPU-4 - DEBUG -       [Latent] Step 1/1
2025-10-27 10:46:19,925 - GPU-4 - DEBUG -       [After Latent Recursive] 1 tokens unmasked
2025-10-27 10:46:19,925 - GPU-4 - INFO -   [Cycle 5]
2025-10-27 10:46:19,925 - GPU-4 - DEBUG -     [Latent Recursive] Starting 1 steps of latent thinking
2025-10-27 10:46:19,976 - GPU-4 - DEBUG -       [Latent] Step 1/1
2025-10-27 10:46:20,158 - GPU-4 - DEBUG -       [After Latent Recursive] 1 tokens unmasked
2025-10-27 10:46:20,159 - GPU-4 - INFO -   [Cycle 6]
2025-10-27 10:46:20,159 - GPU-4 - DEBUG -     [Latent Recursive] Starting 1 steps of latent thinking
2025-10-27 10:46:20,209 - GPU-4 - DEBUG -       [Latent] Step 1/1
2025-10-27 10:46:20,391 - GPU-4 - DEBUG -       [After Latent Recursive] 1 tokens unmasked
2025-10-27 10:46:20,392 - GPU-4 - INFO -   [Cycle 7]
2025-10-27 10:46:20,392 - GPU-4 - DEBUG -     [Latent Recursive] Starting 1 steps of latent thinking
2025-10-27 10:46:20,442 - GPU-4 - DEBUG -       [Latent] Step 1/1
2025-10-27 10:46:20,625 - GPU-4 - DEBUG -       [After Latent Recursive] 1 tokens unmasked
2025-10-27 10:46:20,625 - GPU-4 - INFO -   [Cycle 8]
2025-10-27 10:46:20,625 - GPU-4 - DEBUG -     [Latent Recursive] Starting 1 steps of latent thinking
2025-10-27 10:46:20,676 - GPU-4 - DEBUG -       [Latent] Step 1/1
2025-10-27 10:46:20,858 - GPU-4 - DEBUG -       [After Latent Recursive] 1 tokens unmasked
2025-10-27 10:46:20,858 - GPU-4 - INFO -   [Cycle 9]
2025-10-27 10:46:20,858 - GPU-4 - DEBUG -     [Latent Recursive] Starting 1 steps of latent thinking
2025-10-27 10:46:20,909 - GPU-4 - DEBUG -       [Latent] Step 1/1
2025-10-27 10:46:21,091 - GPU-4 - DEBUG -       [After Latent Recursive] 1 tokens unmasked
2025-10-27 10:46:21,092 - GPU-4 - INFO -   [Cycle 10]
2025-10-27 10:46:21,092 - GPU-4 - DEBUG -     [Latent Recursive] Starting 1 steps of latent thinking
2025-10-27 10:46:21,142 - GPU-4 - DEBUG -       [Latent] Step 1/1
2025-10-27 10:46:21,325 - GPU-4 - DEBUG -       [After Latent Recursive] 1 tokens unmasked
2025-10-27 10:46:21,325 - GPU-4 - INFO -   [Cycle 11]
2025-10-27 10:46:21,325 - GPU-4 - DEBUG -     [Latent Recursive] Starting 1 steps of latent thinking
2025-10-27 10:46:21,376 - GPU-4 - DEBUG -       [Latent] Step 1/1
2025-10-27 10:46:21,558 - GPU-4 - DEBUG -       [After Latent Recursive] 1 tokens unmasked
2025-10-27 10:46:21,558 - GPU-4 - INFO -   [Cycle 12]
2025-10-27 10:46:21,559 - GPU-4 - DEBUG -     [Latent Recursive] Starting 1 steps of latent thinking
2025-10-27 10:46:21,609 - GPU-4 - DEBUG -       [Latent] Step 1/1
2025-10-27 10:46:21,791 - GPU-4 - DEBUG -       [After Latent Recursive] 1 tokens unmasked
2025-10-27 10:46:21,792 - GPU-4 - INFO -   [Cycle 13]
2025-10-27 10:46:21,792 - GPU-4 - DEBUG -     [Latent Recursive] Starting 1 steps of latent thinking
2025-10-27 10:46:21,842 - GPU-4 - DEBUG -       [Latent] Step 1/1
2025-10-27 10:46:22,025 - GPU-4 - DEBUG -       [After Latent Recursive] 1 tokens unmasked
2025-10-27 10:46:22,025 - GPU-4 - INFO -   [Cycle 14]
2025-10-27 10:46:22,025 - GPU-4 - DEBUG -     [Latent Recursive] Starting 1 steps of latent thinking
2025-10-27 10:46:22,076 - GPU-4 - DEBUG -       [Latent] Step 1/1
2025-10-27 10:46:22,258 - GPU-4 - DEBUG -       [After Latent Recursive] 1 tokens unmasked
2025-10-27 10:46:22,258 - GPU-4 - INFO -   [Cycle 15]
2025-10-27 10:46:22,258 - GPU-4 - DEBUG -     [Latent Recursive] Starting 1 steps of latent thinking
2025-10-27 10:46:22,309 - GPU-4 - DEBUG -       [Latent] Step 1/1
2025-10-27 10:46:22,491 - GPU-4 - DEBUG -       [After Latent Recursive] 1 tokens unmasked
2025-10-27 10:46:22,491 - GPU-4 - INFO -   [Cycle 16]
2025-10-27 10:46:22,492 - GPU-4 - DEBUG -     [Latent Recursive] Starting 1 steps of latent thinking
2025-10-27 10:46:22,542 - GPU-4 - DEBUG -       [Latent] Step 1/1
2025-10-27 10:46:22,724 - GPU-4 - DEBUG -       [After Latent Recursive] 1 tokens unmasked
2025-10-27 10:46:22,725 - GPU-4 - INFO -   [Cycle 17]
2025-10-27 10:46:22,725 - GPU-4 - DEBUG -     [Latent Recursive] Starting 1 steps of latent thinking
2025-10-27 10:46:22,775 - GPU-4 - DEBUG -       [Latent] Step 1/1
2025-10-27 10:46:22,958 - GPU-4 - DEBUG -       [After Latent Recursive] 1 tokens unmasked
2025-10-27 10:46:22,958 - GPU-4 - INFO -   [Cycle 18]
2025-10-27 10:46:22,958 - GPU-4 - DEBUG -     [Latent Recursive] Starting 1 steps of latent thinking
2025-10-27 10:46:23,009 - GPU-4 - DEBUG -       [Latent] Step 1/1
2025-10-27 10:46:23,192 - GPU-4 - DEBUG -       [After Latent Recursive] 1 tokens unmasked
2025-10-27 10:46:23,192 - GPU-4 - INFO -   [Cycle 19]
2025-10-27 10:46:23,192 - GPU-4 - DEBUG -     [Latent Recursive] Starting 1 steps of latent thinking
2025-10-27 10:46:23,243 - GPU-4 - DEBUG -       [Latent] Step 1/1
2025-10-27 10:46:23,428 - GPU-4 - DEBUG -       [After Latent Recursive] 1 tokens unmasked
2025-10-27 10:46:23,429 - GPU-4 - INFO -   [Cycle 20]
2025-10-27 10:46:23,429 - GPU-4 - DEBUG -     [Latent Recursive] Starting 1 steps of latent thinking
2025-10-27 10:46:23,480 - GPU-4 - DEBUG -       [Latent] Step 1/1
2025-10-27 10:46:23,666 - GPU-4 - DEBUG -       [After Latent Recursive] 1 tokens unmasked
2025-10-27 10:46:23,667 - GPU-4 - INFO -   [Cycle 21]
2025-10-27 10:46:23,667 - GPU-4 - DEBUG -     [Latent Recursive] Starting 1 steps of latent thinking
2025-10-27 10:46:23,717 - GPU-4 - DEBUG -       [Latent] Step 1/1
2025-10-27 10:46:23,901 - GPU-4 - DEBUG -       [After Latent Recursive] 1 tokens unmasked
2025-10-27 10:46:23,901 - GPU-4 - INFO -   [Cycle 22]
2025-10-27 10:46:23,901 - GPU-4 - DEBUG -     [Latent Recursive] Starting 1 steps of latent thinking
2025-10-27 10:46:23,952 - GPU-4 - DEBUG -       [Latent] Step 1/1
2025-10-27 10:46:24,137 - GPU-4 - DEBUG -       [After Latent Recursive] 1 tokens unmasked
2025-10-27 10:46:24,137 - GPU-4 - INFO -   [Cycle 23]
2025-10-27 10:46:24,137 - GPU-4 - DEBUG -     [Latent Recursive] Starting 1 steps of latent thinking
2025-10-27 10:46:24,188 - GPU-4 - DEBUG -       [Latent] Step 1/1
2025-10-27 10:46:24,370 - GPU-4 - DEBUG -       [After Latent Recursive] 1 tokens unmasked
2025-10-27 10:46:24,371 - GPU-4 - INFO -   [Cycle 24]
2025-10-27 10:46:24,371 - GPU-4 - DEBUG -     [Latent Recursive] Starting 1 steps of latent thinking
2025-10-27 10:46:24,422 - GPU-4 - DEBUG -       [Latent] Step 1/1
2025-10-27 10:46:24,604 - GPU-4 - DEBUG -       [After Latent Recursive] 1 tokens unmasked
2025-10-27 10:46:24,604 - GPU-4 - INFO -   [Cycle 25]
2025-10-27 10:46:24,604 - GPU-4 - DEBUG -     [Latent Recursive] Starting 1 steps of latent thinking
2025-10-27 10:46:24,655 - GPU-4 - DEBUG -       [Latent] Step 1/1
2025-10-27 10:46:24,837 - GPU-4 - DEBUG -       [After Latent Recursive] 1 tokens unmasked
2025-10-27 10:46:24,838 - GPU-4 - INFO -   [Cycle 26]
2025-10-27 10:46:24,838 - GPU-4 - DEBUG -     [Latent Recursive] Starting 1 steps of latent thinking
2025-10-27 10:46:24,888 - GPU-4 - DEBUG -       [Latent] Step 1/1
2025-10-27 10:46:25,070 - GPU-4 - DEBUG -       [After Latent Recursive] 1 tokens unmasked
2025-10-27 10:46:25,071 - GPU-4 - INFO -   [Cycle 27]
2025-10-27 10:46:25,071 - GPU-4 - DEBUG -     [Latent Recursive] Starting 1 steps of latent thinking
2025-10-27 10:46:25,121 - GPU-4 - DEBUG -       [Latent] Step 1/1
2025-10-27 10:46:25,304 - GPU-4 - DEBUG -       [After Latent Recursive] 1 tokens unmasked
2025-10-27 10:46:25,304 - GPU-4 - INFO -   [Cycle 28]
2025-10-27 10:46:25,304 - GPU-4 - DEBUG -     [Latent Recursive] Starting 1 steps of latent thinking
2025-10-27 10:46:25,355 - GPU-4 - DEBUG -       [Latent] Step 1/1
2025-10-27 10:46:25,537 - GPU-4 - DEBUG -       [After Latent Recursive] 1 tokens unmasked
2025-10-27 10:46:25,537 - GPU-4 - INFO -   [Cycle 29]
2025-10-27 10:46:25,538 - GPU-4 - DEBUG -     [Latent Recursive] Starting 1 steps of latent thinking
2025-10-27 10:46:25,588 - GPU-4 - DEBUG -       [Latent] Step 1/1
2025-10-27 10:46:25,770 - GPU-4 - DEBUG -       [After Latent Recursive] 1 tokens unmasked
2025-10-27 10:46:25,771 - GPU-4 - INFO -   [Cycle 30]
2025-10-27 10:46:25,771 - GPU-4 - DEBUG -     [Latent Recursive] Starting 1 steps of latent thinking
2025-10-27 10:46:25,821 - GPU-4 - DEBUG -       [Latent] Step 1/1
2025-10-27 10:46:26,003 - GPU-4 - DEBUG -       [After Latent Recursive] 1 tokens unmasked
2025-10-27 10:46:26,004 - GPU-4 - INFO -   [Cycle 31]
2025-10-27 10:46:26,004 - GPU-4 - DEBUG -     [Latent Recursive] Starting 1 steps of latent thinking
2025-10-27 10:46:26,054 - GPU-4 - DEBUG -       [Latent] Step 1/1
2025-10-27 10:46:26,236 - GPU-4 - DEBUG -       [After Latent Recursive] 1 tokens unmasked
2025-10-27 10:46:26,237 - GPU-4 - INFO - [Block 10/16] Processing tokens 432-464
2025-10-27 10:46:26,237 - GPU-4 - DEBUG - [Block 9] Before forward: use_cache=True, x.shape=torch.Size([1, 656])
2025-10-27 10:46:26,237 - GPU-4 - DEBUG - [Block 9] Model type: LLaDAModelLM
2025-10-27 10:46:26,237 - GPU-4 - DEBUG - [Block 9] Model config use_cache: True
2025-10-27 10:46:26,261 - GPU-4 - DEBUG - [Block 9] After forward: pkv is None? False
2025-10-27 10:46:26,262 - GPU-4 - DEBUG - [Block 9] out type: CausalLMOutputWithPast
2025-10-27 10:46:26,262 - GPU-4 - DEBUG - [Block 9] pkv type: <class 'list'>, len: 32
2025-10-27 10:46:26,262 - GPU-4 - DEBUG - [Block 9] pkv[0] type: <class 'tuple'>, len: 2
2025-10-27 10:46:26,262 - GPU-4 - DEBUG - [Block 9] pkv[0][0].shape: torch.Size([1, 32, 656, 128])
2025-10-27 10:46:26,358 - GPU-4 - INFO -   [Initial Forward] 1 tokens unmasked
2025-10-27 10:46:26,359 - GPU-4 - INFO -   [Cycle 1]
2025-10-27 10:46:26,359 - GPU-4 - DEBUG -     [Latent Recursive] Starting 1 steps of latent thinking
2025-10-27 10:46:26,410 - GPU-4 - DEBUG -       [Latent] Step 1/1
2025-10-27 10:46:26,589 - GPU-4 - DEBUG -       [After Latent Recursive] 1 tokens unmasked
2025-10-27 10:46:26,590 - GPU-4 - INFO -   [Cycle 2]
2025-10-27 10:46:26,590 - GPU-4 - DEBUG -     [Latent Recursive] Starting 1 steps of latent thinking
2025-10-27 10:46:26,640 - GPU-4 - DEBUG -       [Latent] Step 1/1
2025-10-27 10:46:26,820 - GPU-4 - DEBUG -       [After Latent Recursive] 1 tokens unmasked
2025-10-27 10:46:26,820 - GPU-4 - INFO -   [Cycle 3]
2025-10-27 10:46:26,821 - GPU-4 - DEBUG -     [Latent Recursive] Starting 1 steps of latent thinking
2025-10-27 10:46:26,871 - GPU-4 - DEBUG -       [Latent] Step 1/1
2025-10-27 10:46:27,051 - GPU-4 - DEBUG -       [After Latent Recursive] 1 tokens unmasked
2025-10-27 10:46:27,051 - GPU-4 - INFO -   [Cycle 4]
2025-10-27 10:46:27,052 - GPU-4 - DEBUG -     [Latent Recursive] Starting 1 steps of latent thinking
2025-10-27 10:46:27,102 - GPU-4 - DEBUG -       [Latent] Step 1/1
2025-10-27 10:46:27,282 - GPU-4 - DEBUG -       [After Latent Recursive] 1 tokens unmasked
2025-10-27 10:46:27,283 - GPU-4 - INFO -   [Cycle 5]
2025-10-27 10:46:27,283 - GPU-4 - DEBUG -     [Latent Recursive] Starting 1 steps of latent thinking
2025-10-27 10:46:27,333 - GPU-4 - DEBUG -       [Latent] Step 1/1
2025-10-27 10:46:27,513 - GPU-4 - DEBUG -       [After Latent Recursive] 1 tokens unmasked
2025-10-27 10:46:27,513 - GPU-4 - INFO -   [Cycle 6]
2025-10-27 10:46:27,513 - GPU-4 - DEBUG -     [Latent Recursive] Starting 1 steps of latent thinking
2025-10-27 10:46:27,564 - GPU-4 - DEBUG -       [Latent] Step 1/1
2025-10-27 10:46:27,744 - GPU-4 - DEBUG -       [After Latent Recursive] 1 tokens unmasked
2025-10-27 10:46:27,744 - GPU-4 - INFO -   [Cycle 7]
2025-10-27 10:46:27,744 - GPU-4 - DEBUG -     [Latent Recursive] Starting 1 steps of latent thinking
2025-10-27 10:46:27,794 - GPU-4 - DEBUG -       [Latent] Step 1/1
2025-10-27 10:46:27,974 - GPU-4 - DEBUG -       [After Latent Recursive] 1 tokens unmasked
2025-10-27 10:46:27,975 - GPU-4 - INFO -   [Cycle 8]
2025-10-27 10:46:27,975 - GPU-4 - DEBUG -     [Latent Recursive] Starting 1 steps of latent thinking
2025-10-27 10:46:28,025 - GPU-4 - DEBUG -       [Latent] Step 1/1
2025-10-27 10:46:28,205 - GPU-4 - DEBUG -       [After Latent Recursive] 1 tokens unmasked
2025-10-27 10:46:28,205 - GPU-4 - INFO -   [Cycle 9]
2025-10-27 10:46:28,206 - GPU-4 - DEBUG -     [Latent Recursive] Starting 1 steps of latent thinking
2025-10-27 10:46:28,256 - GPU-4 - DEBUG -       [Latent] Step 1/1
2025-10-27 10:46:28,436 - GPU-4 - DEBUG -       [After Latent Recursive] 1 tokens unmasked
2025-10-27 10:46:28,436 - GPU-4 - INFO -   [Cycle 10]
2025-10-27 10:46:28,436 - GPU-4 - DEBUG -     [Latent Recursive] Starting 1 steps of latent thinking
2025-10-27 10:46:28,487 - GPU-4 - DEBUG -       [Latent] Step 1/1
2025-10-27 10:46:28,667 - GPU-4 - DEBUG -       [After Latent Recursive] 1 tokens unmasked
2025-10-27 10:46:28,667 - GPU-4 - INFO -   [Cycle 11]
2025-10-27 10:46:28,667 - GPU-4 - DEBUG -     [Latent Recursive] Starting 1 steps of latent thinking
2025-10-27 10:46:28,718 - GPU-4 - DEBUG -       [Latent] Step 1/1
2025-10-27 10:46:28,898 - GPU-4 - DEBUG -       [After Latent Recursive] 1 tokens unmasked
2025-10-27 10:46:28,898 - GPU-4 - INFO -   [Cycle 12]
2025-10-27 10:46:28,898 - GPU-4 - DEBUG -     [Latent Recursive] Starting 1 steps of latent thinking
2025-10-27 10:46:28,949 - GPU-4 - DEBUG -       [Latent] Step 1/1
2025-10-27 10:46:29,129 - GPU-4 - DEBUG -       [After Latent Recursive] 1 tokens unmasked
2025-10-27 10:46:29,129 - GPU-4 - INFO -   [Cycle 13]
2025-10-27 10:46:29,129 - GPU-4 - DEBUG -     [Latent Recursive] Starting 1 steps of latent thinking
2025-10-27 10:46:29,179 - GPU-4 - DEBUG -       [Latent] Step 1/1
2025-10-27 10:46:29,359 - GPU-4 - DEBUG -       [After Latent Recursive] 1 tokens unmasked
2025-10-27 10:46:29,360 - GPU-4 - INFO -   [Cycle 14]
2025-10-27 10:46:29,360 - GPU-4 - DEBUG -     [Latent Recursive] Starting 1 steps of latent thinking
2025-10-27 10:46:29,410 - GPU-4 - DEBUG -       [Latent] Step 1/1
2025-10-27 10:46:29,590 - GPU-4 - DEBUG -       [After Latent Recursive] 1 tokens unmasked
2025-10-27 10:46:29,591 - GPU-4 - INFO -   [Cycle 15]
2025-10-27 10:46:29,591 - GPU-4 - DEBUG -     [Latent Recursive] Starting 1 steps of latent thinking
2025-10-27 10:46:29,641 - GPU-4 - DEBUG -       [Latent] Step 1/1
2025-10-27 10:46:29,821 - GPU-4 - DEBUG -       [After Latent Recursive] 1 tokens unmasked
2025-10-27 10:46:29,821 - GPU-4 - INFO -   [Cycle 16]
2025-10-27 10:46:29,822 - GPU-4 - DEBUG -     [Latent Recursive] Starting 1 steps of latent thinking
2025-10-27 10:46:29,872 - GPU-4 - DEBUG -       [Latent] Step 1/1
2025-10-27 10:46:30,052 - GPU-4 - DEBUG -       [After Latent Recursive] 1 tokens unmasked
2025-10-27 10:46:30,053 - GPU-4 - INFO -   [Cycle 17]
2025-10-27 10:46:30,053 - GPU-4 - DEBUG -     [Latent Recursive] Starting 1 steps of latent thinking
2025-10-27 10:46:30,103 - GPU-4 - DEBUG -       [Latent] Step 1/1
2025-10-27 10:46:30,283 - GPU-4 - DEBUG -       [After Latent Recursive] 1 tokens unmasked
2025-10-27 10:46:30,284 - GPU-4 - INFO -   [Cycle 18]
2025-10-27 10:46:30,284 - GPU-4 - DEBUG -     [Latent Recursive] Starting 1 steps of latent thinking
2025-10-27 10:46:30,334 - GPU-4 - DEBUG -       [Latent] Step 1/1
2025-10-27 10:46:30,515 - GPU-4 - DEBUG -       [After Latent Recursive] 1 tokens unmasked
2025-10-27 10:46:30,515 - GPU-4 - INFO -   [Cycle 19]
2025-10-27 10:46:30,515 - GPU-4 - DEBUG -     [Latent Recursive] Starting 1 steps of latent thinking
2025-10-27 10:46:30,566 - GPU-4 - DEBUG -       [Latent] Step 1/1
2025-10-27 10:46:30,745 - GPU-4 - DEBUG -       [After Latent Recursive] 1 tokens unmasked
2025-10-27 10:46:30,746 - GPU-4 - INFO -   [Cycle 20]
2025-10-27 10:46:30,746 - GPU-4 - DEBUG -     [Latent Recursive] Starting 1 steps of latent thinking
2025-10-27 10:46:30,796 - GPU-4 - DEBUG -       [Latent] Step 1/1
2025-10-27 10:46:30,976 - GPU-4 - DEBUG -       [After Latent Recursive] 1 tokens unmasked
2025-10-27 10:46:30,977 - GPU-4 - INFO -   [Cycle 21]
2025-10-27 10:46:30,977 - GPU-4 - DEBUG -     [Latent Recursive] Starting 1 steps of latent thinking
2025-10-27 10:46:31,027 - GPU-4 - DEBUG -       [Latent] Step 1/1
2025-10-27 10:46:31,207 - GPU-4 - DEBUG -       [After Latent Recursive] 1 tokens unmasked
2025-10-27 10:46:31,207 - GPU-4 - INFO -   [Cycle 22]
2025-10-27 10:46:31,207 - GPU-4 - DEBUG -     [Latent Recursive] Starting 1 steps of latent thinking
2025-10-27 10:46:31,258 - GPU-4 - DEBUG -       [Latent] Step 1/1
2025-10-27 10:46:31,438 - GPU-4 - DEBUG -       [After Latent Recursive] 1 tokens unmasked
2025-10-27 10:46:31,438 - GPU-4 - INFO -   [Cycle 23]
2025-10-27 10:46:31,438 - GPU-4 - DEBUG -     [Latent Recursive] Starting 1 steps of latent thinking
2025-10-27 10:46:31,489 - GPU-4 - DEBUG -       [Latent] Step 1/1
2025-10-27 10:46:31,668 - GPU-4 - DEBUG -       [After Latent Recursive] 1 tokens unmasked
2025-10-27 10:46:31,669 - GPU-4 - INFO -   [Cycle 24]
2025-10-27 10:46:31,669 - GPU-4 - DEBUG -     [Latent Recursive] Starting 1 steps of latent thinking
2025-10-27 10:46:31,719 - GPU-4 - DEBUG -       [Latent] Step 1/1
2025-10-27 10:46:31,899 - GPU-4 - DEBUG -       [After Latent Recursive] 1 tokens unmasked
2025-10-27 10:46:31,900 - GPU-4 - INFO -   [Cycle 25]
2025-10-27 10:46:31,900 - GPU-4 - DEBUG -     [Latent Recursive] Starting 1 steps of latent thinking
2025-10-27 10:46:31,951 - GPU-4 - DEBUG -       [Latent] Step 1/1
2025-10-27 10:46:32,130 - GPU-4 - DEBUG -       [After Latent Recursive] 1 tokens unmasked
2025-10-27 10:46:32,131 - GPU-4 - INFO -   [Cycle 26]
2025-10-27 10:46:32,131 - GPU-4 - DEBUG -     [Latent Recursive] Starting 1 steps of latent thinking
2025-10-27 10:46:32,182 - GPU-4 - DEBUG -       [Latent] Step 1/1
2025-10-27 10:46:32,362 - GPU-4 - DEBUG -       [After Latent Recursive] 1 tokens unmasked
2025-10-27 10:46:32,362 - GPU-4 - INFO -   [Cycle 27]
2025-10-27 10:46:32,362 - GPU-4 - DEBUG -     [Latent Recursive] Starting 1 steps of latent thinking
2025-10-27 10:46:32,413 - GPU-4 - DEBUG -       [Latent] Step 1/1
2025-10-27 10:46:32,592 - GPU-4 - DEBUG -       [After Latent Recursive] 1 tokens unmasked
2025-10-27 10:46:32,593 - GPU-4 - INFO -   [Cycle 28]
2025-10-27 10:46:32,593 - GPU-4 - DEBUG -     [Latent Recursive] Starting 1 steps of latent thinking
2025-10-27 10:46:32,644 - GPU-4 - DEBUG -       [Latent] Step 1/1
2025-10-27 10:46:32,824 - GPU-4 - DEBUG -       [After Latent Recursive] 1 tokens unmasked
2025-10-27 10:46:32,824 - GPU-4 - INFO -   [Cycle 29]
2025-10-27 10:46:32,824 - GPU-4 - DEBUG -     [Latent Recursive] Starting 1 steps of latent thinking
2025-10-27 10:46:32,875 - GPU-4 - DEBUG -       [Latent] Step 1/1
2025-10-27 10:46:33,054 - GPU-4 - DEBUG -       [After Latent Recursive] 1 tokens unmasked
2025-10-27 10:46:33,055 - GPU-4 - INFO -   [Cycle 30]
2025-10-27 10:46:33,055 - GPU-4 - DEBUG -     [Latent Recursive] Starting 1 steps of latent thinking
2025-10-27 10:46:33,105 - GPU-4 - DEBUG -       [Latent] Step 1/1
2025-10-27 10:46:33,285 - GPU-4 - DEBUG -       [After Latent Recursive] 1 tokens unmasked
2025-10-27 10:46:33,286 - GPU-4 - INFO -   [Cycle 31]
2025-10-27 10:46:33,286 - GPU-4 - DEBUG -     [Latent Recursive] Starting 1 steps of latent thinking
2025-10-27 10:46:33,337 - GPU-4 - DEBUG -       [Latent] Step 1/1
2025-10-27 10:46:33,516 - GPU-4 - DEBUG -       [After Latent Recursive] 1 tokens unmasked
2025-10-27 10:46:33,517 - GPU-4 - INFO - [Block 11/16] Processing tokens 464-496
2025-10-27 10:46:33,517 - GPU-4 - DEBUG - [Block 10] Before forward: use_cache=True, x.shape=torch.Size([1, 656])
2025-10-27 10:46:33,517 - GPU-4 - DEBUG - [Block 10] Model type: LLaDAModelLM
2025-10-27 10:46:33,517 - GPU-4 - DEBUG - [Block 10] Model config use_cache: True
2025-10-27 10:46:33,542 - GPU-4 - DEBUG - [Block 10] After forward: pkv is None? False
2025-10-27 10:46:33,542 - GPU-4 - DEBUG - [Block 10] out type: CausalLMOutputWithPast
2025-10-27 10:46:33,542 - GPU-4 - DEBUG - [Block 10] pkv type: <class 'list'>, len: 32
2025-10-27 10:46:33,542 - GPU-4 - DEBUG - [Block 10] pkv[0] type: <class 'tuple'>, len: 2
2025-10-27 10:46:33,542 - GPU-4 - DEBUG - [Block 10] pkv[0][0].shape: torch.Size([1, 32, 656, 128])
2025-10-27 10:46:33,639 - GPU-4 - INFO -   [Initial Forward] 1 tokens unmasked
2025-10-27 10:46:33,639 - GPU-4 - INFO -   [Cycle 1]
2025-10-27 10:46:33,639 - GPU-4 - DEBUG -     [Latent Recursive] Starting 1 steps of latent thinking
2025-10-27 10:46:33,690 - GPU-4 - DEBUG -       [Latent] Step 1/1
2025-10-27 10:46:33,869 - GPU-4 - DEBUG -       [After Latent Recursive] 1 tokens unmasked
2025-10-27 10:46:33,869 - GPU-4 - INFO -   [Cycle 2]
2025-10-27 10:46:33,869 - GPU-4 - DEBUG -     [Latent Recursive] Starting 1 steps of latent thinking
2025-10-27 10:46:33,920 - GPU-4 - DEBUG -       [Latent] Step 1/1
2025-10-27 10:46:34,099 - GPU-4 - DEBUG -       [After Latent Recursive] 1 tokens unmasked
2025-10-27 10:46:34,099 - GPU-4 - INFO -   [Cycle 3]
2025-10-27 10:46:34,100 - GPU-4 - DEBUG -     [Latent Recursive] Starting 1 steps of latent thinking
2025-10-27 10:46:34,150 - GPU-4 - DEBUG -       [Latent] Step 1/1
2025-10-27 10:46:34,329 - GPU-4 - DEBUG -       [After Latent Recursive] 1 tokens unmasked
2025-10-27 10:46:34,329 - GPU-4 - INFO -   [Cycle 4]
2025-10-27 10:46:34,329 - GPU-4 - DEBUG -     [Latent Recursive] Starting 1 steps of latent thinking
2025-10-27 10:46:34,380 - GPU-4 - DEBUG -       [Latent] Step 1/1
2025-10-27 10:46:34,559 - GPU-4 - DEBUG -       [After Latent Recursive] 1 tokens unmasked
2025-10-27 10:46:34,559 - GPU-4 - INFO -   [Cycle 5]
2025-10-27 10:46:34,560 - GPU-4 - DEBUG -     [Latent Recursive] Starting 1 steps of latent thinking
2025-10-27 10:46:34,610 - GPU-4 - DEBUG -       [Latent] Step 1/1
2025-10-27 10:46:34,789 - GPU-4 - DEBUG -       [After Latent Recursive] 1 tokens unmasked
2025-10-27 10:46:34,789 - GPU-4 - INFO -   [Cycle 6]
2025-10-27 10:46:34,790 - GPU-4 - DEBUG -     [Latent Recursive] Starting 1 steps of latent thinking
2025-10-27 10:46:34,840 - GPU-4 - DEBUG -       [Latent] Step 1/1
2025-10-27 10:46:35,019 - GPU-4 - DEBUG -       [After Latent Recursive] 1 tokens unmasked
2025-10-27 10:46:35,020 - GPU-4 - INFO -   [Cycle 7]
2025-10-27 10:46:35,020 - GPU-4 - DEBUG -     [Latent Recursive] Starting 1 steps of latent thinking
2025-10-27 10:46:35,070 - GPU-4 - DEBUG -       [Latent] Step 1/1
2025-10-27 10:46:35,249 - GPU-4 - DEBUG -       [After Latent Recursive] 1 tokens unmasked
2025-10-27 10:46:35,249 - GPU-4 - INFO -   [Cycle 8]
2025-10-27 10:46:35,249 - GPU-4 - DEBUG -     [Latent Recursive] Starting 1 steps of latent thinking
2025-10-27 10:46:35,300 - GPU-4 - DEBUG -       [Latent] Step 1/1
2025-10-27 10:46:35,479 - GPU-4 - DEBUG -       [After Latent Recursive] 1 tokens unmasked
2025-10-27 10:46:35,479 - GPU-4 - INFO -   [Cycle 9]
2025-10-27 10:46:35,480 - GPU-4 - DEBUG -     [Latent Recursive] Starting 1 steps of latent thinking
2025-10-27 10:46:35,530 - GPU-4 - DEBUG -       [Latent] Step 1/1
2025-10-27 10:46:35,709 - GPU-4 - DEBUG -       [After Latent Recursive] 1 tokens unmasked
2025-10-27 10:46:35,709 - GPU-4 - INFO -   [Cycle 10]
2025-10-27 10:46:35,710 - GPU-4 - DEBUG -     [Latent Recursive] Starting 1 steps of latent thinking
2025-10-27 10:46:35,760 - GPU-4 - DEBUG -       [Latent] Step 1/1
2025-10-27 10:46:35,939 - GPU-4 - DEBUG -       [After Latent Recursive] 1 tokens unmasked
2025-10-27 10:46:35,940 - GPU-4 - INFO -   [Cycle 11]
2025-10-27 10:46:35,940 - GPU-4 - DEBUG -     [Latent Recursive] Starting 1 steps of latent thinking
2025-10-27 10:46:35,990 - GPU-4 - DEBUG -       [Latent] Step 1/1
2025-10-27 10:46:36,169 - GPU-4 - DEBUG -       [After Latent Recursive] 1 tokens unmasked
2025-10-27 10:46:36,170 - GPU-4 - INFO -   [Cycle 12]
2025-10-27 10:46:36,170 - GPU-4 - DEBUG -     [Latent Recursive] Starting 1 steps of latent thinking
2025-10-27 10:46:36,220 - GPU-4 - DEBUG -       [Latent] Step 1/1
2025-10-27 10:46:36,400 - GPU-4 - DEBUG -       [After Latent Recursive] 1 tokens unmasked
2025-10-27 10:46:36,400 - GPU-4 - INFO -   [Cycle 13]
2025-10-27 10:46:36,400 - GPU-4 - DEBUG -     [Latent Recursive] Starting 1 steps of latent thinking
2025-10-27 10:46:36,451 - GPU-4 - DEBUG -       [Latent] Step 1/1
2025-10-27 10:46:36,630 - GPU-4 - DEBUG -       [After Latent Recursive] 1 tokens unmasked
2025-10-27 10:46:36,630 - GPU-4 - INFO -   [Cycle 14]
2025-10-27 10:46:36,630 - GPU-4 - DEBUG -     [Latent Recursive] Starting 1 steps of latent thinking
2025-10-27 10:46:36,681 - GPU-4 - DEBUG -       [Latent] Step 1/1
2025-10-27 10:46:36,860 - GPU-4 - DEBUG -       [After Latent Recursive] 1 tokens unmasked
2025-10-27 10:46:36,860 - GPU-4 - INFO -   [Cycle 15]
2025-10-27 10:46:36,860 - GPU-4 - DEBUG -     [Latent Recursive] Starting 1 steps of latent thinking
2025-10-27 10:46:36,911 - GPU-4 - DEBUG -       [Latent] Step 1/1
2025-10-27 10:46:37,090 - GPU-4 - DEBUG -       [After Latent Recursive] 1 tokens unmasked
2025-10-27 10:46:37,090 - GPU-4 - INFO -   [Cycle 16]
2025-10-27 10:46:37,090 - GPU-4 - DEBUG -     [Latent Recursive] Starting 1 steps of latent thinking
2025-10-27 10:46:37,141 - GPU-4 - DEBUG -       [Latent] Step 1/1
2025-10-27 10:46:37,320 - GPU-4 - DEBUG -       [After Latent Recursive] 1 tokens unmasked
2025-10-27 10:46:37,320 - GPU-4 - INFO -   [Cycle 17]
2025-10-27 10:46:37,321 - GPU-4 - DEBUG -     [Latent Recursive] Starting 1 steps of latent thinking
2025-10-27 10:46:37,371 - GPU-4 - DEBUG -       [Latent] Step 1/1
2025-10-27 10:46:37,550 - GPU-4 - DEBUG -       [After Latent Recursive] 1 tokens unmasked
2025-10-27 10:46:37,550 - GPU-4 - INFO -   [Cycle 18]
2025-10-27 10:46:37,551 - GPU-4 - DEBUG -     [Latent Recursive] Starting 1 steps of latent thinking
2025-10-27 10:46:37,601 - GPU-4 - DEBUG -       [Latent] Step 1/1
2025-10-27 10:46:37,780 - GPU-4 - DEBUG -       [After Latent Recursive] 1 tokens unmasked
2025-10-27 10:46:37,780 - GPU-4 - INFO -   [Cycle 19]
2025-10-27 10:46:37,780 - GPU-4 - DEBUG -     [Latent Recursive] Starting 1 steps of latent thinking
2025-10-27 10:46:37,831 - GPU-4 - DEBUG -       [Latent] Step 1/1
2025-10-27 10:46:38,010 - GPU-4 - DEBUG -       [After Latent Recursive] 1 tokens unmasked
2025-10-27 10:46:38,010 - GPU-4 - INFO -   [Cycle 20]
2025-10-27 10:46:38,011 - GPU-4 - DEBUG -     [Latent Recursive] Starting 1 steps of latent thinking
2025-10-27 10:46:38,061 - GPU-4 - DEBUG -       [Latent] Step 1/1
2025-10-27 10:46:38,240 - GPU-4 - DEBUG -       [After Latent Recursive] 1 tokens unmasked
2025-10-27 10:46:38,241 - GPU-4 - INFO -   [Cycle 21]
2025-10-27 10:46:38,241 - GPU-4 - DEBUG -     [Latent Recursive] Starting 1 steps of latent thinking
2025-10-27 10:46:38,291 - GPU-4 - DEBUG -       [Latent] Step 1/1
2025-10-27 10:46:38,470 - GPU-4 - DEBUG -       [After Latent Recursive] 1 tokens unmasked
2025-10-27 10:46:38,471 - GPU-4 - INFO -   [Cycle 22]
2025-10-27 10:46:38,471 - GPU-4 - DEBUG -     [Latent Recursive] Starting 1 steps of latent thinking
2025-10-27 10:46:38,521 - GPU-4 - DEBUG -       [Latent] Step 1/1
2025-10-27 10:46:38,700 - GPU-4 - DEBUG -       [After Latent Recursive] 1 tokens unmasked
2025-10-27 10:46:38,701 - GPU-4 - INFO -   [Cycle 23]
2025-10-27 10:46:38,701 - GPU-4 - DEBUG -     [Latent Recursive] Starting 1 steps of latent thinking
2025-10-27 10:46:38,752 - GPU-4 - DEBUG -       [Latent] Step 1/1
2025-10-27 10:46:38,931 - GPU-4 - DEBUG -       [After Latent Recursive] 1 tokens unmasked
2025-10-27 10:46:38,931 - GPU-4 - INFO -   [Cycle 24]
2025-10-27 10:46:38,931 - GPU-4 - DEBUG -     [Latent Recursive] Starting 1 steps of latent thinking
2025-10-27 10:46:38,982 - GPU-4 - DEBUG -       [Latent] Step 1/1
2025-10-27 10:46:39,161 - GPU-4 - DEBUG -       [After Latent Recursive] 1 tokens unmasked
2025-10-27 10:46:39,161 - GPU-4 - INFO -   [Cycle 25]
2025-10-27 10:46:39,161 - GPU-4 - DEBUG -     [Latent Recursive] Starting 1 steps of latent thinking
2025-10-27 10:46:39,212 - GPU-4 - DEBUG -       [Latent] Step 1/1
2025-10-27 10:46:39,391 - GPU-4 - DEBUG -       [After Latent Recursive] 1 tokens unmasked
2025-10-27 10:46:39,391 - GPU-4 - INFO -   [Cycle 26]
2025-10-27 10:46:39,391 - GPU-4 - DEBUG -     [Latent Recursive] Starting 1 steps of latent thinking
2025-10-27 10:46:39,442 - GPU-4 - DEBUG -       [Latent] Step 1/1
2025-10-27 10:46:39,621 - GPU-4 - DEBUG -       [After Latent Recursive] 1 tokens unmasked
2025-10-27 10:46:39,621 - GPU-4 - INFO -   [Cycle 27]
2025-10-27 10:46:39,621 - GPU-4 - DEBUG -     [Latent Recursive] Starting 1 steps of latent thinking
2025-10-27 10:46:39,672 - GPU-4 - DEBUG -       [Latent] Step 1/1
2025-10-27 10:46:39,851 - GPU-4 - DEBUG -       [After Latent Recursive] 1 tokens unmasked
2025-10-27 10:46:39,851 - GPU-4 - INFO -   [Cycle 28]
2025-10-27 10:46:39,851 - GPU-4 - DEBUG -     [Latent Recursive] Starting 1 steps of latent thinking
2025-10-27 10:46:39,902 - GPU-4 - DEBUG -       [Latent] Step 1/1
2025-10-27 10:46:40,081 - GPU-4 - DEBUG -       [After Latent Recursive] 1 tokens unmasked
2025-10-27 10:46:40,081 - GPU-4 - INFO -   [Cycle 29]
2025-10-27 10:46:40,081 - GPU-4 - DEBUG -     [Latent Recursive] Starting 1 steps of latent thinking
2025-10-27 10:46:40,132 - GPU-4 - DEBUG -       [Latent] Step 1/1
2025-10-27 10:46:40,311 - GPU-4 - DEBUG -       [After Latent Recursive] 1 tokens unmasked
2025-10-27 10:46:40,311 - GPU-4 - INFO -   [Cycle 30]
2025-10-27 10:46:40,312 - GPU-4 - DEBUG -     [Latent Recursive] Starting 1 steps of latent thinking
2025-10-27 10:46:40,362 - GPU-4 - DEBUG -       [Latent] Step 1/1
2025-10-27 10:46:40,541 - GPU-4 - DEBUG -       [After Latent Recursive] 1 tokens unmasked
2025-10-27 10:46:40,541 - GPU-4 - INFO -   [Cycle 31]
2025-10-27 10:46:40,542 - GPU-4 - DEBUG -     [Latent Recursive] Starting 1 steps of latent thinking
2025-10-27 10:46:40,592 - GPU-4 - DEBUG -       [Latent] Step 1/1
2025-10-27 10:46:40,771 - GPU-4 - DEBUG -       [After Latent Recursive] 1 tokens unmasked
2025-10-27 10:46:40,772 - GPU-4 - INFO - [Block 12/16] Processing tokens 496-528
2025-10-27 10:46:40,772 - GPU-4 - DEBUG - [Block 11] Before forward: use_cache=True, x.shape=torch.Size([1, 656])
2025-10-27 10:46:40,772 - GPU-4 - DEBUG - [Block 11] Model type: LLaDAModelLM
2025-10-27 10:46:40,772 - GPU-4 - DEBUG - [Block 11] Model config use_cache: True
2025-10-27 10:46:40,796 - GPU-4 - DEBUG - [Block 11] After forward: pkv is None? False
2025-10-27 10:46:40,797 - GPU-4 - DEBUG - [Block 11] out type: CausalLMOutputWithPast
2025-10-27 10:46:40,797 - GPU-4 - DEBUG - [Block 11] pkv type: <class 'list'>, len: 32
2025-10-27 10:46:40,797 - GPU-4 - DEBUG - [Block 11] pkv[0] type: <class 'tuple'>, len: 2
2025-10-27 10:46:40,797 - GPU-4 - DEBUG - [Block 11] pkv[0][0].shape: torch.Size([1, 32, 656, 128])
2025-10-27 10:46:40,893 - GPU-4 - INFO -   [Initial Forward] 1 tokens unmasked
2025-10-27 10:46:40,894 - GPU-4 - INFO -   [Cycle 1]
2025-10-27 10:46:40,894 - GPU-4 - DEBUG -     [Latent Recursive] Starting 1 steps of latent thinking
2025-10-27 10:46:40,945 - GPU-4 - DEBUG -       [Latent] Step 1/1
2025-10-27 10:46:41,123 - GPU-4 - DEBUG -       [After Latent Recursive] 1 tokens unmasked
2025-10-27 10:46:41,123 - GPU-4 - INFO -   [Cycle 2]
2025-10-27 10:46:41,123 - GPU-4 - DEBUG -     [Latent Recursive] Starting 1 steps of latent thinking
2025-10-27 10:46:41,174 - GPU-4 - DEBUG -       [Latent] Step 1/1
2025-10-27 10:46:41,352 - GPU-4 - DEBUG -       [After Latent Recursive] 1 tokens unmasked
2025-10-27 10:46:41,352 - GPU-4 - INFO -   [Cycle 3]
2025-10-27 10:46:41,352 - GPU-4 - DEBUG -     [Latent Recursive] Starting 1 steps of latent thinking
2025-10-27 10:46:41,403 - GPU-4 - DEBUG -       [Latent] Step 1/1
2025-10-27 10:46:41,581 - GPU-4 - DEBUG -       [After Latent Recursive] 1 tokens unmasked
2025-10-27 10:46:41,581 - GPU-4 - INFO -   [Cycle 4]
2025-10-27 10:46:41,581 - GPU-4 - DEBUG -     [Latent Recursive] Starting 1 steps of latent thinking
2025-10-27 10:46:41,632 - GPU-4 - DEBUG -       [Latent] Step 1/1
2025-10-27 10:46:41,810 - GPU-4 - DEBUG -       [After Latent Recursive] 1 tokens unmasked
2025-10-27 10:46:41,810 - GPU-4 - INFO -   [Cycle 5]
2025-10-27 10:46:41,810 - GPU-4 - DEBUG -     [Latent Recursive] Starting 1 steps of latent thinking
2025-10-27 10:46:41,861 - GPU-4 - DEBUG -       [Latent] Step 1/1
2025-10-27 10:46:42,039 - GPU-4 - DEBUG -       [After Latent Recursive] 1 tokens unmasked
2025-10-27 10:46:42,040 - GPU-4 - INFO -   [Cycle 6]
2025-10-27 10:46:42,040 - GPU-4 - DEBUG -     [Latent Recursive] Starting 1 steps of latent thinking
2025-10-27 10:46:42,090 - GPU-4 - DEBUG -       [Latent] Step 1/1
2025-10-27 10:46:42,268 - GPU-4 - DEBUG -       [After Latent Recursive] 1 tokens unmasked
2025-10-27 10:46:42,269 - GPU-4 - INFO -   [Cycle 7]
2025-10-27 10:46:42,269 - GPU-4 - DEBUG -     [Latent Recursive] Starting 1 steps of latent thinking
2025-10-27 10:46:42,319 - GPU-4 - DEBUG -       [Latent] Step 1/1
2025-10-27 10:46:42,497 - GPU-4 - DEBUG -       [After Latent Recursive] 1 tokens unmasked
2025-10-27 10:46:42,498 - GPU-4 - INFO -   [Cycle 8]
2025-10-27 10:46:42,498 - GPU-4 - DEBUG -     [Latent Recursive] Starting 1 steps of latent thinking
2025-10-27 10:46:42,549 - GPU-4 - DEBUG -       [Latent] Step 1/1
2025-10-27 10:46:42,727 - GPU-4 - DEBUG -       [After Latent Recursive] 1 tokens unmasked
2025-10-27 10:46:42,727 - GPU-4 - INFO -   [Cycle 9]
2025-10-27 10:46:42,727 - GPU-4 - DEBUG -     [Latent Recursive] Starting 1 steps of latent thinking
2025-10-27 10:46:42,778 - GPU-4 - DEBUG -       [Latent] Step 1/1
2025-10-27 10:46:42,956 - GPU-4 - DEBUG -       [After Latent Recursive] 1 tokens unmasked
2025-10-27 10:46:42,957 - GPU-4 - INFO -   [Cycle 10]
2025-10-27 10:46:42,957 - GPU-4 - DEBUG -     [Latent Recursive] Starting 1 steps of latent thinking
2025-10-27 10:46:43,007 - GPU-4 - DEBUG -       [Latent] Step 1/1
2025-10-27 10:46:43,185 - GPU-4 - DEBUG -       [After Latent Recursive] 1 tokens unmasked
2025-10-27 10:46:43,186 - GPU-4 - INFO -   [Cycle 11]
2025-10-27 10:46:43,186 - GPU-4 - DEBUG -     [Latent Recursive] Starting 1 steps of latent thinking
2025-10-27 10:46:43,236 - GPU-4 - DEBUG -       [Latent] Step 1/1
2025-10-27 10:46:43,415 - GPU-4 - DEBUG -       [After Latent Recursive] 1 tokens unmasked
2025-10-27 10:46:43,415 - GPU-4 - INFO -   [Cycle 12]
2025-10-27 10:46:43,415 - GPU-4 - DEBUG -     [Latent Recursive] Starting 1 steps of latent thinking
2025-10-27 10:46:43,466 - GPU-4 - DEBUG -       [Latent] Step 1/1
2025-10-27 10:46:43,644 - GPU-4 - DEBUG -       [After Latent Recursive] 1 tokens unmasked
2025-10-27 10:46:43,644 - GPU-4 - INFO -   [Cycle 13]
2025-10-27 10:46:43,644 - GPU-4 - DEBUG -     [Latent Recursive] Starting 1 steps of latent thinking
2025-10-27 10:46:43,695 - GPU-4 - DEBUG -       [Latent] Step 1/1
2025-10-27 10:46:43,873 - GPU-4 - DEBUG -       [After Latent Recursive] 1 tokens unmasked
2025-10-27 10:46:43,873 - GPU-4 - INFO -   [Cycle 14]
2025-10-27 10:46:43,874 - GPU-4 - DEBUG -     [Latent Recursive] Starting 1 steps of latent thinking
2025-10-27 10:46:43,924 - GPU-4 - DEBUG -       [Latent] Step 1/1
2025-10-27 10:46:44,102 - GPU-4 - DEBUG -       [After Latent Recursive] 1 tokens unmasked
2025-10-27 10:46:44,103 - GPU-4 - INFO -   [Cycle 15]
2025-10-27 10:46:44,103 - GPU-4 - DEBUG -     [Latent Recursive] Starting 1 steps of latent thinking
2025-10-27 10:46:44,153 - GPU-4 - DEBUG -       [Latent] Step 1/1
2025-10-27 10:46:44,331 - GPU-4 - DEBUG -       [After Latent Recursive] 1 tokens unmasked
2025-10-27 10:46:44,332 - GPU-4 - INFO -   [Cycle 16]
2025-10-27 10:46:44,332 - GPU-4 - DEBUG -     [Latent Recursive] Starting 1 steps of latent thinking
2025-10-27 10:46:44,383 - GPU-4 - DEBUG -       [Latent] Step 1/1
2025-10-27 10:46:44,561 - GPU-4 - DEBUG -       [After Latent Recursive] 1 tokens unmasked
2025-10-27 10:46:44,561 - GPU-4 - INFO -   [Cycle 17]
2025-10-27 10:46:44,561 - GPU-4 - DEBUG -     [Latent Recursive] Starting 1 steps of latent thinking
2025-10-27 10:46:44,612 - GPU-4 - DEBUG -       [Latent] Step 1/1
2025-10-27 10:46:44,790 - GPU-4 - DEBUG -       [After Latent Recursive] 1 tokens unmasked
2025-10-27 10:46:44,790 - GPU-4 - INFO -   [Cycle 18]
2025-10-27 10:46:44,791 - GPU-4 - DEBUG -     [Latent Recursive] Starting 1 steps of latent thinking
2025-10-27 10:46:44,841 - GPU-4 - DEBUG -       [Latent] Step 1/1
2025-10-27 10:46:45,019 - GPU-4 - DEBUG -       [After Latent Recursive] 1 tokens unmasked
2025-10-27 10:46:45,019 - GPU-4 - INFO -   [Cycle 19]
2025-10-27 10:46:45,020 - GPU-4 - DEBUG -     [Latent Recursive] Starting 1 steps of latent thinking
2025-10-27 10:46:45,070 - GPU-4 - DEBUG -       [Latent] Step 1/1
2025-10-27 10:46:45,248 - GPU-4 - DEBUG -       [After Latent Recursive] 1 tokens unmasked
2025-10-27 10:46:45,249 - GPU-4 - INFO -   [Cycle 20]
2025-10-27 10:46:45,249 - GPU-4 - DEBUG -     [Latent Recursive] Starting 1 steps of latent thinking
2025-10-27 10:46:45,299 - GPU-4 - DEBUG -       [Latent] Step 1/1
2025-10-27 10:46:45,477 - GPU-4 - DEBUG -       [After Latent Recursive] 1 tokens unmasked
2025-10-27 10:46:45,478 - GPU-4 - INFO -   [Cycle 21]
2025-10-27 10:46:45,478 - GPU-4 - DEBUG -     [Latent Recursive] Starting 1 steps of latent thinking
2025-10-27 10:46:45,528 - GPU-4 - DEBUG -       [Latent] Step 1/1
2025-10-27 10:46:45,707 - GPU-4 - DEBUG -       [After Latent Recursive] 1 tokens unmasked
2025-10-27 10:46:45,707 - GPU-4 - INFO -   [Cycle 22]
2025-10-27 10:46:45,707 - GPU-4 - DEBUG -     [Latent Recursive] Starting 1 steps of latent thinking
2025-10-27 10:46:45,758 - GPU-4 - DEBUG -       [Latent] Step 1/1
2025-10-27 10:46:45,936 - GPU-4 - DEBUG -       [After Latent Recursive] 1 tokens unmasked
2025-10-27 10:46:45,936 - GPU-4 - INFO -   [Cycle 23]
2025-10-27 10:46:45,936 - GPU-4 - DEBUG -     [Latent Recursive] Starting 1 steps of latent thinking
2025-10-27 10:46:45,987 - GPU-4 - DEBUG -       [Latent] Step 1/1
2025-10-27 10:46:46,165 - GPU-4 - DEBUG -       [After Latent Recursive] 1 tokens unmasked
2025-10-27 10:46:46,165 - GPU-4 - INFO -   [Cycle 24]
2025-10-27 10:46:46,166 - GPU-4 - DEBUG -     [Latent Recursive] Starting 1 steps of latent thinking
2025-10-27 10:46:46,216 - GPU-4 - DEBUG -       [Latent] Step 1/1
2025-10-27 10:46:46,394 - GPU-4 - DEBUG -       [After Latent Recursive] 1 tokens unmasked
2025-10-27 10:46:46,394 - GPU-4 - INFO -   [Cycle 25]
2025-10-27 10:46:46,395 - GPU-4 - DEBUG -     [Latent Recursive] Starting 1 steps of latent thinking
2025-10-27 10:46:46,445 - GPU-4 - DEBUG -       [Latent] Step 1/1
2025-10-27 10:46:46,624 - GPU-4 - DEBUG -       [After Latent Recursive] 1 tokens unmasked
2025-10-27 10:46:46,624 - GPU-4 - INFO -   [Cycle 26]
2025-10-27 10:46:46,624 - GPU-4 - DEBUG -     [Latent Recursive] Starting 1 steps of latent thinking
2025-10-27 10:46:46,675 - GPU-4 - DEBUG -       [Latent] Step 1/1
2025-10-27 10:46:46,853 - GPU-4 - DEBUG -       [After Latent Recursive] 1 tokens unmasked
2025-10-27 10:46:46,853 - GPU-4 - INFO -   [Cycle 27]
2025-10-27 10:46:46,853 - GPU-4 - DEBUG -     [Latent Recursive] Starting 1 steps of latent thinking
2025-10-27 10:46:46,904 - GPU-4 - DEBUG -       [Latent] Step 1/1
2025-10-27 10:46:47,082 - GPU-4 - DEBUG -       [After Latent Recursive] 1 tokens unmasked
2025-10-27 10:46:47,082 - GPU-4 - INFO -   [Cycle 28]
2025-10-27 10:46:47,082 - GPU-4 - DEBUG -     [Latent Recursive] Starting 1 steps of latent thinking
2025-10-27 10:46:47,133 - GPU-4 - DEBUG -       [Latent] Step 1/1
2025-10-27 10:46:47,311 - GPU-4 - DEBUG -       [After Latent Recursive] 1 tokens unmasked
2025-10-27 10:46:47,311 - GPU-4 - INFO -   [Cycle 29]
2025-10-27 10:46:47,311 - GPU-4 - DEBUG -     [Latent Recursive] Starting 1 steps of latent thinking
2025-10-27 10:46:47,362 - GPU-4 - DEBUG -       [Latent] Step 1/1
2025-10-27 10:46:47,540 - GPU-4 - DEBUG -       [After Latent Recursive] 1 tokens unmasked
2025-10-27 10:46:47,541 - GPU-4 - INFO -   [Cycle 30]
2025-10-27 10:46:47,541 - GPU-4 - DEBUG -     [Latent Recursive] Starting 1 steps of latent thinking
2025-10-27 10:46:47,591 - GPU-4 - DEBUG -       [Latent] Step 1/1
2025-10-27 10:46:47,769 - GPU-4 - DEBUG -       [After Latent Recursive] 1 tokens unmasked
2025-10-27 10:46:47,769 - GPU-4 - INFO -   [Cycle 31]
2025-10-27 10:46:47,770 - GPU-4 - DEBUG -     [Latent Recursive] Starting 1 steps of latent thinking
2025-10-27 10:46:47,820 - GPU-4 - DEBUG -       [Latent] Step 1/1
2025-10-27 10:46:47,998 - GPU-4 - DEBUG -       [After Latent Recursive] 1 tokens unmasked
2025-10-27 10:46:47,999 - GPU-4 - INFO - [Block 13/16] Processing tokens 528-560
2025-10-27 10:46:47,999 - GPU-4 - DEBUG - [Block 12] Before forward: use_cache=True, x.shape=torch.Size([1, 656])
2025-10-27 10:46:47,999 - GPU-4 - DEBUG - [Block 12] Model type: LLaDAModelLM
2025-10-27 10:46:47,999 - GPU-4 - DEBUG - [Block 12] Model config use_cache: True
2025-10-27 10:46:48,023 - GPU-4 - DEBUG - [Block 12] After forward: pkv is None? False
2025-10-27 10:46:48,024 - GPU-4 - DEBUG - [Block 12] out type: CausalLMOutputWithPast
2025-10-27 10:46:48,024 - GPU-4 - DEBUG - [Block 12] pkv type: <class 'list'>, len: 32
2025-10-27 10:46:48,024 - GPU-4 - DEBUG - [Block 12] pkv[0] type: <class 'tuple'>, len: 2
2025-10-27 10:46:48,024 - GPU-4 - DEBUG - [Block 12] pkv[0][0].shape: torch.Size([1, 32, 656, 128])
2025-10-27 10:46:48,120 - GPU-4 - INFO -   [Initial Forward] 1 tokens unmasked
2025-10-27 10:46:48,121 - GPU-4 - INFO -   [Cycle 1]
2025-10-27 10:46:48,121 - GPU-4 - DEBUG -     [Latent Recursive] Starting 1 steps of latent thinking
2025-10-27 10:46:48,172 - GPU-4 - DEBUG -       [Latent] Step 1/1
2025-10-27 10:46:48,348 - GPU-4 - DEBUG -       [After Latent Recursive] 1 tokens unmasked
2025-10-27 10:46:48,348 - GPU-4 - INFO -   [Cycle 2]
2025-10-27 10:46:48,348 - GPU-4 - DEBUG -     [Latent Recursive] Starting 1 steps of latent thinking
2025-10-27 10:46:48,399 - GPU-4 - DEBUG -       [Latent] Step 1/1
2025-10-27 10:46:48,574 - GPU-4 - DEBUG -       [After Latent Recursive] 1 tokens unmasked
2025-10-27 10:46:48,575 - GPU-4 - INFO -   [Cycle 3]
2025-10-27 10:46:48,575 - GPU-4 - DEBUG -     [Latent Recursive] Starting 1 steps of latent thinking
2025-10-27 10:46:48,625 - GPU-4 - DEBUG -       [Latent] Step 1/1
2025-10-27 10:46:48,801 - GPU-4 - DEBUG -       [After Latent Recursive] 1 tokens unmasked
2025-10-27 10:46:48,802 - GPU-4 - INFO -   [Cycle 4]
2025-10-27 10:46:48,802 - GPU-4 - DEBUG -     [Latent Recursive] Starting 1 steps of latent thinking
2025-10-27 10:46:48,852 - GPU-4 - DEBUG -       [Latent] Step 1/1
2025-10-27 10:46:49,028 - GPU-4 - DEBUG -       [After Latent Recursive] 1 tokens unmasked
2025-10-27 10:46:49,029 - GPU-4 - INFO -   [Cycle 5]
2025-10-27 10:46:49,029 - GPU-4 - DEBUG -     [Latent Recursive] Starting 1 steps of latent thinking
2025-10-27 10:46:49,079 - GPU-4 - DEBUG -       [Latent] Step 1/1
2025-10-27 10:46:49,255 - GPU-4 - DEBUG -       [After Latent Recursive] 1 tokens unmasked
2025-10-27 10:46:49,256 - GPU-4 - INFO -   [Cycle 6]
2025-10-27 10:46:49,256 - GPU-4 - DEBUG -     [Latent Recursive] Starting 1 steps of latent thinking
2025-10-27 10:46:49,307 - GPU-4 - DEBUG -       [Latent] Step 1/1
2025-10-27 10:46:49,482 - GPU-4 - DEBUG -       [After Latent Recursive] 1 tokens unmasked
2025-10-27 10:46:49,483 - GPU-4 - INFO -   [Cycle 7]
2025-10-27 10:46:49,483 - GPU-4 - DEBUG -     [Latent Recursive] Starting 1 steps of latent thinking
2025-10-27 10:46:49,533 - GPU-4 - DEBUG -       [Latent] Step 1/1
2025-10-27 10:46:49,709 - GPU-4 - DEBUG -       [After Latent Recursive] 1 tokens unmasked
2025-10-27 10:46:49,709 - GPU-4 - INFO -   [Cycle 8]
2025-10-27 10:46:49,710 - GPU-4 - DEBUG -     [Latent Recursive] Starting 1 steps of latent thinking
2025-10-27 10:46:49,760 - GPU-4 - DEBUG -       [Latent] Step 1/1
2025-10-27 10:46:49,936 - GPU-4 - DEBUG -       [After Latent Recursive] 1 tokens unmasked
2025-10-27 10:46:49,936 - GPU-4 - INFO -   [Cycle 9]
2025-10-27 10:46:49,936 - GPU-4 - DEBUG -     [Latent Recursive] Starting 1 steps of latent thinking
2025-10-27 10:46:49,987 - GPU-4 - DEBUG -       [Latent] Step 1/1
2025-10-27 10:46:50,163 - GPU-4 - DEBUG -       [After Latent Recursive] 1 tokens unmasked
2025-10-27 10:46:50,163 - GPU-4 - INFO -   [Cycle 10]
2025-10-27 10:46:50,163 - GPU-4 - DEBUG -     [Latent Recursive] Starting 1 steps of latent thinking
2025-10-27 10:46:50,213 - GPU-4 - DEBUG -       [Latent] Step 1/1
2025-10-27 10:46:50,389 - GPU-4 - DEBUG -       [After Latent Recursive] 1 tokens unmasked
2025-10-27 10:46:50,390 - GPU-4 - INFO -   [Cycle 11]
2025-10-27 10:46:50,390 - GPU-4 - DEBUG -     [Latent Recursive] Starting 1 steps of latent thinking
2025-10-27 10:46:50,440 - GPU-4 - DEBUG -       [Latent] Step 1/1
2025-10-27 10:46:50,616 - GPU-4 - DEBUG -       [After Latent Recursive] 1 tokens unmasked
2025-10-27 10:46:50,616 - GPU-4 - INFO -   [Cycle 12]
2025-10-27 10:46:50,617 - GPU-4 - DEBUG -     [Latent Recursive] Starting 1 steps of latent thinking
2025-10-27 10:46:50,667 - GPU-4 - DEBUG -       [Latent] Step 1/1
2025-10-27 10:46:50,843 - GPU-4 - DEBUG -       [After Latent Recursive] 1 tokens unmasked
2025-10-27 10:46:50,843 - GPU-4 - INFO -   [Cycle 13]
2025-10-27 10:46:50,843 - GPU-4 - DEBUG -     [Latent Recursive] Starting 1 steps of latent thinking
2025-10-27 10:46:50,894 - GPU-4 - DEBUG -       [Latent] Step 1/1
2025-10-27 10:46:51,070 - GPU-4 - DEBUG -       [After Latent Recursive] 1 tokens unmasked
2025-10-27 10:46:51,070 - GPU-4 - INFO -   [Cycle 14]
2025-10-27 10:46:51,070 - GPU-4 - DEBUG -     [Latent Recursive] Starting 1 steps of latent thinking
2025-10-27 10:46:51,121 - GPU-4 - DEBUG -       [Latent] Step 1/1
2025-10-27 10:46:51,297 - GPU-4 - DEBUG -       [After Latent Recursive] 1 tokens unmasked
2025-10-27 10:46:51,297 - GPU-4 - INFO -   [Cycle 15]
2025-10-27 10:46:51,297 - GPU-4 - DEBUG -     [Latent Recursive] Starting 1 steps of latent thinking
2025-10-27 10:46:51,348 - GPU-4 - DEBUG -       [Latent] Step 1/1
2025-10-27 10:46:51,524 - GPU-4 - DEBUG -       [After Latent Recursive] 1 tokens unmasked
2025-10-27 10:46:51,524 - GPU-4 - INFO -   [Cycle 16]
2025-10-27 10:46:51,524 - GPU-4 - DEBUG -     [Latent Recursive] Starting 1 steps of latent thinking
2025-10-27 10:46:51,575 - GPU-4 - DEBUG -       [Latent] Step 1/1
2025-10-27 10:46:51,751 - GPU-4 - DEBUG -       [After Latent Recursive] 1 tokens unmasked
2025-10-27 10:46:51,751 - GPU-4 - INFO -   [Cycle 17]
2025-10-27 10:46:51,751 - GPU-4 - DEBUG -     [Latent Recursive] Starting 1 steps of latent thinking
2025-10-27 10:46:51,802 - GPU-4 - DEBUG -       [Latent] Step 1/1
2025-10-27 10:46:51,978 - GPU-4 - DEBUG -       [After Latent Recursive] 1 tokens unmasked
2025-10-27 10:46:51,978 - GPU-4 - INFO -   [Cycle 18]
2025-10-27 10:46:51,978 - GPU-4 - DEBUG -     [Latent Recursive] Starting 1 steps of latent thinking
2025-10-27 10:46:52,029 - GPU-4 - DEBUG -       [Latent] Step 1/1
2025-10-27 10:46:52,205 - GPU-4 - DEBUG -       [After Latent Recursive] 1 tokens unmasked
2025-10-27 10:46:52,205 - GPU-4 - INFO -   [Cycle 19]
2025-10-27 10:46:52,205 - GPU-4 - DEBUG -     [Latent Recursive] Starting 1 steps of latent thinking
2025-10-27 10:46:52,256 - GPU-4 - DEBUG -       [Latent] Step 1/1
2025-10-27 10:46:52,432 - GPU-4 - DEBUG -       [After Latent Recursive] 1 tokens unmasked
2025-10-27 10:46:52,432 - GPU-4 - INFO -   [Cycle 20]
2025-10-27 10:46:52,432 - GPU-4 - DEBUG -     [Latent Recursive] Starting 1 steps of latent thinking
2025-10-27 10:46:52,483 - GPU-4 - DEBUG -       [Latent] Step 1/1
2025-10-27 10:46:52,659 - GPU-4 - DEBUG -       [After Latent Recursive] 1 tokens unmasked
2025-10-27 10:46:52,659 - GPU-4 - INFO -   [Cycle 21]
2025-10-27 10:46:52,659 - GPU-4 - DEBUG -     [Latent Recursive] Starting 1 steps of latent thinking
2025-10-27 10:46:52,710 - GPU-4 - DEBUG -       [Latent] Step 1/1
2025-10-27 10:46:52,886 - GPU-4 - DEBUG -       [After Latent Recursive] 1 tokens unmasked
2025-10-27 10:46:52,886 - GPU-4 - INFO -   [Cycle 22]
2025-10-27 10:46:52,886 - GPU-4 - DEBUG -     [Latent Recursive] Starting 1 steps of latent thinking
2025-10-27 10:46:52,936 - GPU-4 - DEBUG -       [Latent] Step 1/1
2025-10-27 10:46:53,112 - GPU-4 - DEBUG -       [After Latent Recursive] 1 tokens unmasked
2025-10-27 10:46:53,113 - GPU-4 - INFO -   [Cycle 23]
2025-10-27 10:46:53,113 - GPU-4 - DEBUG -     [Latent Recursive] Starting 1 steps of latent thinking
2025-10-27 10:46:53,163 - GPU-4 - DEBUG -       [Latent] Step 1/1
2025-10-27 10:46:53,339 - GPU-4 - DEBUG -       [After Latent Recursive] 1 tokens unmasked
2025-10-27 10:46:53,340 - GPU-4 - INFO -   [Cycle 24]
2025-10-27 10:46:53,340 - GPU-4 - DEBUG -     [Latent Recursive] Starting 1 steps of latent thinking
2025-10-27 10:46:53,391 - GPU-4 - DEBUG -       [Latent] Step 1/1
2025-10-27 10:46:53,567 - GPU-4 - DEBUG -       [After Latent Recursive] 1 tokens unmasked
2025-10-27 10:46:53,567 - GPU-4 - INFO -   [Cycle 25]
2025-10-27 10:46:53,567 - GPU-4 - DEBUG -     [Latent Recursive] Starting 1 steps of latent thinking
2025-10-27 10:46:53,618 - GPU-4 - DEBUG -       [Latent] Step 1/1
2025-10-27 10:46:53,794 - GPU-4 - DEBUG -       [After Latent Recursive] 1 tokens unmasked
2025-10-27 10:46:53,794 - GPU-4 - INFO -   [Cycle 26]
2025-10-27 10:46:53,794 - GPU-4 - DEBUG -     [Latent Recursive] Starting 1 steps of latent thinking
2025-10-27 10:46:53,845 - GPU-4 - DEBUG -       [Latent] Step 1/1
2025-10-27 10:46:54,021 - GPU-4 - DEBUG -       [After Latent Recursive] 1 tokens unmasked
2025-10-27 10:46:54,021 - GPU-4 - INFO -   [Cycle 27]
2025-10-27 10:46:54,021 - GPU-4 - DEBUG -     [Latent Recursive] Starting 1 steps of latent thinking
2025-10-27 10:46:54,072 - GPU-4 - DEBUG -       [Latent] Step 1/1
2025-10-27 10:46:54,247 - GPU-4 - DEBUG -       [After Latent Recursive] 1 tokens unmasked
2025-10-27 10:46:54,248 - GPU-4 - INFO -   [Cycle 28]
2025-10-27 10:46:54,248 - GPU-4 - DEBUG -     [Latent Recursive] Starting 1 steps of latent thinking
2025-10-27 10:46:54,299 - GPU-4 - DEBUG -       [Latent] Step 1/1
2025-10-27 10:46:54,475 - GPU-4 - DEBUG -       [After Latent Recursive] 1 tokens unmasked
2025-10-27 10:46:54,475 - GPU-4 - INFO -   [Cycle 29]
2025-10-27 10:46:54,475 - GPU-4 - DEBUG -     [Latent Recursive] Starting 1 steps of latent thinking
2025-10-27 10:46:54,525 - GPU-4 - DEBUG -       [Latent] Step 1/1
2025-10-27 10:46:54,701 - GPU-4 - DEBUG -       [After Latent Recursive] 1 tokens unmasked
2025-10-27 10:46:54,702 - GPU-4 - INFO -   [Cycle 30]
2025-10-27 10:46:54,702 - GPU-4 - DEBUG -     [Latent Recursive] Starting 1 steps of latent thinking
2025-10-27 10:46:54,752 - GPU-4 - DEBUG -       [Latent] Step 1/1
2025-10-27 10:46:54,928 - GPU-4 - DEBUG -       [After Latent Recursive] 1 tokens unmasked
2025-10-27 10:46:54,929 - GPU-4 - INFO -   [Cycle 31]
2025-10-27 10:46:54,929 - GPU-4 - DEBUG -     [Latent Recursive] Starting 1 steps of latent thinking
2025-10-27 10:46:54,980 - GPU-4 - DEBUG -       [Latent] Step 1/1
2025-10-27 10:46:55,155 - GPU-4 - DEBUG -       [After Latent Recursive] 1 tokens unmasked
2025-10-27 10:46:55,156 - GPU-4 - INFO - [Block 14/16] Processing tokens 560-592
2025-10-27 10:46:55,156 - GPU-4 - DEBUG - [Block 13] Before forward: use_cache=True, x.shape=torch.Size([1, 656])
2025-10-27 10:46:55,156 - GPU-4 - DEBUG - [Block 13] Model type: LLaDAModelLM
2025-10-27 10:46:55,156 - GPU-4 - DEBUG - [Block 13] Model config use_cache: True
2025-10-27 10:46:55,181 - GPU-4 - DEBUG - [Block 13] After forward: pkv is None? False
2025-10-27 10:46:55,181 - GPU-4 - DEBUG - [Block 13] out type: CausalLMOutputWithPast
2025-10-27 10:46:55,181 - GPU-4 - DEBUG - [Block 13] pkv type: <class 'list'>, len: 32
2025-10-27 10:46:55,181 - GPU-4 - DEBUG - [Block 13] pkv[0] type: <class 'tuple'>, len: 2
2025-10-27 10:46:55,181 - GPU-4 - DEBUG - [Block 13] pkv[0][0].shape: torch.Size([1, 32, 656, 128])
2025-10-27 10:46:55,278 - GPU-4 - INFO -   [Initial Forward] 1 tokens unmasked
2025-10-27 10:46:55,278 - GPU-4 - INFO -   [Cycle 1]
2025-10-27 10:46:55,278 - GPU-4 - DEBUG -     [Latent Recursive] Starting 1 steps of latent thinking
2025-10-27 10:46:55,329 - GPU-4 - DEBUG -       [Latent] Step 1/1
2025-10-27 10:46:55,504 - GPU-4 - DEBUG -       [After Latent Recursive] 1 tokens unmasked
2025-10-27 10:46:55,504 - GPU-4 - INFO -   [Cycle 2]
2025-10-27 10:46:55,505 - GPU-4 - DEBUG -     [Latent Recursive] Starting 1 steps of latent thinking
2025-10-27 10:46:55,555 - GPU-4 - DEBUG -       [Latent] Step 1/1
2025-10-27 10:46:55,730 - GPU-4 - DEBUG -       [After Latent Recursive] 1 tokens unmasked
2025-10-27 10:46:55,730 - GPU-4 - INFO -   [Cycle 3]
2025-10-27 10:46:55,731 - GPU-4 - DEBUG -     [Latent Recursive] Starting 1 steps of latent thinking
2025-10-27 10:46:55,781 - GPU-4 - DEBUG -       [Latent] Step 1/1
2025-10-27 10:46:55,956 - GPU-4 - DEBUG -       [After Latent Recursive] 1 tokens unmasked
2025-10-27 10:46:55,957 - GPU-4 - INFO -   [Cycle 4]
2025-10-27 10:46:55,957 - GPU-4 - DEBUG -     [Latent Recursive] Starting 1 steps of latent thinking
2025-10-27 10:46:56,007 - GPU-4 - DEBUG -       [Latent] Step 1/1
2025-10-27 10:46:56,182 - GPU-4 - DEBUG -       [After Latent Recursive] 1 tokens unmasked
2025-10-27 10:46:56,183 - GPU-4 - INFO -   [Cycle 5]
2025-10-27 10:46:56,183 - GPU-4 - DEBUG -     [Latent Recursive] Starting 1 steps of latent thinking
2025-10-27 10:46:56,233 - GPU-4 - DEBUG -       [Latent] Step 1/1
2025-10-27 10:46:56,408 - GPU-4 - DEBUG -       [After Latent Recursive] 1 tokens unmasked
2025-10-27 10:46:56,409 - GPU-4 - INFO -   [Cycle 6]
2025-10-27 10:46:56,409 - GPU-4 - DEBUG -     [Latent Recursive] Starting 1 steps of latent thinking
2025-10-27 10:46:56,459 - GPU-4 - DEBUG -       [Latent] Step 1/1
2025-10-27 10:46:56,634 - GPU-4 - DEBUG -       [After Latent Recursive] 1 tokens unmasked
2025-10-27 10:46:56,635 - GPU-4 - INFO -   [Cycle 7]
2025-10-27 10:46:56,635 - GPU-4 - DEBUG -     [Latent Recursive] Starting 1 steps of latent thinking
2025-10-27 10:46:56,685 - GPU-4 - DEBUG -       [Latent] Step 1/1
2025-10-27 10:46:56,860 - GPU-4 - DEBUG -       [After Latent Recursive] 1 tokens unmasked
2025-10-27 10:46:56,861 - GPU-4 - INFO -   [Cycle 8]
2025-10-27 10:46:56,861 - GPU-4 - DEBUG -     [Latent Recursive] Starting 1 steps of latent thinking
2025-10-27 10:46:56,912 - GPU-4 - DEBUG -       [Latent] Step 1/1
2025-10-27 10:46:57,087 - GPU-4 - DEBUG -       [After Latent Recursive] 1 tokens unmasked
2025-10-27 10:46:57,087 - GPU-4 - INFO -   [Cycle 9]
2025-10-27 10:46:57,087 - GPU-4 - DEBUG -     [Latent Recursive] Starting 1 steps of latent thinking
2025-10-27 10:46:57,138 - GPU-4 - DEBUG -       [Latent] Step 1/1
2025-10-27 10:46:57,313 - GPU-4 - DEBUG -       [After Latent Recursive] 1 tokens unmasked
2025-10-27 10:46:57,313 - GPU-4 - INFO -   [Cycle 10]
2025-10-27 10:46:57,313 - GPU-4 - DEBUG -     [Latent Recursive] Starting 1 steps of latent thinking
2025-10-27 10:46:57,364 - GPU-4 - DEBUG -       [Latent] Step 1/1
2025-10-27 10:46:57,539 - GPU-4 - DEBUG -       [After Latent Recursive] 1 tokens unmasked
2025-10-27 10:46:57,539 - GPU-4 - INFO -   [Cycle 11]
2025-10-27 10:46:57,539 - GPU-4 - DEBUG -     [Latent Recursive] Starting 1 steps of latent thinking
2025-10-27 10:46:57,590 - GPU-4 - DEBUG -       [Latent] Step 1/1
2025-10-27 10:46:57,765 - GPU-4 - DEBUG -       [After Latent Recursive] 1 tokens unmasked
2025-10-27 10:46:57,765 - GPU-4 - INFO -   [Cycle 12]
2025-10-27 10:46:57,765 - GPU-4 - DEBUG -     [Latent Recursive] Starting 1 steps of latent thinking
2025-10-27 10:46:57,816 - GPU-4 - DEBUG -       [Latent] Step 1/1
2025-10-27 10:46:57,992 - GPU-4 - DEBUG -       [After Latent Recursive] 1 tokens unmasked
2025-10-27 10:46:57,992 - GPU-4 - INFO -   [Cycle 13]
2025-10-27 10:46:57,992 - GPU-4 - DEBUG -     [Latent Recursive] Starting 1 steps of latent thinking
2025-10-27 10:46:58,043 - GPU-4 - DEBUG -       [Latent] Step 1/1
2025-10-27 10:46:58,218 - GPU-4 - DEBUG -       [After Latent Recursive] 1 tokens unmasked
2025-10-27 10:46:58,218 - GPU-4 - INFO -   [Cycle 14]
2025-10-27 10:46:58,218 - GPU-4 - DEBUG -     [Latent Recursive] Starting 1 steps of latent thinking
2025-10-27 10:46:58,269 - GPU-4 - DEBUG -       [Latent] Step 1/1
2025-10-27 10:46:58,445 - GPU-4 - DEBUG -       [After Latent Recursive] 1 tokens unmasked
2025-10-27 10:46:58,445 - GPU-4 - INFO -   [Cycle 15]
2025-10-27 10:46:58,445 - GPU-4 - DEBUG -     [Latent Recursive] Starting 1 steps of latent thinking
2025-10-27 10:46:58,496 - GPU-4 - DEBUG -       [Latent] Step 1/1
2025-10-27 10:46:58,671 - GPU-4 - DEBUG -       [After Latent Recursive] 1 tokens unmasked
2025-10-27 10:46:58,671 - GPU-4 - INFO -   [Cycle 16]
2025-10-27 10:46:58,671 - GPU-4 - DEBUG -     [Latent Recursive] Starting 1 steps of latent thinking
2025-10-27 10:46:58,722 - GPU-4 - DEBUG -       [Latent] Step 1/1
2025-10-27 10:46:58,898 - GPU-4 - DEBUG -       [After Latent Recursive] 1 tokens unmasked
2025-10-27 10:46:58,898 - GPU-4 - INFO -   [Cycle 17]
2025-10-27 10:46:58,898 - GPU-4 - DEBUG -     [Latent Recursive] Starting 1 steps of latent thinking
2025-10-27 10:46:58,949 - GPU-4 - DEBUG -       [Latent] Step 1/1
2025-10-27 10:46:59,125 - GPU-4 - DEBUG -       [After Latent Recursive] 1 tokens unmasked
2025-10-27 10:46:59,125 - GPU-4 - INFO -   [Cycle 18]
2025-10-27 10:46:59,125 - GPU-4 - DEBUG -     [Latent Recursive] Starting 1 steps of latent thinking
2025-10-27 10:46:59,176 - GPU-4 - DEBUG -       [Latent] Step 1/1
2025-10-27 10:46:59,351 - GPU-4 - DEBUG -       [After Latent Recursive] 1 tokens unmasked
2025-10-27 10:46:59,351 - GPU-4 - INFO -   [Cycle 19]
2025-10-27 10:46:59,352 - GPU-4 - DEBUG -     [Latent Recursive] Starting 1 steps of latent thinking
2025-10-27 10:46:59,402 - GPU-4 - DEBUG -       [Latent] Step 1/1
2025-10-27 10:46:59,578 - GPU-4 - DEBUG -       [After Latent Recursive] 1 tokens unmasked
2025-10-27 10:46:59,578 - GPU-4 - INFO -   [Cycle 20]
2025-10-27 10:46:59,578 - GPU-4 - DEBUG -     [Latent Recursive] Starting 1 steps of latent thinking
2025-10-27 10:46:59,629 - GPU-4 - DEBUG -       [Latent] Step 1/1
2025-10-27 10:46:59,804 - GPU-4 - DEBUG -       [After Latent Recursive] 1 tokens unmasked
2025-10-27 10:46:59,805 - GPU-4 - INFO -   [Cycle 21]
2025-10-27 10:46:59,805 - GPU-4 - DEBUG -     [Latent Recursive] Starting 1 steps of latent thinking
2025-10-27 10:46:59,856 - GPU-4 - DEBUG -       [Latent] Step 1/1
2025-10-27 10:47:00,032 - GPU-4 - DEBUG -       [After Latent Recursive] 1 tokens unmasked
2025-10-27 10:47:00,032 - GPU-4 - INFO -   [Cycle 22]
2025-10-27 10:47:00,032 - GPU-4 - DEBUG -     [Latent Recursive] Starting 1 steps of latent thinking
2025-10-27 10:47:00,083 - GPU-4 - DEBUG -       [Latent] Step 1/1
2025-10-27 10:47:00,258 - GPU-4 - DEBUG -       [After Latent Recursive] 1 tokens unmasked
2025-10-27 10:47:00,259 - GPU-4 - INFO -   [Cycle 23]
2025-10-27 10:47:00,259 - GPU-4 - DEBUG -     [Latent Recursive] Starting 1 steps of latent thinking
2025-10-27 10:47:00,309 - GPU-4 - DEBUG -       [Latent] Step 1/1
2025-10-27 10:47:00,485 - GPU-4 - DEBUG -       [After Latent Recursive] 1 tokens unmasked
2025-10-27 10:47:00,485 - GPU-4 - INFO -   [Cycle 24]
2025-10-27 10:47:00,485 - GPU-4 - DEBUG -     [Latent Recursive] Starting 1 steps of latent thinking
2025-10-27 10:47:00,536 - GPU-4 - DEBUG -       [Latent] Step 1/1
2025-10-27 10:47:00,711 - GPU-4 - DEBUG -       [After Latent Recursive] 1 tokens unmasked
2025-10-27 10:47:00,712 - GPU-4 - INFO -   [Cycle 25]
2025-10-27 10:47:00,712 - GPU-4 - DEBUG -     [Latent Recursive] Starting 1 steps of latent thinking
2025-10-27 10:47:00,762 - GPU-4 - DEBUG -       [Latent] Step 1/1
2025-10-27 10:47:00,938 - GPU-4 - DEBUG -       [After Latent Recursive] 1 tokens unmasked
2025-10-27 10:47:00,938 - GPU-4 - INFO -   [Cycle 26]
2025-10-27 10:47:00,939 - GPU-4 - DEBUG -     [Latent Recursive] Starting 1 steps of latent thinking
2025-10-27 10:47:00,989 - GPU-4 - DEBUG -       [Latent] Step 1/1
2025-10-27 10:47:01,165 - GPU-4 - DEBUG -       [After Latent Recursive] 1 tokens unmasked
2025-10-27 10:47:01,165 - GPU-4 - INFO -   [Cycle 27]
2025-10-27 10:47:01,165 - GPU-4 - DEBUG -     [Latent Recursive] Starting 1 steps of latent thinking
2025-10-27 10:47:01,216 - GPU-4 - DEBUG -       [Latent] Step 1/1
2025-10-27 10:47:01,392 - GPU-4 - DEBUG -       [After Latent Recursive] 1 tokens unmasked
2025-10-27 10:47:01,392 - GPU-4 - INFO -   [Cycle 28]
2025-10-27 10:47:01,392 - GPU-4 - DEBUG -     [Latent Recursive] Starting 1 steps of latent thinking
2025-10-27 10:47:01,443 - GPU-4 - DEBUG -       [Latent] Step 1/1
2025-10-27 10:47:01,618 - GPU-4 - DEBUG -       [After Latent Recursive] 1 tokens unmasked
2025-10-27 10:47:01,619 - GPU-4 - INFO -   [Cycle 29]
2025-10-27 10:47:01,619 - GPU-4 - DEBUG -     [Latent Recursive] Starting 1 steps of latent thinking
2025-10-27 10:47:01,669 - GPU-4 - DEBUG -       [Latent] Step 1/1
2025-10-27 10:47:01,845 - GPU-4 - DEBUG -       [After Latent Recursive] 1 tokens unmasked
2025-10-27 10:47:01,846 - GPU-4 - INFO -   [Cycle 30]
2025-10-27 10:47:01,846 - GPU-4 - DEBUG -     [Latent Recursive] Starting 1 steps of latent thinking
2025-10-27 10:47:01,897 - GPU-4 - DEBUG -       [Latent] Step 1/1
2025-10-27 10:47:02,072 - GPU-4 - DEBUG -       [After Latent Recursive] 1 tokens unmasked
2025-10-27 10:47:02,073 - GPU-4 - INFO -   [Cycle 31]
2025-10-27 10:47:02,073 - GPU-4 - DEBUG -     [Latent Recursive] Starting 1 steps of latent thinking
2025-10-27 10:47:02,123 - GPU-4 - DEBUG -       [Latent] Step 1/1
2025-10-27 10:47:02,299 - GPU-4 - DEBUG -       [After Latent Recursive] 1 tokens unmasked
2025-10-27 10:47:02,299 - GPU-4 - INFO - [Block 15/16] Processing tokens 592-624
2025-10-27 10:47:02,299 - GPU-4 - DEBUG - [Block 14] Before forward: use_cache=True, x.shape=torch.Size([1, 656])
2025-10-27 10:47:02,299 - GPU-4 - DEBUG - [Block 14] Model type: LLaDAModelLM
2025-10-27 10:47:02,300 - GPU-4 - DEBUG - [Block 14] Model config use_cache: True
2025-10-27 10:47:02,324 - GPU-4 - DEBUG - [Block 14] After forward: pkv is None? False
2025-10-27 10:47:02,324 - GPU-4 - DEBUG - [Block 14] out type: CausalLMOutputWithPast
2025-10-27 10:47:02,324 - GPU-4 - DEBUG - [Block 14] pkv type: <class 'list'>, len: 32
2025-10-27 10:47:02,324 - GPU-4 - DEBUG - [Block 14] pkv[0] type: <class 'tuple'>, len: 2
2025-10-27 10:47:02,325 - GPU-4 - DEBUG - [Block 14] pkv[0][0].shape: torch.Size([1, 32, 656, 128])
2025-10-27 10:47:02,421 - GPU-4 - INFO -   [Initial Forward] 1 tokens unmasked
2025-10-27 10:47:02,421 - GPU-4 - INFO -   [Cycle 1]
2025-10-27 10:47:02,421 - GPU-4 - DEBUG -     [Latent Recursive] Starting 1 steps of latent thinking
2025-10-27 10:47:02,472 - GPU-4 - DEBUG -       [Latent] Step 1/1
2025-10-27 10:47:02,645 - GPU-4 - DEBUG -       [After Latent Recursive] 1 tokens unmasked
2025-10-27 10:47:02,646 - GPU-4 - INFO -   [Cycle 2]
2025-10-27 10:47:02,646 - GPU-4 - DEBUG -     [Latent Recursive] Starting 1 steps of latent thinking
2025-10-27 10:47:02,696 - GPU-4 - DEBUG -       [Latent] Step 1/1
2025-10-27 10:47:02,870 - GPU-4 - DEBUG -       [After Latent Recursive] 1 tokens unmasked
2025-10-27 10:47:02,870 - GPU-4 - INFO -   [Cycle 3]
2025-10-27 10:47:02,870 - GPU-4 - DEBUG -     [Latent Recursive] Starting 1 steps of latent thinking
2025-10-27 10:47:02,921 - GPU-4 - DEBUG -       [Latent] Step 1/1
2025-10-27 10:47:03,094 - GPU-4 - DEBUG -       [After Latent Recursive] 1 tokens unmasked
2025-10-27 10:47:03,094 - GPU-4 - INFO -   [Cycle 4]
2025-10-27 10:47:03,094 - GPU-4 - DEBUG -     [Latent Recursive] Starting 1 steps of latent thinking
2025-10-27 10:47:03,145 - GPU-4 - DEBUG -       [Latent] Step 1/1
2025-10-27 10:47:03,318 - GPU-4 - DEBUG -       [After Latent Recursive] 1 tokens unmasked
2025-10-27 10:47:03,319 - GPU-4 - INFO -   [Cycle 5]
2025-10-27 10:47:03,319 - GPU-4 - DEBUG -     [Latent Recursive] Starting 1 steps of latent thinking
2025-10-27 10:47:03,369 - GPU-4 - DEBUG -       [Latent] Step 1/1
2025-10-27 10:47:03,543 - GPU-4 - DEBUG -       [After Latent Recursive] 1 tokens unmasked
2025-10-27 10:47:03,543 - GPU-4 - INFO -   [Cycle 6]
2025-10-27 10:47:03,543 - GPU-4 - DEBUG -     [Latent Recursive] Starting 1 steps of latent thinking
2025-10-27 10:47:03,594 - GPU-4 - DEBUG -       [Latent] Step 1/1
2025-10-27 10:47:03,767 - GPU-4 - DEBUG -       [After Latent Recursive] 1 tokens unmasked
2025-10-27 10:47:03,767 - GPU-4 - INFO -   [Cycle 7]
2025-10-27 10:47:03,768 - GPU-4 - DEBUG -     [Latent Recursive] Starting 1 steps of latent thinking
2025-10-27 10:47:03,818 - GPU-4 - DEBUG -       [Latent] Step 1/1
2025-10-27 10:47:03,991 - GPU-4 - DEBUG -       [After Latent Recursive] 1 tokens unmasked
2025-10-27 10:47:03,991 - GPU-4 - INFO -   [Cycle 8]
2025-10-27 10:47:03,991 - GPU-4 - DEBUG -     [Latent Recursive] Starting 1 steps of latent thinking
2025-10-27 10:47:04,042 - GPU-4 - DEBUG -       [Latent] Step 1/1
2025-10-27 10:47:04,215 - GPU-4 - DEBUG -       [After Latent Recursive] 1 tokens unmasked
2025-10-27 10:47:04,216 - GPU-4 - INFO -   [Cycle 9]
2025-10-27 10:47:04,216 - GPU-4 - DEBUG -     [Latent Recursive] Starting 1 steps of latent thinking
2025-10-27 10:47:04,266 - GPU-4 - DEBUG -       [Latent] Step 1/1
2025-10-27 10:47:04,440 - GPU-4 - DEBUG -       [After Latent Recursive] 1 tokens unmasked
2025-10-27 10:47:04,440 - GPU-4 - INFO -   [Cycle 10]
2025-10-27 10:47:04,440 - GPU-4 - DEBUG -     [Latent Recursive] Starting 1 steps of latent thinking
2025-10-27 10:47:04,491 - GPU-4 - DEBUG -       [Latent] Step 1/1
2025-10-27 10:47:04,664 - GPU-4 - DEBUG -       [After Latent Recursive] 1 tokens unmasked
2025-10-27 10:47:04,665 - GPU-4 - INFO -   [Cycle 11]
2025-10-27 10:47:04,665 - GPU-4 - DEBUG -     [Latent Recursive] Starting 1 steps of latent thinking
2025-10-27 10:47:04,715 - GPU-4 - DEBUG -       [Latent] Step 1/1
2025-10-27 10:47:04,889 - GPU-4 - DEBUG -       [After Latent Recursive] 1 tokens unmasked
2025-10-27 10:47:04,889 - GPU-4 - INFO -   [Cycle 12]
2025-10-27 10:47:04,889 - GPU-4 - DEBUG -     [Latent Recursive] Starting 1 steps of latent thinking
2025-10-27 10:47:04,940 - GPU-4 - DEBUG -       [Latent] Step 1/1
2025-10-27 10:47:05,113 - GPU-4 - DEBUG -       [After Latent Recursive] 1 tokens unmasked
2025-10-27 10:47:05,114 - GPU-4 - INFO -   [Cycle 13]
2025-10-27 10:47:05,114 - GPU-4 - DEBUG -     [Latent Recursive] Starting 1 steps of latent thinking
2025-10-27 10:47:05,165 - GPU-4 - DEBUG -       [Latent] Step 1/1
2025-10-27 10:47:05,338 - GPU-4 - DEBUG -       [After Latent Recursive] 1 tokens unmasked
2025-10-27 10:47:05,338 - GPU-4 - INFO -   [Cycle 14]
2025-10-27 10:47:05,339 - GPU-4 - DEBUG -     [Latent Recursive] Starting 1 steps of latent thinking
2025-10-27 10:47:05,389 - GPU-4 - DEBUG -       [Latent] Step 1/1
2025-10-27 10:47:05,562 - GPU-4 - DEBUG -       [After Latent Recursive] 1 tokens unmasked
2025-10-27 10:47:05,562 - GPU-4 - INFO -   [Cycle 15]
2025-10-27 10:47:05,563 - GPU-4 - DEBUG -     [Latent Recursive] Starting 1 steps of latent thinking
2025-10-27 10:47:05,613 - GPU-4 - DEBUG -       [Latent] Step 1/1
2025-10-27 10:47:05,787 - GPU-4 - DEBUG -       [After Latent Recursive] 1 tokens unmasked
2025-10-27 10:47:05,787 - GPU-4 - INFO -   [Cycle 16]
2025-10-27 10:47:05,788 - GPU-4 - DEBUG -     [Latent Recursive] Starting 1 steps of latent thinking
2025-10-27 10:47:05,838 - GPU-4 - DEBUG -       [Latent] Step 1/1
2025-10-27 10:47:06,012 - GPU-4 - DEBUG -       [After Latent Recursive] 1 tokens unmasked
2025-10-27 10:47:06,012 - GPU-4 - INFO -   [Cycle 17]
2025-10-27 10:47:06,013 - GPU-4 - DEBUG -     [Latent Recursive] Starting 1 steps of latent thinking
2025-10-27 10:47:06,063 - GPU-4 - DEBUG -       [Latent] Step 1/1
2025-10-27 10:47:06,236 - GPU-4 - DEBUG -       [After Latent Recursive] 1 tokens unmasked
2025-10-27 10:47:06,237 - GPU-4 - INFO -   [Cycle 18]
2025-10-27 10:47:06,237 - GPU-4 - DEBUG -     [Latent Recursive] Starting 1 steps of latent thinking
2025-10-27 10:47:06,288 - GPU-4 - DEBUG -       [Latent] Step 1/1
2025-10-27 10:47:06,461 - GPU-4 - DEBUG -       [After Latent Recursive] 1 tokens unmasked
2025-10-27 10:47:06,461 - GPU-4 - INFO -   [Cycle 19]
2025-10-27 10:47:06,462 - GPU-4 - DEBUG -     [Latent Recursive] Starting 1 steps of latent thinking
2025-10-27 10:47:06,512 - GPU-4 - DEBUG -       [Latent] Step 1/1
2025-10-27 10:47:06,686 - GPU-4 - DEBUG -       [After Latent Recursive] 1 tokens unmasked
2025-10-27 10:47:06,686 - GPU-4 - INFO -   [Cycle 20]
2025-10-27 10:47:06,687 - GPU-4 - DEBUG -     [Latent Recursive] Starting 1 steps of latent thinking
2025-10-27 10:47:06,737 - GPU-4 - DEBUG -       [Latent] Step 1/1
2025-10-27 10:47:06,911 - GPU-4 - DEBUG -       [After Latent Recursive] 1 tokens unmasked
2025-10-27 10:47:06,911 - GPU-4 - INFO -   [Cycle 21]
2025-10-27 10:47:06,911 - GPU-4 - DEBUG -     [Latent Recursive] Starting 1 steps of latent thinking
2025-10-27 10:47:06,962 - GPU-4 - DEBUG -       [Latent] Step 1/1
2025-10-27 10:47:07,135 - GPU-4 - DEBUG -       [After Latent Recursive] 1 tokens unmasked
2025-10-27 10:47:07,136 - GPU-4 - INFO -   [Cycle 22]
2025-10-27 10:47:07,136 - GPU-4 - DEBUG -     [Latent Recursive] Starting 1 steps of latent thinking
2025-10-27 10:47:07,187 - GPU-4 - DEBUG -       [Latent] Step 1/1
2025-10-27 10:47:07,359 - GPU-4 - DEBUG -       [After Latent Recursive] 1 tokens unmasked
2025-10-27 10:47:07,360 - GPU-4 - INFO -   [Cycle 23]
2025-10-27 10:47:07,360 - GPU-4 - DEBUG -     [Latent Recursive] Starting 1 steps of latent thinking
2025-10-27 10:47:07,410 - GPU-4 - DEBUG -       [Latent] Step 1/1
2025-10-27 10:47:07,583 - GPU-4 - DEBUG -       [After Latent Recursive] 1 tokens unmasked
2025-10-27 10:47:07,583 - GPU-4 - INFO -   [Cycle 24]
2025-10-27 10:47:07,584 - GPU-4 - DEBUG -     [Latent Recursive] Starting 1 steps of latent thinking
2025-10-27 10:47:07,634 - GPU-4 - DEBUG -       [Latent] Step 1/1
2025-10-27 10:47:07,807 - GPU-4 - DEBUG -       [After Latent Recursive] 1 tokens unmasked
2025-10-27 10:47:07,807 - GPU-4 - INFO -   [Cycle 25]
2025-10-27 10:47:07,808 - GPU-4 - DEBUG -     [Latent Recursive] Starting 1 steps of latent thinking
2025-10-27 10:47:07,858 - GPU-4 - DEBUG -       [Latent] Step 1/1
2025-10-27 10:47:08,030 - GPU-4 - DEBUG -       [After Latent Recursive] 1 tokens unmasked
2025-10-27 10:47:08,031 - GPU-4 - INFO -   [Cycle 26]
2025-10-27 10:47:08,031 - GPU-4 - DEBUG -     [Latent Recursive] Starting 1 steps of latent thinking
2025-10-27 10:47:08,081 - GPU-4 - DEBUG -       [Latent] Step 1/1
2025-10-27 10:47:08,254 - GPU-4 - DEBUG -       [After Latent Recursive] 1 tokens unmasked
2025-10-27 10:47:08,254 - GPU-4 - INFO -   [Cycle 27]
2025-10-27 10:47:08,254 - GPU-4 - DEBUG -     [Latent Recursive] Starting 1 steps of latent thinking
2025-10-27 10:47:08,305 - GPU-4 - DEBUG -       [Latent] Step 1/1
2025-10-27 10:47:08,477 - GPU-4 - DEBUG -       [After Latent Recursive] 1 tokens unmasked
2025-10-27 10:47:08,477 - GPU-4 - INFO -   [Cycle 28]
2025-10-27 10:47:08,477 - GPU-4 - DEBUG -     [Latent Recursive] Starting 1 steps of latent thinking
2025-10-27 10:47:08,528 - GPU-4 - DEBUG -       [Latent] Step 1/1
2025-10-27 10:47:08,701 - GPU-4 - DEBUG -       [After Latent Recursive] 1 tokens unmasked
2025-10-27 10:47:08,701 - GPU-4 - INFO -   [Cycle 29]
2025-10-27 10:47:08,701 - GPU-4 - DEBUG -     [Latent Recursive] Starting 1 steps of latent thinking
2025-10-27 10:47:08,752 - GPU-4 - DEBUG -       [Latent] Step 1/1
2025-10-27 10:47:08,924 - GPU-4 - DEBUG -       [After Latent Recursive] 1 tokens unmasked
2025-10-27 10:47:08,924 - GPU-4 - INFO -   [Cycle 30]
2025-10-27 10:47:08,925 - GPU-4 - DEBUG -     [Latent Recursive] Starting 1 steps of latent thinking
2025-10-27 10:47:08,975 - GPU-4 - DEBUG -       [Latent] Step 1/1
2025-10-27 10:47:09,147 - GPU-4 - DEBUG -       [After Latent Recursive] 1 tokens unmasked
2025-10-27 10:47:09,148 - GPU-4 - INFO -   [Cycle 31]
2025-10-27 10:47:09,148 - GPU-4 - DEBUG -     [Latent Recursive] Starting 1 steps of latent thinking
2025-10-27 10:47:09,198 - GPU-4 - DEBUG -       [Latent] Step 1/1
2025-10-27 10:47:09,370 - GPU-4 - DEBUG -       [After Latent Recursive] 1 tokens unmasked
2025-10-27 10:47:09,371 - GPU-4 - INFO - [Block 16/16] Processing tokens 624-656
2025-10-27 10:47:09,371 - GPU-4 - DEBUG - [Block 15] Before forward: use_cache=True, x.shape=torch.Size([1, 656])
2025-10-27 10:47:09,371 - GPU-4 - DEBUG - [Block 15] Model type: LLaDAModelLM
2025-10-27 10:47:09,371 - GPU-4 - DEBUG - [Block 15] Model config use_cache: True
2025-10-27 10:47:09,396 - GPU-4 - DEBUG - [Block 15] After forward: pkv is None? False
2025-10-27 10:47:09,396 - GPU-4 - DEBUG - [Block 15] out type: CausalLMOutputWithPast
2025-10-27 10:47:09,396 - GPU-4 - DEBUG - [Block 15] pkv type: <class 'list'>, len: 32
2025-10-27 10:47:09,396 - GPU-4 - DEBUG - [Block 15] pkv[0] type: <class 'tuple'>, len: 2
2025-10-27 10:47:09,396 - GPU-4 - DEBUG - [Block 15] pkv[0][0].shape: torch.Size([1, 32, 656, 128])
2025-10-27 10:47:09,492 - GPU-4 - INFO -   [Initial Forward] 1 tokens unmasked
2025-10-27 10:47:09,493 - GPU-4 - INFO -   [Cycle 1]
2025-10-27 10:47:09,493 - GPU-4 - DEBUG -     [Latent Recursive] Starting 1 steps of latent thinking
2025-10-27 10:47:09,544 - GPU-4 - DEBUG -       [Latent] Step 1/1
2025-10-27 10:47:09,715 - GPU-4 - DEBUG -       [After Latent Recursive] 1 tokens unmasked
2025-10-27 10:47:09,716 - GPU-4 - INFO -   [Cycle 2]
2025-10-27 10:47:09,716 - GPU-4 - DEBUG -     [Latent Recursive] Starting 1 steps of latent thinking
2025-10-27 10:47:09,766 - GPU-4 - DEBUG -       [Latent] Step 1/1
2025-10-27 10:47:09,938 - GPU-4 - DEBUG -       [After Latent Recursive] 1 tokens unmasked
2025-10-27 10:47:09,939 - GPU-4 - INFO -   [Cycle 3]
2025-10-27 10:47:09,939 - GPU-4 - DEBUG -     [Latent Recursive] Starting 1 steps of latent thinking
2025-10-27 10:47:09,989 - GPU-4 - DEBUG -       [Latent] Step 1/1
2025-10-27 10:47:10,161 - GPU-4 - DEBUG -       [After Latent Recursive] 1 tokens unmasked
2025-10-27 10:47:10,162 - GPU-4 - INFO -   [Cycle 4]
2025-10-27 10:47:10,162 - GPU-4 - DEBUG -     [Latent Recursive] Starting 1 steps of latent thinking
2025-10-27 10:47:10,212 - GPU-4 - DEBUG -       [Latent] Step 1/1
2025-10-27 10:47:10,384 - GPU-4 - DEBUG -       [After Latent Recursive] 1 tokens unmasked
2025-10-27 10:47:10,384 - GPU-4 - INFO -   [Cycle 5]
2025-10-27 10:47:10,385 - GPU-4 - DEBUG -     [Latent Recursive] Starting 1 steps of latent thinking
2025-10-27 10:47:10,435 - GPU-4 - DEBUG -       [Latent] Step 1/1
2025-10-27 10:47:10,607 - GPU-4 - DEBUG -       [After Latent Recursive] 1 tokens unmasked
2025-10-27 10:47:10,607 - GPU-4 - INFO -   [Cycle 6]
2025-10-27 10:47:10,607 - GPU-4 - DEBUG -     [Latent Recursive] Starting 1 steps of latent thinking
2025-10-27 10:47:10,658 - GPU-4 - DEBUG -       [Latent] Step 1/1
2025-10-27 10:47:10,829 - GPU-4 - DEBUG -       [After Latent Recursive] 1 tokens unmasked
2025-10-27 10:47:10,830 - GPU-4 - INFO -   [Cycle 7]
2025-10-27 10:47:10,830 - GPU-4 - DEBUG -     [Latent Recursive] Starting 1 steps of latent thinking
2025-10-27 10:47:10,880 - GPU-4 - DEBUG -       [Latent] Step 1/1
2025-10-27 10:47:11,052 - GPU-4 - DEBUG -       [After Latent Recursive] 1 tokens unmasked
2025-10-27 10:47:11,052 - GPU-4 - INFO -   [Cycle 8]
2025-10-27 10:47:11,053 - GPU-4 - DEBUG -     [Latent Recursive] Starting 1 steps of latent thinking
2025-10-27 10:47:11,103 - GPU-4 - DEBUG -       [Latent] Step 1/1
2025-10-27 10:47:11,274 - GPU-4 - DEBUG -       [After Latent Recursive] 1 tokens unmasked
2025-10-27 10:47:11,275 - GPU-4 - INFO -   [Cycle 9]
2025-10-27 10:47:11,275 - GPU-4 - DEBUG -     [Latent Recursive] Starting 1 steps of latent thinking
2025-10-27 10:47:11,326 - GPU-4 - DEBUG -       [Latent] Step 1/1
2025-10-27 10:47:11,498 - GPU-4 - DEBUG -       [After Latent Recursive] 1 tokens unmasked
2025-10-27 10:47:11,498 - GPU-4 - INFO -   [Cycle 10]
2025-10-27 10:47:11,498 - GPU-4 - DEBUG -     [Latent Recursive] Starting 1 steps of latent thinking
2025-10-27 10:47:11,549 - GPU-4 - DEBUG -       [Latent] Step 1/1
2025-10-27 10:47:11,721 - GPU-4 - DEBUG -       [After Latent Recursive] 1 tokens unmasked
2025-10-27 10:47:11,721 - GPU-4 - INFO -   [Cycle 11]
2025-10-27 10:47:11,721 - GPU-4 - DEBUG -     [Latent Recursive] Starting 1 steps of latent thinking
2025-10-27 10:47:11,772 - GPU-4 - DEBUG -       [Latent] Step 1/1
2025-10-27 10:47:11,943 - GPU-4 - DEBUG -       [After Latent Recursive] 1 tokens unmasked
2025-10-27 10:47:11,944 - GPU-4 - INFO -   [Cycle 12]
2025-10-27 10:47:11,944 - GPU-4 - DEBUG -     [Latent Recursive] Starting 1 steps of latent thinking
2025-10-27 10:47:11,995 - GPU-4 - DEBUG -       [Latent] Step 1/1
2025-10-27 10:47:12,166 - GPU-4 - DEBUG -       [After Latent Recursive] 1 tokens unmasked
2025-10-27 10:47:12,167 - GPU-4 - INFO -   [Cycle 13]
2025-10-27 10:47:12,167 - GPU-4 - DEBUG -     [Latent Recursive] Starting 1 steps of latent thinking
2025-10-27 10:47:12,217 - GPU-4 - DEBUG -       [Latent] Step 1/1
2025-10-27 10:47:12,389 - GPU-4 - DEBUG -       [After Latent Recursive] 1 tokens unmasked
2025-10-27 10:47:12,389 - GPU-4 - INFO -   [Cycle 14]
2025-10-27 10:47:12,389 - GPU-4 - DEBUG -     [Latent Recursive] Starting 1 steps of latent thinking
2025-10-27 10:47:12,440 - GPU-4 - DEBUG -       [Latent] Step 1/1
2025-10-27 10:47:12,612 - GPU-4 - DEBUG -       [After Latent Recursive] 1 tokens unmasked
2025-10-27 10:47:12,612 - GPU-4 - INFO -   [Cycle 15]
2025-10-27 10:47:12,612 - GPU-4 - DEBUG -     [Latent Recursive] Starting 1 steps of latent thinking
2025-10-27 10:47:12,663 - GPU-4 - DEBUG -       [Latent] Step 1/1
2025-10-27 10:47:12,834 - GPU-4 - DEBUG -       [After Latent Recursive] 1 tokens unmasked
2025-10-27 10:47:12,835 - GPU-4 - INFO -   [Cycle 16]
2025-10-27 10:47:12,835 - GPU-4 - DEBUG -     [Latent Recursive] Starting 1 steps of latent thinking
2025-10-27 10:47:12,886 - GPU-4 - DEBUG -       [Latent] Step 1/1
2025-10-27 10:47:13,057 - GPU-4 - DEBUG -       [After Latent Recursive] 1 tokens unmasked
2025-10-27 10:47:13,058 - GPU-4 - INFO -   [Cycle 17]
2025-10-27 10:47:13,058 - GPU-4 - DEBUG -     [Latent Recursive] Starting 1 steps of latent thinking
2025-10-27 10:47:13,109 - GPU-4 - DEBUG -       [Latent] Step 1/1
2025-10-27 10:47:13,280 - GPU-4 - DEBUG -       [After Latent Recursive] 1 tokens unmasked
2025-10-27 10:47:13,281 - GPU-4 - INFO -   [Cycle 18]
2025-10-27 10:47:13,281 - GPU-4 - DEBUG -     [Latent Recursive] Starting 1 steps of latent thinking
2025-10-27 10:47:13,332 - GPU-4 - DEBUG -       [Latent] Step 1/1
2025-10-27 10:47:13,504 - GPU-4 - DEBUG -       [After Latent Recursive] 1 tokens unmasked
2025-10-27 10:47:13,505 - GPU-4 - INFO -   [Cycle 19]
2025-10-27 10:47:13,505 - GPU-4 - DEBUG -     [Latent Recursive] Starting 1 steps of latent thinking
2025-10-27 10:47:13,556 - GPU-4 - DEBUG -       [Latent] Step 1/1
2025-10-27 10:47:13,727 - GPU-4 - DEBUG -       [After Latent Recursive] 1 tokens unmasked
2025-10-27 10:47:13,728 - GPU-4 - INFO -   [Cycle 20]
2025-10-27 10:47:13,729 - GPU-4 - DEBUG -     [Latent Recursive] Starting 1 steps of latent thinking
2025-10-27 10:47:13,779 - GPU-4 - DEBUG -       [Latent] Step 1/1
2025-10-27 10:47:13,953 - GPU-4 - DEBUG -       [After Latent Recursive] 1 tokens unmasked
2025-10-27 10:47:13,953 - GPU-4 - INFO -   [Cycle 21]
2025-10-27 10:47:13,954 - GPU-4 - DEBUG -     [Latent Recursive] Starting 1 steps of latent thinking
2025-10-27 10:47:14,004 - GPU-4 - DEBUG -       [Latent] Step 1/1
2025-10-27 10:47:14,176 - GPU-4 - DEBUG -       [After Latent Recursive] 1 tokens unmasked
2025-10-27 10:47:14,176 - GPU-4 - INFO -   [Cycle 22]
2025-10-27 10:47:14,177 - GPU-4 - DEBUG -     [Latent Recursive] Starting 1 steps of latent thinking
2025-10-27 10:47:14,227 - GPU-4 - DEBUG -       [Latent] Step 1/1
2025-10-27 10:47:14,399 - GPU-4 - DEBUG -       [After Latent Recursive] 1 tokens unmasked
2025-10-27 10:47:14,400 - GPU-4 - INFO -   [Cycle 23]
2025-10-27 10:47:14,400 - GPU-4 - DEBUG -     [Latent Recursive] Starting 1 steps of latent thinking
2025-10-27 10:47:14,451 - GPU-4 - DEBUG -       [Latent] Step 1/1
2025-10-27 10:47:14,622 - GPU-4 - DEBUG -       [After Latent Recursive] 1 tokens unmasked
2025-10-27 10:47:14,623 - GPU-4 - INFO -   [Cycle 24]
2025-10-27 10:47:14,623 - GPU-4 - DEBUG -     [Latent Recursive] Starting 1 steps of latent thinking
2025-10-27 10:47:14,674 - GPU-4 - DEBUG -       [Latent] Step 1/1
2025-10-27 10:47:14,846 - GPU-4 - DEBUG -       [After Latent Recursive] 1 tokens unmasked
2025-10-27 10:47:14,846 - GPU-4 - INFO -   [Cycle 25]
2025-10-27 10:47:14,846 - GPU-4 - DEBUG -     [Latent Recursive] Starting 1 steps of latent thinking
2025-10-27 10:47:14,897 - GPU-4 - DEBUG -       [Latent] Step 1/1
2025-10-27 10:47:15,069 - GPU-4 - DEBUG -       [After Latent Recursive] 1 tokens unmasked
2025-10-27 10:47:15,069 - GPU-4 - INFO -   [Cycle 26]
2025-10-27 10:47:15,069 - GPU-4 - DEBUG -     [Latent Recursive] Starting 1 steps of latent thinking
2025-10-27 10:47:15,120 - GPU-4 - DEBUG -       [Latent] Step 1/1
2025-10-27 10:47:15,292 - GPU-4 - DEBUG -       [After Latent Recursive] 1 tokens unmasked
2025-10-27 10:47:15,292 - GPU-4 - INFO -   [Cycle 27]
2025-10-27 10:47:15,292 - GPU-4 - DEBUG -     [Latent Recursive] Starting 1 steps of latent thinking
2025-10-27 10:47:15,343 - GPU-4 - DEBUG -       [Latent] Step 1/1
2025-10-27 10:47:15,515 - GPU-4 - DEBUG -       [After Latent Recursive] 1 tokens unmasked
2025-10-27 10:47:15,515 - GPU-4 - INFO -   [Cycle 28]
2025-10-27 10:47:15,515 - GPU-4 - DEBUG -     [Latent Recursive] Starting 1 steps of latent thinking
2025-10-27 10:47:15,566 - GPU-4 - DEBUG -       [Latent] Step 1/1
2025-10-27 10:47:15,738 - GPU-4 - DEBUG -       [After Latent Recursive] 1 tokens unmasked
2025-10-27 10:47:15,738 - GPU-4 - INFO -   [Cycle 29]
2025-10-27 10:47:15,739 - GPU-4 - DEBUG -     [Latent Recursive] Starting 1 steps of latent thinking
2025-10-27 10:47:15,789 - GPU-4 - DEBUG -       [Latent] Step 1/1
2025-10-27 10:47:15,961 - GPU-4 - DEBUG -       [After Latent Recursive] 1 tokens unmasked
2025-10-27 10:47:15,962 - GPU-4 - INFO -   [Cycle 30]
2025-10-27 10:47:15,962 - GPU-4 - DEBUG -     [Latent Recursive] Starting 1 steps of latent thinking
2025-10-27 10:47:16,012 - GPU-4 - DEBUG -       [Latent] Step 1/1
2025-10-27 10:47:16,184 - GPU-4 - DEBUG -       [After Latent Recursive] 1 tokens unmasked
2025-10-27 10:47:16,185 - GPU-4 - INFO -   [Cycle 31]
2025-10-27 10:47:16,185 - GPU-4 - DEBUG -     [Latent Recursive] Starting 1 steps of latent thinking
2025-10-27 10:47:16,235 - GPU-4 - DEBUG -       [Latent] Step 1/1
2025-10-27 10:47:16,407 - GPU-4 - DEBUG -       [After Latent Recursive] 1 tokens unmasked
